2025-12-15 17:40:46,781 [INFO] Activator:176 - 


2025-12-15 17:40:46,797 [INFO] Activator:177 - !SESSION log4j initialized
2025-12-15 17:40:52,574 [INFO] LogOutputStream:77 - [STDOUT_REDIRECT] 
2025-12-15 17:40:53,839 [INFO] ApplicationProperties:184 - Using Application install path: C:\ST\STM32CubeIDE_1.19.0\STM32CubeIDE\plugins\com.st.stm32cube.common.mx_6.15.0.202507011659
2025-12-15 17:40:53,860 [INFO] DbMcusXml:78 - Set database path to: C:\ST\STM32CubeIDE_1.19.0\STM32CubeIDE\plugins\com.st.stm32cube.common.mx_6.15.0.202507011659\\db\/mcu/
2025-12-15 17:40:53,860 [INFO] ApiDb:274 - Set plugin database path to: C:\ST\STM32CubeIDE_1.19.0\STM32CubeIDE\plugins\com.st.stm32cube.common.mx_6.15.0.202507011659\\db\/plugins/boardmanager/
2025-12-15 17:40:53,861 [WARN] ApiDb:259 - Overriding images path with different value:  => C:\ST\STM32CubeIDE_1.19.0\STM32CubeIDE\plugins\com.st.stm32cube.common.mx_6.15.0.202507011659\\db\/plugins/mcufinder/images/
2025-12-15 17:40:53,875 [INFO] ApiDb:250 - Set database path to: C:\Users\ivanp\.stmcufinder\plugins\mcufinder//mcu/
2025-12-15 17:40:53,876 [INFO] DbMcusAds:125 - Set database path to: C:\Users\ivanp\.stmcufinder\plugins\mcufinder//mcu/
2025-12-15 17:40:53,879 [INFO] CrossReferenceDbSqlite:203 - Set database path to: C:\Users\ivanp\.stmcufinder\plugins\mcufinder//mcu/cs/
2025-12-15 17:40:53,996 [INFO] RulesReader:64 - Compatibility file has been processed (317 Rules)
2025-12-15 17:40:54,087 [INFO] DbMcusXml:78 - Set database path to: C:\ST\STM32CubeIDE_1.19.0\STM32CubeIDE\plugins\com.st.stm32cube.common.mx_6.15.0.202507011659\\db\/mcu/
2025-12-15 17:40:54,088 [INFO] ApiDb:274 - Set plugin database path to: C:\ST\STM32CubeIDE_1.19.0\STM32CubeIDE\plugins\com.st.stm32cube.common.mx_6.15.0.202507011659\\db\/plugins/boardmanager/
2025-12-15 17:40:54,088 [INFO] ApiDb:261 - Set plugin images path to: C:\ST\STM32CubeIDE_1.19.0\STM32CubeIDE\plugins\com.st.stm32cube.common.mx_6.15.0.202507011659\\db\/plugins/mcufinder/images/
2025-12-15 17:40:54,088 [WARN] DbFile:41 - Overriding database path with different value: C:\Users\ivanp\.stmcufinder\plugins\mcufinder/ => C:\Users\ivanp\.stmcufinder\plugins\mcufinder
2025-12-15 17:40:54,088 [INFO] ApiDb:250 - Set database path to: C:\Users\ivanp\.stmcufinder\plugins\mcufinder//mcu/
2025-12-15 17:40:54,088 [WARN] DbFile:41 - Overriding database path with different value: C:\Users\ivanp\.stmcufinder\plugins\mcufinder/ => C:\Users\ivanp\.stmcufinder\plugins\mcufinder
2025-12-15 17:40:54,088 [INFO] DbMcusAds:125 - Set database path to: C:\Users\ivanp\.stmcufinder\plugins\mcufinder//mcu/
2025-12-15 17:40:54,088 [WARN] DbFile:41 - Overriding database path with different value: C:\Users\ivanp\.stmcufinder\plugins\mcufinder/ => C:\Users\ivanp\.stmcufinder\plugins\mcufinder
2025-12-15 17:40:54,088 [WARN] DbFile:41 - Overriding database path with different value: C:\Users\ivanp\.stmcufinder\plugins\mcufinder/ => C:\Users\ivanp\.stmcufinder\plugins\mcufinder
2025-12-15 17:40:54,089 [INFO] CrossReferenceDbSqlite:203 - Set database path to: C:\Users\ivanp\.stmcufinder\plugins\mcufinder//mcu/cs/
2025-12-15 17:40:54,168 [INFO] MainPanel:274 - HeapMemory: 268435456
2025-12-15 17:40:54,289 [INFO] DbMcusXml:78 - Set database path to: C:\ST\STM32CubeIDE_1.19.0\STM32CubeIDE\plugins\com.st.stm32cube.common.mx_6.15.0.202507011659\\db\/mcu/
2025-12-15 17:40:54,289 [INFO] ApiDb:274 - Set plugin database path to: C:\ST\STM32CubeIDE_1.19.0\STM32CubeIDE\plugins\com.st.stm32cube.common.mx_6.15.0.202507011659\\db\/plugins/boardmanager/
2025-12-15 17:40:54,289 [INFO] ApiDb:261 - Set plugin images path to: C:\ST\STM32CubeIDE_1.19.0\STM32CubeIDE\plugins\com.st.stm32cube.common.mx_6.15.0.202507011659\\db\/plugins/mcufinder/images/
2025-12-15 17:40:54,289 [WARN] DbFile:41 - Overriding database path with different value: C:\Users\ivanp\.stmcufinder\plugins\mcufinder/ => C:\Users\ivanp\.stmcufinder\plugins\mcufinder
2025-12-15 17:40:54,289 [INFO] ApiDb:250 - Set database path to: C:\Users\ivanp\.stmcufinder\plugins\mcufinder//mcu/
2025-12-15 17:40:54,289 [WARN] DbFile:41 - Overriding database path with different value: C:\Users\ivanp\.stmcufinder\plugins\mcufinder/ => C:\Users\ivanp\.stmcufinder\plugins\mcufinder
2025-12-15 17:40:54,289 [INFO] DbMcusAds:125 - Set database path to: C:\Users\ivanp\.stmcufinder\plugins\mcufinder//mcu/
2025-12-15 17:40:54,290 [WARN] DbFile:41 - Overriding database path with different value: C:\Users\ivanp\.stmcufinder\plugins\mcufinder/ => C:\Users\ivanp\.stmcufinder\plugins\mcufinder
2025-12-15 17:40:54,290 [WARN] DbFile:41 - Overriding database path with different value: C:\Users\ivanp\.stmcufinder\plugins\mcufinder/ => C:\Users\ivanp\.stmcufinder\plugins\mcufinder
2025-12-15 17:40:54,290 [INFO] CrossReferenceDbSqlite:203 - Set database path to: C:\Users\ivanp\.stmcufinder\plugins\mcufinder//mcu/cs/
2025-12-15 17:40:54,307 [INFO] ApplicationProperties:184 - Using Application install path: C:\ST\STM32CubeIDE_1.19.0\STM32CubeIDE\plugins\com.st.stm32cube.common.mx_6.15.0.202507011659
2025-12-15 17:40:54,308 [INFO] PluginManage:196 - Search for loadable plugins [exclusion list=, ]
2025-12-15 17:40:54,309 [INFO] PluginManage:310 - Check plugin analytics
2025-12-15 17:40:54,561 [INFO] AnalyticsPlugin:253 - Accepted Software Licenses: 
2025-12-15 17:40:54,561 [INFO] AnalyticsPlugin:255 - Accepted CMSIS Pack Licenses: 
2025-12-15 17:40:54,562 [INFO] AnalyticsPlugin:257 - Accepted Firmware Licenses: FW.F4.1.28.0,FW.G4.1.6.0
2025-12-15 17:40:54,566 [INFO] PluginManage:359 - Loaded plugin analytics (category:tool,tabindex:-1)
2025-12-15 17:40:54,566 [INFO] PluginManage:310 - Check plugin cadmodel
2025-12-15 17:40:54,574 [INFO] CADModel:105 - Init CAD model plugin
2025-12-15 17:40:54,574 [INFO] PluginManage:359 - Loaded plugin cadmodel (category:power,tabindex:5)
2025-12-15 17:40:54,574 [INFO] PluginManage:310 - Check plugin clock
2025-12-15 17:40:54,587 [INFO] PluginManage:359 - Loaded plugin clock (category:base,tabindex:2)
2025-12-15 17:40:54,587 [INFO] PluginManage:310 - Check plugin ddr
2025-12-15 17:40:54,592 [INFO] PluginManage:359 - Loaded plugin ddr (category:tool,tabindex:6)
2025-12-15 17:40:54,592 [INFO] PluginManage:310 - Check plugin filemanager
2025-12-15 17:40:54,748 [INFO] PluginManage:359 - Loaded plugin filemanager (category:base,tabindex:10)
2025-12-15 17:40:54,748 [INFO] PluginManage:310 - Check plugin ipmanager
2025-12-15 17:40:54,755 [INFO] PluginManage:359 - Loaded plugin ipmanager (category:base,tabindex:5)
2025-12-15 17:40:54,755 [INFO] PluginManage:310 - Check plugin lpbam
2025-12-15 17:40:54,763 [INFO] PluginManage:359 - Loaded plugin lpbam (category:base,tabindex:0)
2025-12-15 17:40:54,763 [INFO] PluginManage:310 - Check plugin memorymap
2025-12-15 17:40:54,777 [INFO] PluginManage:359 - Loaded plugin memorymap (category:base,tabindex:4)
2025-12-15 17:40:54,778 [INFO] PluginManage:310 - Check plugin pinoutandconfiguration
2025-12-15 17:40:54,789 [INFO] PluginManage:359 - Loaded plugin pinoutandconfiguration (category:base,tabindex:1)
2025-12-15 17:40:54,789 [INFO] PluginManage:310 - Check plugin pinoutconfig
2025-12-15 17:40:54,897 [WARN] SupportedApi:132 - Cannot load RTOS API schema: s4s-elt-must-match.1: The content of 'definitions' must match (annotation?, (simpleType | complexType)?, (unique | key | keyref)*)). A problem was found starting at: attribute.
2025-12-15 17:40:55,044 [INFO] PluginManage:359 - Loaded plugin pinoutconfig (category:base,tabindex:0)
2025-12-15 17:40:55,044 [INFO] PluginManage:310 - Check plugin power
2025-12-15 17:40:55,058 [INFO] PluginManage:359 - Loaded plugin power (category:power,tabindex:4)
2025-12-15 17:40:55,058 [INFO] PluginManage:310 - Check plugin projectmanager
2025-12-15 17:40:55,076 [INFO] PluginManage:359 - Loaded plugin projectmanager (category:projectmanager,tabindex:4)
2025-12-15 17:40:55,077 [INFO] PluginManage:310 - Check plugin rif
2025-12-15 17:40:55,090 [INFO] PluginManage:359 - Loaded plugin rif (category:base,tabindex:3)
2025-12-15 17:40:55,090 [INFO] PluginManage:310 - Check plugin thirdparty
2025-12-15 17:40:55,252 [WARN] IntegrityCheckThread:84 - waiting for thirdparty lock release [integrity check]
2025-12-15 17:40:55,253 [INFO] PluginManage:359 - Loaded plugin thirdparty (category:base,tabindex:-1)
2025-12-15 17:40:55,253 [INFO] IntegrityCheckThread:86 - entering critical section [integrity check]
2025-12-15 17:40:55,253 [INFO] PluginManage:310 - Check plugin tools
2025-12-15 17:40:55,253 [INFO] ThirdPartyUpdaterWithRetryManager:70 - Updater plugin not ready yet. [1/15]
2025-12-15 17:40:55,257 [INFO] PluginManage:359 - Loaded plugin tools (category:base,tabindex:7)
2025-12-15 17:40:55,257 [INFO] PluginManage:310 - Check plugin tutovideos
2025-12-15 17:40:55,503 [INFO] PluginManage:359 - Loaded plugin tutovideos (category:base,tabindex:-1)
2025-12-15 17:40:55,503 [INFO] PluginManage:310 - Check plugin updater
2025-12-15 17:40:55,530 [INFO] PluginManage:359 - Loaded plugin updater (category:base,tabindex:12)
2025-12-15 17:40:55,530 [INFO] PluginManage:310 - Check plugin userauth
2025-12-15 17:40:55,535 [INFO] UserAuth:118 - Init User Auth plugin
2025-12-15 17:40:55,536 [INFO] PluginManage:359 - Loaded plugin userauth (category:base,tabindex:14)
2025-12-15 17:40:55,536 [INFO] PluginManage:283 - PluginManage : Loaded plugins [18]
2025-12-15 17:40:55,743 [INFO] PinOutPanel:1589 - setPackage(No Configuration,No Configuration)
2025-12-15 17:40:55,828 [INFO] CADModel:165 - CPN selected for project level
2025-12-15 17:40:55,828 [INFO] CADModel:114 - Register for checkConnection events
2025-12-15 17:40:55,850 [INFO] IPUIPlugin:80 - create IPUIPlugin
2025-12-15 17:40:55,850 [INFO] PluginManager:220 - loadIPPluginJar : add adc
2025-12-15 17:40:55,854 [INFO] IPUIPlugin:80 - create IPUIPlugin
2025-12-15 17:40:55,854 [INFO] PluginManager:220 - loadIPPluginJar : add aes
2025-12-15 17:40:55,857 [INFO] IPUIPlugin:80 - create IPUIPlugin
2025-12-15 17:40:55,857 [INFO] PluginManager:220 - loadIPPluginJar : add can
2025-12-15 17:40:55,859 [INFO] IPUIPlugin:80 - create IPUIPlugin
2025-12-15 17:40:55,859 [INFO] PluginManager:220 - loadIPPluginJar : add comp
2025-12-15 17:40:55,862 [INFO] IPUIPlugin:80 - create IPUIPlugin
2025-12-15 17:40:55,862 [INFO] PluginManager:220 - loadIPPluginJar : add cryp
2025-12-15 17:40:55,865 [INFO] IPUIPlugin:80 - create IPUIPlugin
2025-12-15 17:40:55,865 [INFO] PluginManager:220 - loadIPPluginJar : add ddr_ctrl_phy
2025-12-15 17:40:55,868 [INFO] IPUIPlugin:80 - create IPUIPlugin
2025-12-15 17:40:55,868 [INFO] PluginManager:220 - loadIPPluginJar : add dfsdm
2025-12-15 17:40:55,874 [INFO] IPUIPlugin:80 - create IPUIPlugin
2025-12-15 17:40:55,874 [INFO] PluginManager:220 - loadIPPluginJar : add dma
2025-12-15 17:40:55,878 [INFO] IPUIPlugin:80 - create IPUIPlugin
2025-12-15 17:40:55,878 [INFO] PluginManager:220 - loadIPPluginJar : add dma3
2025-12-15 17:40:55,881 [INFO] IPUIPlugin:80 - create IPUIPlugin
2025-12-15 17:40:55,881 [INFO] PluginManager:220 - loadIPPluginJar : add extmemmanager
2025-12-15 17:40:55,883 [INFO] IPUIPlugin:80 - create IPUIPlugin
2025-12-15 17:40:55,883 [INFO] PluginManager:220 - loadIPPluginJar : add fatfs
2025-12-15 17:40:55,887 [INFO] IPUIPlugin:80 - create IPUIPlugin
2025-12-15 17:40:55,887 [INFO] PluginManager:220 - loadIPPluginJar : add fmc
2025-12-15 17:40:55,898 [INFO] IPUIPlugin:80 - create IPUIPlugin
2025-12-15 17:40:55,899 [INFO] PluginManager:220 - loadIPPluginJar : add freertos
2025-12-15 17:40:55,901 [INFO] IPUIPlugin:80 - create IPUIPlugin
2025-12-15 17:40:55,901 [INFO] PluginManager:220 - loadIPPluginJar : add genericplugin
2025-12-15 17:40:55,904 [INFO] IPUIPlugin:80 - create IPUIPlugin
2025-12-15 17:40:55,904 [INFO] PluginManager:220 - loadIPPluginJar : add gfxmmu
2025-12-15 17:40:55,909 [INFO] IPUIPlugin:80 - create IPUIPlugin
2025-12-15 17:40:55,909 [INFO] PluginManager:220 - loadIPPluginJar : add gic
2025-12-15 17:40:55,913 [INFO] IPUIPlugin:80 - create IPUIPlugin
2025-12-15 17:40:55,913 [INFO] PluginManager:220 - loadIPPluginJar : add gpio
2025-12-15 17:40:55,918 [INFO] IPUIPlugin:80 - create IPUIPlugin
2025-12-15 17:40:55,918 [INFO] PluginManager:220 - loadIPPluginJar : add gtzc
2025-12-15 17:40:55,921 [INFO] IPUIPlugin:80 - create IPUIPlugin
2025-12-15 17:40:55,921 [INFO] PluginManager:220 - loadIPPluginJar : add hash
2025-12-15 17:40:55,926 [INFO] IPUIPlugin:80 - create IPUIPlugin
2025-12-15 17:40:55,926 [INFO] PluginManager:220 - loadIPPluginJar : add i2c
2025-12-15 17:40:55,929 [INFO] IPUIPlugin:80 - create IPUIPlugin
2025-12-15 17:40:55,929 [INFO] PluginManager:220 - loadIPPluginJar : add i2s
2025-12-15 17:40:55,935 [INFO] IPUIPlugin:80 - create IPUIPlugin
2025-12-15 17:40:55,935 [INFO] PluginManager:220 - loadIPPluginJar : add i3c
2025-12-15 17:40:55,940 [INFO] IPUIPlugin:80 - create IPUIPlugin
2025-12-15 17:40:55,940 [INFO] PluginManager:220 - loadIPPluginJar : add ipddr
2025-12-15 17:40:55,947 [INFO] IPUIPlugin:80 - create IPUIPlugin
2025-12-15 17:40:55,947 [INFO] PluginManager:220 - loadIPPluginJar : add linkedlist
2025-12-15 17:40:55,950 [INFO] IPUIPlugin:80 - create IPUIPlugin
2025-12-15 17:40:55,951 [INFO] PluginManager:220 - loadIPPluginJar : add lorawan
2025-12-15 17:40:55,953 [INFO] IPUIPlugin:80 - create IPUIPlugin
2025-12-15 17:40:55,953 [INFO] PluginManager:220 - loadIPPluginJar : add ltdc
2025-12-15 17:40:55,959 [INFO] IPUIPlugin:80 - create IPUIPlugin
2025-12-15 17:40:55,959 [INFO] PluginManager:220 - loadIPPluginJar : add mdma
2025-12-15 17:40:55,963 [INFO] IPUIPlugin:80 - create IPUIPlugin
2025-12-15 17:40:55,963 [INFO] PluginManager:220 - loadIPPluginJar : add nvic
2025-12-15 17:40:55,967 [INFO] IPUIPlugin:80 - create IPUIPlugin
2025-12-15 17:40:55,967 [INFO] PluginManager:220 - loadIPPluginJar : add opamp
2025-12-15 17:40:55,971 [INFO] IPUIPlugin:80 - create IPUIPlugin
2025-12-15 17:40:55,971 [INFO] PluginManager:220 - loadIPPluginJar : add openamp
2025-12-15 17:40:55,975 [INFO] IPUIPlugin:80 - create IPUIPlugin
2025-12-15 17:40:55,975 [INFO] PluginManager:220 - loadIPPluginJar : add pdm2pcm
2025-12-15 17:40:55,982 [INFO] IPUIPlugin:80 - create IPUIPlugin
2025-12-15 17:40:55,986 [INFO] PluginManager:220 - loadIPPluginJar : add plateformsettings
2025-12-15 17:40:55,988 [INFO] IPUIPlugin:80 - create IPUIPlugin
2025-12-15 17:40:55,988 [INFO] PluginManager:220 - loadIPPluginJar : add quadspi
2025-12-15 17:40:55,992 [INFO] IPUIPlugin:80 - create IPUIPlugin
2025-12-15 17:40:55,993 [INFO] PluginManager:220 - loadIPPluginJar : add radio
2025-12-15 17:40:55,998 [INFO] IPUIPlugin:80 - create IPUIPlugin
2025-12-15 17:40:55,998 [INFO] PluginManager:220 - loadIPPluginJar : add resmgrutility
2025-12-15 17:40:56,003 [INFO] IPUIPlugin:80 - create IPUIPlugin
2025-12-15 17:40:56,003 [INFO] PluginManager:220 - loadIPPluginJar : add sai
2025-12-15 17:40:56,008 [INFO] IPUIPlugin:80 - create IPUIPlugin
2025-12-15 17:40:56,008 [INFO] PluginManager:220 - loadIPPluginJar : add spi
2025-12-15 17:40:56,016 [INFO] IPUIPlugin:80 - create IPUIPlugin
2025-12-15 17:40:56,016 [INFO] PluginManager:220 - loadIPPluginJar : add stm32_wpan
2025-12-15 17:40:56,018 [INFO] IPUIPlugin:80 - create IPUIPlugin
2025-12-15 17:40:56,018 [INFO] PluginManager:220 - loadIPPluginJar : add tim
2025-12-15 17:40:56,022 [INFO] IPUIPlugin:80 - create IPUIPlugin
2025-12-15 17:40:56,022 [INFO] PluginManager:220 - loadIPPluginJar : add touchsensing
2025-12-15 17:40:56,025 [INFO] IPUIPlugin:80 - create IPUIPlugin
2025-12-15 17:40:56,025 [INFO] PluginManager:220 - loadIPPluginJar : add tracer_emb
2025-12-15 17:40:56,027 [INFO] IPUIPlugin:80 - create IPUIPlugin
2025-12-15 17:40:56,027 [INFO] PluginManager:220 - loadIPPluginJar : add ts
2025-12-15 17:40:56,029 [INFO] IPUIPlugin:80 - create IPUIPlugin
2025-12-15 17:40:56,029 [INFO] PluginManager:220 - loadIPPluginJar : add tsc
2025-12-15 17:40:56,032 [INFO] IPUIPlugin:80 - create IPUIPlugin
2025-12-15 17:40:56,033 [INFO] PluginManager:220 - loadIPPluginJar : add ucpd
2025-12-15 17:40:56,036 [INFO] IPUIPlugin:80 - create IPUIPlugin
2025-12-15 17:40:56,036 [INFO] PluginManager:220 - loadIPPluginJar : add usart
2025-12-15 17:40:56,040 [INFO] IPUIPlugin:80 - create IPUIPlugin
2025-12-15 17:40:56,040 [INFO] PluginManager:220 - loadIPPluginJar : add usbx
2025-12-15 17:40:56,173 [FATAL] Updater:351 - Updater called before beeing initialized
2025-12-15 17:40:56,252 [INFO] RulesReader:64 - Compatibility file has been processed (317 Rules)
2025-12-15 17:40:56,265 [INFO] RulesReader:64 - Compatibility file has been processed (317 Rules)
2025-12-15 17:40:56,276 [INFO] CADModel:165 - CPN selected for project level
2025-12-15 17:40:56,276 [INFO] CADModel:114 - Register for checkConnection events
2025-12-15 17:40:56,276 [FATAL] Updater:351 - Updater called before beeing initialized
2025-12-15 17:40:56,276 [ERROR] CADModel:125 - Updater not yet initialized, retry later 
2025-12-15 17:40:56,441 [FATAL] Updater:351 - Updater called before beeing initialized
2025-12-15 17:40:56,444 [INFO] CADModel:165 - CPN selected for project level
2025-12-15 17:40:56,445 [INFO] CADModel:114 - Register for checkConnection events
2025-12-15 17:40:56,445 [FATAL] Updater:351 - Updater called before beeing initialized
2025-12-15 17:40:56,445 [ERROR] CADModel:125 - Updater not yet initialized, retry later 
2025-12-15 17:40:56,448 [FATAL] Updater:351 - Updater called before beeing initialized
2025-12-15 17:40:56,554 [FATAL] Updater:351 - Updater called before beeing initialized
2025-12-15 17:40:56,558 [INFO] DbMcusAds:53 - JSON generation date=Mon Nov 10 11:43:01 CET 2025 (1762771381096)
2025-12-15 17:40:56,558 [FATAL] Updater:351 - Updater called before beeing initialized
2025-12-15 17:40:56,598 [WARN] DetailPanel:346 - Failed to get advertising image, set to default
2025-12-15 17:40:56,697 [FATAL] Updater:351 - Updater called before beeing initialized
2025-12-15 17:40:56,699 [FATAL] Updater:351 - Updater called before beeing initialized
2025-12-15 17:40:56,699 [FATAL] Updater:351 - Updater called before beeing initialized
2025-12-15 17:40:56,699 [WARN] DetailPanel:346 - Failed to get advertising image, set to default
2025-12-15 17:40:56,701 [FATAL] Updater:351 - Updater called before beeing initialized
2025-12-15 17:40:56,782 [ERROR] Updater:1198 - MainUpdater not yet initialized. External WinMGr cannot be set.
2025-12-15 17:40:56,784 [INFO] Updater:1134 - Updater Version found : 6.15.0
2025-12-15 17:40:56,798 [INFO] ApplicationProperties:184 - Using Application install path: C:\ST\STM32CubeIDE_1.19.0\STM32CubeIDE\plugins\com.st.stm32cube.common.mx_6.15.0.202507011659
2025-12-15 17:40:57,271 [INFO] MainUpdater:2872 - connection check result : 10
2025-12-15 17:40:57,272 [INFO] MainUpdater:289 - Updater Check For Update Now.
2025-12-15 17:40:57,272 [INFO] MicroXplorer:498 - Change Database Version : DB.6.0.150
2025-12-15 17:40:57,282 [INFO] McuFinderGlobals:63 - Set McuFinder mode to 2 (CubeIDE integrated)
2025-12-15 17:40:57,283 [INFO] UserAuth:487 - Internet connection configuration mode: 1
2025-12-15 17:40:57,321 [INFO] JxBrowserEngine:152 - Initiate JxBrowser Engine with user profile folder
2025-12-15 17:40:57,479 [INFO] CheckServerUpdateThread:120 - End of CheckServer Thread
2025-12-15 17:40:59,176 [WARN] PackLoader:240 - Cannot read IP mode file for STMicroelectronics.FP-SNS-MOTENVWB1.1.4.0
2025-12-15 17:40:59,191 [WARN] PackLoader:240 - Cannot read IP mode file for STMicroelectronics.FP-ATR-ASTRA1.2.0.2
2025-12-15 17:40:59,196 [WARN] PackLoader:240 - Cannot read IP mode file for STMicroelectronics.FP-ATR-ASTRA1.2.0.1
2025-12-15 17:40:59,218 [WARN] PackLoader:240 - Cannot read IP mode file for STMicroelectronics.X-CUBE-SMBUS.2.1.0
2025-12-15 17:40:59,233 [WARN] PackLoader:240 - Cannot read IP mode file for STMicroelectronics.X-CUBE-WB05N.1.1.0
2025-12-15 17:40:59,243 [WARN] PackLoader:240 - Cannot read IP mode file for STMicroelectronics.X-CUBE-TOUCHGFX.4.23.0
2025-12-15 17:40:59,246 [WARN] PackLoader:240 - Cannot read IP mode file for STMicroelectronics.X-CUBE-TOUCHGFX.4.23.2
2025-12-15 17:40:59,271 [INFO] WebApp:169 - Instantiating new browser for Auth
2025-12-15 17:40:59,289 [WARN] PackLoader:240 - Cannot read IP mode file for STMicroelectronics.X-CUBE-AZRTOS-F7.1.1.0
2025-12-15 17:40:59,307 [WARN] PackLoader:240 - Cannot read IP mode file for STMicroelectronics.FP-SNS-MOTENV1.4.3.2
2025-12-15 17:40:59,316 [ERROR] RealEvaluatedCondition:428 - Found unsupported composite condition: CLASS='Data Exchange' GROUP='STM32_MetaDataManager'
2025-12-15 17:40:59,316 [ERROR] RealEvaluatedCondition:428 - Found unsupported composite condition: GROUP='STM32_MetaDataManager' CLASS='Data Exchange'
2025-12-15 17:40:59,318 [WARN] PackLoader:240 - Cannot read IP mode file for STMicroelectronics.FP-SNS-MOTENV1.4.3.1
2025-12-15 17:40:59,330 [WARN] PackLoader:240 - Cannot read IP mode file for STMicroelectronics.FP-SNS-FLIGHT1.5.0.1
2025-12-15 17:40:59,339 [WARN] PackLoader:240 - Cannot read IP mode file for STMicroelectronics.X-CUBE-BLE1.6.2.3
2025-12-15 17:40:59,441 [WARN] PackLoader:240 - Cannot read IP mode file for STMicroelectronics.X-CUBE-MEMS1.11.0.0
2025-12-15 17:40:59,651 [WARN] PackLoader:240 - Cannot read IP mode file for STMicroelectronics.X-CUBE-BLE1.6.2.4
2025-12-15 17:40:59,656 [WARN] PackLoader:240 - Cannot read IP mode file for STMicroelectronics.FP-SNS-MOTENV1.5.1.0
2025-12-15 17:40:59,661 [WARN] PackLoader:240 - Cannot read IP mode file for STMicroelectronics.X-CUBE-BLE1.6.2.2
2025-12-15 17:40:59,675 [WARN] PackLoader:240 - Cannot read IP mode file for STMicroelectronics.FP-SNS-FLIGHT1.5.0.2
2025-12-15 17:40:59,682 [WARN] PackLoader:240 - Cannot read IP mode file for STMicroelectronics.X-CUBE-BLE2.3.2.2
2025-12-15 17:40:59,711 [WARN] PackLoader:240 - Cannot read IP mode file for STMicroelectronics.X-CUBE-AZRTOS-H7.3.4.0
2025-12-15 17:40:59,726 [WARN] PackLoader:240 - Cannot read IP mode file for STMicroelectronics.X-CUBE-DISPLAY.3.0.0
2025-12-15 17:40:59,738 [WARN] PackLoader:240 - Cannot read IP mode file for STMicroelectronics.X-CUBE-BLE1.7.0.0
2025-12-15 17:40:59,747 [WARN] PackLoader:240 - Cannot read IP mode file for STMicroelectronics.X-CUBE-NFC10.1.0.0
2025-12-15 17:40:59,762 [WARN] PackLoader:240 - Cannot read IP mode file for STMicroelectronics.X-CUBE-BLEMGR.4.0.0
2025-12-15 17:40:59,774 [WARN] PackLoader:240 - Cannot read IP mode file for STMicroelectronics.X-CUBE-ST60.1.1.0
2025-12-15 17:40:59,780 [WARN] PackLoader:240 - Cannot read IP mode file for STMicroelectronics.X-CUBE-TOUCHGFX.4.22.0
2025-12-15 17:40:59,789 [WARN] PackLoader:240 - Cannot read IP mode file for STMicroelectronics.X-CUBE-GNSS1.7.1.0
2025-12-15 17:40:59,795 [WARN] PackLoader:240 - Cannot read IP mode file for STMicroelectronics.X-CUBE-TOUCHGFX.4.22.1
2025-12-15 17:40:59,808 [WARN] PackLoader:240 - Cannot read IP mode file for STMicroelectronics.X-CUBE-SUBG2.4.2.0
2025-12-15 17:40:59,857 [WARN] PackLoader:240 - Cannot read IP mode file for STMicroelectronics.X-CUBE-MEMS1.9.3.0
2025-12-15 17:40:59,988 [WARN] PackLoader:240 - Cannot read IP mode file for STMicroelectronics.X-CUBE-AI.7.2.0
2025-12-15 17:40:59,999 [WARN] PackLoader:240 - Cannot read IP mode file for STMicroelectronics.X-CUBE-BLEMGR.3.1.0
2025-12-15 17:41:00,007 [WARN] PackLoader:240 - Cannot read IP mode file for STMicroelectronics.X-CUBE-AI.10.0.0
2025-12-15 17:41:00,017 [WARN] PackLoader:240 - Cannot read IP mode file for STMicroelectronics.FP-SNS-STBOX1.2.1.0
2025-12-15 17:41:00,026 [WARN] PackLoader:240 - Cannot read IP mode file for STMicroelectronics.FP-SNS-SMARTAG2.1.2.0
2025-12-15 17:41:00,031 [WARN] PackLoader:240 - Cannot read IP mode file for STMicroelectronics.FP-SNS-FLIGHT1.5.1.0
2025-12-15 17:41:00,125 [WARN] PackLoader:240 - Cannot read IP mode file for STMicroelectronics.X-CUBE-MEMS1.11.1.0
2025-12-15 17:41:00,311 [INFO] LogOutputStream:77 - [STDOUT_REDIRECT] 1 : Invalid condition id : UX_CORESTACK_Condition cause : null
2025-12-15 17:41:00,312 [INFO] LogOutputStream:77 - [STDOUT_REDIRECT] 1 : Invalid condition id : UX_CORESTACK_Condition cause : null
2025-12-15 17:41:00,314 [INFO] LogOutputStream:77 - [STDOUT_REDIRECT] 1 : Invalid condition id : UX_CORESTACK_Condition cause : null
2025-12-15 17:41:00,316 [INFO] LogOutputStream:77 - [STDOUT_REDIRECT] 1 : Invalid condition id : UX_CORESTACK_Condition cause : null
2025-12-15 17:41:00,318 [INFO] LogOutputStream:77 - [STDOUT_REDIRECT] 1 : Invalid condition id : UX_CORESTACK_Condition cause : null
2025-12-15 17:41:00,322 [WARN] PackLoader:240 - Cannot read IP mode file for STMicroelectronics.X-CUBE-AZRTOS-WL.2.0.0
2025-12-15 17:41:00,329 [WARN] PackLoader:240 - Cannot read IP mode file for STMicroelectronics.X-CUBE-ALGOBUILD.1.2.1
2025-12-15 17:41:00,334 [WARN] PackLoader:240 - Cannot read IP mode file for STMicroelectronics.FP-SNS-MOTENV1.5.0.0
2025-12-15 17:41:00,354 [WARN] PackLoader:240 - Cannot read IP mode file for STMicroelectronics.X-CUBE-AZRTOS-H7RS.1.2.0
2025-12-15 17:41:00,363 [WARN] PackLoader:240 - Cannot read IP mode file for wolfSSL.I-CUBE-wolfMQTT.1.19.0
2025-12-15 17:41:00,373 [WARN] PackLoader:240 - Cannot read IP mode file for WES.I-CUBE-Cesium.1.3.0
2025-12-15 17:41:00,377 [WARN] PackLoader:240 - Cannot read IP mode file for STMicroelectronics.X-CUBE-BLE2.3.3.0
2025-12-15 17:41:00,399 [WARN] PackLoader:240 - Cannot read IP mode file for STMicroelectronics.X-CUBE-DISPLAY.2.2.0
2025-12-15 17:41:00,411 [WARN] PackLoader:240 - Cannot read IP mode file for STMicroelectronics.X-CUBE-TOF1.3.2.0
2025-12-15 17:41:00,417 [WARN] PackLoader:240 - Cannot read IP mode file for STMicroelectronics.X-CUBE-TOUCHGFX.4.18.1
2025-12-15 17:41:00,422 [WARN] PackLoader:240 - Cannot read IP mode file for STMicroelectronics.X-CUBE-ISPU.1.0.0
2025-12-15 17:41:00,427 [WARN] PackLoader:240 - Cannot read IP mode file for wolfSSL.I-CUBE-wolfSSL.5.0.0
2025-12-15 17:41:00,434 [WARN] PackLoader:240 - Cannot read IP mode file for STMicroelectronics.X-CUBE-NFC9.1.0.0
2025-12-15 17:41:00,452 [WARN] PackLoader:240 - Cannot read IP mode file for STMicroelectronics.X-CUBE-AZRTOS-H7.2.1.0
2025-12-15 17:41:00,458 [WARN] PackLoader:240 - Cannot read IP mode file for STMicroelectronics.X-CUBE-BLE1.7.1.0
2025-12-15 17:41:00,463 [WARN] PackLoader:240 - Cannot read IP mode file for STMicroelectronics.X-CUBE-TCPP.4.1.0
2025-12-15 17:41:00,469 [WARN] PackLoader:240 - Cannot read IP mode file for STMicroelectronics.X-CUBE-FREERTOS.1.4.0
2025-12-15 17:41:00,475 [WARN] PackLoader:240 - Cannot read IP mode file for STMicroelectronics.X-CUBE-EEPRMA1.5.2.0
2025-12-15 17:41:00,479 [WARN] PackLoader:240 - Cannot read IP mode file for STMicroelectronics.X-CUBE-TOUCHGFX.4.21.1
2025-12-15 17:41:00,482 [WARN] PackLoader:240 - Cannot read IP mode file for STMicroelectronics.X-CUBE-TOUCHGFX.4.21.0
2025-12-15 17:41:00,484 [WARN] PackLoader:240 - Cannot read IP mode file for STMicroelectronics.X-CUBE-TOUCHGFX.4.21.3
2025-12-15 17:41:00,487 [WARN] PackLoader:240 - Cannot read IP mode file for STMicroelectronics.X-CUBE-TOUCHGFX.4.21.4
2025-12-15 17:41:00,511 [WARN] PackLoader:240 - Cannot read IP mode file for STMicroelectronics.X-CUBE-MEMS1.9.4.0
2025-12-15 17:41:00,609 [WARN] PackLoader:240 - Cannot read IP mode file for STMicroelectronics.X-CUBE-AI.7.3.0
2025-12-15 17:41:00,616 [WARN] PackLoader:240 - Cannot read IP mode file for STMicroelectronics.X-CUBE-ST67W61.1.1.0
2025-12-15 17:41:00,678 [WARN] PackLoader:240 - Cannot read IP mode file for STMicroelectronics.X-CUBE-MEMS1.12.0.0
2025-12-15 17:41:00,779 [WARN] PackLoader:240 - Cannot read IP mode file for STMicroelectronics.X-CUBE-ALGOBUILD.1.3.0
2025-12-15 17:41:00,803 [WARN] PackLoader:240 - Cannot read IP mode file for STMicroelectronics.X-CUBE-AZRTOS-G0.1.1.0
2025-12-15 17:41:00,814 [WARN] PackLoader:240 - Cannot read IP mode file for STMicroelectronics.X-CUBE-SAFEA1.1.2.2
2025-12-15 17:41:00,824 [WARN] PackLoader:240 - Cannot read IP mode file for STMicroelectronics.X-CUBE-NFC4.3.0.0
2025-12-15 17:41:00,875 [WARN] PackLoader:240 - Cannot read IP mode file for SEGGER.I-CUBE-embOS.1.2.0
2025-12-15 17:41:00,930 [WARN] PackLoader:240 - Cannot read IP mode file for wolfSSL.I-CUBE-wolfMQTT.1.18.0
2025-12-15 17:41:00,942 [INFO] WebApp:463 - Apply proxy settings
2025-12-15 17:41:00,943 [INFO] WebApp:548 - Chromium requires no authentication
2025-12-15 17:41:00,944 [WARN] PackLoader:240 - Cannot read IP mode file for EmbeddedOffice.I-CUBE-FS-RTOS.1.0.1
2025-12-15 17:41:00,951 [WARN] PackLoader:240 - Cannot read IP mode file for STMicroelectronics.X-CUBE-WB05N.2.0.0
2025-12-15 17:41:00,957 [INFO] WebApp:491 - Direct internet connection detected
2025-12-15 17:41:00,963 [WARN] PackLoader:240 - Cannot read IP mode file for STMicroelectronics.X-CUBE-BLEMGR.3.0.0
2025-12-15 17:41:00,973 [WARN] PackLoader:240 - Cannot read IP mode file for STMicroelectronics.X-CUBE-BLEMGR.1.3.0
2025-12-15 17:41:00,981 [WARN] PackLoader:240 - Cannot read IP mode file for STMicroelectronics.X-CUBE-TCPP.4.2.0
2025-12-15 17:41:00,988 [WARN] PackLoader:240 - Cannot read IP mode file for RealThread.X-CUBE-RT-Thread_Nano.4.1.1
2025-12-15 17:41:00,994 [INFO] WebApp:900 - Register for checkConnection events
2025-12-15 17:41:00,994 [INFO] WebApp:463 - Apply proxy settings
2025-12-15 17:41:00,994 [INFO] WebApp:548 - Chromium requires no authentication
2025-12-15 17:41:00,995 [INFO] WebApp:491 - Direct internet connection detected
2025-12-15 17:41:01,005 [WARN] PackLoader:240 - Cannot read IP mode file for STMicroelectronics.X-CUBE-AZRTOS-H7.2.0.0
2025-12-15 17:41:01,012 [WARN] PackLoader:240 - Cannot read IP mode file for STMicroelectronics.FP-ATR-SIGFOX1.3.2.0
2025-12-15 17:41:01,018 [WARN] ConditionMgr:438 - getConditionDescription Invalid condition id : Cortex-A Device cause : null
2025-12-15 17:41:01,030 [WARN] ConditionMgr:1044 - genDependencies : Invalid condition id : Cortex-A Device cause : null
2025-12-15 17:41:01,030 [WARN] ConditionMgr:1044 - genDependencies : Invalid condition id : Cortex-A Device cause : null
2025-12-15 17:41:01,030 [WARN] ConditionMgr:1044 - genDependencies : Invalid condition id : Cortex-A Device cause : null
2025-12-15 17:41:01,037 [WARN] PackLoader:240 - Cannot read IP mode file for STMicroelectronics.X-CUBE-EEPRMA1.5.1.0
2025-12-15 17:41:01,046 [WARN] PackLoader:240 - Cannot read IP mode file for emotas.I-CUBE-CANOPEN.1.1.2
2025-12-15 17:41:01,050 [WARN] PackLoader:240 - Cannot read IP mode file for STMicroelectronics.X-CUBE-TOUCHGFX.4.20.0
2025-12-15 17:41:01,087 [WARN] PackLoader:240 - Cannot read IP mode file for STMicroelectronics.X-CUBE-MEMS1.9.5.0
2025-12-15 17:41:01,212 [WARN] PackLoader:240 - Cannot read IP mode file for STMicroelectronics.X-CUBE-AI.10.2.0
2025-12-15 17:41:01,245 [WARN] PackLoader:240 - Cannot read IP mode file for SEGGER.I-CUBE-embOS.1.3.1
2025-12-15 17:41:01,259 [INFO] WebApp:191 - Connection restablished
2025-12-15 17:41:01,313 [WARN] PackLoader:240 - Cannot read IP mode file for STMicroelectronics.X-CUBE-ALGOBUILD.1.4.0
2025-12-15 17:41:01,373 [WARN] PackLoader:240 - Cannot read IP mode file for STMicroelectronics.X-CUBE-MEMS1.11.3.0
2025-12-15 17:41:01,477 [INFO] WebApp:225 - Starting web application
2025-12-15 17:41:01,477 [INFO] WebApp:593 - Web application path used C:\ST\STM32CubeIDE_1.19.0\STM32CubeIDE\plugins\com.st.stm32cube.common.mx_6.15.0.202507011659\db\plugins\mcufinder\reactClient1\index.html
2025-12-15 17:41:01,555 [WARN] PackLoader:240 - Cannot read IP mode file for STMicroelectronics.X-CUBE-DISPLAY.2.0.0
2025-12-15 17:41:01,560 [WARN] PackLoader:240 - Cannot read IP mode file for STMicroelectronics.X-CUBE-AI.9.1.0
2025-12-15 17:41:01,566 [WARN] PackLoader:240 - Cannot read IP mode file for STMicroelectronics.X-CUBE-PM33A1.1.0.0
2025-12-15 17:41:01,573 [WARN] PackLoader:240 - Cannot read IP mode file for STMicroelectronics.X-CUBE-GNSS1.6.0.0
2025-12-15 17:41:01,598 [WARN] PackLoader:240 - Cannot read IP mode file for STMicroelectronics.X-CUBE-AZRTOS-F4.1.1.0
2025-12-15 17:41:01,607 [WARN] PackLoader:240 - Cannot read IP mode file for STMicroelectronics.X-CUBE-ISPU.2.1.0
2025-12-15 17:41:01,622 [WARN] PackLoader:240 - Cannot read IP mode file for STMicroelectronics.X-CUBE-IPS.3.2.0
2025-12-15 17:41:01,634 [WARN] PackLoader:240 - Cannot read IP mode file for STMicroelectronics.X-CUBE-FREERTOS.1.2.0
2025-12-15 17:41:01,644 [WARN] PackLoader:240 - Cannot read IP mode file for STMicroelectronics.X-CUBE-NFC12.1.0.0
2025-12-15 17:41:01,655 [WARN] PackLoader:240 - Cannot read IP mode file for STMicroelectronics.X-CUBE-BLEMGR.1.2.0
2025-12-15 17:41:01,681 [WARN] PackLoader:240 - Cannot read IP mode file for STMicroelectronics.X-CUBE-AZRTOS-L5.2.0.0
2025-12-15 17:41:01,745 [WARN] PackLoader:240 - Cannot read IP mode file for STMicroelectronics.X-CUBE-MEMS1.9.6.0
2025-12-15 17:41:01,882 [WARN] PackLoader:240 - Cannot read IP mode file for STMicroelectronics.X-CUBE-EEPRMA1.4.2.0
2025-12-15 17:41:01,893 [WARN] PackLoader:240 - Cannot read IP mode file for STMicroelectronics.X-CUBE-NFC6.3.1.0
2025-12-15 17:41:01,902 [WARN] PackLoader:240 - Cannot read IP mode file for ITTIA_DB.I-CUBE-ITTIADB.8.8.0
2025-12-15 17:41:01,911 [WARN] PackLoader:240 - Cannot read IP mode file for STMicroelectronics.X-CUBE-BLEMGR.2.0.0
2025-12-15 17:41:01,920 [WARN] PackLoader:240 - Cannot read IP mode file for STMicroelectronics.X-CUBE-DPower.1.2.0
2025-12-15 17:41:01,926 [WARN] PackLoader:240 - Cannot read IP mode file for STMicroelectronics.X-CUBE-NFC4.2.0.5
2025-12-15 17:41:01,932 [WARN] PackLoader:240 - Cannot read IP mode file for STMicroelectronics.X-CUBE-NFC4.2.0.4
2025-12-15 17:41:01,939 [WARN] PackLoader:240 - Cannot read IP mode file for STMicroelectronics.X-CUBE-NFC4.2.0.3
2025-12-15 17:41:01,944 [WARN] PackLoader:240 - Cannot read IP mode file for STMicroelectronics.X-CUBE-AI.9.0.0
2025-12-15 17:41:01,979 [WARN] ConditionMgr:438 - getConditionDescription Invalid condition id : UX DEVICE CLASS RTOS Condition cause : null
2025-12-15 17:41:01,979 [WARN] ConditionMgr:438 - getConditionDescription Invalid condition id : UX DEVICE CLASS RTOS Condition cause : null
2025-12-15 17:41:01,984 [WARN] PackLoader:240 - Cannot read IP mode file for STMicroelectronics.X-CUBE-AZRTOS-H7.3.1.0
2025-12-15 17:41:01,985 [WARN] ConditionMgr:1044 - genDependencies : Invalid condition id : UX DEVICE CLASS RTOS Condition cause : null
2025-12-15 17:41:01,986 [WARN] ConditionMgr:1044 - genDependencies : Invalid condition id : UX DEVICE CLASS RTOS Condition cause : null
2025-12-15 17:41:01,987 [WARN] ConditionMgr:1044 - genDependencies : Invalid condition id : UX DEVICE CLASS RTOS Condition cause : null
2025-12-15 17:41:01,989 [WARN] ConditionMgr:1044 - genDependencies : Invalid condition id : UX DEVICE CLASS RTOS Condition cause : null
2025-12-15 17:41:01,989 [WARN] ConditionMgr:1044 - genDependencies : Invalid condition id : UX DEVICE CLASS RTOS Condition cause : null
2025-12-15 17:41:01,999 [WARN] PackLoader:240 - Cannot read IP mode file for STMicroelectronics.X-CUBE-SFXS2LP1.3.1.0
2025-12-15 17:41:02,020 [WARN] PackLoader:240 - Cannot read IP mode file for STMicroelectronics.X-CUBE-AZRTOS-F4.1.0.0
2025-12-15 17:41:02,030 [WARN] PackLoader:240 - Cannot read IP mode file for STMicroelectronics.X-CUBE-TOF1.2.0.0
2025-12-15 17:41:02,038 [WARN] PackLoader:240 - Cannot read IP mode file for STMicroelectronics.X-CUBE-FREERTOS.1.3.1
2025-12-15 17:41:02,045 [WARN] PackLoader:240 - Cannot read IP mode file for STMicroelectronics.X-CUBE-FREERTOS.1.3.0
2025-12-15 17:41:02,051 [WARN] PackLoader:240 - Cannot read IP mode file for STMicroelectronics.X-CUBE-NFC7.1.0.1
2025-12-15 17:41:02,058 [WARN] PackLoader:240 - Cannot read IP mode file for STMicroelectronics.X-CUBE-NFC7.1.0.0
2025-12-15 17:41:02,066 [WARN] PackLoader:240 - Cannot read IP mode file for wolfSSL.I-CUBE-wolfTPM.3.2.0
2025-12-15 17:41:02,071 [WARN] PackLoader:240 - Cannot read IP mode file for STMicroelectronics.X-CUBE-TOUCHGFX.4.26.0
2025-12-15 17:41:02,080 [WARN] PackLoader:240 - Cannot read IP mode file for STMicroelectronics.X-CUBE-NFC6.3.0.0
2025-12-15 17:41:02,091 [WARN] PackLoader:240 - Cannot read IP mode file for STMicroelectronics.X-CUBE-EEPRMA1.4.1.0
2025-12-15 17:41:02,099 [WARN] PackLoader:240 - Cannot read IP mode file for STMicroelectronics.FP-SNS-STAIOTCFT.1.0.0
2025-12-15 17:41:02,104 [INFO] UserAuth:487 - Internet connection configuration mode: 1
2025-12-15 17:41:02,108 [WARN] PackLoader:240 - Cannot read IP mode file for STMicroelectronics.X-CUBE-DPower.1.3.0
2025-12-15 17:41:02,112 [WARN] PackLoader:240 - Cannot read IP mode file for STMicroelectronics.X-CUBE-AI.8.1.0
2025-12-15 17:41:02,137 [WARN] ConditionMgr:438 - getConditionDescription Invalid condition id : LAN8742 Phy interface Condition cause : null
2025-12-15 17:41:02,138 [WARN] PackLoader:240 - Cannot read IP mode file for STMicroelectronics.X-CUBE-AZRTOS-L4.2.0.0
2025-12-15 17:41:02,139 [WARN] ConditionMgr:1044 - genDependencies : Invalid condition id : LAN8742 Phy interface Condition cause : null
2025-12-15 17:41:02,140 [WARN] ConditionMgr:1044 - genDependencies : Invalid condition id : LAN8742 Phy interface Condition cause : null
2025-12-15 17:41:02,140 [WARN] ConditionMgr:1044 - genDependencies : Invalid condition id : LAN8742 Phy interface Condition cause : null
2025-12-15 17:41:02,150 [WARN] PackLoader:240 - Cannot read IP mode file for STMicroelectronics.X-CUBE-SFXS2LP1.4.0.0
2025-12-15 17:41:02,173 [WARN] PackLoader:240 - Cannot read IP mode file for STMicroelectronics.X-CUBE-AZRTOS-H7.3.0.0
2025-12-15 17:41:02,209 [WARN] PackLoader:240 - Cannot read IP mode file for STMicroelectronics.X-CUBE-ISPU.1.1.0
2025-12-15 17:41:02,234 [WARN] PackLoader:240 - Cannot read IP mode file for STMicroelectronics.X-CUBE-AZRTOS-H7.3.3.0
2025-12-15 17:41:02,248 [WARN] PackLoader:240 - Cannot read IP mode file for RoweBots.I-CUBE-UNISONRTOS.5.5.0-4
2025-12-15 17:41:02,261 [WARN] PackLoader:240 - Cannot read IP mode file for STMicroelectronics.X-CUBE-BLEMGR.4.1.0
2025-12-15 17:41:02,268 [WARN] PackLoader:240 - Cannot read IP mode file for STMicroelectronics.X-CUBE-AI.8.0.0
2025-12-15 17:41:02,279 [WARN] PackLoader:240 - Cannot read IP mode file for STMicroelectronics.X-CUBE-IPS.3.0.0
2025-12-15 17:41:02,298 [WARN] ConditionMgr:438 - getConditionDescription Invalid condition id : UX DEVICE CLASS RTOS Condition cause : null
2025-12-15 17:41:02,298 [WARN] ConditionMgr:438 - getConditionDescription Invalid condition id : UX DEVICE CLASS RTOS Condition cause : null
2025-12-15 17:41:02,313 [WARN] PackLoader:240 - Cannot read IP mode file for STMicroelectronics.X-CUBE-AZRTOS-WB.2.0.0
2025-12-15 17:41:02,313 [WARN] ConditionMgr:1044 - genDependencies : Invalid condition id : UX DEVICE CLASS RTOS Condition cause : null
2025-12-15 17:41:02,314 [WARN] ConditionMgr:1044 - genDependencies : Invalid condition id : UX DEVICE CLASS RTOS Condition cause : null
2025-12-15 17:41:02,314 [WARN] ConditionMgr:1044 - genDependencies : Invalid condition id : UX DEVICE CLASS RTOS Condition cause : null
2025-12-15 17:41:02,314 [WARN] ConditionMgr:1044 - genDependencies : Invalid condition id : UX DEVICE CLASS RTOS Condition cause : null
2025-12-15 17:41:02,314 [WARN] ConditionMgr:1044 - genDependencies : Invalid condition id : UX DEVICE CLASS RTOS Condition cause : null
2025-12-15 17:41:02,320 [WARN] PackLoader:240 - Cannot read IP mode file for STMicroelectronics.X-CUBE-FREERTOS.1.0.0
2025-12-15 17:41:02,326 [WARN] PackLoader:240 - Cannot read IP mode file for STMicroelectronics.X-CUBE-FREERTOS.1.0.1
2025-12-15 17:41:02,332 [WARN] PackLoader:240 - Cannot read IP mode file for STMicroelectronics.X-CUBE-GNSS1.7.0.0
2025-12-15 17:41:02,338 [WARN] PackLoader:240 - Cannot read IP mode file for STMicroelectronics.X-CUBE-GNSS1.7.0.1
2025-12-15 17:41:02,347 [WARN] PackLoader:240 - Cannot read IP mode file for STMicroelectronics.FP-SNS-STBOX1.2.0.0
2025-12-15 17:41:02,366 [WARN] PackLoader:240 - Cannot read IP mode file for STMicroelectronics.X-CUBE-AZRTOS-L5.1.1.0
2025-12-15 17:41:02,372 [WARN] PackLoader:240 - Cannot read IP mode file for STMicroelectronics.X-CUBE-AI.8.0.1
2025-12-15 17:41:02,384 [WARN] PackLoader:240 - Cannot read IP mode file for STMicroelectronics.X-CUBE-SUBG2.5.0.0
2025-12-15 17:41:02,408 [WARN] PackLoader:240 - Cannot read IP mode file for STMicroelectronics.X-CUBE-AZRTOS-H7RS.1.1.0
2025-12-15 17:41:02,429 [WARN] PackLoader:240 - Cannot read IP mode file for STMicroelectronics.X-CUBE-AZRTOS-G4.2.0.0
2025-12-15 17:41:02,442 [WARN] PackLoader:240 - Cannot read IP mode file for STMicroelectronics.X-CUBE-TOF1.3.3.0
2025-12-15 17:41:02,452 [WARN] PackLoader:240 - Cannot read IP mode file for STMicroelectronics.FP-ATR-ASTRA1.1.1.1
2025-12-15 17:41:02,468 [WARN] PackLoader:240 - Cannot read IP mode file for Infineon.AIROC-Wi-Fi-Bluetooth-STM32.1.5.1
2025-12-15 17:41:02,476 [WARN] PackLoader:240 - Cannot read IP mode file for STMicroelectronics.X-CUBE-NFC7.2.0.0
2025-12-15 17:41:02,481 [WARN] PackLoader:240 - Cannot read IP mode file for STMicroelectronics.FP-SNS-MOTENVWB1.1.3.1
2025-12-15 17:41:02,492 [WARN] PackLoader:240 - Cannot read IP mode file for STMicroelectronics.X-CUBE-AZRTOS-G4.1.0.0
2025-12-15 17:41:02,509 [WARN] PackLoader:240 - Cannot read IP mode file for STMicroelectronics.X-CUBE-AZRTOS-L4.1.0.0
2025-12-15 17:41:02,515 [WARN] PackLoader:240 - Cannot read IP mode file for STMicroelectronics.X-CUBE-ISPU.2.0.0
2025-12-15 17:41:02,527 [WARN] PackLoader:240 - Cannot read IP mode file for STMicroelectronics.X-CUBE-IPS.3.1.0
2025-12-15 17:41:02,535 [WARN] PackLoader:240 - Cannot read IP mode file for STMicroelectronics.X-CUBE-ALS.1.0.2
2025-12-15 17:41:02,564 [WARN] PackLoader:240 - Cannot read IP mode file for STMicroelectronics.X-CUBE-MEMS1.10.0.0
2025-12-15 17:41:02,640 [WARN] PackLoader:240 - Cannot read IP mode file for STMicroelectronics.X-CUBE-FREERTOS.1.1.0
2025-12-15 17:41:02,643 [WARN] PackLoader:240 - Cannot read IP mode file for STMicroelectronics.X-CUBE-TOUCHGFX.4.24.0
2025-12-15 17:41:02,656 [WARN] PackLoader:240 - Cannot read IP mode file for STMicroelectronics.X-CUBE-AZRTOS-F7.1.0.0
2025-12-15 17:41:02,660 [WARN] PackLoader:240 - Cannot read IP mode file for STMicroelectronics.X-CUBE-TOUCHGFX.4.24.2
2025-12-15 17:41:02,671 [WARN] PackLoader:240 - Cannot read IP mode file for STMicroelectronics.X-CUBE-AZRTOS-WL.1.0.0
2025-12-15 17:41:02,676 [WARN] PackLoader:240 - Cannot read IP mode file for STMicroelectronics.X-CUBE-TOUCHGFX.4.24.1
2025-12-15 17:41:02,682 [WARN] PackLoader:240 - Cannot read IP mode file for STMicroelectronics.X-CUBE-STSE01.1.0.0
2025-12-15 17:41:02,725 [WARN] PackLoader:240 - Cannot read IP mode file for STMicroelectronics.X-CUBE-MEMS1.9.1.0
2025-12-15 17:41:02,841 [WARN] PackLoader:240 - Cannot read IP mode file for portGmbH.I-Cube-SoM-uGOAL.1.1.0
2025-12-15 17:41:02,846 [WARN] PackLoader:240 - Cannot read IP mode file for STMicroelectronics.X-CUBE-ALS.1.0.1
2025-12-15 17:41:02,850 [WARN] PackLoader:240 - Cannot read IP mode file for STMicroelectronics.X-CUBE-AI.7.0.0
2025-12-15 17:41:02,882 [WARN] PackLoader:240 - Cannot read IP mode file for STMicroelectronics.X-CUBE-AZRTOS-WB.1.1.0
2025-12-15 17:41:02,907 [WARN] PackLoader:240 - Cannot read IP mode file for STMicroelectronics.X-CUBE-AZRTOS-L5.1.0.0
2025-12-15 17:41:02,914 [WARN] PackLoader:240 - Cannot read IP mode file for STMicroelectronics.X-CUBE-EEPRMA1.3.1.0
2025-12-15 17:41:02,929 [WARN] PackLoader:240 - Cannot read IP mode file for STMicroelectronics.X-CUBE-EEPRMA1.3.1.1
2025-12-15 17:41:02,959 [WARN] PackLoader:240 - Cannot read IP mode file for STMicroelectronics.X-CUBE-AZRTOS-H7RS.1.0.0
2025-12-15 17:41:02,967 [WARN] PackLoader:240 - Cannot read IP mode file for STMicroelectronics.X-CUBE-GNSS1.5.2.0
2025-12-15 17:41:02,975 [WARN] PackLoader:240 - Cannot read IP mode file for STMicroelectronics.FP-ATR-ASTRA1.2.0.0
2025-12-15 17:41:02,987 [WARN] PackLoader:240 - Cannot read IP mode file for STMicroelectronics.X-CUBE-TOF1.3.4.2
2025-12-15 17:41:03,001 [WARN] PackLoader:240 - Cannot read IP mode file for STMicroelectronics.X-CUBE-TOF1.3.4.3
2025-12-15 17:41:03,017 [WARN] PackLoader:240 - Cannot read IP mode file for STMicroelectronics.X-CUBE-TOF1.3.4.0
2025-12-15 17:41:03,032 [WARN] PackLoader:240 - Cannot read IP mode file for STMicroelectronics.X-CUBE-TOF1.3.4.1
2025-12-15 17:41:03,054 [WARN] PackLoader:240 - Cannot read IP mode file for STMicroelectronics.X-CUBE-AZRTOS-H7.3.2.0
2025-12-15 17:41:03,060 [WARN] PackLoader:240 - Cannot read IP mode file for wolfSSL.I-CUBE-wolfSSH.1.4.17
2025-12-15 17:41:03,060 [INFO] ThirdParty:978 - Integrity check success = true
2025-12-15 17:41:03,060 [INFO] IntegrityCheckThread:100 - exiting critical section [integrity check]
2025-12-15 17:41:03,060 [INFO] IntegrityCheckThread:103 - End integrity checks thread
2025-12-15 17:41:55,292 [INFO] WebApp:194 - Connection lost
2025-12-15 17:41:55,502 [INFO] WebApp:191 - Connection restablished
2025-12-15 17:49:52,874 [INFO] WebApp:194 - Connection lost
2025-12-15 17:49:53,098 [INFO] WebApp:191 - Connection restablished
2025-12-15 17:52:57,362 [INFO] WebApp:194 - Connection lost
2025-12-15 17:52:57,633 [INFO] WebApp:191 - Connection restablished
2025-12-15 18:10:29,924 [INFO] McuFinderGlobals:63 - Set McuFinder mode to 2 (CubeIDE integrated)
2025-12-15 18:10:29,930 [INFO] MainUpdater:2872 - connection check result : 10
2025-12-15 18:10:29,931 [INFO] MainUpdater:2872 - connection check result : 10
2025-12-15 18:10:29,975 [INFO] MicroXplorer:468 - Change Database Path : 
2025-12-15 18:10:29,976 [INFO] MicroXplorer:498 - Change Database Version : DB.6.0.150
2025-12-15 18:10:29,989 [WARN] ThirdParty:871 - waiting for thirdparty lock release [close project]
2025-12-15 18:10:29,989 [INFO] ThirdParty:873 - entering critical section [close project]
2025-12-15 18:10:29,990 [INFO] ThirdParty:883 - exiting critical section [close project]
2025-12-15 18:10:29,995 [INFO] PinOutPanel:1589 - setPackage(No Configuration,No Configuration)
2025-12-15 18:10:29,998 [INFO] UtilMem:75 - Begin LoadConfig() Used Memory: 860935720 Bytes (1073741824)
2025-12-15 18:10:30,000 [INFO] MicroXplorer:468 - Change Database Path : 
2025-12-15 18:10:30,000 [INFO] MicroXplorer:498 - Change Database Version : DB.6.0.150
2025-12-15 18:10:30,000 [INFO] OpenFileManager:355 - Change cursor
2025-12-15 18:10:30,088 [INFO] Mcu:2029 - Initializing MCU STM32G491R(C-E)Tx STM32G491RETx STM32G491RET3
2025-12-15 18:10:34,394 [INFO] Context:786 - Trying to add GPIOservice into a context  which must be forbidden
2025-12-15 18:10:35,471 [INFO] ImportTextPane:234 - (OptionalMessage_ERROR) Pin30 (VP_RIF_VS_RIF1) cannot be retrieved for this MCU
2025-12-15 18:10:35,699 [INFO] RtosManager:558 - Registered RTOS mode: class=CMSIS, group=RTOS, mode=CMSIS_V1, owner=FREERTOS
2025-12-15 18:10:35,699 [INFO] RtosManager:558 - Registered RTOS mode: class=CMSIS, group=RTOS2, mode=CMSIS_V2, owner=FREERTOS
2025-12-15 18:10:35,699 [INFO] RtosManager:558 - Registered RTOS mode: class=RTOS, group=Core, mode=CMSIS_V1, owner=FREERTOS
2025-12-15 18:10:35,699 [INFO] RtosManager:558 - Registered RTOS mode: class=RTOS, group=Core, mode=CMSIS_V2, owner=FREERTOS
2025-12-15 18:10:35,700 [WARN] ModelIntegratedComponent:184 - Missing modes for component STMicroelectronics:FreeRTOS:0.0.1:STMicroelectronics:RTOS:FreeRTOS:Core:::10.2.0:
2025-12-15 18:10:35,707 [WARN] ModelIntegratedComponent:63 - No mode defined for component null
2025-12-15 18:10:35,707 [WARN] ModelIntegratedComponent:63 - No mode defined for component null
2025-12-15 18:10:35,707 [WARN] ModelIntegratedComponent:63 - No mode defined for component null
2025-12-15 18:10:35,708 [WARN] ModelIntegratedComponent:63 - No mode defined for component null
2025-12-15 18:10:35,708 [WARN] ModelIntegratedComponent:63 - No mode defined for component null
2025-12-15 18:10:35,708 [WARN] ModelIntegratedComponent:63 - No mode defined for component null
2025-12-15 18:10:35,708 [WARN] ModelIntegratedComponent:63 - No mode defined for component null
2025-12-15 18:10:35,708 [WARN] ModelIntegratedComponent:63 - No mode defined for component null
2025-12-15 18:10:35,708 [WARN] ModelIntegratedComponent:63 - No mode defined for component null
2025-12-15 18:10:35,708 [WARN] ModelIntegratedComponent:63 - No mode defined for component null
2025-12-15 18:10:35,708 [WARN] ModelIntegratedComponent:63 - No mode defined for component null
2025-12-15 18:10:35,708 [WARN] ModelIntegratedComponent:63 - No mode defined for component null
2025-12-15 18:10:35,708 [WARN] ModelIntegratedComponent:63 - No mode defined for component null
2025-12-15 18:10:35,708 [WARN] ModelIntegratedComponent:63 - No mode defined for component null
2025-12-15 18:10:35,708 [WARN] ModelIntegratedComponent:63 - No mode defined for component null
2025-12-15 18:10:35,708 [WARN] ModelIntegratedComponent:63 - No mode defined for component null
2025-12-15 18:10:35,708 [WARN] ModelIntegratedComponent:63 - No mode defined for component null
2025-12-15 18:10:35,708 [WARN] ModelIntegratedComponent:63 - No mode defined for component null
2025-12-15 18:10:35,708 [WARN] ModelIntegratedComponent:63 - No mode defined for component null
2025-12-15 18:10:35,709 [WARN] ModelIntegratedComponent:63 - No mode defined for component null
2025-12-15 18:10:35,709 [WARN] ModelIntegratedComponent:63 - No mode defined for component null
2025-12-15 18:10:35,709 [WARN] ModelIntegratedComponent:63 - No mode defined for component null
2025-12-15 18:10:35,709 [WARN] ModelIntegratedComponent:63 - No mode defined for component null
2025-12-15 18:10:35,709 [WARN] ModelIntegratedComponent:63 - No mode defined for component null
2025-12-15 18:10:35,709 [WARN] ModelIntegratedComponent:63 - No mode defined for component null
2025-12-15 18:10:35,709 [WARN] ModelIntegratedComponent:63 - No mode defined for component null
2025-12-15 18:10:35,709 [WARN] ModelIntegratedComponent:63 - No mode defined for component null
2025-12-15 18:10:35,709 [WARN] ModelIntegratedComponent:63 - No mode defined for component null
2025-12-15 18:10:35,709 [WARN] ModelIntegratedComponent:63 - No mode defined for component null
2025-12-15 18:10:35,709 [WARN] ModelIntegratedComponent:63 - No mode defined for component null
2025-12-15 18:10:35,709 [WARN] ModelIntegratedComponent:63 - No mode defined for component null
2025-12-15 18:10:35,709 [WARN] ModelIntegratedComponent:63 - No mode defined for component null
2025-12-15 18:10:35,709 [WARN] ModelIntegratedComponent:63 - No mode defined for component null
2025-12-15 18:10:35,709 [WARN] ModelIntegratedComponent:63 - No mode defined for component null
2025-12-15 18:10:35,709 [WARN] ModelIntegratedComponent:63 - No mode defined for component null
2025-12-15 18:10:35,709 [WARN] ModelPack:524 - Component already loaded: STMicroelectronics:HAL Drivers:0.0.0:STMicroelectronics:Device:STMicro_Driver:XSPI:HAL::0.0.1:HAL_XSPI
2025-12-15 18:10:36,299 [INFO] ThirdPartyModel:298 - Start build external matchings
2025-12-15 18:10:43,860 [INFO] ThirdPartyModel:316 - End build external matchings
2025-12-15 18:10:44,151 [INFO] ImportTextPane:234 - (OptionalMessage_ERROR) IP (ADC1) : Parameter (CommonPathInternal) has invalid value (null|null|null|null)
2025-12-15 18:10:44,151 [INFO] ImportTextPane:234 - (OptionalMessage_ERROR) IP (DMA) : Parameter (Instance) has Id (ADC1) currently not set
2025-12-15 18:10:44,151 [INFO] ImportTextPane:234 - (OptionalMessage_ERROR) IP (DMA) : Parameter (Request) has Id (ADC1) currently not set
2025-12-15 18:10:44,151 [INFO] ImportTextPane:234 - (OptionalMessage_ERROR) IP (DMA) : Parameter (Direction) has Id (ADC1) currently not set
2025-12-15 18:10:44,152 [INFO] ImportTextPane:234 - (OptionalMessage_ERROR) IP (DMA) : Parameter (PeriphInc) has Id (ADC1) currently not set
2025-12-15 18:10:44,152 [INFO] ImportTextPane:234 - (OptionalMessage_ERROR) IP (DMA) : Parameter (MemInc) has Id (ADC1) currently not set
2025-12-15 18:10:44,152 [INFO] ImportTextPane:234 - (OptionalMessage_ERROR) IP (DMA) : Parameter (PeriphDataAlignment) has Id (ADC1) currently not set
2025-12-15 18:10:44,154 [INFO] ImportTextPane:234 - (OptionalMessage_ERROR) IP (DMA) : Parameter (MemDataAlignment) has Id (ADC1) currently not set
2025-12-15 18:10:44,154 [INFO] ImportTextPane:234 - (OptionalMessage_ERROR) IP (DMA) : Parameter (Mode) has Id (ADC1) currently not set
2025-12-15 18:10:44,154 [INFO] ImportTextPane:234 - (OptionalMessage_ERROR) IP (DMA) : Parameter (Priority) has Id (ADC1) currently not set
2025-12-15 18:10:44,154 [INFO] ImportTextPane:234 - (OptionalMessage_ERROR) IP (DMA) : Parameter (SignalID) has Id (ADC1) currently not set
2025-12-15 18:10:44,154 [INFO] ImportTextPane:234 - (OptionalMessage_ERROR) IP (DMA) : Parameter (Polarity) has Id (ADC1) currently not set
2025-12-15 18:10:44,154 [INFO] ImportTextPane:234 - (OptionalMessage_ERROR) IP (DMA) : Parameter (RequestNumber) has Id (ADC1) currently not set
2025-12-15 18:10:44,154 [INFO] ImportTextPane:234 - (OptionalMessage_ERROR) IP (DMA) : Parameter (SyncSignalID) has Id (ADC1) currently not set
2025-12-15 18:10:44,154 [INFO] ImportTextPane:234 - (OptionalMessage_ERROR) IP (DMA) : Parameter (SyncPolarity) has Id (ADC1) currently not set
2025-12-15 18:10:44,155 [INFO] ImportTextPane:234 - (OptionalMessage_ERROR) IP (DMA) : Parameter (SyncEnable) has Id (ADC1) currently not set
2025-12-15 18:10:44,155 [INFO] ImportTextPane:234 - (OptionalMessage_ERROR) IP (DMA) : Parameter (EventEnable) has Id (ADC1) currently not set
2025-12-15 18:10:44,155 [INFO] ImportTextPane:234 - (OptionalMessage_ERROR) IP (DMA) : Parameter (SyncRequestNumber) has Id (ADC1) currently not set
2025-12-15 18:10:44,156 [INFO] ImportTextPane:234 - (OptionalMessage_ERROR) IP (RCC) : Invalid parameter (FamilyName)
2025-12-15 18:10:44,156 [INFO] ImportTextPane:234 - (OptionalMessage_ERROR) IP (RCC) : Parameter (HRTIM1Freq_Value) has invalid value (16000000)
2025-12-15 18:10:45,057 [INFO] ApiDb:581 - Connected to CubeFinder SQLite database (C:\Users\ivanp\.stmcufinder\plugins\mcufinder\mcu\cube-finder-db.db)
2025-12-15 18:10:45,247 [INFO] ApiDb:668 - CubeFinder database Data Model version=2.1
2025-12-15 18:10:45,247 [INFO] ApiDb:669 - CubeFinder database Configuration version=3.0.39
2025-12-15 18:10:45,249 [INFO] ApiDb:670 - CubeFinder database generation date=2025-10-27 (1761571959)
2025-12-15 18:10:45,249 [INFO] ApiDb:671 - CubeFinder database FW Pack versions=[FP-ATR-ASTRA1_V2.0.0, FP-SNS-FLIGHT1_V5.1.0, FP-SNS-MOTENV1_V5.0.0, FP-SNS-MOTENVWB1_V1.4.0, FP-SNS-SMARTAG2_V1.2.0, FP-SNS-STBOX1_V2.1.0, STM32Cube_FW_C0_V1.4.0, STM32Cube_FW_F4_V1.28.3, STM32Cube_FW_F7_V1.17.4, STM32Cube_FW_G0_V1.6.2, STM32Cube_FW_G4_V1.6.1, STM32Cube_FW_H5_V1.5.0, STM32Cube_FW_H7RS_V1.2.0, STM32Cube_FW_H7_V1.12.1, STM32Cube_FW_L0_V1.12.2, STM32Cube_FW_L4_V1.18.1, STM32Cube_FW_L5_V1.5.1, STM32Cube_FW_N6_V1.2.0, STM32Cube_FW_U0_V1.3.0, STM32Cube_FW_U3_V1.2.1, STM32Cube_FW_U5_V1.8.0, STM32Cube_FW_WB0_V1.3.0, STM32Cube_FW_WBA_V1.7.0, STM32Cube_FW_WB_V1.23.0, STM32Cube_FW_WL3_V1.2.0, STM32Cube_FW_WL_V1.3.1, X-CUBE-ALGOBUILD_V1.4.0, X-CUBE-ALS_V1.0.2, X-CUBE-AZRTOS-F4_V1.1.0, X-CUBE-AZRTOS-F7_V1.1.0, X-CUBE-AZRTOS-G0_V1.1.0, X-CUBE-AZRTOS-G4_V2.0.0, X-CUBE-AZRTOS-H7RS_V1.1.0, X-CUBE-AZRTOS-H7_V3.4.0, X-CUBE-AZRTOS-L4_V2.0.0, X-CUBE-AZRTOS-L5_V2.0.0, X-CUBE-AZRTOS-WB_V2.0.0, X-CUBE-AZRTOS-WL_V2.0.0, X-CUBE-BLE1_V7.1.0, X-CUBE-BLE2_V3.3.0, X-CUBE-BLEMGR_V4.1.0, X-CUBE-EEPRMA1_V5.2.0, X-CUBE-FREERTOS_V1.3.1, X-CUBE-GNSS1_V6.0.0, X-CUBE-MEMS1_V11.3.0, X-CUBE-NFC4_V3.0.0, X-CUBE-NFC7_V2.0.0, X-CUBE-SFXS2LP1_V4.0.0, X-CUBE-ST67W61_V1.1.0, X-CUBE-SUBG2_V5.0.0, X-CUBE-TOF1_V3.4.3]
2025-12-15 18:10:45,464 [INFO] DbBoardsSqlite:226 - include board P-NUCLEO-WB55-NUCLEO as a kit item of type 'Nucleo-64'
2025-12-15 18:10:45,465 [INFO] DbBoardsSqlite:226 - include board P-NUCLEO-WB55-USBDONGLE as a kit item of type 'Nucleo USB Dongle'
2025-12-15 18:10:45,466 [INFO] DbBoardsSqlite:226 - include board STEVAL-IDP005V1 as a kit item of type 'Evaluation Board'
2025-12-15 18:10:45,467 [INFO] DbBoardsSqlite:226 - include board STEVAL-IDP005V2 as a kit item of type 'Evaluation Board'
2025-12-15 18:10:46,396 [INFO] ApiDb:240 - Found 880 in-development CPN: [B-G473E-ZEST1S, B-WB1M-WPAN1, B-WBA5M-WPAN, B-WL5M-SUBG1, NUCLEO-C031C6, NUCLEO-C051C8, NUCLEO-C071RB, NUCLEO-C092RC, NUCLEO-H503RB, NUCLEO-H533RE, NUCLEO-H563ZI, NUCLEO-H7S3L8, NUCLEO-N657X0-Q, NUCLEO-U031R8, NUCLEO-U083RC, NUCLEO-U385RG-Q, NUCLEO-U545RE-Q, NUCLEO-U5A5ZJ-Q, NUCLEO-WB05KZ, NUCLEO-WB07CC, NUCLEO-WB09KE, NUCLEO-WBA52CG, NUCLEO-WBA55CG, NUCLEO-WL33CC1, NUCLEO-WL33CC2, STEVAL-PROTEUS1, STEVAL-SMARTAG2, STEVAL-STWINBX1, STM320518-EVAL, STM32C0116-DK, STM32C011D6Y3TR, STM32C011D6Y6TR, STM32C011F4P3, STM32C011F4P6, STM32C011F4U3, STM32C011F4U6TR, STM32C011F6P3, STM32C011F6P6, STM32C011F6U3, STM32C011F6U6TR, STM32C011J4M3, STM32C011J4M6, STM32C011J6M3, STM32C011J6M6, STM32C0316-DK, STM32C031C4T3, STM32C031C4T6, STM32C031C4U3, STM32C031C4U6, STM32C031C6T3, STM32C031C6T6, STM32C031C6U3, STM32C031C6U6, STM32C031F4P3, STM32C031F4P6, STM32C031F6P3, STM32C031F6P6, STM32C031G4U3, STM32C031G4U6, STM32C031G6U3, STM32C031G6U6, STM32C031K4T3, STM32C031K4T6, STM32C031K4U3, STM32C031K4U6, STM32C031K6T3, STM32C031K6T6, STM32C031K6U3, STM32C031K6U6, STM32C051C6T6, STM32C051C6U6, STM32C051C8T6, STM32C051C8U6, STM32C051D8Y6TR, STM32C051F6P6, STM32C051F8P6, STM32C051G6U6, STM32C051G8U6, STM32C051K6T6, STM32C051K6U6, STM32C051K8T6, STM32C071C8T6, STM32C071C8T6N, STM32C071C8U6, STM32C071C8U6N, STM32C071CBT6, STM32C071CBT6N, STM32C071CBU6, STM32C071CBU6N, STM32C071F8P6, STM32C071F8P6N, STM32C071FBP6, STM32C071FBP6N, STM32C071FBY6TR, STM32C071G8U6, STM32C071G8U6N, STM32C071GBU6, STM32C071GBU6N, STM32C071K8T6, STM32C071K8T6N, STM32C071K8U6, STM32C071K8U6N, STM32C071KBT6, STM32C071KBT6N, STM32C071KBU6, STM32C071KBU6N, STM32C071R8T6, STM32C071R8T6N, STM32C071RBI6N, STM32C071RBT6, STM32C071RBT6N, STM32C091CBT6, STM32C091CBU6, STM32C091CCT6, STM32C091CCU6, STM32C091ECY6TR, STM32C091FBP6, STM32C091FCP6, STM32C091GBU6, STM32C091GCU6, STM32C091KBT6, STM32C091KBU6, STM32C091KCT6, STM32C091KCU6, STM32C091RBT6, STM32C091RCI6, STM32C091RCT6, STM32C092CBT6, STM32C092CBU6, STM32C092CCT6, STM32C092CCU6, STM32C092ECY6TR, STM32C092FBP6, STM32C092FCP6, STM32C092GBU6, STM32C092GCU6, STM32C092KBT6, STM32C092KBU6, STM32C092KCT6, STM32C092KCU6, STM32C092RBT6, STM32C092RCI6, STM32C092RCT6, STM32G071K8TXN, STM32G071K8UXN, STM32G081GBU6N, STM32G081KBT6N, STM32G081KBUXN, STM32G0B1CCT6N, STM32G0B1KCT6, STM32G0B1NEY6TR, STM32G0B1RCT6N, STM32G0C1CCT6, STM32G0C1CCT6N, STM32G0C1CCU6N, STM32G0C1CET6N, STM32G0C1CEU6N, STM32G0C1KCT6, STM32G0C1NEY6TR, STM32G0C1RCI6N, STM32G0C1RCT6N, STM32G0C1REI6N, STM32G0C1RET6N, STM32G0C1VCI6, STM32G0C1VEI6, STM32G411C6T3, STM32G411C6T6, STM32G411C6U3, STM32G411C6U6, STM32G411C8T3, STM32G411C8T6, STM32G411C8U3, STM32G411C8U6, STM32G411CBT3, STM32G411CBT6, STM32G411CBU3, STM32G411CBU6, STM32G411K6T3, STM32G411K6T6, STM32G411K6U3, STM32G411K6U6, STM32G411K8T3, STM32G411K8T6, STM32G411K8U3, STM32G411K8U6, STM32G411KBT3, STM32G411KBT6, STM32G411KBU3, STM32G411KBU6, STM32G411M6T3, STM32G411M6T6, STM32G411M8T3, STM32G411M8T6, STM32G411MBT3, STM32G411MBT6, STM32G411R6T3, STM32G411R6T6, STM32G411R8T3, STM32G411R8T6, STM32G411RBT3, STM32G411RBT6, STM32G414CBT3, STM32G414CBT6, STM32G414CBU3, STM32G414CBU6, STM32G414CCT3, STM32G414CCT6, STM32G414CCU3, STM32G414CCU6, STM32G414MBT3, STM32G414MBT6, STM32G414MCT3, STM32G414MCT6, STM32G414RBT3, STM32G414RBT6, STM32G414RCT3, STM32G414RCT6, STM32G414VBT3, STM32G414VBT6, STM32G414VCT3, STM32G414VCT6, STM32G431CBT3Z, STM32G431RBT3Z, STM32G471CCT6, STM32G471CCU6, STM32G471CET3, STM32G471CET6, STM32G471CEU3, STM32G471CEU6, STM32G471MCT6, STM32G471MET3, STM32G471MET6, STM32G471MEY6TR, STM32G471QCT6, STM32G471QET3, STM32G471RCT6, STM32G471RET3, STM32G471RET6, STM32G471VCH6, STM32G471VCI6, STM32G471VCT6, STM32G471VEH3, STM32G471VEH6, STM32G471VEI3, STM32G471VEI6, STM32G471VET3, STM32G471VET6, STM32G473QET3Z, STM32G473RET3Z, STM32G474CCT6, STM32G491RET3Z, STM32H503CBT6, STM32H503CBU6, STM32H503EBY6TR, STM32H503KBU6, STM32H503RBT6, STM32H523CCT6, STM32H523CCU6, STM32H523CET6, STM32H523CEU6, STM32H523HEY6TR, STM32H523RCT6, STM32H523RET6, STM32H523VCI6, STM32H523VCT6, STM32H523VEI6, STM32H523VET6, STM32H523ZCJ6, STM32H523ZCT6, STM32H523ZEJ6, STM32H523ZET6, STM32H533CET6, STM32H533CEU6, STM32H533HEY6TR, STM32H533RET6, STM32H533VEI6, STM32H533VET6, STM32H533ZEJ6, STM32H533ZET6, STM32H562AGI6, STM32H562AII6, STM32H562IGK6, STM32H562IGT6, STM32H562IIK6, STM32H562IIT6, STM32H562RGT6, STM32H562RGV6, STM32H562RIT6, STM32H562RIV6, STM32H562VGT6, STM32H562VIT6, STM32H562ZGT6, STM32H562ZIT6, STM32H563AGI6, STM32H563AII3Q, STM32H563AII6, STM32H563IGK6, STM32H563IGT6, STM32H563IIK3Q, STM32H563IIK6, STM32H563IIT3Q, STM32H563IIT6, STM32H563MIY3QTR, STM32H563RGT6, STM32H563RGV6, STM32H563RIT6, STM32H563RIV6, STM32H563VGT6, STM32H563VIT3Q, STM32H563VIT6, STM32H563ZGT6, STM32H563ZIT3Q, STM32H563ZIT6, STM32H573AII3Q, STM32H573AII6, STM32H573I-DK, STM32H573IIK3Q, STM32H573IIK6, STM32H573IIT3Q, STM32H573IIT6, STM32H573MIY3QTR, STM32H573RIT6, STM32H573RIV6, STM32H573VIT3Q, STM32H573VIT6, STM32H573ZIT3Q, STM32H573ZIT6, STM32H7R3A8I6, STM32H7R3I8K6, STM32H7R3I8T6, STM32H7R3L8H6, STM32H7R3L8H6H, STM32H7R3R8V6, STM32H7R3V8H6, STM32H7R3V8T6, STM32H7R3V8Y6TR, STM32H7R3Z8J6, STM32H7R3Z8T6, STM32H7R7A8I6, STM32H7R7I8K6, STM32H7R7I8T6, STM32H7R7L8H6, STM32H7R7L8H6H, STM32H7R7Z8J6, STM32H7S3A8I6, STM32H7S3I8K6, STM32H7S3I8T6, STM32H7S3L8H6, STM32H7S3L8H6H, STM32H7S3R8V6, STM32H7S3V8H6, STM32H7S3V8T6, STM32H7S3V8Y6TR, STM32H7S3Z8J6, STM32H7S3Z8T6, STM32H7S78-DK, STM32H7S7A8I6, STM32H7S7I8K6, STM32H7S7I8T6, STM32H7S7L8H6, STM32H7S7L8H6H, STM32H7S7Z8J6, STM32L4R5QGI6STR, STM32MP131AAE3, STM32MP131AAF3, STM32MP131AAG3, STM32MP131CAE3, STM32MP131CAF3, STM32MP131CAG3, STM32MP131DAE7, STM32MP131DAF7, STM32MP131DAG7, STM32MP131FAE7, STM32MP131FAF7, STM32MP131FAG7, STM32MP133AAE3, STM32MP133AAF3, STM32MP133AAG3, STM32MP133CAE3, STM32MP133CAF3, STM32MP133CAG3, STM32MP133DAE7, STM32MP133DAF7, STM32MP133DAG7, STM32MP133FAE7, STM32MP133FAF7, STM32MP133FAG7, STM32MP135AAE3, STM32MP135AAF3, STM32MP135AAG3, STM32MP135CAE3, STM32MP135CAF3, STM32MP135CAG3, STM32MP135DAE7, STM32MP135DAF7, STM32MP135DAG7, STM32MP135F-DK, STM32MP135FAE7, STM32MP135FAF7, STM32MP135FAF7T, STM32MP135FAF7U, STM32MP135FAG7, STM32MP211AAL3, STM32MP211AAM3, STM32MP211AAN3, STM32MP211AAO3, STM32MP211CAL3, STM32MP211CAM3, STM32MP211CAN3, STM32MP211CAO3, STM32MP211DAL3, STM32MP211DAM3, STM32MP211DAN3, STM32MP211DAO3, STM32MP211FAL3, STM32MP211FAM3, STM32MP211FAN3, STM32MP211FAO3, STM32MP213AAL3, STM32MP213AAM3, STM32MP213AAN3, STM32MP213AAO3, STM32MP213CAL3, STM32MP213CAM3, STM32MP213CAN3, STM32MP213CAO3, STM32MP213DAL3, STM32MP213DAM3, STM32MP213DAN3, STM32MP213DAO3, STM32MP213FAL3, STM32MP213FAM3, STM32MP213FAN3, STM32MP213FAO3, STM32MP215AAL3, STM32MP215AAM3, STM32MP215AAN3, STM32MP215AAO3, STM32MP215CAL3, STM32MP215CAM3, STM32MP215CAN3, STM32MP215CAO3, STM32MP215DAL3, STM32MP215DAM3, STM32MP215DAN3, STM32MP215DAO3, STM32MP215F-DK, STM32MP215FAL3, STM32MP215FAM3, STM32MP215FAN3, STM32MP215FAO3, STM32MP231AAJ3, STM32MP231AAK3, STM32MP231AAL3, STM32MP231CAJ3, STM32MP231CAK3, STM32MP231CAL3, STM32MP231DAJ3, STM32MP231DAK3, STM32MP231DAL3, STM32MP231FAJ3, STM32MP231FAK3, STM32MP231FAL3, STM32MP233AAJ3, STM32MP233AAK3, STM32MP233AAL3, STM32MP233CAJ3, STM32MP233CAK3, STM32MP233CAL3, STM32MP233DAJ3, STM32MP233DAK3, STM32MP233DAL3, STM32MP233FAJ3, STM32MP233FAK3, STM32MP233FAL3, STM32MP235AAJ3, STM32MP235AAK3, STM32MP235AAL3, STM32MP235CAJ3, STM32MP235CAK3, STM32MP235CAL3, STM32MP235DAJ3, STM32MP235DAK3, STM32MP235DAL3, STM32MP235FAJ3, STM32MP235FAK3, STM32MP235FAL3, STM32MP251AAI3, STM32MP251AAK3, STM32MP251AAL3, STM32MP251CAI3, STM32MP251CAK3, STM32MP251CAL3, STM32MP251DAI3, STM32MP251DAK3, STM32MP251DAL3, STM32MP251FAI3, STM32MP251FAK3, STM32MP251FAL3, STM32MP253AAI3, STM32MP253AAK3, STM32MP253AAL3, STM32MP253CAI3, STM32MP253CAK3, STM32MP253CAL3, STM32MP253DAI3, STM32MP253DAK3, STM32MP253DAL3, STM32MP253FAI3, STM32MP253FAK3, STM32MP253FAL3, STM32MP255AAI3, STM32MP255AAK3, STM32MP255AAL3, STM32MP255CAI3, STM32MP255CAK3, STM32MP255CAL3, STM32MP255DAI3, STM32MP255DAK3, STM32MP255DAL3, STM32MP255FAI3, STM32MP255FAK3, STM32MP255FAL3, STM32MP257AAI3, STM32MP257AAK3, STM32MP257AAL3, STM32MP257CAI3, STM32MP257CAK3, STM32MP257CAL3, STM32MP257DAI3, STM32MP257DAK3, STM32MP257DAL3, STM32MP257F-DK, STM32MP257F-EV1, STM32MP257FAI3, STM32MP257FAK3, STM32MP257FAL3, STM32N645A0H3Q, STM32N645B0H3Q, STM32N645I0H3Q, STM32N645L0H3Q, STM32N645X0H3Q, STM32N645Z0H3Q, STM32N647A0H3Q, STM32N647B0H3Q, STM32N647I0H3Q, STM32N647L0H3Q, STM32N647X0H3Q, STM32N647Z0H3Q, STM32N655A0H3Q, STM32N655B0H3Q, STM32N655I0H3Q, STM32N655L0H3Q, STM32N655X0H3Q, STM32N655Z0H3Q, STM32N6570-DK, STM32N657A0H3Q, STM32N657B0H3Q, STM32N657I0H3Q, STM32N657L0H3Q, STM32N657X0H3Q, STM32N657Z0H3Q, STM32U031C6T6, STM32U031C6U6, STM32U031C8T6, STM32U031C8U6, STM32U031F4P6, STM32U031F6P6, STM32U031F8P6, STM32U031G6Y6TR, STM32U031G8Y6TR, STM32U031K4U6, STM32U031K6U6, STM32U031K8U6, STM32U031R6I6, STM32U031R6T6, STM32U031R8I6, STM32U031R8T6, STM32U073C8T6, STM32U073C8U6, STM32U073CBT6, STM32U073CBU6, STM32U073CCT6, STM32U073CCU6, STM32U073H8Y6TR, STM32U073HBY6TR, STM32U073HCY6TR, STM32U073K8U6, STM32U073KBU6, STM32U073KCU6, STM32U073M8I6, STM32U073M8T6, STM32U073MBI6, STM32U073MBT6, STM32U073MCI6, STM32U073MCT6, STM32U073R8I6, STM32U073R8T6, STM32U073RBI6, STM32U073RBT6, STM32U073RCI6, STM32U073RCT6, STM32U083C-DK, STM32U083CCT6, STM32U083CCU6, STM32U083HCY6TR, STM32U083KCU6, STM32U083MCI6, STM32U083MCT6, STM32U083RCI6, STM32U083RCT6, STM32U375CET6, STM32U375CET6Q, STM32U375CEU6, STM32U375CEU6Q, STM32U375CEY6QTR, STM32U375CGT6, STM32U375CGT6Q, STM32U375CGU6, STM32U375CGU6Q, STM32U375CGY6QTR, STM32U375KEU6, STM32U375KGU6, STM32U375REI6, STM32U375REI6Q, STM32U375RET6, STM32U375RET6Q, STM32U375REY6GTR, STM32U375REY6QTR, STM32U375RGI6, STM32U375RGI6Q, STM32U375RGT6, STM32U375RGT6Q, STM32U375RGY6GTR, STM32U375RGY6QTR, STM32U375VEI6, STM32U375VEI6Q, STM32U375VET6, STM32U375VET6Q, STM32U375VGI6, STM32U375VGI6Q, STM32U375VGT6, STM32U375VGT6Q, STM32U385CGT6, STM32U385CGT6Q, STM32U385CGU6, STM32U385CGU6Q, STM32U385CGY6QTR, STM32U385KGU6, STM32U385RGI6, STM32U385RGI6Q, STM32U385RGT6, STM32U385RGT6Q, STM32U385RGY6GTR, STM32U385RGY6QTR, STM32U385VGI6, STM32U385VGI6Q, STM32U385VGT6, STM32U385VGT6Q, STM32U535CBT6, STM32U535CBT6Q, STM32U535CBU6, STM32U535CBU6Q, STM32U535CCT6, STM32U535CCT6Q, STM32U535CCU6, STM32U535CCU6Q, STM32U535CET6, STM32U535CET6Q, STM32U535CEU6, STM32U535CEU6Q, STM32U535JEY6QTR, STM32U535NCY6QTR, STM32U535NEY6QTR, STM32U535RBI6, STM32U535RBI6Q, STM32U535RBT6, STM32U535RBT6Q, STM32U535RCI6, STM32U535RCI6Q, STM32U535RCT6, STM32U535RCT6Q, STM32U535REI6, STM32U535REI6Q, STM32U535RET6, STM32U535RET6Q, STM32U535VCI6, STM32U535VCI6Q, STM32U535VCT6, STM32U535VCT6Q, STM32U535VEI6, STM32U535VEI6Q, STM32U535VET6, STM32U535VET6Q, STM32U545CET6, STM32U545CET6Q, STM32U545CEU6, STM32U545CEU6Q, STM32U545JEY6QTR, STM32U545NEY6QTR, STM32U545REI6, STM32U545REI6Q, STM32U545RET6, STM32U545RET6Q, STM32U545VEI6, STM32U545VEI6Q, STM32U545VET6, STM32U545VET6Q, STM32U595AIH6, STM32U595AIH6Q, STM32U595AJH6, STM32U595AJH6Q, STM32U595QII6, STM32U595QII6Q, STM32U595QJI6, STM32U595QJI6Q, STM32U595RIT6, STM32U595RIT6Q, STM32U595RJT6, STM32U595RJT6Q, STM32U595VIT6, STM32U595VIT6Q, STM32U595VJT6, STM32U595VJT6Q, STM32U595ZIT6, STM32U595ZIT6Q, STM32U595ZIY6QTR, STM32U595ZJT6, STM32U595ZJT6Q, STM32U595ZJY6QTR, STM32U599BJY6QTR, STM32U599NIH6Q, STM32U599NJH6Q, STM32U599VIT6Q, STM32U599VJT6, STM32U599VJT6Q, STM32U599ZIT6Q, STM32U599ZIY6QTR, STM32U599ZJT6Q, STM32U599ZJY6QTR, STM32U5A5AJH6, STM32U5A5AJH6Q, STM32U5A5QII3Q , STM32U5A5QJI6, STM32U5A5QJI6Q, STM32U5A5RJT6, STM32U5A5RJT6Q, STM32U5A5VJT6, STM32U5A5VJT6Q, STM32U5A5ZJT6, STM32U5A5ZJT6Q, STM32U5A5ZJY6QTR, STM32U5A9BJY6QTR, STM32U5A9J-DK, STM32U5A9NJH6Q, STM32U5A9VJT6Q, STM32U5A9ZJT6Q, STM32U5A9ZJY6QTR, STM32U5F7VIT6, STM32U5F7VIT6Q, STM32U5F7VJT6, STM32U5F7VJT6Q, STM32U5F9BJY6QTR, STM32U5F9NJH6Q, STM32U5F9VIT6Q, STM32U5F9VJT6Q, STM32U5F9ZIJ6QTR, STM32U5F9ZIT6Q, STM32U5F9ZJJ6QTR, STM32U5F9ZJT6Q, STM32U5G7VJT6, STM32U5G7VJT6Q, STM32U5G9BJY6QTR, STM32U5G9J-DK1, STM32U5G9J-DK2, STM32U5G9NJH6Q, STM32U5G9VJT6Q, STM32U5G9ZJJ6QTR, STM32U5G9ZJT6Q, STM32WB05KZV6TR, STM32WB05KZV7TR, STM32WB05TZF6TR, STM32WB05TZF7TR, STM32WB06CCF6TR, STM32WB06CCF7TR, STM32WB06CCV6TR, STM32WB06CCV7TR, STM32WB06KCV6TR, STM32WB06KCV7TR, STM32WB07CCF6TR, STM32WB07CCF7TR, STM32WB07CCV6TR, STM32WB07CCV7TR, STM32WB07KCV6TR, STM32WB07KCV7TR, STM32WB09KEV6TR, STM32WB09KEV7TR, STM32WB09TEF6TR, STM32WB09TEF7TR, STM32WB1MMCH6, STM32WBA50KGU6, STM32WBA50KGU6TR, STM32WBA52CEU6, STM32WBA52CEU6TR, STM32WBA52CEU7, STM32WBA52CEU7TR, STM32WBA52CGU6, STM32WBA52CGU6TR, STM32WBA52CGU6U, STM32WBA52CGU7, STM32WBA52CGU7TR, STM32WBA52KEU6, STM32WBA52KEU6TR, STM32WBA52KGU6, STM32WBA52KGU6TR, STM32WBA54CEU6, STM32WBA54CEU6TR, STM32WBA54CEU7, STM32WBA54CEU7TR, STM32WBA54CGU6, STM32WBA54CGU6TR, STM32WBA54CGU7, STM32WBA54CGU7TR, STM32WBA54KEU6, STM32WBA54KEU6TR, STM32WBA54KEU7, STM32WBA54KEU7TR, STM32WBA54KGU6, STM32WBA54KGU6TR, STM32WBA54KGU7, STM32WBA54KGU7TR, STM32WBA55CEU6, STM32WBA55CEU6TR, STM32WBA55CEU7, STM32WBA55CEU7TR, STM32WBA55CGU6, STM32WBA55CGU6TR, STM32WBA55CGU6U, STM32WBA55CGU7, STM32WBA55CGU7TR, STM32WBA55G-DK1, STM32WBA55HEF6, STM32WBA55HEF7, STM32WBA55HGF6, STM32WBA55HGF7, STM32WBA55UEI6, STM32WBA55UEI6TR, STM32WBA55UEI7, STM32WBA55UEI7TR, STM32WBA55UGI6, STM32WBA55UGI6TR, STM32WBA55UGI7, STM32WBA55UGI7TR, STM32WBA5MMGH6TR, STM32WBA62MGF6, STM32WBA62MIF6, STM32WBA65MGF7, STM32WBA65MIF6, STM32WBA65MIF7, STM32WL30K8V6, STM32WL30KBV6, STM32WL31C8V6, STM32WL31CBV6, STM32WL31K8V6, STM32WL31KBV6, STM32WL33C8V6, STM32WL33C8V6X, STM32WL33CBV6, STM32WL33CBV6X, STM32WL33CCV6, STM32WL33CCV6A, STM32WL33CCV6X, STM32WL33K8V7, STM32WL33K8V7X, STM32WL33KBV7 , STM32WL33KBV7X, STM32WL33KCV7, STM32WL33KCV7X, STM32WL5MOCH6, STM32WL5MOCH6TR]
2025-12-15 18:10:46,744 [INFO] BoardInfo:889 - No configuration file found for board P-NUCLEO-WB55
2025-12-15 18:10:46,746 [INFO] DbBoards:161 - Kit is not supported: P-NUCLEO-WB55
2025-12-15 18:10:46,756 [INFO] BoardInfo:889 - No configuration file found for board STEVAL-BFA001V1B
2025-12-15 18:10:46,757 [INFO] DbBoards:161 - Kit is not supported: STEVAL-BFA001V1B
2025-12-15 18:10:46,758 [INFO] BoardInfo:889 - No configuration file found for board STEVAL-BFA001V2B
2025-12-15 18:10:46,760 [INFO] DbBoards:161 - Kit is not supported: STEVAL-BFA001V2B
2025-12-15 18:10:47,043 [INFO] DbBoards:168 - Found 212 boards, 209 are supported
2025-12-15 18:10:47,043 [INFO] DbBoards:169 - Found 212 boards, 43 of them is supported for  Bsp
2025-12-15 18:10:47,046 [INFO] ApiDb:668 - CubeFinder database Data Model version=2.1
2025-12-15 18:10:47,046 [INFO] ApiDb:669 - CubeFinder database Configuration version=3.0.39
2025-12-15 18:10:47,046 [INFO] ApiDb:670 - CubeFinder database generation date=2025-10-27 (1761571959)
2025-12-15 18:10:47,046 [INFO] ApiDb:671 - CubeFinder database FW Pack versions=[FP-ATR-ASTRA1_V2.0.0, FP-SNS-FLIGHT1_V5.1.0, FP-SNS-MOTENV1_V5.0.0, FP-SNS-MOTENVWB1_V1.4.0, FP-SNS-SMARTAG2_V1.2.0, FP-SNS-STBOX1_V2.1.0, STM32Cube_FW_C0_V1.4.0, STM32Cube_FW_F4_V1.28.3, STM32Cube_FW_F7_V1.17.4, STM32Cube_FW_G0_V1.6.2, STM32Cube_FW_G4_V1.6.1, STM32Cube_FW_H5_V1.5.0, STM32Cube_FW_H7RS_V1.2.0, STM32Cube_FW_H7_V1.12.1, STM32Cube_FW_L0_V1.12.2, STM32Cube_FW_L4_V1.18.1, STM32Cube_FW_L5_V1.5.1, STM32Cube_FW_N6_V1.2.0, STM32Cube_FW_U0_V1.3.0, STM32Cube_FW_U3_V1.2.1, STM32Cube_FW_U5_V1.8.0, STM32Cube_FW_WB0_V1.3.0, STM32Cube_FW_WBA_V1.7.0, STM32Cube_FW_WB_V1.23.0, STM32Cube_FW_WL3_V1.2.0, STM32Cube_FW_WL_V1.3.1, X-CUBE-ALGOBUILD_V1.4.0, X-CUBE-ALS_V1.0.2, X-CUBE-AZRTOS-F4_V1.1.0, X-CUBE-AZRTOS-F7_V1.1.0, X-CUBE-AZRTOS-G0_V1.1.0, X-CUBE-AZRTOS-G4_V2.0.0, X-CUBE-AZRTOS-H7RS_V1.1.0, X-CUBE-AZRTOS-H7_V3.4.0, X-CUBE-AZRTOS-L4_V2.0.0, X-CUBE-AZRTOS-L5_V2.0.0, X-CUBE-AZRTOS-WB_V2.0.0, X-CUBE-AZRTOS-WL_V2.0.0, X-CUBE-BLE1_V7.1.0, X-CUBE-BLE2_V3.3.0, X-CUBE-BLEMGR_V4.1.0, X-CUBE-EEPRMA1_V5.2.0, X-CUBE-FREERTOS_V1.3.1, X-CUBE-GNSS1_V6.0.0, X-CUBE-MEMS1_V11.3.0, X-CUBE-NFC4_V3.0.0, X-CUBE-NFC7_V2.0.0, X-CUBE-SFXS2LP1_V4.0.0, X-CUBE-ST67W61_V1.1.0, X-CUBE-SUBG2_V5.0.0, X-CUBE-TOF1_V3.4.3]
2025-12-15 18:10:49,217 [INFO] ApiDb:240 - Found 880 in-development CPN: [B-G473E-ZEST1S, B-WB1M-WPAN1, B-WBA5M-WPAN, B-WL5M-SUBG1, NUCLEO-C031C6, NUCLEO-C051C8, NUCLEO-C071RB, NUCLEO-C092RC, NUCLEO-H503RB, NUCLEO-H533RE, NUCLEO-H563ZI, NUCLEO-H7S3L8, NUCLEO-N657X0-Q, NUCLEO-U031R8, NUCLEO-U083RC, NUCLEO-U385RG-Q, NUCLEO-U545RE-Q, NUCLEO-U5A5ZJ-Q, NUCLEO-WB05KZ, NUCLEO-WB07CC, NUCLEO-WB09KE, NUCLEO-WBA52CG, NUCLEO-WBA55CG, NUCLEO-WL33CC1, NUCLEO-WL33CC2, STEVAL-PROTEUS1, STEVAL-SMARTAG2, STEVAL-STWINBX1, STM320518-EVAL, STM32C0116-DK, STM32C011D6Y3TR, STM32C011D6Y6TR, STM32C011F4P3, STM32C011F4P6, STM32C011F4U3, STM32C011F4U6TR, STM32C011F6P3, STM32C011F6P6, STM32C011F6U3, STM32C011F6U6TR, STM32C011J4M3, STM32C011J4M6, STM32C011J6M3, STM32C011J6M6, STM32C0316-DK, STM32C031C4T3, STM32C031C4T6, STM32C031C4U3, STM32C031C4U6, STM32C031C6T3, STM32C031C6T6, STM32C031C6U3, STM32C031C6U6, STM32C031F4P3, STM32C031F4P6, STM32C031F6P3, STM32C031F6P6, STM32C031G4U3, STM32C031G4U6, STM32C031G6U3, STM32C031G6U6, STM32C031K4T3, STM32C031K4T6, STM32C031K4U3, STM32C031K4U6, STM32C031K6T3, STM32C031K6T6, STM32C031K6U3, STM32C031K6U6, STM32C051C6T6, STM32C051C6U6, STM32C051C8T6, STM32C051C8U6, STM32C051D8Y6TR, STM32C051F6P6, STM32C051F8P6, STM32C051G6U6, STM32C051G8U6, STM32C051K6T6, STM32C051K6U6, STM32C051K8T6, STM32C071C8T6, STM32C071C8T6N, STM32C071C8U6, STM32C071C8U6N, STM32C071CBT6, STM32C071CBT6N, STM32C071CBU6, STM32C071CBU6N, STM32C071F8P6, STM32C071F8P6N, STM32C071FBP6, STM32C071FBP6N, STM32C071FBY6TR, STM32C071G8U6, STM32C071G8U6N, STM32C071GBU6, STM32C071GBU6N, STM32C071K8T6, STM32C071K8T6N, STM32C071K8U6, STM32C071K8U6N, STM32C071KBT6, STM32C071KBT6N, STM32C071KBU6, STM32C071KBU6N, STM32C071R8T6, STM32C071R8T6N, STM32C071RBI6N, STM32C071RBT6, STM32C071RBT6N, STM32C091CBT6, STM32C091CBU6, STM32C091CCT6, STM32C091CCU6, STM32C091ECY6TR, STM32C091FBP6, STM32C091FCP6, STM32C091GBU6, STM32C091GCU6, STM32C091KBT6, STM32C091KBU6, STM32C091KCT6, STM32C091KCU6, STM32C091RBT6, STM32C091RCI6, STM32C091RCT6, STM32C092CBT6, STM32C092CBU6, STM32C092CCT6, STM32C092CCU6, STM32C092ECY6TR, STM32C092FBP6, STM32C092FCP6, STM32C092GBU6, STM32C092GCU6, STM32C092KBT6, STM32C092KBU6, STM32C092KCT6, STM32C092KCU6, STM32C092RBT6, STM32C092RCI6, STM32C092RCT6, STM32G071K8TXN, STM32G071K8UXN, STM32G081GBU6N, STM32G081KBT6N, STM32G081KBUXN, STM32G0B1CCT6N, STM32G0B1KCT6, STM32G0B1NEY6TR, STM32G0B1RCT6N, STM32G0C1CCT6, STM32G0C1CCT6N, STM32G0C1CCU6N, STM32G0C1CET6N, STM32G0C1CEU6N, STM32G0C1KCT6, STM32G0C1NEY6TR, STM32G0C1RCI6N, STM32G0C1RCT6N, STM32G0C1REI6N, STM32G0C1RET6N, STM32G0C1VCI6, STM32G0C1VEI6, STM32G411C6T3, STM32G411C6T6, STM32G411C6U3, STM32G411C6U6, STM32G411C8T3, STM32G411C8T6, STM32G411C8U3, STM32G411C8U6, STM32G411CBT3, STM32G411CBT6, STM32G411CBU3, STM32G411CBU6, STM32G411K6T3, STM32G411K6T6, STM32G411K6U3, STM32G411K6U6, STM32G411K8T3, STM32G411K8T6, STM32G411K8U3, STM32G411K8U6, STM32G411KBT3, STM32G411KBT6, STM32G411KBU3, STM32G411KBU6, STM32G411M6T3, STM32G411M6T6, STM32G411M8T3, STM32G411M8T6, STM32G411MBT3, STM32G411MBT6, STM32G411R6T3, STM32G411R6T6, STM32G411R8T3, STM32G411R8T6, STM32G411RBT3, STM32G411RBT6, STM32G414CBT3, STM32G414CBT6, STM32G414CBU3, STM32G414CBU6, STM32G414CCT3, STM32G414CCT6, STM32G414CCU3, STM32G414CCU6, STM32G414MBT3, STM32G414MBT6, STM32G414MCT3, STM32G414MCT6, STM32G414RBT3, STM32G414RBT6, STM32G414RCT3, STM32G414RCT6, STM32G414VBT3, STM32G414VBT6, STM32G414VCT3, STM32G414VCT6, STM32G431CBT3Z, STM32G431RBT3Z, STM32G471CCT6, STM32G471CCU6, STM32G471CET3, STM32G471CET6, STM32G471CEU3, STM32G471CEU6, STM32G471MCT6, STM32G471MET3, STM32G471MET6, STM32G471MEY6TR, STM32G471QCT6, STM32G471QET3, STM32G471RCT6, STM32G471RET3, STM32G471RET6, STM32G471VCH6, STM32G471VCI6, STM32G471VCT6, STM32G471VEH3, STM32G471VEH6, STM32G471VEI3, STM32G471VEI6, STM32G471VET3, STM32G471VET6, STM32G473QET3Z, STM32G473RET3Z, STM32G474CCT6, STM32G491RET3Z, STM32H503CBT6, STM32H503CBU6, STM32H503EBY6TR, STM32H503KBU6, STM32H503RBT6, STM32H523CCT6, STM32H523CCU6, STM32H523CET6, STM32H523CEU6, STM32H523HEY6TR, STM32H523RCT6, STM32H523RET6, STM32H523VCI6, STM32H523VCT6, STM32H523VEI6, STM32H523VET6, STM32H523ZCJ6, STM32H523ZCT6, STM32H523ZEJ6, STM32H523ZET6, STM32H533CET6, STM32H533CEU6, STM32H533HEY6TR, STM32H533RET6, STM32H533VEI6, STM32H533VET6, STM32H533ZEJ6, STM32H533ZET6, STM32H562AGI6, STM32H562AII6, STM32H562IGK6, STM32H562IGT6, STM32H562IIK6, STM32H562IIT6, STM32H562RGT6, STM32H562RGV6, STM32H562RIT6, STM32H562RIV6, STM32H562VGT6, STM32H562VIT6, STM32H562ZGT6, STM32H562ZIT6, STM32H563AGI6, STM32H563AII3Q, STM32H563AII6, STM32H563IGK6, STM32H563IGT6, STM32H563IIK3Q, STM32H563IIK6, STM32H563IIT3Q, STM32H563IIT6, STM32H563MIY3QTR, STM32H563RGT6, STM32H563RGV6, STM32H563RIT6, STM32H563RIV6, STM32H563VGT6, STM32H563VIT3Q, STM32H563VIT6, STM32H563ZGT6, STM32H563ZIT3Q, STM32H563ZIT6, STM32H573AII3Q, STM32H573AII6, STM32H573I-DK, STM32H573IIK3Q, STM32H573IIK6, STM32H573IIT3Q, STM32H573IIT6, STM32H573MIY3QTR, STM32H573RIT6, STM32H573RIV6, STM32H573VIT3Q, STM32H573VIT6, STM32H573ZIT3Q, STM32H573ZIT6, STM32H7R3A8I6, STM32H7R3I8K6, STM32H7R3I8T6, STM32H7R3L8H6, STM32H7R3L8H6H, STM32H7R3R8V6, STM32H7R3V8H6, STM32H7R3V8T6, STM32H7R3V8Y6TR, STM32H7R3Z8J6, STM32H7R3Z8T6, STM32H7R7A8I6, STM32H7R7I8K6, STM32H7R7I8T6, STM32H7R7L8H6, STM32H7R7L8H6H, STM32H7R7Z8J6, STM32H7S3A8I6, STM32H7S3I8K6, STM32H7S3I8T6, STM32H7S3L8H6, STM32H7S3L8H6H, STM32H7S3R8V6, STM32H7S3V8H6, STM32H7S3V8T6, STM32H7S3V8Y6TR, STM32H7S3Z8J6, STM32H7S3Z8T6, STM32H7S78-DK, STM32H7S7A8I6, STM32H7S7I8K6, STM32H7S7I8T6, STM32H7S7L8H6, STM32H7S7L8H6H, STM32H7S7Z8J6, STM32L4R5QGI6STR, STM32MP131AAE3, STM32MP131AAF3, STM32MP131AAG3, STM32MP131CAE3, STM32MP131CAF3, STM32MP131CAG3, STM32MP131DAE7, STM32MP131DAF7, STM32MP131DAG7, STM32MP131FAE7, STM32MP131FAF7, STM32MP131FAG7, STM32MP133AAE3, STM32MP133AAF3, STM32MP133AAG3, STM32MP133CAE3, STM32MP133CAF3, STM32MP133CAG3, STM32MP133DAE7, STM32MP133DAF7, STM32MP133DAG7, STM32MP133FAE7, STM32MP133FAF7, STM32MP133FAG7, STM32MP135AAE3, STM32MP135AAF3, STM32MP135AAG3, STM32MP135CAE3, STM32MP135CAF3, STM32MP135CAG3, STM32MP135DAE7, STM32MP135DAF7, STM32MP135DAG7, STM32MP135F-DK, STM32MP135FAE7, STM32MP135FAF7, STM32MP135FAF7T, STM32MP135FAF7U, STM32MP135FAG7, STM32MP211AAL3, STM32MP211AAM3, STM32MP211AAN3, STM32MP211AAO3, STM32MP211CAL3, STM32MP211CAM3, STM32MP211CAN3, STM32MP211CAO3, STM32MP211DAL3, STM32MP211DAM3, STM32MP211DAN3, STM32MP211DAO3, STM32MP211FAL3, STM32MP211FAM3, STM32MP211FAN3, STM32MP211FAO3, STM32MP213AAL3, STM32MP213AAM3, STM32MP213AAN3, STM32MP213AAO3, STM32MP213CAL3, STM32MP213CAM3, STM32MP213CAN3, STM32MP213CAO3, STM32MP213DAL3, STM32MP213DAM3, STM32MP213DAN3, STM32MP213DAO3, STM32MP213FAL3, STM32MP213FAM3, STM32MP213FAN3, STM32MP213FAO3, STM32MP215AAL3, STM32MP215AAM3, STM32MP215AAN3, STM32MP215AAO3, STM32MP215CAL3, STM32MP215CAM3, STM32MP215CAN3, STM32MP215CAO3, STM32MP215DAL3, STM32MP215DAM3, STM32MP215DAN3, STM32MP215DAO3, STM32MP215F-DK, STM32MP215FAL3, STM32MP215FAM3, STM32MP215FAN3, STM32MP215FAO3, STM32MP231AAJ3, STM32MP231AAK3, STM32MP231AAL3, STM32MP231CAJ3, STM32MP231CAK3, STM32MP231CAL3, STM32MP231DAJ3, STM32MP231DAK3, STM32MP231DAL3, STM32MP231FAJ3, STM32MP231FAK3, STM32MP231FAL3, STM32MP233AAJ3, STM32MP233AAK3, STM32MP233AAL3, STM32MP233CAJ3, STM32MP233CAK3, STM32MP233CAL3, STM32MP233DAJ3, STM32MP233DAK3, STM32MP233DAL3, STM32MP233FAJ3, STM32MP233FAK3, STM32MP233FAL3, STM32MP235AAJ3, STM32MP235AAK3, STM32MP235AAL3, STM32MP235CAJ3, STM32MP235CAK3, STM32MP235CAL3, STM32MP235DAJ3, STM32MP235DAK3, STM32MP235DAL3, STM32MP235FAJ3, STM32MP235FAK3, STM32MP235FAL3, STM32MP251AAI3, STM32MP251AAK3, STM32MP251AAL3, STM32MP251CAI3, STM32MP251CAK3, STM32MP251CAL3, STM32MP251DAI3, STM32MP251DAK3, STM32MP251DAL3, STM32MP251FAI3, STM32MP251FAK3, STM32MP251FAL3, STM32MP253AAI3, STM32MP253AAK3, STM32MP253AAL3, STM32MP253CAI3, STM32MP253CAK3, STM32MP253CAL3, STM32MP253DAI3, STM32MP253DAK3, STM32MP253DAL3, STM32MP253FAI3, STM32MP253FAK3, STM32MP253FAL3, STM32MP255AAI3, STM32MP255AAK3, STM32MP255AAL3, STM32MP255CAI3, STM32MP255CAK3, STM32MP255CAL3, STM32MP255DAI3, STM32MP255DAK3, STM32MP255DAL3, STM32MP255FAI3, STM32MP255FAK3, STM32MP255FAL3, STM32MP257AAI3, STM32MP257AAK3, STM32MP257AAL3, STM32MP257CAI3, STM32MP257CAK3, STM32MP257CAL3, STM32MP257DAI3, STM32MP257DAK3, STM32MP257DAL3, STM32MP257F-DK, STM32MP257F-EV1, STM32MP257FAI3, STM32MP257FAK3, STM32MP257FAL3, STM32N645A0H3Q, STM32N645B0H3Q, STM32N645I0H3Q, STM32N645L0H3Q, STM32N645X0H3Q, STM32N645Z0H3Q, STM32N647A0H3Q, STM32N647B0H3Q, STM32N647I0H3Q, STM32N647L0H3Q, STM32N647X0H3Q, STM32N647Z0H3Q, STM32N655A0H3Q, STM32N655B0H3Q, STM32N655I0H3Q, STM32N655L0H3Q, STM32N655X0H3Q, STM32N655Z0H3Q, STM32N6570-DK, STM32N657A0H3Q, STM32N657B0H3Q, STM32N657I0H3Q, STM32N657L0H3Q, STM32N657X0H3Q, STM32N657Z0H3Q, STM32U031C6T6, STM32U031C6U6, STM32U031C8T6, STM32U031C8U6, STM32U031F4P6, STM32U031F6P6, STM32U031F8P6, STM32U031G6Y6TR, STM32U031G8Y6TR, STM32U031K4U6, STM32U031K6U6, STM32U031K8U6, STM32U031R6I6, STM32U031R6T6, STM32U031R8I6, STM32U031R8T6, STM32U073C8T6, STM32U073C8U6, STM32U073CBT6, STM32U073CBU6, STM32U073CCT6, STM32U073CCU6, STM32U073H8Y6TR, STM32U073HBY6TR, STM32U073HCY6TR, STM32U073K8U6, STM32U073KBU6, STM32U073KCU6, STM32U073M8I6, STM32U073M8T6, STM32U073MBI6, STM32U073MBT6, STM32U073MCI6, STM32U073MCT6, STM32U073R8I6, STM32U073R8T6, STM32U073RBI6, STM32U073RBT6, STM32U073RCI6, STM32U073RCT6, STM32U083C-DK, STM32U083CCT6, STM32U083CCU6, STM32U083HCY6TR, STM32U083KCU6, STM32U083MCI6, STM32U083MCT6, STM32U083RCI6, STM32U083RCT6, STM32U375CET6, STM32U375CET6Q, STM32U375CEU6, STM32U375CEU6Q, STM32U375CEY6QTR, STM32U375CGT6, STM32U375CGT6Q, STM32U375CGU6, STM32U375CGU6Q, STM32U375CGY6QTR, STM32U375KEU6, STM32U375KGU6, STM32U375REI6, STM32U375REI6Q, STM32U375RET6, STM32U375RET6Q, STM32U375REY6GTR, STM32U375REY6QTR, STM32U375RGI6, STM32U375RGI6Q, STM32U375RGT6, STM32U375RGT6Q, STM32U375RGY6GTR, STM32U375RGY6QTR, STM32U375VEI6, STM32U375VEI6Q, STM32U375VET6, STM32U375VET6Q, STM32U375VGI6, STM32U375VGI6Q, STM32U375VGT6, STM32U375VGT6Q, STM32U385CGT6, STM32U385CGT6Q, STM32U385CGU6, STM32U385CGU6Q, STM32U385CGY6QTR, STM32U385KGU6, STM32U385RGI6, STM32U385RGI6Q, STM32U385RGT6, STM32U385RGT6Q, STM32U385RGY6GTR, STM32U385RGY6QTR, STM32U385VGI6, STM32U385VGI6Q, STM32U385VGT6, STM32U385VGT6Q, STM32U535CBT6, STM32U535CBT6Q, STM32U535CBU6, STM32U535CBU6Q, STM32U535CCT6, STM32U535CCT6Q, STM32U535CCU6, STM32U535CCU6Q, STM32U535CET6, STM32U535CET6Q, STM32U535CEU6, STM32U535CEU6Q, STM32U535JEY6QTR, STM32U535NCY6QTR, STM32U535NEY6QTR, STM32U535RBI6, STM32U535RBI6Q, STM32U535RBT6, STM32U535RBT6Q, STM32U535RCI6, STM32U535RCI6Q, STM32U535RCT6, STM32U535RCT6Q, STM32U535REI6, STM32U535REI6Q, STM32U535RET6, STM32U535RET6Q, STM32U535VCI6, STM32U535VCI6Q, STM32U535VCT6, STM32U535VCT6Q, STM32U535VEI6, STM32U535VEI6Q, STM32U535VET6, STM32U535VET6Q, STM32U545CET6, STM32U545CET6Q, STM32U545CEU6, STM32U545CEU6Q, STM32U545JEY6QTR, STM32U545NEY6QTR, STM32U545REI6, STM32U545REI6Q, STM32U545RET6, STM32U545RET6Q, STM32U545VEI6, STM32U545VEI6Q, STM32U545VET6, STM32U545VET6Q, STM32U595AIH6, STM32U595AIH6Q, STM32U595AJH6, STM32U595AJH6Q, STM32U595QII6, STM32U595QII6Q, STM32U595QJI6, STM32U595QJI6Q, STM32U595RIT6, STM32U595RIT6Q, STM32U595RJT6, STM32U595RJT6Q, STM32U595VIT6, STM32U595VIT6Q, STM32U595VJT6, STM32U595VJT6Q, STM32U595ZIT6, STM32U595ZIT6Q, STM32U595ZIY6QTR, STM32U595ZJT6, STM32U595ZJT6Q, STM32U595ZJY6QTR, STM32U599BJY6QTR, STM32U599NIH6Q, STM32U599NJH6Q, STM32U599VIT6Q, STM32U599VJT6, STM32U599VJT6Q, STM32U599ZIT6Q, STM32U599ZIY6QTR, STM32U599ZJT6Q, STM32U599ZJY6QTR, STM32U5A5AJH6, STM32U5A5AJH6Q, STM32U5A5QII3Q , STM32U5A5QJI6, STM32U5A5QJI6Q, STM32U5A5RJT6, STM32U5A5RJT6Q, STM32U5A5VJT6, STM32U5A5VJT6Q, STM32U5A5ZJT6, STM32U5A5ZJT6Q, STM32U5A5ZJY6QTR, STM32U5A9BJY6QTR, STM32U5A9J-DK, STM32U5A9NJH6Q, STM32U5A9VJT6Q, STM32U5A9ZJT6Q, STM32U5A9ZJY6QTR, STM32U5F7VIT6, STM32U5F7VIT6Q, STM32U5F7VJT6, STM32U5F7VJT6Q, STM32U5F9BJY6QTR, STM32U5F9NJH6Q, STM32U5F9VIT6Q, STM32U5F9VJT6Q, STM32U5F9ZIJ6QTR, STM32U5F9ZIT6Q, STM32U5F9ZJJ6QTR, STM32U5F9ZJT6Q, STM32U5G7VJT6, STM32U5G7VJT6Q, STM32U5G9BJY6QTR, STM32U5G9J-DK1, STM32U5G9J-DK2, STM32U5G9NJH6Q, STM32U5G9VJT6Q, STM32U5G9ZJJ6QTR, STM32U5G9ZJT6Q, STM32WB05KZV6TR, STM32WB05KZV7TR, STM32WB05TZF6TR, STM32WB05TZF7TR, STM32WB06CCF6TR, STM32WB06CCF7TR, STM32WB06CCV6TR, STM32WB06CCV7TR, STM32WB06KCV6TR, STM32WB06KCV7TR, STM32WB07CCF6TR, STM32WB07CCF7TR, STM32WB07CCV6TR, STM32WB07CCV7TR, STM32WB07KCV6TR, STM32WB07KCV7TR, STM32WB09KEV6TR, STM32WB09KEV7TR, STM32WB09TEF6TR, STM32WB09TEF7TR, STM32WB1MMCH6, STM32WBA50KGU6, STM32WBA50KGU6TR, STM32WBA52CEU6, STM32WBA52CEU6TR, STM32WBA52CEU7, STM32WBA52CEU7TR, STM32WBA52CGU6, STM32WBA52CGU6TR, STM32WBA52CGU6U, STM32WBA52CGU7, STM32WBA52CGU7TR, STM32WBA52KEU6, STM32WBA52KEU6TR, STM32WBA52KGU6, STM32WBA52KGU6TR, STM32WBA54CEU6, STM32WBA54CEU6TR, STM32WBA54CEU7, STM32WBA54CEU7TR, STM32WBA54CGU6, STM32WBA54CGU6TR, STM32WBA54CGU7, STM32WBA54CGU7TR, STM32WBA54KEU6, STM32WBA54KEU6TR, STM32WBA54KEU7, STM32WBA54KEU7TR, STM32WBA54KGU6, STM32WBA54KGU6TR, STM32WBA54KGU7, STM32WBA54KGU7TR, STM32WBA55CEU6, STM32WBA55CEU6TR, STM32WBA55CEU7, STM32WBA55CEU7TR, STM32WBA55CGU6, STM32WBA55CGU6TR, STM32WBA55CGU6U, STM32WBA55CGU7, STM32WBA55CGU7TR, STM32WBA55G-DK1, STM32WBA55HEF6, STM32WBA55HEF7, STM32WBA55HGF6, STM32WBA55HGF7, STM32WBA55UEI6, STM32WBA55UEI6TR, STM32WBA55UEI7, STM32WBA55UEI7TR, STM32WBA55UGI6, STM32WBA55UGI6TR, STM32WBA55UGI7, STM32WBA55UGI7TR, STM32WBA5MMGH6TR, STM32WBA62MGF6, STM32WBA62MIF6, STM32WBA65MGF7, STM32WBA65MIF6, STM32WBA65MIF7, STM32WL30K8V6, STM32WL30KBV6, STM32WL31C8V6, STM32WL31CBV6, STM32WL31K8V6, STM32WL31KBV6, STM32WL33C8V6, STM32WL33C8V6X, STM32WL33CBV6, STM32WL33CBV6X, STM32WL33CCV6, STM32WL33CCV6A, STM32WL33CCV6X, STM32WL33K8V7, STM32WL33K8V7X, STM32WL33KBV7 , STM32WL33KBV7X, STM32WL33KCV7, STM32WL33KCV7X, STM32WL5MOCH6, STM32WL5MOCH6TR]
2025-12-15 18:10:49,223 [INFO] DbMcus:218 - Found 4801 MCUs, 4801 are supported
2025-12-15 18:10:49,223 [INFO] ApiDb:423 - Load user favorites file C:\Users\ivanp/.stm32cubeide/favorites.mcus.txt: 0 item(s)
2025-12-15 18:10:49,223 [INFO] ApiDb:427 - User favorites MCUs=[]
2025-12-15 18:10:49,223 [INFO] DbMcus:224 - Set 0 / 0 favorites MCUs
2025-12-15 18:10:49,658 [INFO] ApiDb:423 - Load user favorites file C:\Users\ivanp/.stm32cubeide/favorites.boards.txt: 0 item(s)
2025-12-15 18:10:49,659 [INFO] ApiDb:427 - User favorites Boards=[]
2025-12-15 18:10:49,659 [INFO] DbBoards:198 - Set 0 / 0 favorites Boards
2025-12-15 18:10:49,737 [INFO] UtilMem:75 - End LoadConfig() Used Memory: 857033888 Bytes (1073741824)
2025-12-15 18:10:49,913 [WARN] ThirdParty:833 - waiting for thirdparty lock release [change project]
2025-12-15 18:10:49,914 [INFO] ThirdParty:835 - entering critical section [change project]
2025-12-15 18:10:49,914 [INFO] ThirdParty:1030 - CMSIS Pack Vendor :STMicroelectronics USBPD 4.1
2025-12-15 18:10:49,914 [INFO] ThirdParty:1030 - CMSIS Pack Vendor :STMicroelectronics USB_HOST 2.0.0
2025-12-15 18:10:49,914 [INFO] ThirdParty:1030 - CMSIS Pack Vendor :STMicroelectronics FP-SNS-MOTENVWB1 1.4.0
2025-12-15 18:10:49,914 [INFO] ThirdParty:1030 - CMSIS Pack Vendor :STMicroelectronics FP-ATR-ASTRA1 2.0.2
2025-12-15 18:10:49,914 [INFO] ThirdParty:1030 - CMSIS Pack Vendor :STMicroelectronics FP-ATR-ASTRA1 2.0.1
2025-12-15 18:10:49,914 [INFO] ThirdParty:1030 - CMSIS Pack Vendor :STMicroelectronics X-CUBE-SMBUS 2.1.0
2025-12-15 18:10:49,914 [INFO] ThirdParty:1030 - CMSIS Pack Vendor :STMicroelectronics X-CUBE-WB05N 1.1.0
2025-12-15 18:10:49,915 [INFO] ThirdParty:1030 - CMSIS Pack Vendor :STMicroelectronics X-CUBE-TOUCHGFX 4.23.0
2025-12-15 18:10:49,915 [INFO] ThirdParty:1030 - CMSIS Pack Vendor :STMicroelectronics X-CUBE-TOUCHGFX 4.23.2
2025-12-15 18:10:49,915 [INFO] ThirdParty:1030 - CMSIS Pack Vendor :STMicroelectronics X-CUBE-AZRTOS-F7 1.1.0
2025-12-15 18:10:49,915 [INFO] ThirdParty:1030 - CMSIS Pack Vendor :STMicroelectronics USB_DEVICE 2.0.0
2025-12-15 18:10:49,915 [INFO] ThirdParty:1030 - CMSIS Pack Vendor :STMicroelectronics FP-SNS-MOTENV1 4.3.2
2025-12-15 18:10:49,915 [INFO] ThirdParty:1030 - CMSIS Pack Vendor :STMicroelectronics FP-SNS-MOTENV1 4.3.1
2025-12-15 18:10:49,915 [INFO] ThirdParty:1030 - CMSIS Pack Vendor :STMicroelectronics FP-SNS-FLIGHT1 5.0.1
2025-12-15 18:10:49,915 [INFO] ThirdParty:1030 - CMSIS Pack Vendor :STMicroelectronics X-CUBE-BLE1 6.2.3
2025-12-15 18:10:49,915 [INFO] ThirdParty:1030 - CMSIS Pack Vendor :STMicroelectronics X-CUBE-MEMS1 11.0.0
2025-12-15 18:10:49,915 [INFO] ThirdParty:1030 - CMSIS Pack Vendor :STMicroelectronics X-CUBE-BLE1 6.2.4
2025-12-15 18:10:49,915 [INFO] ThirdParty:1030 - CMSIS Pack Vendor :STMicroelectronics FP-SNS-MOTENV1 5.1.0
2025-12-15 18:10:49,915 [INFO] ThirdParty:1030 - CMSIS Pack Vendor :STMicroelectronics FreeRTOS 0.0.1
2025-12-15 18:10:49,915 [INFO] ThirdParty:1030 - CMSIS Pack Vendor :STMicroelectronics X-CUBE-BLE1 6.2.2
2025-12-15 18:10:49,915 [INFO] ThirdParty:1030 - CMSIS Pack Vendor :STMicroelectronics FP-SNS-FLIGHT1 5.0.2
2025-12-15 18:10:49,915 [INFO] ThirdParty:1030 - CMSIS Pack Vendor :STMicroelectronics X-CUBE-BLE2 3.2.2
2025-12-15 18:10:49,915 [INFO] ThirdParty:1030 - CMSIS Pack Vendor :STMicroelectronics X-CUBE-AZRTOS-H7 3.4.0
2025-12-15 18:10:49,915 [INFO] ThirdParty:1030 - CMSIS Pack Vendor :STMicroelectronics X-CUBE-DISPLAY 3.0.0
2025-12-15 18:10:49,915 [INFO] ThirdParty:1030 - CMSIS Pack Vendor :STMicroelectronics X-CUBE-BLE1 7.0.0
2025-12-15 18:10:49,915 [INFO] ThirdParty:1030 - CMSIS Pack Vendor :STMicroelectronics X-CUBE-NFC10 1.0.0
2025-12-15 18:10:49,915 [INFO] ThirdParty:1030 - CMSIS Pack Vendor :STMicroelectronics X-CUBE-BLEMGR 4.0.0
2025-12-15 18:10:49,915 [INFO] ThirdParty:1030 - CMSIS Pack Vendor :STMicroelectronics HAL Drivers 0.0.0
2025-12-15 18:10:49,915 [INFO] ThirdParty:1030 - CMSIS Pack Vendor :STMicroelectronics X-CUBE-ST60 1.1.0
2025-12-15 18:10:49,915 [INFO] ThirdParty:1030 - CMSIS Pack Vendor :STMicroelectronics X-CUBE-TOUCHGFX 4.22.0
2025-12-15 18:10:49,915 [INFO] ThirdParty:1030 - CMSIS Pack Vendor :STMicroelectronics X-CUBE-GNSS1 7.1.0
2025-12-15 18:10:49,915 [INFO] ThirdParty:1030 - CMSIS Pack Vendor :STMicroelectronics X-CUBE-TOUCHGFX 4.22.1
2025-12-15 18:10:49,915 [INFO] ThirdParty:1030 - CMSIS Pack Vendor :STMicroelectronics X-CUBE-SUBG2 4.2.0
2025-12-15 18:10:49,915 [INFO] ThirdParty:1030 - CMSIS Pack Vendor :STMicroelectronics X-CUBE-MEMS1 9.3.0
2025-12-15 18:10:49,916 [INFO] ThirdParty:1030 - CMSIS Pack Vendor :STMicroelectronics X-CUBE-AI 7.2.0
2025-12-15 18:10:49,916 [INFO] ThirdParty:1030 - CMSIS Pack Vendor :STMicroelectronics X-CUBE-BLEMGR 3.1.0
2025-12-15 18:10:49,916 [INFO] ThirdParty:1030 - CMSIS Pack Vendor :STMicroelectronics X-CUBE-AI 10.0.0
2025-12-15 18:10:49,916 [INFO] ThirdParty:1030 - CMSIS Pack Vendor :STMicroelectronics FP-SNS-STBOX1 2.1.0
2025-12-15 18:10:49,916 [INFO] ThirdParty:1030 - CMSIS Pack Vendor :STMicroelectronics FP-SNS-SMARTAG2 1.2.0
2025-12-15 18:10:49,916 [INFO] ThirdParty:1030 - CMSIS Pack Vendor :STMicroelectronics FP-SNS-FLIGHT1 5.1.0
2025-12-15 18:10:49,916 [INFO] ThirdParty:1030 - CMSIS Pack Vendor :STMicroelectronics X-CUBE-MEMS1 11.1.0
2025-12-15 18:10:49,916 [INFO] ThirdParty:1030 - CMSIS Pack Vendor :STMicroelectronics X-CUBE-AZRTOS-WL 2.0.0
2025-12-15 18:10:49,916 [INFO] ThirdParty:1030 - CMSIS Pack Vendor :STMicroelectronics X-CUBE-ALGOBUILD 1.2.1
2025-12-15 18:10:49,916 [INFO] ThirdParty:1030 - CMSIS Pack Vendor :STMicroelectronics FP-SNS-MOTENV1 5.0.0
2025-12-15 18:10:49,916 [INFO] ThirdParty:1030 - CMSIS Pack Vendor :STMicroelectronics X-CUBE-AZRTOS-H7RS 1.2.0
2025-12-15 18:10:49,916 [INFO] ThirdParty:1030 - CMSIS Pack Vendor :wolfSSL I-CUBE-wolfMQTT 1.19.0
2025-12-15 18:10:49,916 [INFO] ThirdParty:1030 - CMSIS Pack Vendor :STMicroelectronics ThreadX 0.0.2
2025-12-15 18:10:49,916 [INFO] ThirdParty:1030 - CMSIS Pack Vendor :WES I-CUBE-Cesium 1.3.0
2025-12-15 18:10:49,916 [INFO] ThirdParty:1030 - CMSIS Pack Vendor :STMicroelectronics X-CUBE-BLE2 3.3.0
2025-12-15 18:10:49,916 [INFO] ThirdParty:1030 - CMSIS Pack Vendor :Avnet-IOTCONNECT X-CUBE-iotc-st67-sdk 1.0.0
2025-12-15 18:10:49,916 [INFO] ThirdParty:1030 - CMSIS Pack Vendor :STMicroelectronics X-CUBE-DISPLAY 2.2.0
2025-12-15 18:10:49,916 [INFO] ThirdParty:1030 - CMSIS Pack Vendor :STMicroelectronics X-CUBE-TOF1 3.2.0
2025-12-15 18:10:49,916 [INFO] ThirdParty:1030 - CMSIS Pack Vendor :STMicroelectronics X-CUBE-TOUCHGFX 4.18.1
2025-12-15 18:10:49,916 [INFO] ThirdParty:1030 - CMSIS Pack Vendor :STMicroelectronics X-CUBE-ISPU 1.0.0
2025-12-15 18:10:49,916 [INFO] ThirdParty:1030 - CMSIS Pack Vendor :wolfSSL I-CUBE-wolfSSL 5.0.0
2025-12-15 18:10:49,916 [INFO] ThirdParty:1030 - CMSIS Pack Vendor :STMicroelectronics X-CUBE-NFC9 1.0.0
2025-12-15 18:10:49,916 [INFO] ThirdParty:1030 - CMSIS Pack Vendor :STMicroelectronics X-CUBE-AZRTOS-H7 2.1.0
2025-12-15 18:10:49,916 [INFO] ThirdParty:1030 - CMSIS Pack Vendor :STMicroelectronics X-CUBE-BLE1 7.1.0
2025-12-15 18:10:49,916 [INFO] ThirdParty:1030 - CMSIS Pack Vendor :STMicroelectronics USB_DEVICE 3.0.0
2025-12-15 18:10:49,916 [INFO] ThirdParty:1030 - CMSIS Pack Vendor :STMicroelectronics X-CUBE-TCPP 4.1.0
2025-12-15 18:10:49,916 [INFO] ThirdParty:1030 - CMSIS Pack Vendor :STMicroelectronics X-CUBE-FREERTOS 1.4.0
2025-12-15 18:10:49,916 [INFO] ThirdParty:1030 - CMSIS Pack Vendor :STMicroelectronics X-CUBE-EEPRMA1 5.2.0
2025-12-15 18:10:49,916 [INFO] ThirdParty:1030 - CMSIS Pack Vendor :STMicroelectronics X-CUBE-TOUCHGFX 4.21.1
2025-12-15 18:10:49,916 [INFO] ThirdParty:1030 - CMSIS Pack Vendor :STMicroelectronics X-CUBE-TOUCHGFX 4.21.0
2025-12-15 18:10:49,917 [INFO] ThirdParty:1030 - CMSIS Pack Vendor :STMicroelectronics X-CUBE-TOUCHGFX 4.21.3
2025-12-15 18:10:49,917 [INFO] ThirdParty:1030 - CMSIS Pack Vendor :STMicroelectronics X-CUBE-TOUCHGFX 4.21.4
2025-12-15 18:10:49,917 [INFO] ThirdParty:1030 - CMSIS Pack Vendor :STMicroelectronics X-CUBE-MEMS1 9.4.0
2025-12-15 18:10:49,917 [INFO] ThirdParty:1030 - CMSIS Pack Vendor :STMicroelectronics X-CUBE-AI 7.3.0
2025-12-15 18:10:49,917 [INFO] ThirdParty:1030 - CMSIS Pack Vendor :STMicroelectronics X-CUBE-ST67W61 1.1.0
2025-12-15 18:10:49,917 [INFO] ThirdParty:1030 - CMSIS Pack Vendor :STMicroelectronics X-CUBE-MEMS1 12.0.0
2025-12-15 18:10:49,917 [INFO] ThirdParty:1030 - CMSIS Pack Vendor :STMicroelectronics X-CUBE-ALGOBUILD 1.3.0
2025-12-15 18:10:49,917 [INFO] ThirdParty:1030 - CMSIS Pack Vendor :STMicroelectronics X-CUBE-AZRTOS-G0 1.1.0
2025-12-15 18:10:49,917 [INFO] ThirdParty:1030 - CMSIS Pack Vendor :STMicroelectronics X-CUBE-SAFEA1 1.2.2
2025-12-15 18:10:49,917 [INFO] ThirdParty:1030 - CMSIS Pack Vendor :STMicroelectronics X-CUBE-NFC4 3.0.0
2025-12-15 18:10:49,917 [INFO] ThirdParty:1030 - CMSIS Pack Vendor :SEGGER I-CUBE-embOS 1.2.0
2025-12-15 18:10:49,917 [INFO] ThirdParty:1030 - CMSIS Pack Vendor :wolfSSL I-CUBE-wolfMQTT 1.18.0
2025-12-15 18:10:49,917 [INFO] ThirdParty:1030 - CMSIS Pack Vendor :EmbeddedOffice I-CUBE-FS-RTOS 1.0.1
2025-12-15 18:10:49,917 [INFO] ThirdParty:1030 - CMSIS Pack Vendor :STMicroelectronics X-CUBE-WB05N 2.0.0
2025-12-15 18:10:49,917 [INFO] ThirdParty:1030 - CMSIS Pack Vendor :STMicroelectronics PDM2PCM 3.1.0
2025-12-15 18:10:49,917 [INFO] ThirdParty:1030 - CMSIS Pack Vendor :STMicroelectronics X-CUBE-BLEMGR 3.0.0
2025-12-15 18:10:49,917 [INFO] ThirdParty:1030 - CMSIS Pack Vendor :STMicroelectronics X-CUBE-BLEMGR 1.3.0
2025-12-15 18:10:49,917 [INFO] ThirdParty:1030 - CMSIS Pack Vendor :STMicroelectronics X-CUBE-TCPP 4.2.0
2025-12-15 18:10:49,917 [INFO] ThirdParty:1030 - CMSIS Pack Vendor :RealThread X-CUBE-RT-Thread_Nano 4.1.1
2025-12-15 18:10:49,918 [INFO] ThirdParty:1030 - CMSIS Pack Vendor :STMicroelectronics X-CUBE-AZRTOS-H7 2.0.0
2025-12-15 18:10:49,918 [INFO] ThirdParty:1030 - CMSIS Pack Vendor :STMicroelectronics FP-ATR-SIGFOX1 3.2.0
2025-12-15 18:10:49,918 [INFO] ThirdParty:1030 - CMSIS Pack Vendor :quantropi X-CUBE-qispace-sdk-base 1.9.3
2025-12-15 18:10:49,918 [INFO] ThirdParty:1030 - CMSIS Pack Vendor :STMicroelectronics X-CUBE-EEPRMA1 5.1.0
2025-12-15 18:10:49,918 [INFO] ThirdParty:1030 - CMSIS Pack Vendor :STMicroelectronics MBEDTLS 2.16.2
2025-12-15 18:10:49,918 [INFO] ThirdParty:1030 - CMSIS Pack Vendor :emotas I-CUBE-CANOPEN 1.1.2
2025-12-15 18:10:49,918 [INFO] ThirdParty:1030 - CMSIS Pack Vendor :STMicroelectronics X-CUBE-TOUCHGFX 4.20.0
2025-12-15 18:10:49,918 [INFO] ThirdParty:1030 - CMSIS Pack Vendor :STMicroelectronics X-CUBE-MEMS1 9.5.0
2025-12-15 18:10:49,918 [INFO] ThirdParty:1030 - CMSIS Pack Vendor :STMicroelectronics X-CUBE-AI 10.2.0
2025-12-15 18:10:49,918 [INFO] ThirdParty:1030 - CMSIS Pack Vendor :STMicroelectronics ThreadX 1.0.0
2025-12-15 18:10:49,918 [INFO] ThirdParty:1030 - CMSIS Pack Vendor :SEGGER I-CUBE-embOS 1.3.1
2025-12-15 18:10:49,918 [INFO] ThirdParty:1030 - CMSIS Pack Vendor :STMicroelectronics X-CUBE-ALGOBUILD 1.4.0
2025-12-15 18:10:49,918 [INFO] ThirdParty:1030 - CMSIS Pack Vendor :STMicroelectronics X-CUBE-MEMS1 11.3.0
2025-12-15 18:10:49,918 [INFO] ThirdParty:1030 - CMSIS Pack Vendor :STMicroelectronics X-CUBE-DISPLAY 2.0.0
2025-12-15 18:10:49,918 [INFO] ThirdParty:1030 - CMSIS Pack Vendor :STMicroelectronics X-CUBE-AI 9.1.0
2025-12-15 18:10:49,919 [INFO] ThirdParty:1030 - CMSIS Pack Vendor :STMicroelectronics X-CUBE-PM33A1 1.0.0
2025-12-15 18:10:49,919 [INFO] ThirdParty:1030 - CMSIS Pack Vendor :STMicroelectronics X-CUBE-GNSS1 6.0.0
2025-12-15 18:10:49,919 [INFO] ThirdParty:1030 - CMSIS Pack Vendor :STMicroelectronics X-CUBE-AZRTOS-F4 1.1.0
2025-12-15 18:10:49,919 [INFO] ThirdParty:1030 - CMSIS Pack Vendor :STMicroelectronics LIBJPEG 8.0.0
2025-12-15 18:10:49,919 [INFO] ThirdParty:1030 - CMSIS Pack Vendor :STMicroelectronics X-CUBE-ISPU 2.1.0
2025-12-15 18:10:49,919 [INFO] ThirdParty:1030 - CMSIS Pack Vendor :STMicroelectronics X-CUBE-IPS 3.2.0
2025-12-15 18:10:49,919 [INFO] ThirdParty:1030 - CMSIS Pack Vendor :STMicroelectronics X-CUBE-FREERTOS 1.2.0
2025-12-15 18:10:49,919 [INFO] ThirdParty:1030 - CMSIS Pack Vendor :STMicroelectronics X-CUBE-NFC12 1.0.0
2025-12-15 18:10:49,919 [INFO] ThirdParty:1030 - CMSIS Pack Vendor :STMicroelectronics X-CUBE-BLEMGR 1.2.0
2025-12-15 18:10:49,919 [INFO] ThirdParty:1030 - CMSIS Pack Vendor :STMicroelectronics X-CUBE-AZRTOS-L5 2.0.0
2025-12-15 18:10:49,919 [INFO] ThirdParty:1030 - CMSIS Pack Vendor :STMicroelectronics X-CUBE-MEMS1 9.6.0
2025-12-15 18:10:49,919 [INFO] ThirdParty:1030 - CMSIS Pack Vendor :STMicroelectronics X-CUBE-EEPRMA1 4.2.0
2025-12-15 18:10:49,919 [INFO] ThirdParty:1030 - CMSIS Pack Vendor :STMicroelectronics X-CUBE-NFC6 3.1.0
2025-12-15 18:10:49,919 [INFO] ThirdParty:1030 - CMSIS Pack Vendor :ITTIA_DB I-CUBE-ITTIADB 8.8.0
2025-12-15 18:10:49,919 [INFO] ThirdParty:1030 - CMSIS Pack Vendor :STMicroelectronics X-CUBE-BLEMGR 2.0.0
2025-12-15 18:10:49,919 [INFO] ThirdParty:1030 - CMSIS Pack Vendor :STMicroelectronics X-CUBE-DPower 1.2.0
2025-12-15 18:10:49,920 [INFO] ThirdParty:1030 - CMSIS Pack Vendor :STMicroelectronics X-CUBE-NFC4 2.0.5
2025-12-15 18:10:49,920 [INFO] ThirdParty:1030 - CMSIS Pack Vendor :STMicroelectronics X-CUBE-NFC4 2.0.4
2025-12-15 18:10:49,920 [INFO] ThirdParty:1030 - CMSIS Pack Vendor :STMicroelectronics X-CUBE-NFC4 2.0.3
2025-12-15 18:10:49,920 [INFO] ThirdParty:1030 - CMSIS Pack Vendor :STMicroelectronics X-CUBE-AI 9.0.0
2025-12-15 18:10:49,920 [INFO] ThirdParty:1030 - CMSIS Pack Vendor :STMicroelectronics X-CUBE-AZRTOS-H7 3.1.0
2025-12-15 18:10:49,920 [INFO] ThirdParty:1030 - CMSIS Pack Vendor :STMicroelectronics PDM2PCM 3.3.0
2025-12-15 18:10:49,920 [INFO] ThirdParty:1030 - CMSIS Pack Vendor :STMicroelectronics X-CUBE-SFXS2LP1 3.1.0
2025-12-15 18:10:49,920 [INFO] ThirdParty:1030 - CMSIS Pack Vendor :STMicroelectronics X-CUBE-AZRTOS-F4 1.0.0
2025-12-15 18:10:49,920 [INFO] ThirdParty:1030 - CMSIS Pack Vendor :STMicroelectronics X-CUBE-TOF1 2.0.0
2025-12-15 18:10:49,920 [INFO] ThirdParty:1030 - CMSIS Pack Vendor :STMicroelectronics X-CUBE-FREERTOS 1.3.1
2025-12-15 18:10:49,920 [INFO] ThirdParty:1030 - CMSIS Pack Vendor :STMicroelectronics X-CUBE-FREERTOS 1.3.0
2025-12-15 18:10:49,920 [INFO] ThirdParty:1030 - CMSIS Pack Vendor :STMicroelectronics X-CUBE-NFC7 1.0.1
2025-12-15 18:10:49,920 [INFO] ThirdParty:1030 - CMSIS Pack Vendor :STMicroelectronics MBEDTLS 2.14.1
2025-12-15 18:10:49,920 [INFO] ThirdParty:1030 - CMSIS Pack Vendor :STMicroelectronics X-CUBE-NFC7 1.0.0
2025-12-15 18:10:49,921 [INFO] ThirdParty:1030 - CMSIS Pack Vendor :wolfSSL I-CUBE-wolfTPM 3.2.0
2025-12-15 18:10:49,921 [INFO] ThirdParty:1030 - CMSIS Pack Vendor :STMicroelectronics X-CUBE-TOUCHGFX 4.26.0
2025-12-15 18:10:49,921 [INFO] ThirdParty:1030 - CMSIS Pack Vendor :STMicroelectronics X-CUBE-NFC6 3.0.0
2025-12-15 18:10:49,921 [INFO] ThirdParty:1030 - CMSIS Pack Vendor :STMicroelectronics X-CUBE-EEPRMA1 4.1.0
2025-12-15 18:10:49,921 [INFO] ThirdParty:1030 - CMSIS Pack Vendor :STMicroelectronics FP-SNS-STAIOTCFT 1.0.0
2025-12-15 18:10:49,921 [INFO] ThirdParty:1030 - CMSIS Pack Vendor :STMicroelectronics X-CUBE-DPower 1.3.0
2025-12-15 18:10:49,921 [INFO] ThirdParty:1030 - CMSIS Pack Vendor :STMicroelectronics USB_DEVICE 1.0.0
2025-12-15 18:10:49,921 [INFO] ThirdParty:1030 - CMSIS Pack Vendor :STMicroelectronics X-CUBE-AI 8.1.0
2025-12-15 18:10:49,921 [INFO] ThirdParty:1030 - CMSIS Pack Vendor :STMicroelectronics X-CUBE-AZRTOS-L4 2.0.0
2025-12-15 18:10:49,921 [INFO] ThirdParty:1030 - CMSIS Pack Vendor :STMicroelectronics lwIP 2.1.2
2025-12-15 18:10:49,921 [INFO] ThirdParty:1030 - CMSIS Pack Vendor :STMicroelectronics X-CUBE-SFXS2LP1 4.0.0
2025-12-15 18:10:49,921 [INFO] ThirdParty:1030 - CMSIS Pack Vendor :STMicroelectronics PDM2PCM 3.2.0
2025-12-15 18:10:49,921 [INFO] ThirdParty:1030 - CMSIS Pack Vendor :STMicroelectronics X-CUBE-AZRTOS-H7 3.0.0
2025-12-15 18:10:49,921 [INFO] ThirdParty:1030 - CMSIS Pack Vendor :STMicroelectronics X-CUBE-ISPU 1.1.0
2025-12-15 18:10:49,921 [INFO] ThirdParty:1030 - CMSIS Pack Vendor :STMicroelectronics X-CUBE-AZRTOS-H7 3.3.0
2025-12-15 18:10:49,921 [INFO] ThirdParty:1030 - CMSIS Pack Vendor :RoweBots I-CUBE-UNISONRTOS 5.5.0-4
2025-12-15 18:10:49,921 [INFO] ThirdParty:1030 - CMSIS Pack Vendor :STMicroelectronics X-CUBE-BLEMGR 4.1.0
2025-12-15 18:10:49,922 [INFO] ThirdParty:1030 - CMSIS Pack Vendor :STMicroelectronics X-CUBE-AI 8.0.0
2025-12-15 18:10:49,922 [INFO] ThirdParty:1030 - CMSIS Pack Vendor :STMicroelectronics X-CUBE-IPS 3.0.0
2025-12-15 18:10:49,922 [INFO] ThirdParty:1030 - CMSIS Pack Vendor :STMicroelectronics X-CUBE-AZRTOS-WB 2.0.0
2025-12-15 18:10:49,922 [INFO] ThirdParty:1030 - CMSIS Pack Vendor :STMicroelectronics X-CUBE-FREERTOS 1.0.0
2025-12-15 18:10:49,922 [INFO] ThirdParty:1030 - CMSIS Pack Vendor :STMicroelectronics X-CUBE-FREERTOS 1.0.1
2025-12-15 18:10:49,922 [INFO] ThirdParty:1030 - CMSIS Pack Vendor :STMicroelectronics X-CUBE-GNSS1 7.0.0
2025-12-15 18:10:49,922 [INFO] ThirdParty:1030 - CMSIS Pack Vendor :STMicroelectronics X-CUBE-GNSS1 7.0.1
2025-12-15 18:10:49,922 [INFO] ThirdParty:1030 - CMSIS Pack Vendor :STMicroelectronics FP-SNS-STBOX1 2.0.0
2025-12-15 18:10:49,922 [INFO] ThirdParty:1030 - CMSIS Pack Vendor :STMicroelectronics X-CUBE-AZRTOS-L5 1.1.0
2025-12-15 18:10:49,922 [INFO] ThirdParty:1030 - CMSIS Pack Vendor :STMicroelectronics X-CUBE-AI 8.0.1
2025-12-15 18:10:49,922 [INFO] ThirdParty:1030 - CMSIS Pack Vendor :STMicroelectronics X-CUBE-SUBG2 5.0.0
2025-12-15 18:10:49,922 [INFO] ThirdParty:1030 - CMSIS Pack Vendor :STMicroelectronics X-CUBE-AZRTOS-H7RS 1.1.0
2025-12-15 18:10:49,922 [INFO] ThirdParty:1030 - CMSIS Pack Vendor :STMicroelectronics STM32_WPAN 1.0.0
2025-12-15 18:10:49,922 [INFO] ThirdParty:1030 - CMSIS Pack Vendor :STMicroelectronics lwIP 2.0.3
2025-12-15 18:10:49,922 [INFO] ThirdParty:1030 - CMSIS Pack Vendor :STMicroelectronics USB_HOST 1.0.0
2025-12-15 18:10:49,922 [INFO] ThirdParty:1030 - CMSIS Pack Vendor :STMicroelectronics X-CUBE-AZRTOS-G4 2.0.0
2025-12-15 18:10:49,922 [INFO] ThirdParty:1030 - CMSIS Pack Vendor :STMicroelectronics X-CUBE-TOF1 3.3.0
2025-12-15 18:10:49,922 [INFO] ThirdParty:1030 - CMSIS Pack Vendor :STMicroelectronics FP-ATR-ASTRA1 1.1.1
2025-12-15 18:10:49,923 [INFO] ThirdParty:1030 - CMSIS Pack Vendor :Infineon AIROC-Wi-Fi-Bluetooth-STM32 1.5.1
2025-12-15 18:10:49,923 [INFO] ThirdParty:1030 - CMSIS Pack Vendor :STMicroelectronics X-CUBE-NFC7 2.0.0
2025-12-15 18:10:49,923 [INFO] ThirdParty:1030 - CMSIS Pack Vendor :STMicroelectronics FP-SNS-MOTENVWB1 1.3.1
2025-12-15 18:10:49,923 [INFO] ThirdParty:1030 - CMSIS Pack Vendor :STMicroelectronics X-CUBE-AZRTOS-G4 1.0.0
2025-12-15 18:10:49,923 [INFO] ThirdParty:1030 - CMSIS Pack Vendor :STMicroelectronics X-CUBE-AZRTOS-L4 1.0.0
2025-12-15 18:10:49,923 [INFO] ThirdParty:1030 - CMSIS Pack Vendor :STMicroelectronics X-CUBE-ISPU 2.0.0
2025-12-15 18:10:49,923 [INFO] ThirdParty:1030 - CMSIS Pack Vendor :STMicroelectronics X-CUBE-IPS 3.1.0
2025-12-15 18:10:49,923 [INFO] ThirdParty:1030 - CMSIS Pack Vendor :STMicroelectronics X-CUBE-ALS 1.0.2
2025-12-15 18:10:49,923 [INFO] ThirdParty:1030 - CMSIS Pack Vendor :STMicroelectronics X-CUBE-MEMS1 10.0.0
2025-12-15 18:10:49,923 [INFO] ThirdParty:1030 - CMSIS Pack Vendor :STMicroelectronics X-CUBE-FREERTOS 1.1.0
2025-12-15 18:10:49,923 [INFO] ThirdParty:1030 - CMSIS Pack Vendor :STMicroelectronics X-CUBE-TOUCHGFX 4.24.0
2025-12-15 18:10:49,923 [INFO] ThirdParty:1030 - CMSIS Pack Vendor :STMicroelectronics X-CUBE-AZRTOS-F7 1.0.0
2025-12-15 18:10:49,923 [INFO] ThirdParty:1030 - CMSIS Pack Vendor :STMicroelectronics X-CUBE-TOUCHGFX 4.24.2
2025-12-15 18:10:49,923 [INFO] ThirdParty:1030 - CMSIS Pack Vendor :STMicroelectronics X-CUBE-AZRTOS-WL 1.0.0
2025-12-15 18:10:49,923 [INFO] ThirdParty:1030 - CMSIS Pack Vendor :STMicroelectronics X-CUBE-TOUCHGFX 4.24.1
2025-12-15 18:10:49,923 [INFO] ThirdParty:1030 - CMSIS Pack Vendor :STMicroelectronics X-CUBE-STSE01 1.0.0
2025-12-15 18:10:49,923 [INFO] ThirdParty:1030 - CMSIS Pack Vendor :STMicroelectronics X-CUBE-MEMS1 9.1.0
2025-12-15 18:10:49,923 [INFO] ThirdParty:1030 - CMSIS Pack Vendor :portGmbH I-Cube-SoM-uGOAL 1.1.0
2025-12-15 18:10:49,923 [INFO] ThirdParty:1030 - CMSIS Pack Vendor :STMicroelectronics X-CUBE-ALS 1.0.1
2025-12-15 18:10:49,923 [INFO] ThirdParty:1030 - CMSIS Pack Vendor :STMicroelectronics X-CUBE-AI 7.0.0
2025-12-15 18:10:49,923 [INFO] ThirdParty:1030 - CMSIS Pack Vendor :STMicroelectronics X-CUBE-AZRTOS-WB 1.1.0
2025-12-15 18:10:49,923 [INFO] ThirdParty:1030 - CMSIS Pack Vendor :STMicroelectronics X-CUBE-AZRTOS-L5 1.0.0
2025-12-15 18:10:49,923 [INFO] ThirdParty:1030 - CMSIS Pack Vendor :STMicroelectronics X-CUBE-EEPRMA1 3.1.0
2025-12-15 18:10:49,923 [INFO] ThirdParty:1030 - CMSIS Pack Vendor :STMicroelectronics X-CUBE-EEPRMA1 3.1.1
2025-12-15 18:10:49,923 [INFO] ThirdParty:1030 - CMSIS Pack Vendor :STMicroelectronics X-CUBE-AZRTOS-H7RS 1.0.0
2025-12-15 18:10:49,923 [INFO] ThirdParty:1030 - CMSIS Pack Vendor :STMicroelectronics X-CUBE-GNSS1 5.2.0
2025-12-15 18:10:49,923 [INFO] ThirdParty:1030 - CMSIS Pack Vendor :STMicroelectronics FP-ATR-ASTRA1 2.0.0
2025-12-15 18:10:49,923 [INFO] ThirdParty:1030 - CMSIS Pack Vendor :STMicroelectronics X-CUBE-TOF1 3.4.2
2025-12-15 18:10:49,924 [INFO] ThirdParty:1030 - CMSIS Pack Vendor :STMicroelectronics X-CUBE-TOF1 3.4.3
2025-12-15 18:10:49,924 [INFO] ThirdParty:1030 - CMSIS Pack Vendor :STMicroelectronics X-CUBE-TOF1 3.4.0
2025-12-15 18:10:49,924 [INFO] ThirdParty:1030 - CMSIS Pack Vendor :STMicroelectronics X-CUBE-TOF1 3.4.1
2025-12-15 18:10:49,924 [INFO] ThirdParty:1030 - CMSIS Pack Vendor :STMicroelectronics X-CUBE-AZRTOS-H7 3.2.0
2025-12-15 18:10:49,924 [INFO] ThirdParty:1030 - CMSIS Pack Vendor :wolfSSL I-CUBE-wolfSSH 1.4.17
2025-12-15 18:10:49,924 [INFO] ThirdParty:841 - exiting critical section [change project]
2025-12-15 18:10:50,550 [INFO] PinOutPanel:1589 - setPackage(No Configuration,No Configuration)
2025-12-15 18:10:50,553 [INFO] PinOutPanel:1589 - setPackage(STM32G491RETx,LQFP64)
2025-12-15 18:10:51,607 [INFO] UtilMem:75 - Before build in PCC Used Memory: 913747528 Bytes (1073741824)
2025-12-15 18:10:53,127 [INFO] UtilMem:75 - After build in PCC Used Memory: 833163944 Bytes (1073741824)
2025-12-15 18:10:53,169 [INFO] IPUIPlugin:80 - create IPUIPlugin
2025-12-15 18:10:53,170 [INFO] IPUIPlugin:80 - create IPUIPlugin
2025-12-15 18:10:53,170 [INFO] IPUIPlugin:80 - create IPUIPlugin
2025-12-15 18:10:53,170 [INFO] IPUIPlugin:80 - create IPUIPlugin
2025-12-15 18:10:53,170 [INFO] IPUIPlugin:80 - create IPUIPlugin
2025-12-15 18:10:53,170 [INFO] IPUIPlugin:80 - create IPUIPlugin
2025-12-15 18:10:53,170 [INFO] IPUIPlugin:80 - create IPUIPlugin
2025-12-15 18:10:53,170 [INFO] IPUIPlugin:80 - create IPUIPlugin
2025-12-15 18:10:53,170 [INFO] IPUIPlugin:80 - create IPUIPlugin
2025-12-15 18:10:53,171 [INFO] IPUIPlugin:80 - create IPUIPlugin
2025-12-15 18:10:53,171 [INFO] IPUIPlugin:80 - create IPUIPlugin
2025-12-15 18:10:53,171 [INFO] IPUIPlugin:80 - create IPUIPlugin
2025-12-15 18:10:53,171 [INFO] IPUIPlugin:80 - create IPUIPlugin
2025-12-15 18:10:53,171 [INFO] IPUIPlugin:80 - create IPUIPlugin
2025-12-15 18:10:53,171 [INFO] IPUIPlugin:80 - create IPUIPlugin
2025-12-15 18:10:53,171 [INFO] IPUIPlugin:80 - create IPUIPlugin
2025-12-15 18:10:53,171 [INFO] IPUIPlugin:80 - create IPUIPlugin
2025-12-15 18:10:53,171 [INFO] IPUIPlugin:80 - create IPUIPlugin
2025-12-15 18:10:53,172 [INFO] IPUIPlugin:80 - create IPUIPlugin
2025-12-15 18:10:53,172 [INFO] IPUIPlugin:80 - create IPUIPlugin
2025-12-15 18:10:53,172 [INFO] IPUIPlugin:80 - create IPUIPlugin
2025-12-15 18:10:53,172 [INFO] IPUIPlugin:80 - create IPUIPlugin
2025-12-15 18:10:53,172 [INFO] IPUIPlugin:80 - create IPUIPlugin
2025-12-15 18:10:53,172 [INFO] IPUIPlugin:80 - create IPUIPlugin
2025-12-15 18:10:53,172 [INFO] IPUIPlugin:80 - create IPUIPlugin
2025-12-15 18:10:53,172 [INFO] IPUIPlugin:80 - create IPUIPlugin
2025-12-15 18:10:53,173 [INFO] IPUIPlugin:80 - create IPUIPlugin
2025-12-15 18:10:53,173 [INFO] IPUIPlugin:80 - create IPUIPlugin
2025-12-15 18:10:53,173 [INFO] IPUIPlugin:80 - create IPUIPlugin
2025-12-15 18:10:53,173 [INFO] IPUIPlugin:80 - create IPUIPlugin
2025-12-15 18:10:53,173 [INFO] IPUIPlugin:80 - create IPUIPlugin
2025-12-15 18:10:53,174 [INFO] IPUIPlugin:80 - create IPUIPlugin
2025-12-15 18:10:53,174 [INFO] IPUIPlugin:80 - create IPUIPlugin
2025-12-15 18:10:53,174 [INFO] IPUIPlugin:80 - create IPUIPlugin
2025-12-15 18:10:53,174 [INFO] IPUIPlugin:80 - create IPUIPlugin
2025-12-15 18:10:53,174 [INFO] IPUIPlugin:80 - create IPUIPlugin
2025-12-15 18:10:53,175 [INFO] IPUIPlugin:80 - create IPUIPlugin
2025-12-15 18:10:53,175 [INFO] IPUIPlugin:80 - create IPUIPlugin
2025-12-15 18:10:53,175 [INFO] IPUIPlugin:80 - create IPUIPlugin
2025-12-15 18:10:53,175 [INFO] IPUIPlugin:80 - create IPUIPlugin
2025-12-15 18:10:53,175 [INFO] IPUIPlugin:80 - create IPUIPlugin
2025-12-15 18:10:53,175 [INFO] IPUIPlugin:80 - create IPUIPlugin
2025-12-15 18:10:53,176 [INFO] IPUIPlugin:80 - create IPUIPlugin
2025-12-15 18:10:53,176 [INFO] IPUIPlugin:80 - create IPUIPlugin
2025-12-15 18:10:53,176 [INFO] IPUIPlugin:80 - create IPUIPlugin
2025-12-15 18:10:53,176 [INFO] IPUIPlugin:80 - create IPUIPlugin
2025-12-15 18:10:53,177 [INFO] IPUIPlugin:80 - create IPUIPlugin
2025-12-15 18:10:53,177 [INFO] IPUIPlugin:80 - create IPUIPlugin
2025-12-15 18:10:53,177 [INFO] IPUIPlugin:80 - create IPUIPlugin
2025-12-15 18:10:53,177 [INFO] IPUIPlugin:80 - create IPUIPlugin
2025-12-15 18:10:53,177 [INFO] IPUIPlugin:80 - create IPUIPlugin
2025-12-15 18:10:53,178 [INFO] IPUIPlugin:80 - create IPUIPlugin
2025-12-15 18:10:53,178 [INFO] IPUIPlugin:80 - create IPUIPlugin
2025-12-15 18:10:53,178 [INFO] IPUIPlugin:80 - create IPUIPlugin
2025-12-15 18:10:53,179 [INFO] IPUIPlugin:80 - create IPUIPlugin
2025-12-15 18:10:53,179 [INFO] IPUIPlugin:80 - create IPUIPlugin
2025-12-15 18:10:53,179 [INFO] IPUIPlugin:80 - create IPUIPlugin
2025-12-15 18:10:53,180 [INFO] IPUIPlugin:80 - create IPUIPlugin
2025-12-15 18:10:53,180 [INFO] IPUIPlugin:80 - create IPUIPlugin
2025-12-15 18:10:53,180 [INFO] IPUIPlugin:80 - create IPUIPlugin
2025-12-15 18:10:53,180 [INFO] IPUIPlugin:80 - create IPUIPlugin
2025-12-15 18:10:53,181 [INFO] IPUIPlugin:80 - create IPUIPlugin
2025-12-15 18:10:53,181 [INFO] IPUIPlugin:80 - create IPUIPlugin
2025-12-15 18:10:53,182 [INFO] IPUIPlugin:80 - create IPUIPlugin
2025-12-15 18:10:53,467 [INFO] CADModel:165 - CPN selected for project levelSTM32G491RET3
2025-12-15 18:10:53,467 [INFO] CADModel:114 - Register for checkConnection events
2025-12-15 18:10:53,539 [INFO] OpenFileManager:386 - Restore cursor
2025-12-15 18:13:05,706 [INFO] Activator:176 - 


2025-12-15 18:13:05,707 [INFO] Activator:177 - !SESSION log4j initialized
2025-12-15 18:13:11,301 [INFO] LogOutputStream:77 - [STDOUT_REDIRECT] 
2025-12-15 18:13:12,424 [INFO] ApplicationProperties:184 - Using Application install path: C:\ST\STM32CubeIDE_1.19.0\STM32CubeIDE\plugins\com.st.stm32cube.common.mx_6.15.0.202507011659
2025-12-15 18:13:12,440 [INFO] DbMcusXml:78 - Set database path to: C:\ST\STM32CubeIDE_1.19.0\STM32CubeIDE\plugins\com.st.stm32cube.common.mx_6.15.0.202507011659\\db\/mcu/
2025-12-15 18:13:12,440 [INFO] ApiDb:274 - Set plugin database path to: C:\ST\STM32CubeIDE_1.19.0\STM32CubeIDE\plugins\com.st.stm32cube.common.mx_6.15.0.202507011659\\db\/plugins/boardmanager/
2025-12-15 18:13:12,440 [WARN] ApiDb:259 - Overriding images path with different value:  => C:\ST\STM32CubeIDE_1.19.0\STM32CubeIDE\plugins\com.st.stm32cube.common.mx_6.15.0.202507011659\\db\/plugins/mcufinder/images/
2025-12-15 18:13:12,446 [INFO] ApiDb:250 - Set database path to: C:\Users\ivanp\.stmcufinder\plugins\mcufinder//mcu/
2025-12-15 18:13:12,447 [INFO] DbMcusAds:125 - Set database path to: C:\Users\ivanp\.stmcufinder\plugins\mcufinder//mcu/
2025-12-15 18:13:12,449 [INFO] CrossReferenceDbSqlite:203 - Set database path to: C:\Users\ivanp\.stmcufinder\plugins\mcufinder//mcu/cs/
2025-12-15 18:13:12,578 [INFO] RulesReader:64 - Compatibility file has been processed (317 Rules)
2025-12-15 18:13:12,657 [INFO] DbMcusXml:78 - Set database path to: C:\ST\STM32CubeIDE_1.19.0\STM32CubeIDE\plugins\com.st.stm32cube.common.mx_6.15.0.202507011659\\db\/mcu/
2025-12-15 18:13:12,657 [INFO] ApiDb:274 - Set plugin database path to: C:\ST\STM32CubeIDE_1.19.0\STM32CubeIDE\plugins\com.st.stm32cube.common.mx_6.15.0.202507011659\\db\/plugins/boardmanager/
2025-12-15 18:13:12,657 [INFO] ApiDb:261 - Set plugin images path to: C:\ST\STM32CubeIDE_1.19.0\STM32CubeIDE\plugins\com.st.stm32cube.common.mx_6.15.0.202507011659\\db\/plugins/mcufinder/images/
2025-12-15 18:13:12,657 [WARN] DbFile:41 - Overriding database path with different value: C:\Users\ivanp\.stmcufinder\plugins\mcufinder/ => C:\Users\ivanp\.stmcufinder\plugins\mcufinder
2025-12-15 18:13:12,657 [INFO] ApiDb:250 - Set database path to: C:\Users\ivanp\.stmcufinder\plugins\mcufinder//mcu/
2025-12-15 18:13:12,657 [WARN] DbFile:41 - Overriding database path with different value: C:\Users\ivanp\.stmcufinder\plugins\mcufinder/ => C:\Users\ivanp\.stmcufinder\plugins\mcufinder
2025-12-15 18:13:12,657 [INFO] DbMcusAds:125 - Set database path to: C:\Users\ivanp\.stmcufinder\plugins\mcufinder//mcu/
2025-12-15 18:13:12,657 [WARN] DbFile:41 - Overriding database path with different value: C:\Users\ivanp\.stmcufinder\plugins\mcufinder/ => C:\Users\ivanp\.stmcufinder\plugins\mcufinder
2025-12-15 18:13:12,658 [WARN] DbFile:41 - Overriding database path with different value: C:\Users\ivanp\.stmcufinder\plugins\mcufinder/ => C:\Users\ivanp\.stmcufinder\plugins\mcufinder
2025-12-15 18:13:12,658 [INFO] CrossReferenceDbSqlite:203 - Set database path to: C:\Users\ivanp\.stmcufinder\plugins\mcufinder//mcu/cs/
2025-12-15 18:13:12,724 [INFO] MainPanel:274 - HeapMemory: 268435456
2025-12-15 18:13:12,802 [INFO] DbMcusXml:78 - Set database path to: C:\ST\STM32CubeIDE_1.19.0\STM32CubeIDE\plugins\com.st.stm32cube.common.mx_6.15.0.202507011659\\db\/mcu/
2025-12-15 18:13:12,802 [INFO] ApiDb:274 - Set plugin database path to: C:\ST\STM32CubeIDE_1.19.0\STM32CubeIDE\plugins\com.st.stm32cube.common.mx_6.15.0.202507011659\\db\/plugins/boardmanager/
2025-12-15 18:13:12,802 [INFO] ApiDb:261 - Set plugin images path to: C:\ST\STM32CubeIDE_1.19.0\STM32CubeIDE\plugins\com.st.stm32cube.common.mx_6.15.0.202507011659\\db\/plugins/mcufinder/images/
2025-12-15 18:13:12,802 [WARN] DbFile:41 - Overriding database path with different value: C:\Users\ivanp\.stmcufinder\plugins\mcufinder/ => C:\Users\ivanp\.stmcufinder\plugins\mcufinder
2025-12-15 18:13:12,802 [INFO] ApiDb:250 - Set database path to: C:\Users\ivanp\.stmcufinder\plugins\mcufinder//mcu/
2025-12-15 18:13:12,803 [WARN] DbFile:41 - Overriding database path with different value: C:\Users\ivanp\.stmcufinder\plugins\mcufinder/ => C:\Users\ivanp\.stmcufinder\plugins\mcufinder
2025-12-15 18:13:12,803 [INFO] DbMcusAds:125 - Set database path to: C:\Users\ivanp\.stmcufinder\plugins\mcufinder//mcu/
2025-12-15 18:13:12,803 [WARN] DbFile:41 - Overriding database path with different value: C:\Users\ivanp\.stmcufinder\plugins\mcufinder/ => C:\Users\ivanp\.stmcufinder\plugins\mcufinder
2025-12-15 18:13:12,803 [WARN] DbFile:41 - Overriding database path with different value: C:\Users\ivanp\.stmcufinder\plugins\mcufinder/ => C:\Users\ivanp\.stmcufinder\plugins\mcufinder
2025-12-15 18:13:12,803 [INFO] CrossReferenceDbSqlite:203 - Set database path to: C:\Users\ivanp\.stmcufinder\plugins\mcufinder//mcu/cs/
2025-12-15 18:13:12,820 [INFO] ApplicationProperties:184 - Using Application install path: C:\ST\STM32CubeIDE_1.19.0\STM32CubeIDE\plugins\com.st.stm32cube.common.mx_6.15.0.202507011659
2025-12-15 18:13:12,821 [INFO] PluginManage:196 - Search for loadable plugins [exclusion list=, ]
2025-12-15 18:13:12,821 [INFO] PluginManage:310 - Check plugin analytics
2025-12-15 18:13:13,061 [INFO] AnalyticsPlugin:253 - Accepted Software Licenses: 
2025-12-15 18:13:13,061 [INFO] AnalyticsPlugin:255 - Accepted CMSIS Pack Licenses: 
2025-12-15 18:13:13,061 [INFO] AnalyticsPlugin:257 - Accepted Firmware Licenses: FW.F4.1.28.0,FW.G4.1.6.0
2025-12-15 18:13:13,065 [INFO] PluginManage:359 - Loaded plugin analytics (category:tool,tabindex:-1)
2025-12-15 18:13:13,066 [INFO] PluginManage:310 - Check plugin cadmodel
2025-12-15 18:13:13,070 [INFO] CADModel:105 - Init CAD model plugin
2025-12-15 18:13:13,071 [INFO] PluginManage:359 - Loaded plugin cadmodel (category:power,tabindex:5)
2025-12-15 18:13:13,071 [INFO] PluginManage:310 - Check plugin clock
2025-12-15 18:13:13,080 [INFO] PluginManage:359 - Loaded plugin clock (category:base,tabindex:2)
2025-12-15 18:13:13,080 [INFO] PluginManage:310 - Check plugin ddr
2025-12-15 18:13:13,082 [INFO] PluginManage:359 - Loaded plugin ddr (category:tool,tabindex:6)
2025-12-15 18:13:13,082 [INFO] PluginManage:310 - Check plugin filemanager
2025-12-15 18:13:13,219 [INFO] PluginManage:359 - Loaded plugin filemanager (category:base,tabindex:10)
2025-12-15 18:13:13,220 [INFO] PluginManage:310 - Check plugin ipmanager
2025-12-15 18:13:13,226 [INFO] PluginManage:359 - Loaded plugin ipmanager (category:base,tabindex:5)
2025-12-15 18:13:13,226 [INFO] PluginManage:310 - Check plugin lpbam
2025-12-15 18:13:13,232 [INFO] PluginManage:359 - Loaded plugin lpbam (category:base,tabindex:0)
2025-12-15 18:13:13,232 [INFO] PluginManage:310 - Check plugin memorymap
2025-12-15 18:13:13,250 [INFO] PluginManage:359 - Loaded plugin memorymap (category:base,tabindex:4)
2025-12-15 18:13:13,251 [INFO] PluginManage:310 - Check plugin pinoutandconfiguration
2025-12-15 18:13:13,257 [INFO] PluginManage:359 - Loaded plugin pinoutandconfiguration (category:base,tabindex:1)
2025-12-15 18:13:13,257 [INFO] PluginManage:310 - Check plugin pinoutconfig
2025-12-15 18:13:13,371 [WARN] SupportedApi:132 - Cannot load RTOS API schema: s4s-elt-must-match.1: The content of 'definitions' must match (annotation?, (simpleType | complexType)?, (unique | key | keyref)*)). A problem was found starting at: attribute.
2025-12-15 18:13:13,497 [INFO] PluginManage:359 - Loaded plugin pinoutconfig (category:base,tabindex:0)
2025-12-15 18:13:13,497 [INFO] PluginManage:310 - Check plugin power
2025-12-15 18:13:13,511 [INFO] PluginManage:359 - Loaded plugin power (category:power,tabindex:4)
2025-12-15 18:13:13,511 [INFO] PluginManage:310 - Check plugin projectmanager
2025-12-15 18:13:13,530 [INFO] PluginManage:359 - Loaded plugin projectmanager (category:projectmanager,tabindex:4)
2025-12-15 18:13:13,531 [INFO] PluginManage:310 - Check plugin rif
2025-12-15 18:13:13,541 [INFO] PluginManage:359 - Loaded plugin rif (category:base,tabindex:3)
2025-12-15 18:13:13,541 [INFO] PluginManage:310 - Check plugin thirdparty
2025-12-15 18:13:13,671 [WARN] IntegrityCheckThread:84 - waiting for thirdparty lock release [integrity check]
2025-12-15 18:13:13,671 [INFO] IntegrityCheckThread:86 - entering critical section [integrity check]
2025-12-15 18:13:13,671 [INFO] ThirdPartyUpdaterWithRetryManager:70 - Updater plugin not ready yet. [1/15]
2025-12-15 18:13:13,672 [INFO] PluginManage:359 - Loaded plugin thirdparty (category:base,tabindex:-1)
2025-12-15 18:13:13,672 [INFO] PluginManage:310 - Check plugin tools
2025-12-15 18:13:13,677 [INFO] PluginManage:359 - Loaded plugin tools (category:base,tabindex:7)
2025-12-15 18:13:13,677 [INFO] PluginManage:310 - Check plugin tutovideos
2025-12-15 18:13:13,840 [INFO] PluginManage:359 - Loaded plugin tutovideos (category:base,tabindex:-1)
2025-12-15 18:13:13,840 [INFO] PluginManage:310 - Check plugin updater
2025-12-15 18:13:13,862 [INFO] PluginManage:359 - Loaded plugin updater (category:base,tabindex:12)
2025-12-15 18:13:13,862 [INFO] PluginManage:310 - Check plugin userauth
2025-12-15 18:13:13,867 [INFO] UserAuth:118 - Init User Auth plugin
2025-12-15 18:13:13,868 [INFO] PluginManage:359 - Loaded plugin userauth (category:base,tabindex:14)
2025-12-15 18:13:13,868 [INFO] PluginManage:283 - PluginManage : Loaded plugins [18]
2025-12-15 18:13:14,079 [INFO] PinOutPanel:1589 - setPackage(No Configuration,No Configuration)
2025-12-15 18:13:14,163 [INFO] CADModel:165 - CPN selected for project level
2025-12-15 18:13:14,164 [INFO] CADModel:114 - Register for checkConnection events
2025-12-15 18:13:14,179 [INFO] IPUIPlugin:80 - create IPUIPlugin
2025-12-15 18:13:14,179 [INFO] PluginManager:220 - loadIPPluginJar : add adc
2025-12-15 18:13:14,182 [INFO] IPUIPlugin:80 - create IPUIPlugin
2025-12-15 18:13:14,182 [INFO] PluginManager:220 - loadIPPluginJar : add aes
2025-12-15 18:13:14,184 [INFO] IPUIPlugin:80 - create IPUIPlugin
2025-12-15 18:13:14,184 [INFO] PluginManager:220 - loadIPPluginJar : add can
2025-12-15 18:13:14,186 [INFO] IPUIPlugin:80 - create IPUIPlugin
2025-12-15 18:13:14,186 [INFO] PluginManager:220 - loadIPPluginJar : add comp
2025-12-15 18:13:14,189 [INFO] IPUIPlugin:80 - create IPUIPlugin
2025-12-15 18:13:14,189 [INFO] PluginManager:220 - loadIPPluginJar : add cryp
2025-12-15 18:13:14,191 [INFO] IPUIPlugin:80 - create IPUIPlugin
2025-12-15 18:13:14,191 [INFO] PluginManager:220 - loadIPPluginJar : add ddr_ctrl_phy
2025-12-15 18:13:14,195 [INFO] IPUIPlugin:80 - create IPUIPlugin
2025-12-15 18:13:14,195 [INFO] PluginManager:220 - loadIPPluginJar : add dfsdm
2025-12-15 18:13:14,199 [INFO] IPUIPlugin:80 - create IPUIPlugin
2025-12-15 18:13:14,199 [INFO] PluginManager:220 - loadIPPluginJar : add dma
2025-12-15 18:13:14,202 [INFO] IPUIPlugin:80 - create IPUIPlugin
2025-12-15 18:13:14,202 [INFO] PluginManager:220 - loadIPPluginJar : add dma3
2025-12-15 18:13:14,203 [INFO] IPUIPlugin:80 - create IPUIPlugin
2025-12-15 18:13:14,204 [INFO] PluginManager:220 - loadIPPluginJar : add extmemmanager
2025-12-15 18:13:14,205 [INFO] IPUIPlugin:80 - create IPUIPlugin
2025-12-15 18:13:14,205 [INFO] PluginManager:220 - loadIPPluginJar : add fatfs
2025-12-15 18:13:14,209 [INFO] IPUIPlugin:80 - create IPUIPlugin
2025-12-15 18:13:14,209 [INFO] PluginManager:220 - loadIPPluginJar : add fmc
2025-12-15 18:13:14,214 [INFO] IPUIPlugin:80 - create IPUIPlugin
2025-12-15 18:13:14,214 [INFO] PluginManager:220 - loadIPPluginJar : add freertos
2025-12-15 18:13:14,215 [INFO] IPUIPlugin:80 - create IPUIPlugin
2025-12-15 18:13:14,215 [INFO] PluginManager:220 - loadIPPluginJar : add genericplugin
2025-12-15 18:13:14,217 [INFO] IPUIPlugin:80 - create IPUIPlugin
2025-12-15 18:13:14,217 [INFO] PluginManager:220 - loadIPPluginJar : add gfxmmu
2025-12-15 18:13:14,220 [INFO] IPUIPlugin:80 - create IPUIPlugin
2025-12-15 18:13:14,221 [INFO] PluginManager:220 - loadIPPluginJar : add gic
2025-12-15 18:13:14,223 [INFO] IPUIPlugin:80 - create IPUIPlugin
2025-12-15 18:13:14,223 [INFO] PluginManager:220 - loadIPPluginJar : add gpio
2025-12-15 18:13:14,226 [INFO] IPUIPlugin:80 - create IPUIPlugin
2025-12-15 18:13:14,226 [INFO] PluginManager:220 - loadIPPluginJar : add gtzc
2025-12-15 18:13:14,229 [INFO] IPUIPlugin:80 - create IPUIPlugin
2025-12-15 18:13:14,229 [INFO] PluginManager:220 - loadIPPluginJar : add hash
2025-12-15 18:13:14,231 [INFO] IPUIPlugin:80 - create IPUIPlugin
2025-12-15 18:13:14,231 [INFO] PluginManager:220 - loadIPPluginJar : add i2c
2025-12-15 18:13:14,234 [INFO] IPUIPlugin:80 - create IPUIPlugin
2025-12-15 18:13:14,234 [INFO] PluginManager:220 - loadIPPluginJar : add i2s
2025-12-15 18:13:14,237 [INFO] IPUIPlugin:80 - create IPUIPlugin
2025-12-15 18:13:14,237 [INFO] PluginManager:220 - loadIPPluginJar : add i3c
2025-12-15 18:13:14,240 [INFO] IPUIPlugin:80 - create IPUIPlugin
2025-12-15 18:13:14,240 [INFO] PluginManager:220 - loadIPPluginJar : add ipddr
2025-12-15 18:13:14,244 [INFO] IPUIPlugin:80 - create IPUIPlugin
2025-12-15 18:13:14,246 [INFO] PluginManager:220 - loadIPPluginJar : add linkedlist
2025-12-15 18:13:14,248 [INFO] IPUIPlugin:80 - create IPUIPlugin
2025-12-15 18:13:14,248 [INFO] PluginManager:220 - loadIPPluginJar : add lorawan
2025-12-15 18:13:14,250 [INFO] IPUIPlugin:80 - create IPUIPlugin
2025-12-15 18:13:14,250 [INFO] PluginManager:220 - loadIPPluginJar : add ltdc
2025-12-15 18:13:14,253 [INFO] IPUIPlugin:80 - create IPUIPlugin
2025-12-15 18:13:14,254 [INFO] PluginManager:220 - loadIPPluginJar : add mdma
2025-12-15 18:13:14,256 [INFO] IPUIPlugin:80 - create IPUIPlugin
2025-12-15 18:13:14,256 [INFO] PluginManager:220 - loadIPPluginJar : add nvic
2025-12-15 18:13:14,259 [INFO] IPUIPlugin:80 - create IPUIPlugin
2025-12-15 18:13:14,259 [INFO] PluginManager:220 - loadIPPluginJar : add opamp
2025-12-15 18:13:14,262 [INFO] IPUIPlugin:80 - create IPUIPlugin
2025-12-15 18:13:14,262 [INFO] PluginManager:220 - loadIPPluginJar : add openamp
2025-12-15 18:13:14,264 [INFO] IPUIPlugin:80 - create IPUIPlugin
2025-12-15 18:13:14,264 [INFO] PluginManager:220 - loadIPPluginJar : add pdm2pcm
2025-12-15 18:13:14,269 [INFO] IPUIPlugin:80 - create IPUIPlugin
2025-12-15 18:13:14,271 [INFO] PluginManager:220 - loadIPPluginJar : add plateformsettings
2025-12-15 18:13:14,273 [INFO] IPUIPlugin:80 - create IPUIPlugin
2025-12-15 18:13:14,273 [INFO] PluginManager:220 - loadIPPluginJar : add quadspi
2025-12-15 18:13:14,274 [INFO] IPUIPlugin:80 - create IPUIPlugin
2025-12-15 18:13:14,275 [INFO] PluginManager:220 - loadIPPluginJar : add radio
2025-12-15 18:13:14,278 [INFO] IPUIPlugin:80 - create IPUIPlugin
2025-12-15 18:13:14,278 [INFO] PluginManager:220 - loadIPPluginJar : add resmgrutility
2025-12-15 18:13:14,281 [INFO] IPUIPlugin:80 - create IPUIPlugin
2025-12-15 18:13:14,281 [INFO] PluginManager:220 - loadIPPluginJar : add sai
2025-12-15 18:13:14,284 [INFO] IPUIPlugin:80 - create IPUIPlugin
2025-12-15 18:13:14,284 [INFO] PluginManager:220 - loadIPPluginJar : add spi
2025-12-15 18:13:14,290 [INFO] IPUIPlugin:80 - create IPUIPlugin
2025-12-15 18:13:14,290 [INFO] PluginManager:220 - loadIPPluginJar : add stm32_wpan
2025-12-15 18:13:14,291 [INFO] IPUIPlugin:80 - create IPUIPlugin
2025-12-15 18:13:14,291 [INFO] PluginManager:220 - loadIPPluginJar : add tim
2025-12-15 18:13:14,293 [INFO] IPUIPlugin:80 - create IPUIPlugin
2025-12-15 18:13:14,293 [INFO] PluginManager:220 - loadIPPluginJar : add touchsensing
2025-12-15 18:13:14,295 [INFO] IPUIPlugin:80 - create IPUIPlugin
2025-12-15 18:13:14,295 [INFO] PluginManager:220 - loadIPPluginJar : add tracer_emb
2025-12-15 18:13:14,297 [INFO] IPUIPlugin:80 - create IPUIPlugin
2025-12-15 18:13:14,297 [INFO] PluginManager:220 - loadIPPluginJar : add ts
2025-12-15 18:13:14,298 [INFO] IPUIPlugin:80 - create IPUIPlugin
2025-12-15 18:13:14,298 [INFO] PluginManager:220 - loadIPPluginJar : add tsc
2025-12-15 18:13:14,299 [INFO] IPUIPlugin:80 - create IPUIPlugin
2025-12-15 18:13:14,300 [INFO] PluginManager:220 - loadIPPluginJar : add ucpd
2025-12-15 18:13:14,301 [INFO] IPUIPlugin:80 - create IPUIPlugin
2025-12-15 18:13:14,301 [INFO] PluginManager:220 - loadIPPluginJar : add usart
2025-12-15 18:13:14,304 [INFO] IPUIPlugin:80 - create IPUIPlugin
2025-12-15 18:13:14,304 [INFO] PluginManager:220 - loadIPPluginJar : add usbx
2025-12-15 18:13:14,428 [FATAL] Updater:351 - Updater called before beeing initialized
2025-12-15 18:13:14,489 [INFO] RulesReader:64 - Compatibility file has been processed (317 Rules)
2025-12-15 18:13:14,501 [INFO] RulesReader:64 - Compatibility file has been processed (317 Rules)
2025-12-15 18:13:14,512 [INFO] CADModel:165 - CPN selected for project level
2025-12-15 18:13:14,512 [INFO] CADModel:114 - Register for checkConnection events
2025-12-15 18:13:14,512 [FATAL] Updater:351 - Updater called before beeing initialized
2025-12-15 18:13:14,512 [ERROR] CADModel:125 - Updater not yet initialized, retry later 
2025-12-15 18:13:14,705 [FATAL] Updater:351 - Updater called before beeing initialized
2025-12-15 18:13:14,707 [INFO] CADModel:165 - CPN selected for project level
2025-12-15 18:13:14,708 [INFO] CADModel:114 - Register for checkConnection events
2025-12-15 18:13:14,708 [FATAL] Updater:351 - Updater called before beeing initialized
2025-12-15 18:13:14,708 [ERROR] CADModel:125 - Updater not yet initialized, retry later 
2025-12-15 18:13:14,713 [FATAL] Updater:351 - Updater called before beeing initialized
2025-12-15 18:13:14,913 [FATAL] Updater:351 - Updater called before beeing initialized
2025-12-15 18:13:14,920 [INFO] DbMcusAds:53 - JSON generation date=Mon Nov 10 11:43:01 CET 2025 (1762771381096)
2025-12-15 18:13:14,921 [FATAL] Updater:351 - Updater called before beeing initialized
2025-12-15 18:13:14,964 [WARN] DetailPanel:346 - Failed to get advertising image, set to default
2025-12-15 18:13:15,053 [FATAL] Updater:351 - Updater called before beeing initialized
2025-12-15 18:13:15,055 [FATAL] Updater:351 - Updater called before beeing initialized
2025-12-15 18:13:15,055 [FATAL] Updater:351 - Updater called before beeing initialized
2025-12-15 18:13:15,055 [WARN] DetailPanel:346 - Failed to get advertising image, set to default
2025-12-15 18:13:15,056 [FATAL] Updater:351 - Updater called before beeing initialized
2025-12-15 18:13:15,117 [ERROR] Updater:1198 - MainUpdater not yet initialized. External WinMGr cannot be set.
2025-12-15 18:13:15,120 [INFO] Updater:1134 - Updater Version found : 6.15.0
2025-12-15 18:13:15,141 [INFO] ApplicationProperties:184 - Using Application install path: C:\ST\STM32CubeIDE_1.19.0\STM32CubeIDE\plugins\com.st.stm32cube.common.mx_6.15.0.202507011659
2025-12-15 18:13:15,573 [INFO] MainUpdater:2872 - connection check result : 10
2025-12-15 18:13:15,575 [INFO] MainUpdater:289 - Updater Check For Update Now.
2025-12-15 18:13:15,575 [INFO] MicroXplorer:498 - Change Database Version : DB.6.0.150
2025-12-15 18:13:15,585 [INFO] McuFinderGlobals:63 - Set McuFinder mode to 2 (CubeIDE integrated)
2025-12-15 18:13:15,586 [INFO] UserAuth:487 - Internet connection configuration mode: 1
2025-12-15 18:13:15,613 [INFO] JxBrowserEngine:152 - Initiate JxBrowser Engine with user profile folder
2025-12-15 18:13:15,756 [INFO] CheckServerUpdateThread:120 - End of CheckServer Thread
2025-12-15 18:13:16,991 [INFO] WebApp:169 - Instantiating new browser for Auth
2025-12-15 18:13:17,214 [WARN] PackLoader:240 - Cannot read IP mode file for STMicroelectronics.FP-SNS-MOTENVWB1.1.4.0
2025-12-15 18:13:17,227 [WARN] PackLoader:240 - Cannot read IP mode file for STMicroelectronics.FP-ATR-ASTRA1.2.0.2
2025-12-15 18:13:17,231 [WARN] PackLoader:240 - Cannot read IP mode file for STMicroelectronics.FP-ATR-ASTRA1.2.0.1
2025-12-15 18:13:17,250 [WARN] PackLoader:240 - Cannot read IP mode file for STMicroelectronics.X-CUBE-SMBUS.2.1.0
2025-12-15 18:13:17,266 [WARN] PackLoader:240 - Cannot read IP mode file for STMicroelectronics.X-CUBE-WB05N.1.1.0
2025-12-15 18:13:17,276 [WARN] PackLoader:240 - Cannot read IP mode file for STMicroelectronics.X-CUBE-TOUCHGFX.4.23.0
2025-12-15 18:13:17,279 [WARN] PackLoader:240 - Cannot read IP mode file for STMicroelectronics.X-CUBE-TOUCHGFX.4.23.2
2025-12-15 18:13:17,337 [WARN] PackLoader:240 - Cannot read IP mode file for STMicroelectronics.X-CUBE-AZRTOS-F7.1.1.0
2025-12-15 18:13:17,345 [WARN] PackLoader:240 - Cannot read IP mode file for STMicroelectronics.FP-SNS-MOTENV1.4.3.2
2025-12-15 18:13:17,353 [ERROR] RealEvaluatedCondition:428 - Found unsupported composite condition: GROUP='STM32_MetaDataManager' CLASS='Data Exchange'
2025-12-15 18:13:17,353 [ERROR] RealEvaluatedCondition:428 - Found unsupported composite condition: GROUP='STM32_MetaDataManager' CLASS='Data Exchange'
2025-12-15 18:13:17,355 [WARN] PackLoader:240 - Cannot read IP mode file for STMicroelectronics.FP-SNS-MOTENV1.4.3.1
2025-12-15 18:13:17,362 [WARN] PackLoader:240 - Cannot read IP mode file for STMicroelectronics.FP-SNS-FLIGHT1.5.0.1
2025-12-15 18:13:17,369 [WARN] PackLoader:240 - Cannot read IP mode file for STMicroelectronics.X-CUBE-BLE1.6.2.3
2025-12-15 18:13:17,461 [WARN] PackLoader:240 - Cannot read IP mode file for STMicroelectronics.X-CUBE-MEMS1.11.0.0
2025-12-15 18:13:17,690 [WARN] PackLoader:240 - Cannot read IP mode file for STMicroelectronics.X-CUBE-BLE1.6.2.4
2025-12-15 18:13:17,698 [WARN] PackLoader:240 - Cannot read IP mode file for STMicroelectronics.FP-SNS-MOTENV1.5.1.0
2025-12-15 18:13:17,702 [WARN] PackLoader:240 - Cannot read IP mode file for STMicroelectronics.X-CUBE-BLE1.6.2.2
2025-12-15 18:13:17,708 [WARN] PackLoader:240 - Cannot read IP mode file for STMicroelectronics.FP-SNS-FLIGHT1.5.0.2
2025-12-15 18:13:17,714 [WARN] PackLoader:240 - Cannot read IP mode file for STMicroelectronics.X-CUBE-BLE2.3.2.2
2025-12-15 18:13:17,741 [WARN] PackLoader:240 - Cannot read IP mode file for STMicroelectronics.X-CUBE-AZRTOS-H7.3.4.0
2025-12-15 18:13:17,755 [WARN] PackLoader:240 - Cannot read IP mode file for STMicroelectronics.X-CUBE-DISPLAY.3.0.0
2025-12-15 18:13:17,762 [WARN] PackLoader:240 - Cannot read IP mode file for STMicroelectronics.X-CUBE-BLE1.7.0.0
2025-12-15 18:13:17,769 [WARN] PackLoader:240 - Cannot read IP mode file for STMicroelectronics.X-CUBE-NFC10.1.0.0
2025-12-15 18:13:17,778 [WARN] PackLoader:240 - Cannot read IP mode file for STMicroelectronics.X-CUBE-BLEMGR.4.0.0
2025-12-15 18:13:17,785 [WARN] PackLoader:240 - Cannot read IP mode file for STMicroelectronics.X-CUBE-ST60.1.1.0
2025-12-15 18:13:17,791 [WARN] PackLoader:240 - Cannot read IP mode file for STMicroelectronics.X-CUBE-TOUCHGFX.4.22.0
2025-12-15 18:13:17,795 [WARN] PackLoader:240 - Cannot read IP mode file for STMicroelectronics.X-CUBE-GNSS1.7.1.0
2025-12-15 18:13:17,798 [WARN] PackLoader:240 - Cannot read IP mode file for STMicroelectronics.X-CUBE-TOUCHGFX.4.22.1
2025-12-15 18:13:17,806 [WARN] PackLoader:240 - Cannot read IP mode file for STMicroelectronics.X-CUBE-SUBG2.4.2.0
2025-12-15 18:13:17,873 [WARN] PackLoader:240 - Cannot read IP mode file for STMicroelectronics.X-CUBE-MEMS1.9.3.0
2025-12-15 18:13:18,161 [WARN] PackLoader:240 - Cannot read IP mode file for STMicroelectronics.X-CUBE-AI.7.2.0
2025-12-15 18:13:18,181 [WARN] PackLoader:240 - Cannot read IP mode file for STMicroelectronics.X-CUBE-BLEMGR.3.1.0
2025-12-15 18:13:18,189 [WARN] PackLoader:240 - Cannot read IP mode file for STMicroelectronics.X-CUBE-AI.10.0.0
2025-12-15 18:13:18,200 [WARN] PackLoader:240 - Cannot read IP mode file for STMicroelectronics.FP-SNS-STBOX1.2.1.0
2025-12-15 18:13:18,208 [WARN] PackLoader:240 - Cannot read IP mode file for STMicroelectronics.FP-SNS-SMARTAG2.1.2.0
2025-12-15 18:13:18,213 [WARN] PackLoader:240 - Cannot read IP mode file for STMicroelectronics.FP-SNS-FLIGHT1.5.1.0
2025-12-15 18:13:18,269 [WARN] PackLoader:240 - Cannot read IP mode file for STMicroelectronics.X-CUBE-MEMS1.11.1.0
2025-12-15 18:13:18,364 [INFO] LogOutputStream:77 - [STDOUT_REDIRECT] 1 : Invalid condition id : UX_CORESTACK_Condition cause : null
2025-12-15 18:13:18,365 [INFO] LogOutputStream:77 - [STDOUT_REDIRECT] 1 : Invalid condition id : UX_CORESTACK_Condition cause : null
2025-12-15 18:13:18,367 [INFO] LogOutputStream:77 - [STDOUT_REDIRECT] 1 : Invalid condition id : UX_CORESTACK_Condition cause : null
2025-12-15 18:13:18,369 [INFO] LogOutputStream:77 - [STDOUT_REDIRECT] 1 : Invalid condition id : UX_CORESTACK_Condition cause : null
2025-12-15 18:13:18,370 [INFO] LogOutputStream:77 - [STDOUT_REDIRECT] 1 : Invalid condition id : UX_CORESTACK_Condition cause : null
2025-12-15 18:13:18,372 [WARN] PackLoader:240 - Cannot read IP mode file for STMicroelectronics.X-CUBE-AZRTOS-WL.2.0.0
2025-12-15 18:13:18,378 [WARN] PackLoader:240 - Cannot read IP mode file for STMicroelectronics.X-CUBE-ALGOBUILD.1.2.1
2025-12-15 18:13:18,381 [WARN] PackLoader:240 - Cannot read IP mode file for STMicroelectronics.FP-SNS-MOTENV1.5.0.0
2025-12-15 18:13:18,398 [WARN] PackLoader:240 - Cannot read IP mode file for STMicroelectronics.X-CUBE-AZRTOS-H7RS.1.2.0
2025-12-15 18:13:18,409 [WARN] PackLoader:240 - Cannot read IP mode file for wolfSSL.I-CUBE-wolfMQTT.1.19.0
2025-12-15 18:13:18,423 [WARN] PackLoader:240 - Cannot read IP mode file for WES.I-CUBE-Cesium.1.3.0
2025-12-15 18:13:18,428 [WARN] PackLoader:240 - Cannot read IP mode file for STMicroelectronics.X-CUBE-BLE2.3.3.0
2025-12-15 18:13:18,468 [WARN] PackLoader:240 - Cannot read IP mode file for STMicroelectronics.X-CUBE-DISPLAY.2.2.0
2025-12-15 18:13:18,494 [WARN] PackLoader:240 - Cannot read IP mode file for STMicroelectronics.X-CUBE-TOF1.3.2.0
2025-12-15 18:13:18,513 [WARN] PackLoader:240 - Cannot read IP mode file for STMicroelectronics.X-CUBE-TOUCHGFX.4.18.1
2025-12-15 18:13:18,519 [WARN] PackLoader:240 - Cannot read IP mode file for STMicroelectronics.X-CUBE-ISPU.1.0.0
2025-12-15 18:13:18,526 [WARN] PackLoader:240 - Cannot read IP mode file for wolfSSL.I-CUBE-wolfSSL.5.0.0
2025-12-15 18:13:18,537 [WARN] PackLoader:240 - Cannot read IP mode file for STMicroelectronics.X-CUBE-NFC9.1.0.0
2025-12-15 18:13:18,567 [WARN] PackLoader:240 - Cannot read IP mode file for STMicroelectronics.X-CUBE-AZRTOS-H7.2.1.0
2025-12-15 18:13:18,578 [WARN] PackLoader:240 - Cannot read IP mode file for STMicroelectronics.X-CUBE-BLE1.7.1.0
2025-12-15 18:13:18,587 [WARN] PackLoader:240 - Cannot read IP mode file for STMicroelectronics.X-CUBE-TCPP.4.1.0
2025-12-15 18:13:18,603 [WARN] PackLoader:240 - Cannot read IP mode file for STMicroelectronics.X-CUBE-FREERTOS.1.4.0
2025-12-15 18:13:18,619 [WARN] PackLoader:240 - Cannot read IP mode file for STMicroelectronics.X-CUBE-EEPRMA1.5.2.0
2025-12-15 18:13:18,626 [WARN] PackLoader:240 - Cannot read IP mode file for STMicroelectronics.X-CUBE-TOUCHGFX.4.21.1
2025-12-15 18:13:18,629 [WARN] PackLoader:240 - Cannot read IP mode file for STMicroelectronics.X-CUBE-TOUCHGFX.4.21.0
2025-12-15 18:13:18,635 [WARN] PackLoader:240 - Cannot read IP mode file for STMicroelectronics.X-CUBE-TOUCHGFX.4.21.3
2025-12-15 18:13:18,639 [WARN] PackLoader:240 - Cannot read IP mode file for STMicroelectronics.X-CUBE-TOUCHGFX.4.21.4
2025-12-15 18:13:18,700 [WARN] PackLoader:240 - Cannot read IP mode file for STMicroelectronics.X-CUBE-MEMS1.9.4.0
2025-12-15 18:13:18,786 [INFO] WebApp:463 - Apply proxy settings
2025-12-15 18:13:18,787 [INFO] WebApp:548 - Chromium requires no authentication
2025-12-15 18:13:18,804 [INFO] WebApp:491 - Direct internet connection detected
2025-12-15 18:13:18,840 [INFO] WebApp:900 - Register for checkConnection events
2025-12-15 18:13:18,840 [INFO] WebApp:463 - Apply proxy settings
2025-12-15 18:13:18,840 [INFO] WebApp:548 - Chromium requires no authentication
2025-12-15 18:13:18,841 [INFO] WebApp:491 - Direct internet connection detected
2025-12-15 18:13:18,858 [WARN] PackLoader:240 - Cannot read IP mode file for STMicroelectronics.X-CUBE-AI.7.3.0
2025-12-15 18:13:18,865 [WARN] PackLoader:240 - Cannot read IP mode file for STMicroelectronics.X-CUBE-ST67W61.1.1.0
2025-12-15 18:13:18,925 [WARN] PackLoader:240 - Cannot read IP mode file for STMicroelectronics.X-CUBE-MEMS1.12.0.0
2025-12-15 18:13:19,058 [WARN] PackLoader:240 - Cannot read IP mode file for STMicroelectronics.X-CUBE-ALGOBUILD.1.3.0
2025-12-15 18:13:19,083 [WARN] PackLoader:240 - Cannot read IP mode file for STMicroelectronics.X-CUBE-AZRTOS-G0.1.1.0
2025-12-15 18:13:19,095 [WARN] PackLoader:240 - Cannot read IP mode file for STMicroelectronics.X-CUBE-SAFEA1.1.2.2
2025-12-15 18:13:19,104 [WARN] PackLoader:240 - Cannot read IP mode file for STMicroelectronics.X-CUBE-NFC4.3.0.0
2025-12-15 18:13:19,187 [WARN] PackLoader:240 - Cannot read IP mode file for SEGGER.I-CUBE-embOS.1.2.0
2025-12-15 18:13:19,240 [WARN] PackLoader:240 - Cannot read IP mode file for wolfSSL.I-CUBE-wolfMQTT.1.18.0
2025-12-15 18:13:19,253 [WARN] PackLoader:240 - Cannot read IP mode file for EmbeddedOffice.I-CUBE-FS-RTOS.1.0.1
2025-12-15 18:13:19,261 [WARN] PackLoader:240 - Cannot read IP mode file for STMicroelectronics.X-CUBE-WB05N.2.0.0
2025-12-15 18:13:19,274 [WARN] PackLoader:240 - Cannot read IP mode file for STMicroelectronics.X-CUBE-BLEMGR.3.0.0
2025-12-15 18:13:19,289 [WARN] PackLoader:240 - Cannot read IP mode file for STMicroelectronics.X-CUBE-BLEMGR.1.3.0
2025-12-15 18:13:19,299 [WARN] PackLoader:240 - Cannot read IP mode file for STMicroelectronics.X-CUBE-TCPP.4.2.0
2025-12-15 18:13:19,306 [INFO] WebApp:191 - Connection restablished
2025-12-15 18:13:19,310 [WARN] PackLoader:240 - Cannot read IP mode file for RealThread.X-CUBE-RT-Thread_Nano.4.1.1
2025-12-15 18:13:19,340 [WARN] PackLoader:240 - Cannot read IP mode file for STMicroelectronics.X-CUBE-AZRTOS-H7.2.0.0
2025-12-15 18:13:19,352 [WARN] PackLoader:240 - Cannot read IP mode file for STMicroelectronics.FP-ATR-SIGFOX1.3.2.0
2025-12-15 18:13:19,359 [WARN] ConditionMgr:438 - getConditionDescription Invalid condition id : Cortex-A Device cause : null
2025-12-15 18:13:19,379 [WARN] ConditionMgr:1044 - genDependencies : Invalid condition id : Cortex-A Device cause : null
2025-12-15 18:13:19,380 [WARN] ConditionMgr:1044 - genDependencies : Invalid condition id : Cortex-A Device cause : null
2025-12-15 18:13:19,380 [WARN] ConditionMgr:1044 - genDependencies : Invalid condition id : Cortex-A Device cause : null
2025-12-15 18:13:19,387 [WARN] PackLoader:240 - Cannot read IP mode file for STMicroelectronics.X-CUBE-EEPRMA1.5.1.0
2025-12-15 18:13:19,401 [WARN] PackLoader:240 - Cannot read IP mode file for emotas.I-CUBE-CANOPEN.1.1.2
2025-12-15 18:13:19,407 [WARN] PackLoader:240 - Cannot read IP mode file for STMicroelectronics.X-CUBE-TOUCHGFX.4.20.0
2025-12-15 18:13:19,465 [WARN] PackLoader:240 - Cannot read IP mode file for STMicroelectronics.X-CUBE-MEMS1.9.5.0
2025-12-15 18:13:19,627 [WARN] PackLoader:240 - Cannot read IP mode file for STMicroelectronics.X-CUBE-AI.10.2.0
2025-12-15 18:13:19,646 [INFO] WebApp:225 - Starting web application
2025-12-15 18:13:19,646 [INFO] WebApp:593 - Web application path used C:\ST\STM32CubeIDE_1.19.0\STM32CubeIDE\plugins\com.st.stm32cube.common.mx_6.15.0.202507011659\db\plugins\mcufinder\reactClient1\index.html
2025-12-15 18:13:19,665 [WARN] PackLoader:240 - Cannot read IP mode file for SEGGER.I-CUBE-embOS.1.3.1
2025-12-15 18:13:19,708 [WARN] PackLoader:240 - Cannot read IP mode file for STMicroelectronics.X-CUBE-ALGOBUILD.1.4.0
2025-12-15 18:13:19,788 [WARN] PackLoader:240 - Cannot read IP mode file for STMicroelectronics.X-CUBE-MEMS1.11.3.0
2025-12-15 18:13:19,974 [WARN] PackLoader:240 - Cannot read IP mode file for STMicroelectronics.X-CUBE-DISPLAY.2.0.0
2025-12-15 18:13:19,980 [WARN] PackLoader:240 - Cannot read IP mode file for STMicroelectronics.X-CUBE-AI.9.1.0
2025-12-15 18:13:19,989 [WARN] PackLoader:240 - Cannot read IP mode file for STMicroelectronics.X-CUBE-PM33A1.1.0.0
2025-12-15 18:13:19,995 [WARN] PackLoader:240 - Cannot read IP mode file for STMicroelectronics.X-CUBE-GNSS1.6.0.0
2025-12-15 18:13:20,017 [WARN] PackLoader:240 - Cannot read IP mode file for STMicroelectronics.X-CUBE-AZRTOS-F4.1.1.0
2025-12-15 18:13:20,024 [WARN] PackLoader:240 - Cannot read IP mode file for STMicroelectronics.X-CUBE-ISPU.2.1.0
2025-12-15 18:13:20,047 [WARN] PackLoader:240 - Cannot read IP mode file for STMicroelectronics.X-CUBE-IPS.3.2.0
2025-12-15 18:13:20,058 [WARN] PackLoader:240 - Cannot read IP mode file for STMicroelectronics.X-CUBE-FREERTOS.1.2.0
2025-12-15 18:13:20,083 [WARN] PackLoader:240 - Cannot read IP mode file for STMicroelectronics.X-CUBE-NFC12.1.0.0
2025-12-15 18:13:20,094 [WARN] PackLoader:240 - Cannot read IP mode file for STMicroelectronics.X-CUBE-BLEMGR.1.2.0
2025-12-15 18:13:20,119 [WARN] PackLoader:240 - Cannot read IP mode file for STMicroelectronics.X-CUBE-AZRTOS-L5.2.0.0
2025-12-15 18:13:20,168 [WARN] PackLoader:240 - Cannot read IP mode file for STMicroelectronics.X-CUBE-MEMS1.9.6.0
2025-12-15 18:13:20,175 [INFO] UserAuth:487 - Internet connection configuration mode: 1
2025-12-15 18:13:20,321 [WARN] PackLoader:240 - Cannot read IP mode file for STMicroelectronics.X-CUBE-EEPRMA1.4.2.0
2025-12-15 18:13:20,332 [WARN] PackLoader:240 - Cannot read IP mode file for STMicroelectronics.X-CUBE-NFC6.3.1.0
2025-12-15 18:13:20,341 [WARN] PackLoader:240 - Cannot read IP mode file for ITTIA_DB.I-CUBE-ITTIADB.8.8.0
2025-12-15 18:13:20,351 [WARN] PackLoader:240 - Cannot read IP mode file for STMicroelectronics.X-CUBE-BLEMGR.2.0.0
2025-12-15 18:13:20,360 [WARN] PackLoader:240 - Cannot read IP mode file for STMicroelectronics.X-CUBE-DPower.1.2.0
2025-12-15 18:13:20,372 [WARN] PackLoader:240 - Cannot read IP mode file for STMicroelectronics.X-CUBE-NFC4.2.0.5
2025-12-15 18:13:20,378 [WARN] PackLoader:240 - Cannot read IP mode file for STMicroelectronics.X-CUBE-NFC4.2.0.4
2025-12-15 18:13:20,385 [WARN] PackLoader:240 - Cannot read IP mode file for STMicroelectronics.X-CUBE-NFC4.2.0.3
2025-12-15 18:13:20,390 [WARN] PackLoader:240 - Cannot read IP mode file for STMicroelectronics.X-CUBE-AI.9.0.0
2025-12-15 18:13:20,413 [WARN] ConditionMgr:438 - getConditionDescription Invalid condition id : UX DEVICE CLASS RTOS Condition cause : null
2025-12-15 18:13:20,413 [WARN] ConditionMgr:438 - getConditionDescription Invalid condition id : UX DEVICE CLASS RTOS Condition cause : null
2025-12-15 18:13:20,417 [WARN] PackLoader:240 - Cannot read IP mode file for STMicroelectronics.X-CUBE-AZRTOS-H7.3.1.0
2025-12-15 18:13:20,419 [WARN] ConditionMgr:1044 - genDependencies : Invalid condition id : UX DEVICE CLASS RTOS Condition cause : null
2025-12-15 18:13:20,419 [WARN] ConditionMgr:1044 - genDependencies : Invalid condition id : UX DEVICE CLASS RTOS Condition cause : null
2025-12-15 18:13:20,420 [WARN] ConditionMgr:1044 - genDependencies : Invalid condition id : UX DEVICE CLASS RTOS Condition cause : null
2025-12-15 18:13:20,420 [WARN] ConditionMgr:1044 - genDependencies : Invalid condition id : UX DEVICE CLASS RTOS Condition cause : null
2025-12-15 18:13:20,421 [WARN] ConditionMgr:1044 - genDependencies : Invalid condition id : UX DEVICE CLASS RTOS Condition cause : null
2025-12-15 18:13:20,433 [WARN] PackLoader:240 - Cannot read IP mode file for STMicroelectronics.X-CUBE-SFXS2LP1.3.1.0
2025-12-15 18:13:20,484 [WARN] PackLoader:240 - Cannot read IP mode file for STMicroelectronics.X-CUBE-AZRTOS-F4.1.0.0
2025-12-15 18:13:20,497 [WARN] PackLoader:240 - Cannot read IP mode file for STMicroelectronics.X-CUBE-TOF1.2.0.0
2025-12-15 18:13:20,512 [WARN] PackLoader:240 - Cannot read IP mode file for STMicroelectronics.X-CUBE-FREERTOS.1.3.1
2025-12-15 18:13:20,519 [WARN] PackLoader:240 - Cannot read IP mode file for STMicroelectronics.X-CUBE-FREERTOS.1.3.0
2025-12-15 18:13:20,528 [WARN] PackLoader:240 - Cannot read IP mode file for STMicroelectronics.X-CUBE-NFC7.1.0.1
2025-12-15 18:13:20,535 [WARN] PackLoader:240 - Cannot read IP mode file for STMicroelectronics.X-CUBE-NFC7.1.0.0
2025-12-15 18:13:20,543 [WARN] PackLoader:240 - Cannot read IP mode file for wolfSSL.I-CUBE-wolfTPM.3.2.0
2025-12-15 18:13:20,546 [WARN] PackLoader:240 - Cannot read IP mode file for STMicroelectronics.X-CUBE-TOUCHGFX.4.26.0
2025-12-15 18:13:20,557 [WARN] PackLoader:240 - Cannot read IP mode file for STMicroelectronics.X-CUBE-NFC6.3.0.0
2025-12-15 18:13:20,566 [WARN] PackLoader:240 - Cannot read IP mode file for STMicroelectronics.X-CUBE-EEPRMA1.4.1.0
2025-12-15 18:13:20,577 [WARN] PackLoader:240 - Cannot read IP mode file for STMicroelectronics.FP-SNS-STAIOTCFT.1.0.0
2025-12-15 18:13:20,584 [WARN] PackLoader:240 - Cannot read IP mode file for STMicroelectronics.X-CUBE-DPower.1.3.0
2025-12-15 18:13:20,588 [WARN] PackLoader:240 - Cannot read IP mode file for STMicroelectronics.X-CUBE-AI.8.1.0
2025-12-15 18:13:20,615 [WARN] ConditionMgr:438 - getConditionDescription Invalid condition id : LAN8742 Phy interface Condition cause : null
2025-12-15 18:13:20,616 [WARN] PackLoader:240 - Cannot read IP mode file for STMicroelectronics.X-CUBE-AZRTOS-L4.2.0.0
2025-12-15 18:13:20,617 [WARN] ConditionMgr:1044 - genDependencies : Invalid condition id : LAN8742 Phy interface Condition cause : null
2025-12-15 18:13:20,618 [WARN] ConditionMgr:1044 - genDependencies : Invalid condition id : LAN8742 Phy interface Condition cause : null
2025-12-15 18:13:20,618 [WARN] ConditionMgr:1044 - genDependencies : Invalid condition id : LAN8742 Phy interface Condition cause : null
2025-12-15 18:13:20,643 [WARN] PackLoader:240 - Cannot read IP mode file for STMicroelectronics.X-CUBE-SFXS2LP1.4.0.0
2025-12-15 18:13:20,668 [WARN] PackLoader:240 - Cannot read IP mode file for STMicroelectronics.X-CUBE-AZRTOS-H7.3.0.0
2025-12-15 18:13:20,676 [WARN] PackLoader:240 - Cannot read IP mode file for STMicroelectronics.X-CUBE-ISPU.1.1.0
2025-12-15 18:13:20,698 [WARN] PackLoader:240 - Cannot read IP mode file for STMicroelectronics.X-CUBE-AZRTOS-H7.3.3.0
2025-12-15 18:13:20,710 [WARN] PackLoader:240 - Cannot read IP mode file for RoweBots.I-CUBE-UNISONRTOS.5.5.0-4
2025-12-15 18:13:20,722 [WARN] PackLoader:240 - Cannot read IP mode file for STMicroelectronics.X-CUBE-BLEMGR.4.1.0
2025-12-15 18:13:20,731 [WARN] PackLoader:240 - Cannot read IP mode file for STMicroelectronics.X-CUBE-AI.8.0.0
2025-12-15 18:13:20,738 [WARN] PackLoader:240 - Cannot read IP mode file for STMicroelectronics.X-CUBE-IPS.3.0.0
2025-12-15 18:13:20,756 [WARN] ConditionMgr:438 - getConditionDescription Invalid condition id : UX DEVICE CLASS RTOS Condition cause : null
2025-12-15 18:13:20,756 [WARN] ConditionMgr:438 - getConditionDescription Invalid condition id : UX DEVICE CLASS RTOS Condition cause : null
2025-12-15 18:13:20,758 [WARN] PackLoader:240 - Cannot read IP mode file for STMicroelectronics.X-CUBE-AZRTOS-WB.2.0.0
2025-12-15 18:13:20,760 [WARN] ConditionMgr:1044 - genDependencies : Invalid condition id : UX DEVICE CLASS RTOS Condition cause : null
2025-12-15 18:13:20,760 [WARN] ConditionMgr:1044 - genDependencies : Invalid condition id : UX DEVICE CLASS RTOS Condition cause : null
2025-12-15 18:13:20,761 [WARN] ConditionMgr:1044 - genDependencies : Invalid condition id : UX DEVICE CLASS RTOS Condition cause : null
2025-12-15 18:13:20,761 [WARN] ConditionMgr:1044 - genDependencies : Invalid condition id : UX DEVICE CLASS RTOS Condition cause : null
2025-12-15 18:13:20,761 [WARN] ConditionMgr:1044 - genDependencies : Invalid condition id : UX DEVICE CLASS RTOS Condition cause : null
2025-12-15 18:13:20,767 [WARN] PackLoader:240 - Cannot read IP mode file for STMicroelectronics.X-CUBE-FREERTOS.1.0.0
2025-12-15 18:13:20,771 [WARN] PackLoader:240 - Cannot read IP mode file for STMicroelectronics.X-CUBE-FREERTOS.1.0.1
2025-12-15 18:13:20,776 [WARN] PackLoader:240 - Cannot read IP mode file for STMicroelectronics.X-CUBE-GNSS1.7.0.0
2025-12-15 18:13:20,781 [WARN] PackLoader:240 - Cannot read IP mode file for STMicroelectronics.X-CUBE-GNSS1.7.0.1
2025-12-15 18:13:20,786 [WARN] PackLoader:240 - Cannot read IP mode file for STMicroelectronics.FP-SNS-STBOX1.2.0.0
2025-12-15 18:13:20,801 [WARN] PackLoader:240 - Cannot read IP mode file for STMicroelectronics.X-CUBE-AZRTOS-L5.1.1.0
2025-12-15 18:13:20,807 [WARN] PackLoader:240 - Cannot read IP mode file for STMicroelectronics.X-CUBE-AI.8.0.1
2025-12-15 18:13:20,819 [WARN] PackLoader:240 - Cannot read IP mode file for STMicroelectronics.X-CUBE-SUBG2.5.0.0
2025-12-15 18:13:20,838 [WARN] PackLoader:240 - Cannot read IP mode file for STMicroelectronics.X-CUBE-AZRTOS-H7RS.1.1.0
2025-12-15 18:13:20,851 [WARN] PackLoader:240 - Cannot read IP mode file for STMicroelectronics.X-CUBE-AZRTOS-G4.2.0.0
2025-12-15 18:13:20,860 [WARN] PackLoader:240 - Cannot read IP mode file for STMicroelectronics.X-CUBE-TOF1.3.3.0
2025-12-15 18:13:20,873 [WARN] PackLoader:240 - Cannot read IP mode file for STMicroelectronics.FP-ATR-ASTRA1.1.1.1
2025-12-15 18:13:20,886 [WARN] PackLoader:240 - Cannot read IP mode file for Infineon.AIROC-Wi-Fi-Bluetooth-STM32.1.5.1
2025-12-15 18:13:20,894 [WARN] PackLoader:240 - Cannot read IP mode file for STMicroelectronics.X-CUBE-NFC7.2.0.0
2025-12-15 18:13:20,898 [WARN] PackLoader:240 - Cannot read IP mode file for STMicroelectronics.FP-SNS-MOTENVWB1.1.3.1
2025-12-15 18:13:20,908 [WARN] PackLoader:240 - Cannot read IP mode file for STMicroelectronics.X-CUBE-AZRTOS-G4.1.0.0
2025-12-15 18:13:20,922 [WARN] PackLoader:240 - Cannot read IP mode file for STMicroelectronics.X-CUBE-AZRTOS-L4.1.0.0
2025-12-15 18:13:20,929 [WARN] PackLoader:240 - Cannot read IP mode file for STMicroelectronics.X-CUBE-ISPU.2.0.0
2025-12-15 18:13:20,938 [WARN] PackLoader:240 - Cannot read IP mode file for STMicroelectronics.X-CUBE-IPS.3.1.0
2025-12-15 18:13:20,946 [WARN] PackLoader:240 - Cannot read IP mode file for STMicroelectronics.X-CUBE-ALS.1.0.2
2025-12-15 18:13:20,978 [WARN] PackLoader:240 - Cannot read IP mode file for STMicroelectronics.X-CUBE-MEMS1.10.0.0
2025-12-15 18:13:21,105 [WARN] PackLoader:240 - Cannot read IP mode file for STMicroelectronics.X-CUBE-FREERTOS.1.1.0
2025-12-15 18:13:21,109 [WARN] PackLoader:240 - Cannot read IP mode file for STMicroelectronics.X-CUBE-TOUCHGFX.4.24.0
2025-12-15 18:13:21,132 [WARN] PackLoader:240 - Cannot read IP mode file for STMicroelectronics.X-CUBE-AZRTOS-F7.1.0.0
2025-12-15 18:13:21,142 [WARN] PackLoader:240 - Cannot read IP mode file for STMicroelectronics.X-CUBE-TOUCHGFX.4.24.2
2025-12-15 18:13:21,156 [WARN] PackLoader:240 - Cannot read IP mode file for STMicroelectronics.X-CUBE-AZRTOS-WL.1.0.0
2025-12-15 18:13:21,161 [WARN] PackLoader:240 - Cannot read IP mode file for STMicroelectronics.X-CUBE-TOUCHGFX.4.24.1
2025-12-15 18:13:21,171 [WARN] PackLoader:240 - Cannot read IP mode file for STMicroelectronics.X-CUBE-STSE01.1.0.0
2025-12-15 18:13:21,212 [WARN] PackLoader:240 - Cannot read IP mode file for STMicroelectronics.X-CUBE-MEMS1.9.1.0
2025-12-15 18:13:21,314 [WARN] PackLoader:240 - Cannot read IP mode file for portGmbH.I-Cube-SoM-uGOAL.1.1.0
2025-12-15 18:13:21,318 [WARN] PackLoader:240 - Cannot read IP mode file for STMicroelectronics.X-CUBE-ALS.1.0.1
2025-12-15 18:13:21,320 [WARN] PackLoader:240 - Cannot read IP mode file for STMicroelectronics.X-CUBE-AI.7.0.0
2025-12-15 18:13:21,332 [WARN] PackLoader:240 - Cannot read IP mode file for STMicroelectronics.X-CUBE-AZRTOS-WB.1.1.0
2025-12-15 18:13:21,347 [WARN] PackLoader:240 - Cannot read IP mode file for STMicroelectronics.X-CUBE-AZRTOS-L5.1.0.0
2025-12-15 18:13:21,352 [WARN] PackLoader:240 - Cannot read IP mode file for STMicroelectronics.X-CUBE-EEPRMA1.3.1.0
2025-12-15 18:13:21,355 [WARN] PackLoader:240 - Cannot read IP mode file for STMicroelectronics.X-CUBE-EEPRMA1.3.1.1
2025-12-15 18:13:21,370 [WARN] PackLoader:240 - Cannot read IP mode file for STMicroelectronics.X-CUBE-AZRTOS-H7RS.1.0.0
2025-12-15 18:13:21,377 [WARN] PackLoader:240 - Cannot read IP mode file for STMicroelectronics.X-CUBE-GNSS1.5.2.0
2025-12-15 18:13:21,380 [WARN] PackLoader:240 - Cannot read IP mode file for STMicroelectronics.FP-ATR-ASTRA1.2.0.0
2025-12-15 18:13:21,389 [WARN] PackLoader:240 - Cannot read IP mode file for STMicroelectronics.X-CUBE-TOF1.3.4.2
2025-12-15 18:13:21,406 [WARN] PackLoader:240 - Cannot read IP mode file for STMicroelectronics.X-CUBE-TOF1.3.4.3
2025-12-15 18:13:21,421 [WARN] PackLoader:240 - Cannot read IP mode file for STMicroelectronics.X-CUBE-TOF1.3.4.0
2025-12-15 18:13:21,440 [WARN] PackLoader:240 - Cannot read IP mode file for STMicroelectronics.X-CUBE-TOF1.3.4.1
2025-12-15 18:13:21,467 [WARN] PackLoader:240 - Cannot read IP mode file for STMicroelectronics.X-CUBE-AZRTOS-H7.3.2.0
2025-12-15 18:13:21,473 [WARN] PackLoader:240 - Cannot read IP mode file for wolfSSL.I-CUBE-wolfSSH.1.4.17
2025-12-15 18:13:21,473 [INFO] ThirdParty:978 - Integrity check success = true
2025-12-15 18:13:21,473 [INFO] IntegrityCheckThread:100 - exiting critical section [integrity check]
2025-12-15 18:13:21,473 [INFO] IntegrityCheckThread:103 - End integrity checks thread
2025-12-15 18:18:38,833 [INFO] McuFinderGlobals:63 - Set McuFinder mode to 2 (CubeIDE integrated)
2025-12-15 18:18:38,838 [INFO] MainUpdater:2872 - connection check result : 10
2025-12-15 18:18:38,839 [INFO] MainUpdater:2872 - connection check result : 10
2025-12-15 18:18:38,874 [INFO] MicroXplorer:468 - Change Database Path : 
2025-12-15 18:18:38,874 [INFO] MicroXplorer:498 - Change Database Version : DB.6.0.150
2025-12-15 18:18:38,878 [WARN] ThirdParty:871 - waiting for thirdparty lock release [close project]
2025-12-15 18:18:38,878 [INFO] ThirdParty:873 - entering critical section [close project]
2025-12-15 18:18:38,878 [INFO] ThirdParty:883 - exiting critical section [close project]
2025-12-15 18:18:38,880 [INFO] PinOutPanel:1589 - setPackage(No Configuration,No Configuration)
2025-12-15 18:18:38,881 [INFO] UtilMem:75 - Begin LoadConfig() Used Memory: 969889072 Bytes (1073741824)
2025-12-15 18:18:38,883 [INFO] MicroXplorer:468 - Change Database Path : 
2025-12-15 18:18:38,883 [INFO] MicroXplorer:498 - Change Database Version : DB.6.0.150
2025-12-15 18:18:38,883 [INFO] OpenFileManager:355 - Change cursor
2025-12-15 18:18:38,936 [INFO] Mcu:2029 - Initializing MCU STM32G491R(C-E)Tx STM32G491RETx STM32G491RET3
2025-12-15 18:18:42,791 [INFO] Context:786 - Trying to add GPIOservice into a context  which must be forbidden
2025-12-15 18:18:43,787 [INFO] ImportTextPane:234 - (OptionalMessage_ERROR) Pin30 (VP_RIF_VS_RIF1) cannot be retrieved for this MCU
2025-12-15 18:18:44,065 [INFO] RtosManager:558 - Registered RTOS mode: class=CMSIS, group=RTOS, mode=CMSIS_V1, owner=FREERTOS
2025-12-15 18:18:44,066 [INFO] RtosManager:558 - Registered RTOS mode: class=CMSIS, group=RTOS2, mode=CMSIS_V2, owner=FREERTOS
2025-12-15 18:18:44,066 [INFO] RtosManager:558 - Registered RTOS mode: class=RTOS, group=Core, mode=CMSIS_V1, owner=FREERTOS
2025-12-15 18:18:44,066 [INFO] RtosManager:558 - Registered RTOS mode: class=RTOS, group=Core, mode=CMSIS_V2, owner=FREERTOS
2025-12-15 18:18:44,066 [WARN] ModelIntegratedComponent:184 - Missing modes for component STMicroelectronics:FreeRTOS:0.0.1:STMicroelectronics:RTOS:FreeRTOS:Core:::10.2.0:
2025-12-15 18:18:44,075 [WARN] ModelIntegratedComponent:63 - No mode defined for component null
2025-12-15 18:18:44,075 [WARN] ModelIntegratedComponent:63 - No mode defined for component null
2025-12-15 18:18:44,075 [WARN] ModelIntegratedComponent:63 - No mode defined for component null
2025-12-15 18:18:44,075 [WARN] ModelIntegratedComponent:63 - No mode defined for component null
2025-12-15 18:18:44,075 [WARN] ModelIntegratedComponent:63 - No mode defined for component null
2025-12-15 18:18:44,075 [WARN] ModelIntegratedComponent:63 - No mode defined for component null
2025-12-15 18:18:44,075 [WARN] ModelIntegratedComponent:63 - No mode defined for component null
2025-12-15 18:18:44,075 [WARN] ModelIntegratedComponent:63 - No mode defined for component null
2025-12-15 18:18:44,075 [WARN] ModelIntegratedComponent:63 - No mode defined for component null
2025-12-15 18:18:44,076 [WARN] ModelIntegratedComponent:63 - No mode defined for component null
2025-12-15 18:18:44,076 [WARN] ModelIntegratedComponent:63 - No mode defined for component null
2025-12-15 18:18:44,076 [WARN] ModelIntegratedComponent:63 - No mode defined for component null
2025-12-15 18:18:44,076 [WARN] ModelIntegratedComponent:63 - No mode defined for component null
2025-12-15 18:18:44,076 [WARN] ModelIntegratedComponent:63 - No mode defined for component null
2025-12-15 18:18:44,076 [WARN] ModelIntegratedComponent:63 - No mode defined for component null
2025-12-15 18:18:44,076 [WARN] ModelIntegratedComponent:63 - No mode defined for component null
2025-12-15 18:18:44,076 [WARN] ModelIntegratedComponent:63 - No mode defined for component null
2025-12-15 18:18:44,076 [WARN] ModelIntegratedComponent:63 - No mode defined for component null
2025-12-15 18:18:44,076 [WARN] ModelIntegratedComponent:63 - No mode defined for component null
2025-12-15 18:18:44,076 [WARN] ModelIntegratedComponent:63 - No mode defined for component null
2025-12-15 18:18:44,076 [WARN] ModelIntegratedComponent:63 - No mode defined for component null
2025-12-15 18:18:44,076 [WARN] ModelIntegratedComponent:63 - No mode defined for component null
2025-12-15 18:18:44,076 [WARN] ModelIntegratedComponent:63 - No mode defined for component null
2025-12-15 18:18:44,076 [WARN] ModelIntegratedComponent:63 - No mode defined for component null
2025-12-15 18:18:44,076 [WARN] ModelIntegratedComponent:63 - No mode defined for component null
2025-12-15 18:18:44,076 [WARN] ModelIntegratedComponent:63 - No mode defined for component null
2025-12-15 18:18:44,077 [WARN] ModelIntegratedComponent:63 - No mode defined for component null
2025-12-15 18:18:44,077 [WARN] ModelIntegratedComponent:63 - No mode defined for component null
2025-12-15 18:18:44,077 [WARN] ModelIntegratedComponent:63 - No mode defined for component null
2025-12-15 18:18:44,077 [WARN] ModelIntegratedComponent:63 - No mode defined for component null
2025-12-15 18:18:44,077 [WARN] ModelIntegratedComponent:63 - No mode defined for component null
2025-12-15 18:18:44,077 [WARN] ModelIntegratedComponent:63 - No mode defined for component null
2025-12-15 18:18:44,077 [WARN] ModelIntegratedComponent:63 - No mode defined for component null
2025-12-15 18:18:44,077 [WARN] ModelIntegratedComponent:63 - No mode defined for component null
2025-12-15 18:18:44,077 [WARN] ModelIntegratedComponent:63 - No mode defined for component null
2025-12-15 18:18:44,077 [WARN] ModelPack:524 - Component already loaded: STMicroelectronics:HAL Drivers:0.0.0:STMicroelectronics:Device:STMicro_Driver:XSPI:HAL::0.0.1:HAL_XSPI
2025-12-15 18:18:44,709 [INFO] ThirdPartyModel:298 - Start build external matchings
2025-12-15 18:18:52,362 [INFO] ThirdPartyModel:316 - End build external matchings
2025-12-15 18:18:52,572 [INFO] ImportTextPane:234 - (OptionalMessage_ERROR) IP (ADC1) : Parameter (CommonPathInternal) has invalid value (null|null|null|null)
2025-12-15 18:18:52,572 [INFO] ImportTextPane:234 - (OptionalMessage_ERROR) IP (DMA) : Parameter (Instance) has Id (ADC1) currently not set
2025-12-15 18:18:52,573 [INFO] ImportTextPane:234 - (OptionalMessage_ERROR) IP (DMA) : Parameter (Request) has Id (ADC1) currently not set
2025-12-15 18:18:52,573 [INFO] ImportTextPane:234 - (OptionalMessage_ERROR) IP (DMA) : Parameter (Direction) has Id (ADC1) currently not set
2025-12-15 18:18:52,573 [INFO] ImportTextPane:234 - (OptionalMessage_ERROR) IP (DMA) : Parameter (PeriphInc) has Id (ADC1) currently not set
2025-12-15 18:18:52,573 [INFO] ImportTextPane:234 - (OptionalMessage_ERROR) IP (DMA) : Parameter (MemInc) has Id (ADC1) currently not set
2025-12-15 18:18:52,574 [INFO] ImportTextPane:234 - (OptionalMessage_ERROR) IP (DMA) : Parameter (PeriphDataAlignment) has Id (ADC1) currently not set
2025-12-15 18:18:52,575 [INFO] ImportTextPane:234 - (OptionalMessage_ERROR) IP (DMA) : Parameter (MemDataAlignment) has Id (ADC1) currently not set
2025-12-15 18:18:52,575 [INFO] ImportTextPane:234 - (OptionalMessage_ERROR) IP (DMA) : Parameter (Mode) has Id (ADC1) currently not set
2025-12-15 18:18:52,576 [INFO] ImportTextPane:234 - (OptionalMessage_ERROR) IP (DMA) : Parameter (Priority) has Id (ADC1) currently not set
2025-12-15 18:18:52,576 [INFO] ImportTextPane:234 - (OptionalMessage_ERROR) IP (DMA) : Parameter (SignalID) has Id (ADC1) currently not set
2025-12-15 18:18:52,576 [INFO] ImportTextPane:234 - (OptionalMessage_ERROR) IP (DMA) : Parameter (Polarity) has Id (ADC1) currently not set
2025-12-15 18:18:52,576 [INFO] ImportTextPane:234 - (OptionalMessage_ERROR) IP (DMA) : Parameter (RequestNumber) has Id (ADC1) currently not set
2025-12-15 18:18:52,576 [INFO] ImportTextPane:234 - (OptionalMessage_ERROR) IP (DMA) : Parameter (SyncSignalID) has Id (ADC1) currently not set
2025-12-15 18:18:52,576 [INFO] ImportTextPane:234 - (OptionalMessage_ERROR) IP (DMA) : Parameter (SyncPolarity) has Id (ADC1) currently not set
2025-12-15 18:18:52,576 [INFO] ImportTextPane:234 - (OptionalMessage_ERROR) IP (DMA) : Parameter (SyncEnable) has Id (ADC1) currently not set
2025-12-15 18:18:52,576 [INFO] ImportTextPane:234 - (OptionalMessage_ERROR) IP (DMA) : Parameter (EventEnable) has Id (ADC1) currently not set
2025-12-15 18:18:52,576 [INFO] ImportTextPane:234 - (OptionalMessage_ERROR) IP (DMA) : Parameter (SyncRequestNumber) has Id (ADC1) currently not set
2025-12-15 18:18:52,577 [INFO] ImportTextPane:234 - (OptionalMessage_ERROR) IP (RCC) : Invalid parameter (FamilyName)
2025-12-15 18:18:52,577 [INFO] ImportTextPane:234 - (OptionalMessage_ERROR) IP (RCC) : Parameter (HRTIM1Freq_Value) has invalid value (16000000)
2025-12-15 18:18:53,374 [INFO] ApiDb:581 - Connected to CubeFinder SQLite database (C:\Users\ivanp\.stmcufinder\plugins\mcufinder\mcu\cube-finder-db.db)
2025-12-15 18:18:53,478 [INFO] ApiDb:668 - CubeFinder database Data Model version=2.1
2025-12-15 18:18:53,478 [INFO] ApiDb:669 - CubeFinder database Configuration version=3.0.39
2025-12-15 18:18:53,478 [INFO] ApiDb:670 - CubeFinder database generation date=2025-10-27 (1761571959)
2025-12-15 18:18:53,479 [INFO] ApiDb:671 - CubeFinder database FW Pack versions=[FP-ATR-ASTRA1_V2.0.0, FP-SNS-FLIGHT1_V5.1.0, FP-SNS-MOTENV1_V5.0.0, FP-SNS-MOTENVWB1_V1.4.0, FP-SNS-SMARTAG2_V1.2.0, FP-SNS-STBOX1_V2.1.0, STM32Cube_FW_C0_V1.4.0, STM32Cube_FW_F4_V1.28.3, STM32Cube_FW_F7_V1.17.4, STM32Cube_FW_G0_V1.6.2, STM32Cube_FW_G4_V1.6.1, STM32Cube_FW_H5_V1.5.0, STM32Cube_FW_H7RS_V1.2.0, STM32Cube_FW_H7_V1.12.1, STM32Cube_FW_L0_V1.12.2, STM32Cube_FW_L4_V1.18.1, STM32Cube_FW_L5_V1.5.1, STM32Cube_FW_N6_V1.2.0, STM32Cube_FW_U0_V1.3.0, STM32Cube_FW_U3_V1.2.1, STM32Cube_FW_U5_V1.8.0, STM32Cube_FW_WB0_V1.3.0, STM32Cube_FW_WBA_V1.7.0, STM32Cube_FW_WB_V1.23.0, STM32Cube_FW_WL3_V1.2.0, STM32Cube_FW_WL_V1.3.1, X-CUBE-ALGOBUILD_V1.4.0, X-CUBE-ALS_V1.0.2, X-CUBE-AZRTOS-F4_V1.1.0, X-CUBE-AZRTOS-F7_V1.1.0, X-CUBE-AZRTOS-G0_V1.1.0, X-CUBE-AZRTOS-G4_V2.0.0, X-CUBE-AZRTOS-H7RS_V1.1.0, X-CUBE-AZRTOS-H7_V3.4.0, X-CUBE-AZRTOS-L4_V2.0.0, X-CUBE-AZRTOS-L5_V2.0.0, X-CUBE-AZRTOS-WB_V2.0.0, X-CUBE-AZRTOS-WL_V2.0.0, X-CUBE-BLE1_V7.1.0, X-CUBE-BLE2_V3.3.0, X-CUBE-BLEMGR_V4.1.0, X-CUBE-EEPRMA1_V5.2.0, X-CUBE-FREERTOS_V1.3.1, X-CUBE-GNSS1_V6.0.0, X-CUBE-MEMS1_V11.3.0, X-CUBE-NFC4_V3.0.0, X-CUBE-NFC7_V2.0.0, X-CUBE-SFXS2LP1_V4.0.0, X-CUBE-ST67W61_V1.1.0, X-CUBE-SUBG2_V5.0.0, X-CUBE-TOF1_V3.4.3]
2025-12-15 18:18:53,554 [INFO] DbBoardsSqlite:226 - include board P-NUCLEO-WB55-NUCLEO as a kit item of type 'Nucleo-64'
2025-12-15 18:18:53,554 [INFO] DbBoardsSqlite:226 - include board P-NUCLEO-WB55-USBDONGLE as a kit item of type 'Nucleo USB Dongle'
2025-12-15 18:18:53,555 [INFO] DbBoardsSqlite:226 - include board STEVAL-IDP005V1 as a kit item of type 'Evaluation Board'
2025-12-15 18:18:53,555 [INFO] DbBoardsSqlite:226 - include board STEVAL-IDP005V2 as a kit item of type 'Evaluation Board'
2025-12-15 18:18:53,636 [INFO] ApiDb:240 - Found 880 in-development CPN: [B-G473E-ZEST1S, B-WB1M-WPAN1, B-WBA5M-WPAN, B-WL5M-SUBG1, NUCLEO-C031C6, NUCLEO-C051C8, NUCLEO-C071RB, NUCLEO-C092RC, NUCLEO-H503RB, NUCLEO-H533RE, NUCLEO-H563ZI, NUCLEO-H7S3L8, NUCLEO-N657X0-Q, NUCLEO-U031R8, NUCLEO-U083RC, NUCLEO-U385RG-Q, NUCLEO-U545RE-Q, NUCLEO-U5A5ZJ-Q, NUCLEO-WB05KZ, NUCLEO-WB07CC, NUCLEO-WB09KE, NUCLEO-WBA52CG, NUCLEO-WBA55CG, NUCLEO-WL33CC1, NUCLEO-WL33CC2, STEVAL-PROTEUS1, STEVAL-SMARTAG2, STEVAL-STWINBX1, STM320518-EVAL, STM32C0116-DK, STM32C011D6Y3TR, STM32C011D6Y6TR, STM32C011F4P3, STM32C011F4P6, STM32C011F4U3, STM32C011F4U6TR, STM32C011F6P3, STM32C011F6P6, STM32C011F6U3, STM32C011F6U6TR, STM32C011J4M3, STM32C011J4M6, STM32C011J6M3, STM32C011J6M6, STM32C0316-DK, STM32C031C4T3, STM32C031C4T6, STM32C031C4U3, STM32C031C4U6, STM32C031C6T3, STM32C031C6T6, STM32C031C6U3, STM32C031C6U6, STM32C031F4P3, STM32C031F4P6, STM32C031F6P3, STM32C031F6P6, STM32C031G4U3, STM32C031G4U6, STM32C031G6U3, STM32C031G6U6, STM32C031K4T3, STM32C031K4T6, STM32C031K4U3, STM32C031K4U6, STM32C031K6T3, STM32C031K6T6, STM32C031K6U3, STM32C031K6U6, STM32C051C6T6, STM32C051C6U6, STM32C051C8T6, STM32C051C8U6, STM32C051D8Y6TR, STM32C051F6P6, STM32C051F8P6, STM32C051G6U6, STM32C051G8U6, STM32C051K6T6, STM32C051K6U6, STM32C051K8T6, STM32C071C8T6, STM32C071C8T6N, STM32C071C8U6, STM32C071C8U6N, STM32C071CBT6, STM32C071CBT6N, STM32C071CBU6, STM32C071CBU6N, STM32C071F8P6, STM32C071F8P6N, STM32C071FBP6, STM32C071FBP6N, STM32C071FBY6TR, STM32C071G8U6, STM32C071G8U6N, STM32C071GBU6, STM32C071GBU6N, STM32C071K8T6, STM32C071K8T6N, STM32C071K8U6, STM32C071K8U6N, STM32C071KBT6, STM32C071KBT6N, STM32C071KBU6, STM32C071KBU6N, STM32C071R8T6, STM32C071R8T6N, STM32C071RBI6N, STM32C071RBT6, STM32C071RBT6N, STM32C091CBT6, STM32C091CBU6, STM32C091CCT6, STM32C091CCU6, STM32C091ECY6TR, STM32C091FBP6, STM32C091FCP6, STM32C091GBU6, STM32C091GCU6, STM32C091KBT6, STM32C091KBU6, STM32C091KCT6, STM32C091KCU6, STM32C091RBT6, STM32C091RCI6, STM32C091RCT6, STM32C092CBT6, STM32C092CBU6, STM32C092CCT6, STM32C092CCU6, STM32C092ECY6TR, STM32C092FBP6, STM32C092FCP6, STM32C092GBU6, STM32C092GCU6, STM32C092KBT6, STM32C092KBU6, STM32C092KCT6, STM32C092KCU6, STM32C092RBT6, STM32C092RCI6, STM32C092RCT6, STM32G071K8TXN, STM32G071K8UXN, STM32G081GBU6N, STM32G081KBT6N, STM32G081KBUXN, STM32G0B1CCT6N, STM32G0B1KCT6, STM32G0B1NEY6TR, STM32G0B1RCT6N, STM32G0C1CCT6, STM32G0C1CCT6N, STM32G0C1CCU6N, STM32G0C1CET6N, STM32G0C1CEU6N, STM32G0C1KCT6, STM32G0C1NEY6TR, STM32G0C1RCI6N, STM32G0C1RCT6N, STM32G0C1REI6N, STM32G0C1RET6N, STM32G0C1VCI6, STM32G0C1VEI6, STM32G411C6T3, STM32G411C6T6, STM32G411C6U3, STM32G411C6U6, STM32G411C8T3, STM32G411C8T6, STM32G411C8U3, STM32G411C8U6, STM32G411CBT3, STM32G411CBT6, STM32G411CBU3, STM32G411CBU6, STM32G411K6T3, STM32G411K6T6, STM32G411K6U3, STM32G411K6U6, STM32G411K8T3, STM32G411K8T6, STM32G411K8U3, STM32G411K8U6, STM32G411KBT3, STM32G411KBT6, STM32G411KBU3, STM32G411KBU6, STM32G411M6T3, STM32G411M6T6, STM32G411M8T3, STM32G411M8T6, STM32G411MBT3, STM32G411MBT6, STM32G411R6T3, STM32G411R6T6, STM32G411R8T3, STM32G411R8T6, STM32G411RBT3, STM32G411RBT6, STM32G414CBT3, STM32G414CBT6, STM32G414CBU3, STM32G414CBU6, STM32G414CCT3, STM32G414CCT6, STM32G414CCU3, STM32G414CCU6, STM32G414MBT3, STM32G414MBT6, STM32G414MCT3, STM32G414MCT6, STM32G414RBT3, STM32G414RBT6, STM32G414RCT3, STM32G414RCT6, STM32G414VBT3, STM32G414VBT6, STM32G414VCT3, STM32G414VCT6, STM32G431CBT3Z, STM32G431RBT3Z, STM32G471CCT6, STM32G471CCU6, STM32G471CET3, STM32G471CET6, STM32G471CEU3, STM32G471CEU6, STM32G471MCT6, STM32G471MET3, STM32G471MET6, STM32G471MEY6TR, STM32G471QCT6, STM32G471QET3, STM32G471RCT6, STM32G471RET3, STM32G471RET6, STM32G471VCH6, STM32G471VCI6, STM32G471VCT6, STM32G471VEH3, STM32G471VEH6, STM32G471VEI3, STM32G471VEI6, STM32G471VET3, STM32G471VET6, STM32G473QET3Z, STM32G473RET3Z, STM32G474CCT6, STM32G491RET3Z, STM32H503CBT6, STM32H503CBU6, STM32H503EBY6TR, STM32H503KBU6, STM32H503RBT6, STM32H523CCT6, STM32H523CCU6, STM32H523CET6, STM32H523CEU6, STM32H523HEY6TR, STM32H523RCT6, STM32H523RET6, STM32H523VCI6, STM32H523VCT6, STM32H523VEI6, STM32H523VET6, STM32H523ZCJ6, STM32H523ZCT6, STM32H523ZEJ6, STM32H523ZET6, STM32H533CET6, STM32H533CEU6, STM32H533HEY6TR, STM32H533RET6, STM32H533VEI6, STM32H533VET6, STM32H533ZEJ6, STM32H533ZET6, STM32H562AGI6, STM32H562AII6, STM32H562IGK6, STM32H562IGT6, STM32H562IIK6, STM32H562IIT6, STM32H562RGT6, STM32H562RGV6, STM32H562RIT6, STM32H562RIV6, STM32H562VGT6, STM32H562VIT6, STM32H562ZGT6, STM32H562ZIT6, STM32H563AGI6, STM32H563AII3Q, STM32H563AII6, STM32H563IGK6, STM32H563IGT6, STM32H563IIK3Q, STM32H563IIK6, STM32H563IIT3Q, STM32H563IIT6, STM32H563MIY3QTR, STM32H563RGT6, STM32H563RGV6, STM32H563RIT6, STM32H563RIV6, STM32H563VGT6, STM32H563VIT3Q, STM32H563VIT6, STM32H563ZGT6, STM32H563ZIT3Q, STM32H563ZIT6, STM32H573AII3Q, STM32H573AII6, STM32H573I-DK, STM32H573IIK3Q, STM32H573IIK6, STM32H573IIT3Q, STM32H573IIT6, STM32H573MIY3QTR, STM32H573RIT6, STM32H573RIV6, STM32H573VIT3Q, STM32H573VIT6, STM32H573ZIT3Q, STM32H573ZIT6, STM32H7R3A8I6, STM32H7R3I8K6, STM32H7R3I8T6, STM32H7R3L8H6, STM32H7R3L8H6H, STM32H7R3R8V6, STM32H7R3V8H6, STM32H7R3V8T6, STM32H7R3V8Y6TR, STM32H7R3Z8J6, STM32H7R3Z8T6, STM32H7R7A8I6, STM32H7R7I8K6, STM32H7R7I8T6, STM32H7R7L8H6, STM32H7R7L8H6H, STM32H7R7Z8J6, STM32H7S3A8I6, STM32H7S3I8K6, STM32H7S3I8T6, STM32H7S3L8H6, STM32H7S3L8H6H, STM32H7S3R8V6, STM32H7S3V8H6, STM32H7S3V8T6, STM32H7S3V8Y6TR, STM32H7S3Z8J6, STM32H7S3Z8T6, STM32H7S78-DK, STM32H7S7A8I6, STM32H7S7I8K6, STM32H7S7I8T6, STM32H7S7L8H6, STM32H7S7L8H6H, STM32H7S7Z8J6, STM32L4R5QGI6STR, STM32MP131AAE3, STM32MP131AAF3, STM32MP131AAG3, STM32MP131CAE3, STM32MP131CAF3, STM32MP131CAG3, STM32MP131DAE7, STM32MP131DAF7, STM32MP131DAG7, STM32MP131FAE7, STM32MP131FAF7, STM32MP131FAG7, STM32MP133AAE3, STM32MP133AAF3, STM32MP133AAG3, STM32MP133CAE3, STM32MP133CAF3, STM32MP133CAG3, STM32MP133DAE7, STM32MP133DAF7, STM32MP133DAG7, STM32MP133FAE7, STM32MP133FAF7, STM32MP133FAG7, STM32MP135AAE3, STM32MP135AAF3, STM32MP135AAG3, STM32MP135CAE3, STM32MP135CAF3, STM32MP135CAG3, STM32MP135DAE7, STM32MP135DAF7, STM32MP135DAG7, STM32MP135F-DK, STM32MP135FAE7, STM32MP135FAF7, STM32MP135FAF7T, STM32MP135FAF7U, STM32MP135FAG7, STM32MP211AAL3, STM32MP211AAM3, STM32MP211AAN3, STM32MP211AAO3, STM32MP211CAL3, STM32MP211CAM3, STM32MP211CAN3, STM32MP211CAO3, STM32MP211DAL3, STM32MP211DAM3, STM32MP211DAN3, STM32MP211DAO3, STM32MP211FAL3, STM32MP211FAM3, STM32MP211FAN3, STM32MP211FAO3, STM32MP213AAL3, STM32MP213AAM3, STM32MP213AAN3, STM32MP213AAO3, STM32MP213CAL3, STM32MP213CAM3, STM32MP213CAN3, STM32MP213CAO3, STM32MP213DAL3, STM32MP213DAM3, STM32MP213DAN3, STM32MP213DAO3, STM32MP213FAL3, STM32MP213FAM3, STM32MP213FAN3, STM32MP213FAO3, STM32MP215AAL3, STM32MP215AAM3, STM32MP215AAN3, STM32MP215AAO3, STM32MP215CAL3, STM32MP215CAM3, STM32MP215CAN3, STM32MP215CAO3, STM32MP215DAL3, STM32MP215DAM3, STM32MP215DAN3, STM32MP215DAO3, STM32MP215F-DK, STM32MP215FAL3, STM32MP215FAM3, STM32MP215FAN3, STM32MP215FAO3, STM32MP231AAJ3, STM32MP231AAK3, STM32MP231AAL3, STM32MP231CAJ3, STM32MP231CAK3, STM32MP231CAL3, STM32MP231DAJ3, STM32MP231DAK3, STM32MP231DAL3, STM32MP231FAJ3, STM32MP231FAK3, STM32MP231FAL3, STM32MP233AAJ3, STM32MP233AAK3, STM32MP233AAL3, STM32MP233CAJ3, STM32MP233CAK3, STM32MP233CAL3, STM32MP233DAJ3, STM32MP233DAK3, STM32MP233DAL3, STM32MP233FAJ3, STM32MP233FAK3, STM32MP233FAL3, STM32MP235AAJ3, STM32MP235AAK3, STM32MP235AAL3, STM32MP235CAJ3, STM32MP235CAK3, STM32MP235CAL3, STM32MP235DAJ3, STM32MP235DAK3, STM32MP235DAL3, STM32MP235FAJ3, STM32MP235FAK3, STM32MP235FAL3, STM32MP251AAI3, STM32MP251AAK3, STM32MP251AAL3, STM32MP251CAI3, STM32MP251CAK3, STM32MP251CAL3, STM32MP251DAI3, STM32MP251DAK3, STM32MP251DAL3, STM32MP251FAI3, STM32MP251FAK3, STM32MP251FAL3, STM32MP253AAI3, STM32MP253AAK3, STM32MP253AAL3, STM32MP253CAI3, STM32MP253CAK3, STM32MP253CAL3, STM32MP253DAI3, STM32MP253DAK3, STM32MP253DAL3, STM32MP253FAI3, STM32MP253FAK3, STM32MP253FAL3, STM32MP255AAI3, STM32MP255AAK3, STM32MP255AAL3, STM32MP255CAI3, STM32MP255CAK3, STM32MP255CAL3, STM32MP255DAI3, STM32MP255DAK3, STM32MP255DAL3, STM32MP255FAI3, STM32MP255FAK3, STM32MP255FAL3, STM32MP257AAI3, STM32MP257AAK3, STM32MP257AAL3, STM32MP257CAI3, STM32MP257CAK3, STM32MP257CAL3, STM32MP257DAI3, STM32MP257DAK3, STM32MP257DAL3, STM32MP257F-DK, STM32MP257F-EV1, STM32MP257FAI3, STM32MP257FAK3, STM32MP257FAL3, STM32N645A0H3Q, STM32N645B0H3Q, STM32N645I0H3Q, STM32N645L0H3Q, STM32N645X0H3Q, STM32N645Z0H3Q, STM32N647A0H3Q, STM32N647B0H3Q, STM32N647I0H3Q, STM32N647L0H3Q, STM32N647X0H3Q, STM32N647Z0H3Q, STM32N655A0H3Q, STM32N655B0H3Q, STM32N655I0H3Q, STM32N655L0H3Q, STM32N655X0H3Q, STM32N655Z0H3Q, STM32N6570-DK, STM32N657A0H3Q, STM32N657B0H3Q, STM32N657I0H3Q, STM32N657L0H3Q, STM32N657X0H3Q, STM32N657Z0H3Q, STM32U031C6T6, STM32U031C6U6, STM32U031C8T6, STM32U031C8U6, STM32U031F4P6, STM32U031F6P6, STM32U031F8P6, STM32U031G6Y6TR, STM32U031G8Y6TR, STM32U031K4U6, STM32U031K6U6, STM32U031K8U6, STM32U031R6I6, STM32U031R6T6, STM32U031R8I6, STM32U031R8T6, STM32U073C8T6, STM32U073C8U6, STM32U073CBT6, STM32U073CBU6, STM32U073CCT6, STM32U073CCU6, STM32U073H8Y6TR, STM32U073HBY6TR, STM32U073HCY6TR, STM32U073K8U6, STM32U073KBU6, STM32U073KCU6, STM32U073M8I6, STM32U073M8T6, STM32U073MBI6, STM32U073MBT6, STM32U073MCI6, STM32U073MCT6, STM32U073R8I6, STM32U073R8T6, STM32U073RBI6, STM32U073RBT6, STM32U073RCI6, STM32U073RCT6, STM32U083C-DK, STM32U083CCT6, STM32U083CCU6, STM32U083HCY6TR, STM32U083KCU6, STM32U083MCI6, STM32U083MCT6, STM32U083RCI6, STM32U083RCT6, STM32U375CET6, STM32U375CET6Q, STM32U375CEU6, STM32U375CEU6Q, STM32U375CEY6QTR, STM32U375CGT6, STM32U375CGT6Q, STM32U375CGU6, STM32U375CGU6Q, STM32U375CGY6QTR, STM32U375KEU6, STM32U375KGU6, STM32U375REI6, STM32U375REI6Q, STM32U375RET6, STM32U375RET6Q, STM32U375REY6GTR, STM32U375REY6QTR, STM32U375RGI6, STM32U375RGI6Q, STM32U375RGT6, STM32U375RGT6Q, STM32U375RGY6GTR, STM32U375RGY6QTR, STM32U375VEI6, STM32U375VEI6Q, STM32U375VET6, STM32U375VET6Q, STM32U375VGI6, STM32U375VGI6Q, STM32U375VGT6, STM32U375VGT6Q, STM32U385CGT6, STM32U385CGT6Q, STM32U385CGU6, STM32U385CGU6Q, STM32U385CGY6QTR, STM32U385KGU6, STM32U385RGI6, STM32U385RGI6Q, STM32U385RGT6, STM32U385RGT6Q, STM32U385RGY6GTR, STM32U385RGY6QTR, STM32U385VGI6, STM32U385VGI6Q, STM32U385VGT6, STM32U385VGT6Q, STM32U535CBT6, STM32U535CBT6Q, STM32U535CBU6, STM32U535CBU6Q, STM32U535CCT6, STM32U535CCT6Q, STM32U535CCU6, STM32U535CCU6Q, STM32U535CET6, STM32U535CET6Q, STM32U535CEU6, STM32U535CEU6Q, STM32U535JEY6QTR, STM32U535NCY6QTR, STM32U535NEY6QTR, STM32U535RBI6, STM32U535RBI6Q, STM32U535RBT6, STM32U535RBT6Q, STM32U535RCI6, STM32U535RCI6Q, STM32U535RCT6, STM32U535RCT6Q, STM32U535REI6, STM32U535REI6Q, STM32U535RET6, STM32U535RET6Q, STM32U535VCI6, STM32U535VCI6Q, STM32U535VCT6, STM32U535VCT6Q, STM32U535VEI6, STM32U535VEI6Q, STM32U535VET6, STM32U535VET6Q, STM32U545CET6, STM32U545CET6Q, STM32U545CEU6, STM32U545CEU6Q, STM32U545JEY6QTR, STM32U545NEY6QTR, STM32U545REI6, STM32U545REI6Q, STM32U545RET6, STM32U545RET6Q, STM32U545VEI6, STM32U545VEI6Q, STM32U545VET6, STM32U545VET6Q, STM32U595AIH6, STM32U595AIH6Q, STM32U595AJH6, STM32U595AJH6Q, STM32U595QII6, STM32U595QII6Q, STM32U595QJI6, STM32U595QJI6Q, STM32U595RIT6, STM32U595RIT6Q, STM32U595RJT6, STM32U595RJT6Q, STM32U595VIT6, STM32U595VIT6Q, STM32U595VJT6, STM32U595VJT6Q, STM32U595ZIT6, STM32U595ZIT6Q, STM32U595ZIY6QTR, STM32U595ZJT6, STM32U595ZJT6Q, STM32U595ZJY6QTR, STM32U599BJY6QTR, STM32U599NIH6Q, STM32U599NJH6Q, STM32U599VIT6Q, STM32U599VJT6, STM32U599VJT6Q, STM32U599ZIT6Q, STM32U599ZIY6QTR, STM32U599ZJT6Q, STM32U599ZJY6QTR, STM32U5A5AJH6, STM32U5A5AJH6Q, STM32U5A5QII3Q , STM32U5A5QJI6, STM32U5A5QJI6Q, STM32U5A5RJT6, STM32U5A5RJT6Q, STM32U5A5VJT6, STM32U5A5VJT6Q, STM32U5A5ZJT6, STM32U5A5ZJT6Q, STM32U5A5ZJY6QTR, STM32U5A9BJY6QTR, STM32U5A9J-DK, STM32U5A9NJH6Q, STM32U5A9VJT6Q, STM32U5A9ZJT6Q, STM32U5A9ZJY6QTR, STM32U5F7VIT6, STM32U5F7VIT6Q, STM32U5F7VJT6, STM32U5F7VJT6Q, STM32U5F9BJY6QTR, STM32U5F9NJH6Q, STM32U5F9VIT6Q, STM32U5F9VJT6Q, STM32U5F9ZIJ6QTR, STM32U5F9ZIT6Q, STM32U5F9ZJJ6QTR, STM32U5F9ZJT6Q, STM32U5G7VJT6, STM32U5G7VJT6Q, STM32U5G9BJY6QTR, STM32U5G9J-DK1, STM32U5G9J-DK2, STM32U5G9NJH6Q, STM32U5G9VJT6Q, STM32U5G9ZJJ6QTR, STM32U5G9ZJT6Q, STM32WB05KZV6TR, STM32WB05KZV7TR, STM32WB05TZF6TR, STM32WB05TZF7TR, STM32WB06CCF6TR, STM32WB06CCF7TR, STM32WB06CCV6TR, STM32WB06CCV7TR, STM32WB06KCV6TR, STM32WB06KCV7TR, STM32WB07CCF6TR, STM32WB07CCF7TR, STM32WB07CCV6TR, STM32WB07CCV7TR, STM32WB07KCV6TR, STM32WB07KCV7TR, STM32WB09KEV6TR, STM32WB09KEV7TR, STM32WB09TEF6TR, STM32WB09TEF7TR, STM32WB1MMCH6, STM32WBA50KGU6, STM32WBA50KGU6TR, STM32WBA52CEU6, STM32WBA52CEU6TR, STM32WBA52CEU7, STM32WBA52CEU7TR, STM32WBA52CGU6, STM32WBA52CGU6TR, STM32WBA52CGU6U, STM32WBA52CGU7, STM32WBA52CGU7TR, STM32WBA52KEU6, STM32WBA52KEU6TR, STM32WBA52KGU6, STM32WBA52KGU6TR, STM32WBA54CEU6, STM32WBA54CEU6TR, STM32WBA54CEU7, STM32WBA54CEU7TR, STM32WBA54CGU6, STM32WBA54CGU6TR, STM32WBA54CGU7, STM32WBA54CGU7TR, STM32WBA54KEU6, STM32WBA54KEU6TR, STM32WBA54KEU7, STM32WBA54KEU7TR, STM32WBA54KGU6, STM32WBA54KGU6TR, STM32WBA54KGU7, STM32WBA54KGU7TR, STM32WBA55CEU6, STM32WBA55CEU6TR, STM32WBA55CEU7, STM32WBA55CEU7TR, STM32WBA55CGU6, STM32WBA55CGU6TR, STM32WBA55CGU6U, STM32WBA55CGU7, STM32WBA55CGU7TR, STM32WBA55G-DK1, STM32WBA55HEF6, STM32WBA55HEF7, STM32WBA55HGF6, STM32WBA55HGF7, STM32WBA55UEI6, STM32WBA55UEI6TR, STM32WBA55UEI7, STM32WBA55UEI7TR, STM32WBA55UGI6, STM32WBA55UGI6TR, STM32WBA55UGI7, STM32WBA55UGI7TR, STM32WBA5MMGH6TR, STM32WBA62MGF6, STM32WBA62MIF6, STM32WBA65MGF7, STM32WBA65MIF6, STM32WBA65MIF7, STM32WL30K8V6, STM32WL30KBV6, STM32WL31C8V6, STM32WL31CBV6, STM32WL31K8V6, STM32WL31KBV6, STM32WL33C8V6, STM32WL33C8V6X, STM32WL33CBV6, STM32WL33CBV6X, STM32WL33CCV6, STM32WL33CCV6A, STM32WL33CCV6X, STM32WL33K8V7, STM32WL33K8V7X, STM32WL33KBV7 , STM32WL33KBV7X, STM32WL33KCV7, STM32WL33KCV7X, STM32WL5MOCH6, STM32WL5MOCH6TR]
2025-12-15 18:18:53,988 [INFO] BoardInfo:889 - No configuration file found for board P-NUCLEO-WB55
2025-12-15 18:18:53,991 [INFO] DbBoards:161 - Kit is not supported: P-NUCLEO-WB55
2025-12-15 18:18:54,006 [INFO] BoardInfo:889 - No configuration file found for board STEVAL-BFA001V1B
2025-12-15 18:18:54,008 [INFO] DbBoards:161 - Kit is not supported: STEVAL-BFA001V1B
2025-12-15 18:18:54,010 [INFO] BoardInfo:889 - No configuration file found for board STEVAL-BFA001V2B
2025-12-15 18:18:54,012 [INFO] DbBoards:161 - Kit is not supported: STEVAL-BFA001V2B
2025-12-15 18:18:54,328 [INFO] DbBoards:168 - Found 212 boards, 209 are supported
2025-12-15 18:18:54,328 [INFO] DbBoards:169 - Found 212 boards, 43 of them is supported for  Bsp
2025-12-15 18:18:54,331 [INFO] ApiDb:668 - CubeFinder database Data Model version=2.1
2025-12-15 18:18:54,331 [INFO] ApiDb:669 - CubeFinder database Configuration version=3.0.39
2025-12-15 18:18:54,331 [INFO] ApiDb:670 - CubeFinder database generation date=2025-10-27 (1761571959)
2025-12-15 18:18:54,331 [INFO] ApiDb:671 - CubeFinder database FW Pack versions=[FP-ATR-ASTRA1_V2.0.0, FP-SNS-FLIGHT1_V5.1.0, FP-SNS-MOTENV1_V5.0.0, FP-SNS-MOTENVWB1_V1.4.0, FP-SNS-SMARTAG2_V1.2.0, FP-SNS-STBOX1_V2.1.0, STM32Cube_FW_C0_V1.4.0, STM32Cube_FW_F4_V1.28.3, STM32Cube_FW_F7_V1.17.4, STM32Cube_FW_G0_V1.6.2, STM32Cube_FW_G4_V1.6.1, STM32Cube_FW_H5_V1.5.0, STM32Cube_FW_H7RS_V1.2.0, STM32Cube_FW_H7_V1.12.1, STM32Cube_FW_L0_V1.12.2, STM32Cube_FW_L4_V1.18.1, STM32Cube_FW_L5_V1.5.1, STM32Cube_FW_N6_V1.2.0, STM32Cube_FW_U0_V1.3.0, STM32Cube_FW_U3_V1.2.1, STM32Cube_FW_U5_V1.8.0, STM32Cube_FW_WB0_V1.3.0, STM32Cube_FW_WBA_V1.7.0, STM32Cube_FW_WB_V1.23.0, STM32Cube_FW_WL3_V1.2.0, STM32Cube_FW_WL_V1.3.1, X-CUBE-ALGOBUILD_V1.4.0, X-CUBE-ALS_V1.0.2, X-CUBE-AZRTOS-F4_V1.1.0, X-CUBE-AZRTOS-F7_V1.1.0, X-CUBE-AZRTOS-G0_V1.1.0, X-CUBE-AZRTOS-G4_V2.0.0, X-CUBE-AZRTOS-H7RS_V1.1.0, X-CUBE-AZRTOS-H7_V3.4.0, X-CUBE-AZRTOS-L4_V2.0.0, X-CUBE-AZRTOS-L5_V2.0.0, X-CUBE-AZRTOS-WB_V2.0.0, X-CUBE-AZRTOS-WL_V2.0.0, X-CUBE-BLE1_V7.1.0, X-CUBE-BLE2_V3.3.0, X-CUBE-BLEMGR_V4.1.0, X-CUBE-EEPRMA1_V5.2.0, X-CUBE-FREERTOS_V1.3.1, X-CUBE-GNSS1_V6.0.0, X-CUBE-MEMS1_V11.3.0, X-CUBE-NFC4_V3.0.0, X-CUBE-NFC7_V2.0.0, X-CUBE-SFXS2LP1_V4.0.0, X-CUBE-ST67W61_V1.1.0, X-CUBE-SUBG2_V5.0.0, X-CUBE-TOF1_V3.4.3]
2025-12-15 18:18:56,615 [INFO] ApiDb:240 - Found 880 in-development CPN: [B-G473E-ZEST1S, B-WB1M-WPAN1, B-WBA5M-WPAN, B-WL5M-SUBG1, NUCLEO-C031C6, NUCLEO-C051C8, NUCLEO-C071RB, NUCLEO-C092RC, NUCLEO-H503RB, NUCLEO-H533RE, NUCLEO-H563ZI, NUCLEO-H7S3L8, NUCLEO-N657X0-Q, NUCLEO-U031R8, NUCLEO-U083RC, NUCLEO-U385RG-Q, NUCLEO-U545RE-Q, NUCLEO-U5A5ZJ-Q, NUCLEO-WB05KZ, NUCLEO-WB07CC, NUCLEO-WB09KE, NUCLEO-WBA52CG, NUCLEO-WBA55CG, NUCLEO-WL33CC1, NUCLEO-WL33CC2, STEVAL-PROTEUS1, STEVAL-SMARTAG2, STEVAL-STWINBX1, STM320518-EVAL, STM32C0116-DK, STM32C011D6Y3TR, STM32C011D6Y6TR, STM32C011F4P3, STM32C011F4P6, STM32C011F4U3, STM32C011F4U6TR, STM32C011F6P3, STM32C011F6P6, STM32C011F6U3, STM32C011F6U6TR, STM32C011J4M3, STM32C011J4M6, STM32C011J6M3, STM32C011J6M6, STM32C0316-DK, STM32C031C4T3, STM32C031C4T6, STM32C031C4U3, STM32C031C4U6, STM32C031C6T3, STM32C031C6T6, STM32C031C6U3, STM32C031C6U6, STM32C031F4P3, STM32C031F4P6, STM32C031F6P3, STM32C031F6P6, STM32C031G4U3, STM32C031G4U6, STM32C031G6U3, STM32C031G6U6, STM32C031K4T3, STM32C031K4T6, STM32C031K4U3, STM32C031K4U6, STM32C031K6T3, STM32C031K6T6, STM32C031K6U3, STM32C031K6U6, STM32C051C6T6, STM32C051C6U6, STM32C051C8T6, STM32C051C8U6, STM32C051D8Y6TR, STM32C051F6P6, STM32C051F8P6, STM32C051G6U6, STM32C051G8U6, STM32C051K6T6, STM32C051K6U6, STM32C051K8T6, STM32C071C8T6, STM32C071C8T6N, STM32C071C8U6, STM32C071C8U6N, STM32C071CBT6, STM32C071CBT6N, STM32C071CBU6, STM32C071CBU6N, STM32C071F8P6, STM32C071F8P6N, STM32C071FBP6, STM32C071FBP6N, STM32C071FBY6TR, STM32C071G8U6, STM32C071G8U6N, STM32C071GBU6, STM32C071GBU6N, STM32C071K8T6, STM32C071K8T6N, STM32C071K8U6, STM32C071K8U6N, STM32C071KBT6, STM32C071KBT6N, STM32C071KBU6, STM32C071KBU6N, STM32C071R8T6, STM32C071R8T6N, STM32C071RBI6N, STM32C071RBT6, STM32C071RBT6N, STM32C091CBT6, STM32C091CBU6, STM32C091CCT6, STM32C091CCU6, STM32C091ECY6TR, STM32C091FBP6, STM32C091FCP6, STM32C091GBU6, STM32C091GCU6, STM32C091KBT6, STM32C091KBU6, STM32C091KCT6, STM32C091KCU6, STM32C091RBT6, STM32C091RCI6, STM32C091RCT6, STM32C092CBT6, STM32C092CBU6, STM32C092CCT6, STM32C092CCU6, STM32C092ECY6TR, STM32C092FBP6, STM32C092FCP6, STM32C092GBU6, STM32C092GCU6, STM32C092KBT6, STM32C092KBU6, STM32C092KCT6, STM32C092KCU6, STM32C092RBT6, STM32C092RCI6, STM32C092RCT6, STM32G071K8TXN, STM32G071K8UXN, STM32G081GBU6N, STM32G081KBT6N, STM32G081KBUXN, STM32G0B1CCT6N, STM32G0B1KCT6, STM32G0B1NEY6TR, STM32G0B1RCT6N, STM32G0C1CCT6, STM32G0C1CCT6N, STM32G0C1CCU6N, STM32G0C1CET6N, STM32G0C1CEU6N, STM32G0C1KCT6, STM32G0C1NEY6TR, STM32G0C1RCI6N, STM32G0C1RCT6N, STM32G0C1REI6N, STM32G0C1RET6N, STM32G0C1VCI6, STM32G0C1VEI6, STM32G411C6T3, STM32G411C6T6, STM32G411C6U3, STM32G411C6U6, STM32G411C8T3, STM32G411C8T6, STM32G411C8U3, STM32G411C8U6, STM32G411CBT3, STM32G411CBT6, STM32G411CBU3, STM32G411CBU6, STM32G411K6T3, STM32G411K6T6, STM32G411K6U3, STM32G411K6U6, STM32G411K8T3, STM32G411K8T6, STM32G411K8U3, STM32G411K8U6, STM32G411KBT3, STM32G411KBT6, STM32G411KBU3, STM32G411KBU6, STM32G411M6T3, STM32G411M6T6, STM32G411M8T3, STM32G411M8T6, STM32G411MBT3, STM32G411MBT6, STM32G411R6T3, STM32G411R6T6, STM32G411R8T3, STM32G411R8T6, STM32G411RBT3, STM32G411RBT6, STM32G414CBT3, STM32G414CBT6, STM32G414CBU3, STM32G414CBU6, STM32G414CCT3, STM32G414CCT6, STM32G414CCU3, STM32G414CCU6, STM32G414MBT3, STM32G414MBT6, STM32G414MCT3, STM32G414MCT6, STM32G414RBT3, STM32G414RBT6, STM32G414RCT3, STM32G414RCT6, STM32G414VBT3, STM32G414VBT6, STM32G414VCT3, STM32G414VCT6, STM32G431CBT3Z, STM32G431RBT3Z, STM32G471CCT6, STM32G471CCU6, STM32G471CET3, STM32G471CET6, STM32G471CEU3, STM32G471CEU6, STM32G471MCT6, STM32G471MET3, STM32G471MET6, STM32G471MEY6TR, STM32G471QCT6, STM32G471QET3, STM32G471RCT6, STM32G471RET3, STM32G471RET6, STM32G471VCH6, STM32G471VCI6, STM32G471VCT6, STM32G471VEH3, STM32G471VEH6, STM32G471VEI3, STM32G471VEI6, STM32G471VET3, STM32G471VET6, STM32G473QET3Z, STM32G473RET3Z, STM32G474CCT6, STM32G491RET3Z, STM32H503CBT6, STM32H503CBU6, STM32H503EBY6TR, STM32H503KBU6, STM32H503RBT6, STM32H523CCT6, STM32H523CCU6, STM32H523CET6, STM32H523CEU6, STM32H523HEY6TR, STM32H523RCT6, STM32H523RET6, STM32H523VCI6, STM32H523VCT6, STM32H523VEI6, STM32H523VET6, STM32H523ZCJ6, STM32H523ZCT6, STM32H523ZEJ6, STM32H523ZET6, STM32H533CET6, STM32H533CEU6, STM32H533HEY6TR, STM32H533RET6, STM32H533VEI6, STM32H533VET6, STM32H533ZEJ6, STM32H533ZET6, STM32H562AGI6, STM32H562AII6, STM32H562IGK6, STM32H562IGT6, STM32H562IIK6, STM32H562IIT6, STM32H562RGT6, STM32H562RGV6, STM32H562RIT6, STM32H562RIV6, STM32H562VGT6, STM32H562VIT6, STM32H562ZGT6, STM32H562ZIT6, STM32H563AGI6, STM32H563AII3Q, STM32H563AII6, STM32H563IGK6, STM32H563IGT6, STM32H563IIK3Q, STM32H563IIK6, STM32H563IIT3Q, STM32H563IIT6, STM32H563MIY3QTR, STM32H563RGT6, STM32H563RGV6, STM32H563RIT6, STM32H563RIV6, STM32H563VGT6, STM32H563VIT3Q, STM32H563VIT6, STM32H563ZGT6, STM32H563ZIT3Q, STM32H563ZIT6, STM32H573AII3Q, STM32H573AII6, STM32H573I-DK, STM32H573IIK3Q, STM32H573IIK6, STM32H573IIT3Q, STM32H573IIT6, STM32H573MIY3QTR, STM32H573RIT6, STM32H573RIV6, STM32H573VIT3Q, STM32H573VIT6, STM32H573ZIT3Q, STM32H573ZIT6, STM32H7R3A8I6, STM32H7R3I8K6, STM32H7R3I8T6, STM32H7R3L8H6, STM32H7R3L8H6H, STM32H7R3R8V6, STM32H7R3V8H6, STM32H7R3V8T6, STM32H7R3V8Y6TR, STM32H7R3Z8J6, STM32H7R3Z8T6, STM32H7R7A8I6, STM32H7R7I8K6, STM32H7R7I8T6, STM32H7R7L8H6, STM32H7R7L8H6H, STM32H7R7Z8J6, STM32H7S3A8I6, STM32H7S3I8K6, STM32H7S3I8T6, STM32H7S3L8H6, STM32H7S3L8H6H, STM32H7S3R8V6, STM32H7S3V8H6, STM32H7S3V8T6, STM32H7S3V8Y6TR, STM32H7S3Z8J6, STM32H7S3Z8T6, STM32H7S78-DK, STM32H7S7A8I6, STM32H7S7I8K6, STM32H7S7I8T6, STM32H7S7L8H6, STM32H7S7L8H6H, STM32H7S7Z8J6, STM32L4R5QGI6STR, STM32MP131AAE3, STM32MP131AAF3, STM32MP131AAG3, STM32MP131CAE3, STM32MP131CAF3, STM32MP131CAG3, STM32MP131DAE7, STM32MP131DAF7, STM32MP131DAG7, STM32MP131FAE7, STM32MP131FAF7, STM32MP131FAG7, STM32MP133AAE3, STM32MP133AAF3, STM32MP133AAG3, STM32MP133CAE3, STM32MP133CAF3, STM32MP133CAG3, STM32MP133DAE7, STM32MP133DAF7, STM32MP133DAG7, STM32MP133FAE7, STM32MP133FAF7, STM32MP133FAG7, STM32MP135AAE3, STM32MP135AAF3, STM32MP135AAG3, STM32MP135CAE3, STM32MP135CAF3, STM32MP135CAG3, STM32MP135DAE7, STM32MP135DAF7, STM32MP135DAG7, STM32MP135F-DK, STM32MP135FAE7, STM32MP135FAF7, STM32MP135FAF7T, STM32MP135FAF7U, STM32MP135FAG7, STM32MP211AAL3, STM32MP211AAM3, STM32MP211AAN3, STM32MP211AAO3, STM32MP211CAL3, STM32MP211CAM3, STM32MP211CAN3, STM32MP211CAO3, STM32MP211DAL3, STM32MP211DAM3, STM32MP211DAN3, STM32MP211DAO3, STM32MP211FAL3, STM32MP211FAM3, STM32MP211FAN3, STM32MP211FAO3, STM32MP213AAL3, STM32MP213AAM3, STM32MP213AAN3, STM32MP213AAO3, STM32MP213CAL3, STM32MP213CAM3, STM32MP213CAN3, STM32MP213CAO3, STM32MP213DAL3, STM32MP213DAM3, STM32MP213DAN3, STM32MP213DAO3, STM32MP213FAL3, STM32MP213FAM3, STM32MP213FAN3, STM32MP213FAO3, STM32MP215AAL3, STM32MP215AAM3, STM32MP215AAN3, STM32MP215AAO3, STM32MP215CAL3, STM32MP215CAM3, STM32MP215CAN3, STM32MP215CAO3, STM32MP215DAL3, STM32MP215DAM3, STM32MP215DAN3, STM32MP215DAO3, STM32MP215F-DK, STM32MP215FAL3, STM32MP215FAM3, STM32MP215FAN3, STM32MP215FAO3, STM32MP231AAJ3, STM32MP231AAK3, STM32MP231AAL3, STM32MP231CAJ3, STM32MP231CAK3, STM32MP231CAL3, STM32MP231DAJ3, STM32MP231DAK3, STM32MP231DAL3, STM32MP231FAJ3, STM32MP231FAK3, STM32MP231FAL3, STM32MP233AAJ3, STM32MP233AAK3, STM32MP233AAL3, STM32MP233CAJ3, STM32MP233CAK3, STM32MP233CAL3, STM32MP233DAJ3, STM32MP233DAK3, STM32MP233DAL3, STM32MP233FAJ3, STM32MP233FAK3, STM32MP233FAL3, STM32MP235AAJ3, STM32MP235AAK3, STM32MP235AAL3, STM32MP235CAJ3, STM32MP235CAK3, STM32MP235CAL3, STM32MP235DAJ3, STM32MP235DAK3, STM32MP235DAL3, STM32MP235FAJ3, STM32MP235FAK3, STM32MP235FAL3, STM32MP251AAI3, STM32MP251AAK3, STM32MP251AAL3, STM32MP251CAI3, STM32MP251CAK3, STM32MP251CAL3, STM32MP251DAI3, STM32MP251DAK3, STM32MP251DAL3, STM32MP251FAI3, STM32MP251FAK3, STM32MP251FAL3, STM32MP253AAI3, STM32MP253AAK3, STM32MP253AAL3, STM32MP253CAI3, STM32MP253CAK3, STM32MP253CAL3, STM32MP253DAI3, STM32MP253DAK3, STM32MP253DAL3, STM32MP253FAI3, STM32MP253FAK3, STM32MP253FAL3, STM32MP255AAI3, STM32MP255AAK3, STM32MP255AAL3, STM32MP255CAI3, STM32MP255CAK3, STM32MP255CAL3, STM32MP255DAI3, STM32MP255DAK3, STM32MP255DAL3, STM32MP255FAI3, STM32MP255FAK3, STM32MP255FAL3, STM32MP257AAI3, STM32MP257AAK3, STM32MP257AAL3, STM32MP257CAI3, STM32MP257CAK3, STM32MP257CAL3, STM32MP257DAI3, STM32MP257DAK3, STM32MP257DAL3, STM32MP257F-DK, STM32MP257F-EV1, STM32MP257FAI3, STM32MP257FAK3, STM32MP257FAL3, STM32N645A0H3Q, STM32N645B0H3Q, STM32N645I0H3Q, STM32N645L0H3Q, STM32N645X0H3Q, STM32N645Z0H3Q, STM32N647A0H3Q, STM32N647B0H3Q, STM32N647I0H3Q, STM32N647L0H3Q, STM32N647X0H3Q, STM32N647Z0H3Q, STM32N655A0H3Q, STM32N655B0H3Q, STM32N655I0H3Q, STM32N655L0H3Q, STM32N655X0H3Q, STM32N655Z0H3Q, STM32N6570-DK, STM32N657A0H3Q, STM32N657B0H3Q, STM32N657I0H3Q, STM32N657L0H3Q, STM32N657X0H3Q, STM32N657Z0H3Q, STM32U031C6T6, STM32U031C6U6, STM32U031C8T6, STM32U031C8U6, STM32U031F4P6, STM32U031F6P6, STM32U031F8P6, STM32U031G6Y6TR, STM32U031G8Y6TR, STM32U031K4U6, STM32U031K6U6, STM32U031K8U6, STM32U031R6I6, STM32U031R6T6, STM32U031R8I6, STM32U031R8T6, STM32U073C8T6, STM32U073C8U6, STM32U073CBT6, STM32U073CBU6, STM32U073CCT6, STM32U073CCU6, STM32U073H8Y6TR, STM32U073HBY6TR, STM32U073HCY6TR, STM32U073K8U6, STM32U073KBU6, STM32U073KCU6, STM32U073M8I6, STM32U073M8T6, STM32U073MBI6, STM32U073MBT6, STM32U073MCI6, STM32U073MCT6, STM32U073R8I6, STM32U073R8T6, STM32U073RBI6, STM32U073RBT6, STM32U073RCI6, STM32U073RCT6, STM32U083C-DK, STM32U083CCT6, STM32U083CCU6, STM32U083HCY6TR, STM32U083KCU6, STM32U083MCI6, STM32U083MCT6, STM32U083RCI6, STM32U083RCT6, STM32U375CET6, STM32U375CET6Q, STM32U375CEU6, STM32U375CEU6Q, STM32U375CEY6QTR, STM32U375CGT6, STM32U375CGT6Q, STM32U375CGU6, STM32U375CGU6Q, STM32U375CGY6QTR, STM32U375KEU6, STM32U375KGU6, STM32U375REI6, STM32U375REI6Q, STM32U375RET6, STM32U375RET6Q, STM32U375REY6GTR, STM32U375REY6QTR, STM32U375RGI6, STM32U375RGI6Q, STM32U375RGT6, STM32U375RGT6Q, STM32U375RGY6GTR, STM32U375RGY6QTR, STM32U375VEI6, STM32U375VEI6Q, STM32U375VET6, STM32U375VET6Q, STM32U375VGI6, STM32U375VGI6Q, STM32U375VGT6, STM32U375VGT6Q, STM32U385CGT6, STM32U385CGT6Q, STM32U385CGU6, STM32U385CGU6Q, STM32U385CGY6QTR, STM32U385KGU6, STM32U385RGI6, STM32U385RGI6Q, STM32U385RGT6, STM32U385RGT6Q, STM32U385RGY6GTR, STM32U385RGY6QTR, STM32U385VGI6, STM32U385VGI6Q, STM32U385VGT6, STM32U385VGT6Q, STM32U535CBT6, STM32U535CBT6Q, STM32U535CBU6, STM32U535CBU6Q, STM32U535CCT6, STM32U535CCT6Q, STM32U535CCU6, STM32U535CCU6Q, STM32U535CET6, STM32U535CET6Q, STM32U535CEU6, STM32U535CEU6Q, STM32U535JEY6QTR, STM32U535NCY6QTR, STM32U535NEY6QTR, STM32U535RBI6, STM32U535RBI6Q, STM32U535RBT6, STM32U535RBT6Q, STM32U535RCI6, STM32U535RCI6Q, STM32U535RCT6, STM32U535RCT6Q, STM32U535REI6, STM32U535REI6Q, STM32U535RET6, STM32U535RET6Q, STM32U535VCI6, STM32U535VCI6Q, STM32U535VCT6, STM32U535VCT6Q, STM32U535VEI6, STM32U535VEI6Q, STM32U535VET6, STM32U535VET6Q, STM32U545CET6, STM32U545CET6Q, STM32U545CEU6, STM32U545CEU6Q, STM32U545JEY6QTR, STM32U545NEY6QTR, STM32U545REI6, STM32U545REI6Q, STM32U545RET6, STM32U545RET6Q, STM32U545VEI6, STM32U545VEI6Q, STM32U545VET6, STM32U545VET6Q, STM32U595AIH6, STM32U595AIH6Q, STM32U595AJH6, STM32U595AJH6Q, STM32U595QII6, STM32U595QII6Q, STM32U595QJI6, STM32U595QJI6Q, STM32U595RIT6, STM32U595RIT6Q, STM32U595RJT6, STM32U595RJT6Q, STM32U595VIT6, STM32U595VIT6Q, STM32U595VJT6, STM32U595VJT6Q, STM32U595ZIT6, STM32U595ZIT6Q, STM32U595ZIY6QTR, STM32U595ZJT6, STM32U595ZJT6Q, STM32U595ZJY6QTR, STM32U599BJY6QTR, STM32U599NIH6Q, STM32U599NJH6Q, STM32U599VIT6Q, STM32U599VJT6, STM32U599VJT6Q, STM32U599ZIT6Q, STM32U599ZIY6QTR, STM32U599ZJT6Q, STM32U599ZJY6QTR, STM32U5A5AJH6, STM32U5A5AJH6Q, STM32U5A5QII3Q , STM32U5A5QJI6, STM32U5A5QJI6Q, STM32U5A5RJT6, STM32U5A5RJT6Q, STM32U5A5VJT6, STM32U5A5VJT6Q, STM32U5A5ZJT6, STM32U5A5ZJT6Q, STM32U5A5ZJY6QTR, STM32U5A9BJY6QTR, STM32U5A9J-DK, STM32U5A9NJH6Q, STM32U5A9VJT6Q, STM32U5A9ZJT6Q, STM32U5A9ZJY6QTR, STM32U5F7VIT6, STM32U5F7VIT6Q, STM32U5F7VJT6, STM32U5F7VJT6Q, STM32U5F9BJY6QTR, STM32U5F9NJH6Q, STM32U5F9VIT6Q, STM32U5F9VJT6Q, STM32U5F9ZIJ6QTR, STM32U5F9ZIT6Q, STM32U5F9ZJJ6QTR, STM32U5F9ZJT6Q, STM32U5G7VJT6, STM32U5G7VJT6Q, STM32U5G9BJY6QTR, STM32U5G9J-DK1, STM32U5G9J-DK2, STM32U5G9NJH6Q, STM32U5G9VJT6Q, STM32U5G9ZJJ6QTR, STM32U5G9ZJT6Q, STM32WB05KZV6TR, STM32WB05KZV7TR, STM32WB05TZF6TR, STM32WB05TZF7TR, STM32WB06CCF6TR, STM32WB06CCF7TR, STM32WB06CCV6TR, STM32WB06CCV7TR, STM32WB06KCV6TR, STM32WB06KCV7TR, STM32WB07CCF6TR, STM32WB07CCF7TR, STM32WB07CCV6TR, STM32WB07CCV7TR, STM32WB07KCV6TR, STM32WB07KCV7TR, STM32WB09KEV6TR, STM32WB09KEV7TR, STM32WB09TEF6TR, STM32WB09TEF7TR, STM32WB1MMCH6, STM32WBA50KGU6, STM32WBA50KGU6TR, STM32WBA52CEU6, STM32WBA52CEU6TR, STM32WBA52CEU7, STM32WBA52CEU7TR, STM32WBA52CGU6, STM32WBA52CGU6TR, STM32WBA52CGU6U, STM32WBA52CGU7, STM32WBA52CGU7TR, STM32WBA52KEU6, STM32WBA52KEU6TR, STM32WBA52KGU6, STM32WBA52KGU6TR, STM32WBA54CEU6, STM32WBA54CEU6TR, STM32WBA54CEU7, STM32WBA54CEU7TR, STM32WBA54CGU6, STM32WBA54CGU6TR, STM32WBA54CGU7, STM32WBA54CGU7TR, STM32WBA54KEU6, STM32WBA54KEU6TR, STM32WBA54KEU7, STM32WBA54KEU7TR, STM32WBA54KGU6, STM32WBA54KGU6TR, STM32WBA54KGU7, STM32WBA54KGU7TR, STM32WBA55CEU6, STM32WBA55CEU6TR, STM32WBA55CEU7, STM32WBA55CEU7TR, STM32WBA55CGU6, STM32WBA55CGU6TR, STM32WBA55CGU6U, STM32WBA55CGU7, STM32WBA55CGU7TR, STM32WBA55G-DK1, STM32WBA55HEF6, STM32WBA55HEF7, STM32WBA55HGF6, STM32WBA55HGF7, STM32WBA55UEI6, STM32WBA55UEI6TR, STM32WBA55UEI7, STM32WBA55UEI7TR, STM32WBA55UGI6, STM32WBA55UGI6TR, STM32WBA55UGI7, STM32WBA55UGI7TR, STM32WBA5MMGH6TR, STM32WBA62MGF6, STM32WBA62MIF6, STM32WBA65MGF7, STM32WBA65MIF6, STM32WBA65MIF7, STM32WL30K8V6, STM32WL30KBV6, STM32WL31C8V6, STM32WL31CBV6, STM32WL31K8V6, STM32WL31KBV6, STM32WL33C8V6, STM32WL33C8V6X, STM32WL33CBV6, STM32WL33CBV6X, STM32WL33CCV6, STM32WL33CCV6A, STM32WL33CCV6X, STM32WL33K8V7, STM32WL33K8V7X, STM32WL33KBV7 , STM32WL33KBV7X, STM32WL33KCV7, STM32WL33KCV7X, STM32WL5MOCH6, STM32WL5MOCH6TR]
2025-12-15 18:18:56,619 [INFO] DbMcus:218 - Found 4801 MCUs, 4801 are supported
2025-12-15 18:18:56,619 [INFO] ApiDb:423 - Load user favorites file C:\Users\ivanp/.stm32cubeide/favorites.mcus.txt: 0 item(s)
2025-12-15 18:18:56,620 [INFO] ApiDb:427 - User favorites MCUs=[]
2025-12-15 18:18:56,620 [INFO] DbMcus:224 - Set 0 / 0 favorites MCUs
2025-12-15 18:18:57,071 [INFO] ApiDb:423 - Load user favorites file C:\Users\ivanp/.stm32cubeide/favorites.boards.txt: 0 item(s)
2025-12-15 18:18:57,071 [INFO] ApiDb:427 - User favorites Boards=[]
2025-12-15 18:18:57,071 [INFO] DbBoards:198 - Set 0 / 0 favorites Boards
2025-12-15 18:18:57,150 [INFO] UtilMem:75 - End LoadConfig() Used Memory: 826500664 Bytes (1073741824)
2025-12-15 18:18:57,292 [WARN] ThirdParty:833 - waiting for thirdparty lock release [change project]
2025-12-15 18:18:57,292 [INFO] ThirdParty:835 - entering critical section [change project]
2025-12-15 18:18:57,293 [INFO] ThirdParty:1030 - CMSIS Pack Vendor :STMicroelectronics USBPD 4.1
2025-12-15 18:18:57,293 [INFO] ThirdParty:1030 - CMSIS Pack Vendor :STMicroelectronics USB_HOST 2.0.0
2025-12-15 18:18:57,293 [INFO] ThirdParty:1030 - CMSIS Pack Vendor :STMicroelectronics FP-SNS-MOTENVWB1 1.4.0
2025-12-15 18:18:57,293 [INFO] ThirdParty:1030 - CMSIS Pack Vendor :STMicroelectronics FP-ATR-ASTRA1 2.0.2
2025-12-15 18:18:57,293 [INFO] ThirdParty:1030 - CMSIS Pack Vendor :STMicroelectronics FP-ATR-ASTRA1 2.0.1
2025-12-15 18:18:57,293 [INFO] ThirdParty:1030 - CMSIS Pack Vendor :STMicroelectronics X-CUBE-SMBUS 2.1.0
2025-12-15 18:18:57,293 [INFO] ThirdParty:1030 - CMSIS Pack Vendor :STMicroelectronics X-CUBE-WB05N 1.1.0
2025-12-15 18:18:57,293 [INFO] ThirdParty:1030 - CMSIS Pack Vendor :STMicroelectronics X-CUBE-TOUCHGFX 4.23.0
2025-12-15 18:18:57,293 [INFO] ThirdParty:1030 - CMSIS Pack Vendor :STMicroelectronics X-CUBE-TOUCHGFX 4.23.2
2025-12-15 18:18:57,293 [INFO] ThirdParty:1030 - CMSIS Pack Vendor :STMicroelectronics X-CUBE-AZRTOS-F7 1.1.0
2025-12-15 18:18:57,293 [INFO] ThirdParty:1030 - CMSIS Pack Vendor :STMicroelectronics USB_DEVICE 2.0.0
2025-12-15 18:18:57,293 [INFO] ThirdParty:1030 - CMSIS Pack Vendor :STMicroelectronics FP-SNS-MOTENV1 4.3.2
2025-12-15 18:18:57,293 [INFO] ThirdParty:1030 - CMSIS Pack Vendor :STMicroelectronics FP-SNS-MOTENV1 4.3.1
2025-12-15 18:18:57,293 [INFO] ThirdParty:1030 - CMSIS Pack Vendor :STMicroelectronics FP-SNS-FLIGHT1 5.0.1
2025-12-15 18:18:57,293 [INFO] ThirdParty:1030 - CMSIS Pack Vendor :STMicroelectronics X-CUBE-BLE1 6.2.3
2025-12-15 18:18:57,293 [INFO] ThirdParty:1030 - CMSIS Pack Vendor :STMicroelectronics X-CUBE-MEMS1 11.0.0
2025-12-15 18:18:57,293 [INFO] ThirdParty:1030 - CMSIS Pack Vendor :STMicroelectronics X-CUBE-BLE1 6.2.4
2025-12-15 18:18:57,294 [INFO] ThirdParty:1030 - CMSIS Pack Vendor :STMicroelectronics FP-SNS-MOTENV1 5.1.0
2025-12-15 18:18:57,294 [INFO] ThirdParty:1030 - CMSIS Pack Vendor :STMicroelectronics FreeRTOS 0.0.1
2025-12-15 18:18:57,294 [INFO] ThirdParty:1030 - CMSIS Pack Vendor :STMicroelectronics X-CUBE-BLE1 6.2.2
2025-12-15 18:18:57,294 [INFO] ThirdParty:1030 - CMSIS Pack Vendor :STMicroelectronics FP-SNS-FLIGHT1 5.0.2
2025-12-15 18:18:57,294 [INFO] ThirdParty:1030 - CMSIS Pack Vendor :STMicroelectronics X-CUBE-BLE2 3.2.2
2025-12-15 18:18:57,294 [INFO] ThirdParty:1030 - CMSIS Pack Vendor :STMicroelectronics X-CUBE-AZRTOS-H7 3.4.0
2025-12-15 18:18:57,294 [INFO] ThirdParty:1030 - CMSIS Pack Vendor :STMicroelectronics X-CUBE-DISPLAY 3.0.0
2025-12-15 18:18:57,294 [INFO] ThirdParty:1030 - CMSIS Pack Vendor :STMicroelectronics X-CUBE-BLE1 7.0.0
2025-12-15 18:18:57,294 [INFO] ThirdParty:1030 - CMSIS Pack Vendor :STMicroelectronics X-CUBE-NFC10 1.0.0
2025-12-15 18:18:57,294 [INFO] ThirdParty:1030 - CMSIS Pack Vendor :STMicroelectronics X-CUBE-BLEMGR 4.0.0
2025-12-15 18:18:57,294 [INFO] ThirdParty:1030 - CMSIS Pack Vendor :STMicroelectronics HAL Drivers 0.0.0
2025-12-15 18:18:57,294 [INFO] ThirdParty:1030 - CMSIS Pack Vendor :STMicroelectronics X-CUBE-ST60 1.1.0
2025-12-15 18:18:57,294 [INFO] ThirdParty:1030 - CMSIS Pack Vendor :STMicroelectronics X-CUBE-TOUCHGFX 4.22.0
2025-12-15 18:18:57,294 [INFO] ThirdParty:1030 - CMSIS Pack Vendor :STMicroelectronics X-CUBE-GNSS1 7.1.0
2025-12-15 18:18:57,294 [INFO] ThirdParty:1030 - CMSIS Pack Vendor :STMicroelectronics X-CUBE-TOUCHGFX 4.22.1
2025-12-15 18:18:57,294 [INFO] ThirdParty:1030 - CMSIS Pack Vendor :STMicroelectronics X-CUBE-SUBG2 4.2.0
2025-12-15 18:18:57,295 [INFO] ThirdParty:1030 - CMSIS Pack Vendor :STMicroelectronics X-CUBE-MEMS1 9.3.0
2025-12-15 18:18:57,295 [INFO] ThirdParty:1030 - CMSIS Pack Vendor :STMicroelectronics X-CUBE-AI 7.2.0
2025-12-15 18:18:57,295 [INFO] ThirdParty:1030 - CMSIS Pack Vendor :STMicroelectronics X-CUBE-BLEMGR 3.1.0
2025-12-15 18:18:57,295 [INFO] ThirdParty:1030 - CMSIS Pack Vendor :STMicroelectronics X-CUBE-AI 10.0.0
2025-12-15 18:18:57,295 [INFO] ThirdParty:1030 - CMSIS Pack Vendor :STMicroelectronics FP-SNS-STBOX1 2.1.0
2025-12-15 18:18:57,295 [INFO] ThirdParty:1030 - CMSIS Pack Vendor :STMicroelectronics FP-SNS-SMARTAG2 1.2.0
2025-12-15 18:18:57,295 [INFO] ThirdParty:1030 - CMSIS Pack Vendor :STMicroelectronics FP-SNS-FLIGHT1 5.1.0
2025-12-15 18:18:57,295 [INFO] ThirdParty:1030 - CMSIS Pack Vendor :STMicroelectronics X-CUBE-MEMS1 11.1.0
2025-12-15 18:18:57,295 [INFO] ThirdParty:1030 - CMSIS Pack Vendor :STMicroelectronics X-CUBE-AZRTOS-WL 2.0.0
2025-12-15 18:18:57,295 [INFO] ThirdParty:1030 - CMSIS Pack Vendor :STMicroelectronics X-CUBE-ALGOBUILD 1.2.1
2025-12-15 18:18:57,295 [INFO] ThirdParty:1030 - CMSIS Pack Vendor :STMicroelectronics FP-SNS-MOTENV1 5.0.0
2025-12-15 18:18:57,295 [INFO] ThirdParty:1030 - CMSIS Pack Vendor :STMicroelectronics X-CUBE-AZRTOS-H7RS 1.2.0
2025-12-15 18:18:57,295 [INFO] ThirdParty:1030 - CMSIS Pack Vendor :wolfSSL I-CUBE-wolfMQTT 1.19.0
2025-12-15 18:18:57,295 [INFO] ThirdParty:1030 - CMSIS Pack Vendor :STMicroelectronics ThreadX 0.0.2
2025-12-15 18:18:57,295 [INFO] ThirdParty:1030 - CMSIS Pack Vendor :WES I-CUBE-Cesium 1.3.0
2025-12-15 18:18:57,295 [INFO] ThirdParty:1030 - CMSIS Pack Vendor :STMicroelectronics X-CUBE-BLE2 3.3.0
2025-12-15 18:18:57,295 [INFO] ThirdParty:1030 - CMSIS Pack Vendor :Avnet-IOTCONNECT X-CUBE-iotc-st67-sdk 1.0.0
2025-12-15 18:18:57,295 [INFO] ThirdParty:1030 - CMSIS Pack Vendor :STMicroelectronics X-CUBE-DISPLAY 2.2.0
2025-12-15 18:18:57,296 [INFO] ThirdParty:1030 - CMSIS Pack Vendor :STMicroelectronics X-CUBE-TOF1 3.2.0
2025-12-15 18:18:57,296 [INFO] ThirdParty:1030 - CMSIS Pack Vendor :STMicroelectronics X-CUBE-TOUCHGFX 4.18.1
2025-12-15 18:18:57,296 [INFO] ThirdParty:1030 - CMSIS Pack Vendor :STMicroelectronics X-CUBE-ISPU 1.0.0
2025-12-15 18:18:57,296 [INFO] ThirdParty:1030 - CMSIS Pack Vendor :wolfSSL I-CUBE-wolfSSL 5.0.0
2025-12-15 18:18:57,296 [INFO] ThirdParty:1030 - CMSIS Pack Vendor :STMicroelectronics X-CUBE-NFC9 1.0.0
2025-12-15 18:18:57,296 [INFO] ThirdParty:1030 - CMSIS Pack Vendor :STMicroelectronics X-CUBE-AZRTOS-H7 2.1.0
2025-12-15 18:18:57,296 [INFO] ThirdParty:1030 - CMSIS Pack Vendor :STMicroelectronics X-CUBE-BLE1 7.1.0
2025-12-15 18:18:57,296 [INFO] ThirdParty:1030 - CMSIS Pack Vendor :STMicroelectronics USB_DEVICE 3.0.0
2025-12-15 18:18:57,296 [INFO] ThirdParty:1030 - CMSIS Pack Vendor :STMicroelectronics X-CUBE-TCPP 4.1.0
2025-12-15 18:18:57,296 [INFO] ThirdParty:1030 - CMSIS Pack Vendor :STMicroelectronics X-CUBE-FREERTOS 1.4.0
2025-12-15 18:18:57,296 [INFO] ThirdParty:1030 - CMSIS Pack Vendor :STMicroelectronics X-CUBE-EEPRMA1 5.2.0
2025-12-15 18:18:57,296 [INFO] ThirdParty:1030 - CMSIS Pack Vendor :STMicroelectronics X-CUBE-TOUCHGFX 4.21.1
2025-12-15 18:18:57,296 [INFO] ThirdParty:1030 - CMSIS Pack Vendor :STMicroelectronics X-CUBE-TOUCHGFX 4.21.0
2025-12-15 18:18:57,296 [INFO] ThirdParty:1030 - CMSIS Pack Vendor :STMicroelectronics X-CUBE-TOUCHGFX 4.21.3
2025-12-15 18:18:57,296 [INFO] ThirdParty:1030 - CMSIS Pack Vendor :STMicroelectronics X-CUBE-TOUCHGFX 4.21.4
2025-12-15 18:18:57,296 [INFO] ThirdParty:1030 - CMSIS Pack Vendor :STMicroelectronics X-CUBE-MEMS1 9.4.0
2025-12-15 18:18:57,296 [INFO] ThirdParty:1030 - CMSIS Pack Vendor :STMicroelectronics X-CUBE-AI 7.3.0
2025-12-15 18:18:57,296 [INFO] ThirdParty:1030 - CMSIS Pack Vendor :STMicroelectronics X-CUBE-ST67W61 1.1.0
2025-12-15 18:18:57,296 [INFO] ThirdParty:1030 - CMSIS Pack Vendor :STMicroelectronics X-CUBE-MEMS1 12.0.0
2025-12-15 18:18:57,296 [INFO] ThirdParty:1030 - CMSIS Pack Vendor :STMicroelectronics X-CUBE-ALGOBUILD 1.3.0
2025-12-15 18:18:57,296 [INFO] ThirdParty:1030 - CMSIS Pack Vendor :STMicroelectronics X-CUBE-AZRTOS-G0 1.1.0
2025-12-15 18:18:57,296 [INFO] ThirdParty:1030 - CMSIS Pack Vendor :STMicroelectronics X-CUBE-SAFEA1 1.2.2
2025-12-15 18:18:57,296 [INFO] ThirdParty:1030 - CMSIS Pack Vendor :STMicroelectronics X-CUBE-NFC4 3.0.0
2025-12-15 18:18:57,296 [INFO] ThirdParty:1030 - CMSIS Pack Vendor :SEGGER I-CUBE-embOS 1.2.0
2025-12-15 18:18:57,297 [INFO] ThirdParty:1030 - CMSIS Pack Vendor :wolfSSL I-CUBE-wolfMQTT 1.18.0
2025-12-15 18:18:57,297 [INFO] ThirdParty:1030 - CMSIS Pack Vendor :EmbeddedOffice I-CUBE-FS-RTOS 1.0.1
2025-12-15 18:18:57,297 [INFO] ThirdParty:1030 - CMSIS Pack Vendor :STMicroelectronics X-CUBE-WB05N 2.0.0
2025-12-15 18:18:57,297 [INFO] ThirdParty:1030 - CMSIS Pack Vendor :STMicroelectronics PDM2PCM 3.1.0
2025-12-15 18:18:57,297 [INFO] ThirdParty:1030 - CMSIS Pack Vendor :STMicroelectronics X-CUBE-BLEMGR 3.0.0
2025-12-15 18:18:57,297 [INFO] ThirdParty:1030 - CMSIS Pack Vendor :STMicroelectronics X-CUBE-BLEMGR 1.3.0
2025-12-15 18:18:57,297 [INFO] ThirdParty:1030 - CMSIS Pack Vendor :STMicroelectronics X-CUBE-TCPP 4.2.0
2025-12-15 18:18:57,297 [INFO] ThirdParty:1030 - CMSIS Pack Vendor :RealThread X-CUBE-RT-Thread_Nano 4.1.1
2025-12-15 18:18:57,297 [INFO] ThirdParty:1030 - CMSIS Pack Vendor :STMicroelectronics X-CUBE-AZRTOS-H7 2.0.0
2025-12-15 18:18:57,297 [INFO] ThirdParty:1030 - CMSIS Pack Vendor :STMicroelectronics FP-ATR-SIGFOX1 3.2.0
2025-12-15 18:18:57,297 [INFO] ThirdParty:1030 - CMSIS Pack Vendor :quantropi X-CUBE-qispace-sdk-base 1.9.3
2025-12-15 18:18:57,297 [INFO] ThirdParty:1030 - CMSIS Pack Vendor :STMicroelectronics X-CUBE-EEPRMA1 5.1.0
2025-12-15 18:18:57,297 [INFO] ThirdParty:1030 - CMSIS Pack Vendor :STMicroelectronics MBEDTLS 2.16.2
2025-12-15 18:18:57,297 [INFO] ThirdParty:1030 - CMSIS Pack Vendor :emotas I-CUBE-CANOPEN 1.1.2
2025-12-15 18:18:57,297 [INFO] ThirdParty:1030 - CMSIS Pack Vendor :STMicroelectronics X-CUBE-TOUCHGFX 4.20.0
2025-12-15 18:18:57,297 [INFO] ThirdParty:1030 - CMSIS Pack Vendor :STMicroelectronics X-CUBE-MEMS1 9.5.0
2025-12-15 18:18:57,297 [INFO] ThirdParty:1030 - CMSIS Pack Vendor :STMicroelectronics X-CUBE-AI 10.2.0
2025-12-15 18:18:57,297 [INFO] ThirdParty:1030 - CMSIS Pack Vendor :STMicroelectronics ThreadX 1.0.0
2025-12-15 18:18:57,297 [INFO] ThirdParty:1030 - CMSIS Pack Vendor :SEGGER I-CUBE-embOS 1.3.1
2025-12-15 18:18:57,297 [INFO] ThirdParty:1030 - CMSIS Pack Vendor :STMicroelectronics X-CUBE-ALGOBUILD 1.4.0
2025-12-15 18:18:57,297 [INFO] ThirdParty:1030 - CMSIS Pack Vendor :STMicroelectronics X-CUBE-MEMS1 11.3.0
2025-12-15 18:18:57,297 [INFO] ThirdParty:1030 - CMSIS Pack Vendor :STMicroelectronics X-CUBE-DISPLAY 2.0.0
2025-12-15 18:18:57,297 [INFO] ThirdParty:1030 - CMSIS Pack Vendor :STMicroelectronics X-CUBE-AI 9.1.0
2025-12-15 18:18:57,297 [INFO] ThirdParty:1030 - CMSIS Pack Vendor :STMicroelectronics X-CUBE-PM33A1 1.0.0
2025-12-15 18:18:57,297 [INFO] ThirdParty:1030 - CMSIS Pack Vendor :STMicroelectronics X-CUBE-GNSS1 6.0.0
2025-12-15 18:18:57,297 [INFO] ThirdParty:1030 - CMSIS Pack Vendor :STMicroelectronics X-CUBE-AZRTOS-F4 1.1.0
2025-12-15 18:18:57,297 [INFO] ThirdParty:1030 - CMSIS Pack Vendor :STMicroelectronics LIBJPEG 8.0.0
2025-12-15 18:18:57,298 [INFO] ThirdParty:1030 - CMSIS Pack Vendor :STMicroelectronics X-CUBE-ISPU 2.1.0
2025-12-15 18:18:57,298 [INFO] ThirdParty:1030 - CMSIS Pack Vendor :STMicroelectronics X-CUBE-IPS 3.2.0
2025-12-15 18:18:57,298 [INFO] ThirdParty:1030 - CMSIS Pack Vendor :STMicroelectronics X-CUBE-FREERTOS 1.2.0
2025-12-15 18:18:57,298 [INFO] ThirdParty:1030 - CMSIS Pack Vendor :STMicroelectronics X-CUBE-NFC12 1.0.0
2025-12-15 18:18:57,298 [INFO] ThirdParty:1030 - CMSIS Pack Vendor :STMicroelectronics X-CUBE-BLEMGR 1.2.0
2025-12-15 18:18:57,298 [INFO] ThirdParty:1030 - CMSIS Pack Vendor :STMicroelectronics X-CUBE-AZRTOS-L5 2.0.0
2025-12-15 18:18:57,298 [INFO] ThirdParty:1030 - CMSIS Pack Vendor :STMicroelectronics X-CUBE-MEMS1 9.6.0
2025-12-15 18:18:57,298 [INFO] ThirdParty:1030 - CMSIS Pack Vendor :STMicroelectronics X-CUBE-EEPRMA1 4.2.0
2025-12-15 18:18:57,298 [INFO] ThirdParty:1030 - CMSIS Pack Vendor :STMicroelectronics X-CUBE-NFC6 3.1.0
2025-12-15 18:18:57,298 [INFO] ThirdParty:1030 - CMSIS Pack Vendor :ITTIA_DB I-CUBE-ITTIADB 8.8.0
2025-12-15 18:18:57,298 [INFO] ThirdParty:1030 - CMSIS Pack Vendor :STMicroelectronics X-CUBE-BLEMGR 2.0.0
2025-12-15 18:18:57,298 [INFO] ThirdParty:1030 - CMSIS Pack Vendor :STMicroelectronics X-CUBE-DPower 1.2.0
2025-12-15 18:18:57,298 [INFO] ThirdParty:1030 - CMSIS Pack Vendor :STMicroelectronics X-CUBE-NFC4 2.0.5
2025-12-15 18:18:57,298 [INFO] ThirdParty:1030 - CMSIS Pack Vendor :STMicroelectronics X-CUBE-NFC4 2.0.4
2025-12-15 18:18:57,298 [INFO] ThirdParty:1030 - CMSIS Pack Vendor :STMicroelectronics X-CUBE-NFC4 2.0.3
2025-12-15 18:18:57,298 [INFO] ThirdParty:1030 - CMSIS Pack Vendor :STMicroelectronics X-CUBE-AI 9.0.0
2025-12-15 18:18:57,298 [INFO] ThirdParty:1030 - CMSIS Pack Vendor :STMicroelectronics X-CUBE-AZRTOS-H7 3.1.0
2025-12-15 18:18:57,298 [INFO] ThirdParty:1030 - CMSIS Pack Vendor :STMicroelectronics PDM2PCM 3.3.0
2025-12-15 18:18:57,298 [INFO] ThirdParty:1030 - CMSIS Pack Vendor :STMicroelectronics X-CUBE-SFXS2LP1 3.1.0
2025-12-15 18:18:57,298 [INFO] ThirdParty:1030 - CMSIS Pack Vendor :STMicroelectronics X-CUBE-AZRTOS-F4 1.0.0
2025-12-15 18:18:57,298 [INFO] ThirdParty:1030 - CMSIS Pack Vendor :STMicroelectronics X-CUBE-TOF1 2.0.0
2025-12-15 18:18:57,298 [INFO] ThirdParty:1030 - CMSIS Pack Vendor :STMicroelectronics X-CUBE-FREERTOS 1.3.1
2025-12-15 18:18:57,298 [INFO] ThirdParty:1030 - CMSIS Pack Vendor :STMicroelectronics X-CUBE-FREERTOS 1.3.0
2025-12-15 18:18:57,298 [INFO] ThirdParty:1030 - CMSIS Pack Vendor :STMicroelectronics X-CUBE-NFC7 1.0.1
2025-12-15 18:18:57,298 [INFO] ThirdParty:1030 - CMSIS Pack Vendor :STMicroelectronics MBEDTLS 2.14.1
2025-12-15 18:18:57,298 [INFO] ThirdParty:1030 - CMSIS Pack Vendor :STMicroelectronics X-CUBE-NFC7 1.0.0
2025-12-15 18:18:57,299 [INFO] ThirdParty:1030 - CMSIS Pack Vendor :wolfSSL I-CUBE-wolfTPM 3.2.0
2025-12-15 18:18:57,299 [INFO] ThirdParty:1030 - CMSIS Pack Vendor :STMicroelectronics X-CUBE-TOUCHGFX 4.26.0
2025-12-15 18:18:57,299 [INFO] ThirdParty:1030 - CMSIS Pack Vendor :STMicroelectronics X-CUBE-NFC6 3.0.0
2025-12-15 18:18:57,299 [INFO] ThirdParty:1030 - CMSIS Pack Vendor :STMicroelectronics X-CUBE-EEPRMA1 4.1.0
2025-12-15 18:18:57,299 [INFO] ThirdParty:1030 - CMSIS Pack Vendor :STMicroelectronics FP-SNS-STAIOTCFT 1.0.0
2025-12-15 18:18:57,299 [INFO] ThirdParty:1030 - CMSIS Pack Vendor :STMicroelectronics X-CUBE-DPower 1.3.0
2025-12-15 18:18:57,299 [INFO] ThirdParty:1030 - CMSIS Pack Vendor :STMicroelectronics USB_DEVICE 1.0.0
2025-12-15 18:18:57,299 [INFO] ThirdParty:1030 - CMSIS Pack Vendor :STMicroelectronics X-CUBE-AI 8.1.0
2025-12-15 18:18:57,299 [INFO] ThirdParty:1030 - CMSIS Pack Vendor :STMicroelectronics X-CUBE-AZRTOS-L4 2.0.0
2025-12-15 18:18:57,299 [INFO] ThirdParty:1030 - CMSIS Pack Vendor :STMicroelectronics lwIP 2.1.2
2025-12-15 18:18:57,299 [INFO] ThirdParty:1030 - CMSIS Pack Vendor :STMicroelectronics X-CUBE-SFXS2LP1 4.0.0
2025-12-15 18:18:57,299 [INFO] ThirdParty:1030 - CMSIS Pack Vendor :STMicroelectronics PDM2PCM 3.2.0
2025-12-15 18:18:57,299 [INFO] ThirdParty:1030 - CMSIS Pack Vendor :STMicroelectronics X-CUBE-AZRTOS-H7 3.0.0
2025-12-15 18:18:57,299 [INFO] ThirdParty:1030 - CMSIS Pack Vendor :STMicroelectronics X-CUBE-ISPU 1.1.0
2025-12-15 18:18:57,299 [INFO] ThirdParty:1030 - CMSIS Pack Vendor :STMicroelectronics X-CUBE-AZRTOS-H7 3.3.0
2025-12-15 18:18:57,299 [INFO] ThirdParty:1030 - CMSIS Pack Vendor :RoweBots I-CUBE-UNISONRTOS 5.5.0-4
2025-12-15 18:18:57,299 [INFO] ThirdParty:1030 - CMSIS Pack Vendor :STMicroelectronics X-CUBE-BLEMGR 4.1.0
2025-12-15 18:18:57,299 [INFO] ThirdParty:1030 - CMSIS Pack Vendor :STMicroelectronics X-CUBE-AI 8.0.0
2025-12-15 18:18:57,299 [INFO] ThirdParty:1030 - CMSIS Pack Vendor :STMicroelectronics X-CUBE-IPS 3.0.0
2025-12-15 18:18:57,299 [INFO] ThirdParty:1030 - CMSIS Pack Vendor :STMicroelectronics X-CUBE-AZRTOS-WB 2.0.0
2025-12-15 18:18:57,299 [INFO] ThirdParty:1030 - CMSIS Pack Vendor :STMicroelectronics X-CUBE-FREERTOS 1.0.0
2025-12-15 18:18:57,299 [INFO] ThirdParty:1030 - CMSIS Pack Vendor :STMicroelectronics X-CUBE-FREERTOS 1.0.1
2025-12-15 18:18:57,299 [INFO] ThirdParty:1030 - CMSIS Pack Vendor :STMicroelectronics X-CUBE-GNSS1 7.0.0
2025-12-15 18:18:57,299 [INFO] ThirdParty:1030 - CMSIS Pack Vendor :STMicroelectronics X-CUBE-GNSS1 7.0.1
2025-12-15 18:18:57,299 [INFO] ThirdParty:1030 - CMSIS Pack Vendor :STMicroelectronics FP-SNS-STBOX1 2.0.0
2025-12-15 18:18:57,299 [INFO] ThirdParty:1030 - CMSIS Pack Vendor :STMicroelectronics X-CUBE-AZRTOS-L5 1.1.0
2025-12-15 18:18:57,299 [INFO] ThirdParty:1030 - CMSIS Pack Vendor :STMicroelectronics X-CUBE-AI 8.0.1
2025-12-15 18:18:57,300 [INFO] ThirdParty:1030 - CMSIS Pack Vendor :STMicroelectronics X-CUBE-SUBG2 5.0.0
2025-12-15 18:18:57,300 [INFO] ThirdParty:1030 - CMSIS Pack Vendor :STMicroelectronics X-CUBE-AZRTOS-H7RS 1.1.0
2025-12-15 18:18:57,300 [INFO] ThirdParty:1030 - CMSIS Pack Vendor :STMicroelectronics STM32_WPAN 1.0.0
2025-12-15 18:18:57,300 [INFO] ThirdParty:1030 - CMSIS Pack Vendor :STMicroelectronics lwIP 2.0.3
2025-12-15 18:18:57,300 [INFO] ThirdParty:1030 - CMSIS Pack Vendor :STMicroelectronics USB_HOST 1.0.0
2025-12-15 18:18:57,300 [INFO] ThirdParty:1030 - CMSIS Pack Vendor :STMicroelectronics X-CUBE-AZRTOS-G4 2.0.0
2025-12-15 18:18:57,300 [INFO] ThirdParty:1030 - CMSIS Pack Vendor :STMicroelectronics X-CUBE-TOF1 3.3.0
2025-12-15 18:18:57,300 [INFO] ThirdParty:1030 - CMSIS Pack Vendor :STMicroelectronics FP-ATR-ASTRA1 1.1.1
2025-12-15 18:18:57,300 [INFO] ThirdParty:1030 - CMSIS Pack Vendor :Infineon AIROC-Wi-Fi-Bluetooth-STM32 1.5.1
2025-12-15 18:18:57,300 [INFO] ThirdParty:1030 - CMSIS Pack Vendor :STMicroelectronics X-CUBE-NFC7 2.0.0
2025-12-15 18:18:57,300 [INFO] ThirdParty:1030 - CMSIS Pack Vendor :STMicroelectronics FP-SNS-MOTENVWB1 1.3.1
2025-12-15 18:18:57,300 [INFO] ThirdParty:1030 - CMSIS Pack Vendor :STMicroelectronics X-CUBE-AZRTOS-G4 1.0.0
2025-12-15 18:18:57,300 [INFO] ThirdParty:1030 - CMSIS Pack Vendor :STMicroelectronics X-CUBE-AZRTOS-L4 1.0.0
2025-12-15 18:18:57,300 [INFO] ThirdParty:1030 - CMSIS Pack Vendor :STMicroelectronics X-CUBE-ISPU 2.0.0
2025-12-15 18:18:57,300 [INFO] ThirdParty:1030 - CMSIS Pack Vendor :STMicroelectronics X-CUBE-IPS 3.1.0
2025-12-15 18:18:57,300 [INFO] ThirdParty:1030 - CMSIS Pack Vendor :STMicroelectronics X-CUBE-ALS 1.0.2
2025-12-15 18:18:57,300 [INFO] ThirdParty:1030 - CMSIS Pack Vendor :STMicroelectronics X-CUBE-MEMS1 10.0.0
2025-12-15 18:18:57,300 [INFO] ThirdParty:1030 - CMSIS Pack Vendor :STMicroelectronics X-CUBE-FREERTOS 1.1.0
2025-12-15 18:18:57,300 [INFO] ThirdParty:1030 - CMSIS Pack Vendor :STMicroelectronics X-CUBE-TOUCHGFX 4.24.0
2025-12-15 18:18:57,300 [INFO] ThirdParty:1030 - CMSIS Pack Vendor :STMicroelectronics X-CUBE-AZRTOS-F7 1.0.0
2025-12-15 18:18:57,300 [INFO] ThirdParty:1030 - CMSIS Pack Vendor :STMicroelectronics X-CUBE-TOUCHGFX 4.24.2
2025-12-15 18:18:57,300 [INFO] ThirdParty:1030 - CMSIS Pack Vendor :STMicroelectronics X-CUBE-AZRTOS-WL 1.0.0
2025-12-15 18:18:57,300 [INFO] ThirdParty:1030 - CMSIS Pack Vendor :STMicroelectronics X-CUBE-TOUCHGFX 4.24.1
2025-12-15 18:18:57,300 [INFO] ThirdParty:1030 - CMSIS Pack Vendor :STMicroelectronics X-CUBE-STSE01 1.0.0
2025-12-15 18:18:57,300 [INFO] ThirdParty:1030 - CMSIS Pack Vendor :STMicroelectronics X-CUBE-MEMS1 9.1.0
2025-12-15 18:18:57,301 [INFO] ThirdParty:1030 - CMSIS Pack Vendor :portGmbH I-Cube-SoM-uGOAL 1.1.0
2025-12-15 18:18:57,301 [INFO] ThirdParty:1030 - CMSIS Pack Vendor :STMicroelectronics X-CUBE-ALS 1.0.1
2025-12-15 18:18:57,301 [INFO] ThirdParty:1030 - CMSIS Pack Vendor :STMicroelectronics X-CUBE-AI 7.0.0
2025-12-15 18:18:57,301 [INFO] ThirdParty:1030 - CMSIS Pack Vendor :STMicroelectronics X-CUBE-AZRTOS-WB 1.1.0
2025-12-15 18:18:57,301 [INFO] ThirdParty:1030 - CMSIS Pack Vendor :STMicroelectronics X-CUBE-AZRTOS-L5 1.0.0
2025-12-15 18:18:57,301 [INFO] ThirdParty:1030 - CMSIS Pack Vendor :STMicroelectronics X-CUBE-EEPRMA1 3.1.0
2025-12-15 18:18:57,301 [INFO] ThirdParty:1030 - CMSIS Pack Vendor :STMicroelectronics X-CUBE-EEPRMA1 3.1.1
2025-12-15 18:18:57,301 [INFO] ThirdParty:1030 - CMSIS Pack Vendor :STMicroelectronics X-CUBE-AZRTOS-H7RS 1.0.0
2025-12-15 18:18:57,301 [INFO] ThirdParty:1030 - CMSIS Pack Vendor :STMicroelectronics X-CUBE-GNSS1 5.2.0
2025-12-15 18:18:57,301 [INFO] ThirdParty:1030 - CMSIS Pack Vendor :STMicroelectronics FP-ATR-ASTRA1 2.0.0
2025-12-15 18:18:57,301 [INFO] ThirdParty:1030 - CMSIS Pack Vendor :STMicroelectronics X-CUBE-TOF1 3.4.2
2025-12-15 18:18:57,301 [INFO] ThirdParty:1030 - CMSIS Pack Vendor :STMicroelectronics X-CUBE-TOF1 3.4.3
2025-12-15 18:18:57,301 [INFO] ThirdParty:1030 - CMSIS Pack Vendor :STMicroelectronics X-CUBE-TOF1 3.4.0
2025-12-15 18:18:57,301 [INFO] ThirdParty:1030 - CMSIS Pack Vendor :STMicroelectronics X-CUBE-TOF1 3.4.1
2025-12-15 18:18:57,301 [INFO] ThirdParty:1030 - CMSIS Pack Vendor :STMicroelectronics X-CUBE-AZRTOS-H7 3.2.0
2025-12-15 18:18:57,301 [INFO] ThirdParty:1030 - CMSIS Pack Vendor :wolfSSL I-CUBE-wolfSSH 1.4.17
2025-12-15 18:18:57,301 [INFO] ThirdParty:841 - exiting critical section [change project]
2025-12-15 18:18:58,067 [INFO] PinOutPanel:1589 - setPackage(No Configuration,No Configuration)
2025-12-15 18:18:58,069 [INFO] PinOutPanel:1589 - setPackage(STM32G491RETx,LQFP64)
2025-12-15 18:18:59,095 [INFO] UtilMem:75 - Before build in PCC Used Memory: 907979176 Bytes (1073741824)
2025-12-15 18:19:00,770 [INFO] UtilMem:75 - After build in PCC Used Memory: 816745832 Bytes (1073741824)
2025-12-15 18:19:00,809 [INFO] IPUIPlugin:80 - create IPUIPlugin
2025-12-15 18:19:00,809 [INFO] IPUIPlugin:80 - create IPUIPlugin
2025-12-15 18:19:00,809 [INFO] IPUIPlugin:80 - create IPUIPlugin
2025-12-15 18:19:00,809 [INFO] IPUIPlugin:80 - create IPUIPlugin
2025-12-15 18:19:00,809 [INFO] IPUIPlugin:80 - create IPUIPlugin
2025-12-15 18:19:00,809 [INFO] IPUIPlugin:80 - create IPUIPlugin
2025-12-15 18:19:00,809 [INFO] IPUIPlugin:80 - create IPUIPlugin
2025-12-15 18:19:00,809 [INFO] IPUIPlugin:80 - create IPUIPlugin
2025-12-15 18:19:00,809 [INFO] IPUIPlugin:80 - create IPUIPlugin
2025-12-15 18:19:00,810 [INFO] IPUIPlugin:80 - create IPUIPlugin
2025-12-15 18:19:00,810 [INFO] IPUIPlugin:80 - create IPUIPlugin
2025-12-15 18:19:00,810 [INFO] IPUIPlugin:80 - create IPUIPlugin
2025-12-15 18:19:00,810 [INFO] IPUIPlugin:80 - create IPUIPlugin
2025-12-15 18:19:00,810 [INFO] IPUIPlugin:80 - create IPUIPlugin
2025-12-15 18:19:00,810 [INFO] IPUIPlugin:80 - create IPUIPlugin
2025-12-15 18:19:00,810 [INFO] IPUIPlugin:80 - create IPUIPlugin
2025-12-15 18:19:00,810 [INFO] IPUIPlugin:80 - create IPUIPlugin
2025-12-15 18:19:00,810 [INFO] IPUIPlugin:80 - create IPUIPlugin
2025-12-15 18:19:00,811 [INFO] IPUIPlugin:80 - create IPUIPlugin
2025-12-15 18:19:00,811 [INFO] IPUIPlugin:80 - create IPUIPlugin
2025-12-15 18:19:00,811 [INFO] IPUIPlugin:80 - create IPUIPlugin
2025-12-15 18:19:00,811 [INFO] IPUIPlugin:80 - create IPUIPlugin
2025-12-15 18:19:00,811 [INFO] IPUIPlugin:80 - create IPUIPlugin
2025-12-15 18:19:00,811 [INFO] IPUIPlugin:80 - create IPUIPlugin
2025-12-15 18:19:00,811 [INFO] IPUIPlugin:80 - create IPUIPlugin
2025-12-15 18:19:00,813 [INFO] IPUIPlugin:80 - create IPUIPlugin
2025-12-15 18:19:00,813 [INFO] IPUIPlugin:80 - create IPUIPlugin
2025-12-15 18:19:00,813 [INFO] IPUIPlugin:80 - create IPUIPlugin
2025-12-15 18:19:00,813 [INFO] IPUIPlugin:80 - create IPUIPlugin
2025-12-15 18:19:00,813 [INFO] IPUIPlugin:80 - create IPUIPlugin
2025-12-15 18:19:00,814 [INFO] IPUIPlugin:80 - create IPUIPlugin
2025-12-15 18:19:00,814 [INFO] IPUIPlugin:80 - create IPUIPlugin
2025-12-15 18:19:00,814 [INFO] IPUIPlugin:80 - create IPUIPlugin
2025-12-15 18:19:00,814 [INFO] IPUIPlugin:80 - create IPUIPlugin
2025-12-15 18:19:00,814 [INFO] IPUIPlugin:80 - create IPUIPlugin
2025-12-15 18:19:00,814 [INFO] IPUIPlugin:80 - create IPUIPlugin
2025-12-15 18:19:00,815 [INFO] IPUIPlugin:80 - create IPUIPlugin
2025-12-15 18:19:00,815 [INFO] IPUIPlugin:80 - create IPUIPlugin
2025-12-15 18:19:00,815 [INFO] IPUIPlugin:80 - create IPUIPlugin
2025-12-15 18:19:00,816 [INFO] IPUIPlugin:80 - create IPUIPlugin
2025-12-15 18:19:00,816 [INFO] IPUIPlugin:80 - create IPUIPlugin
2025-12-15 18:19:00,816 [INFO] IPUIPlugin:80 - create IPUIPlugin
2025-12-15 18:19:00,817 [INFO] IPUIPlugin:80 - create IPUIPlugin
2025-12-15 18:19:00,817 [INFO] IPUIPlugin:80 - create IPUIPlugin
2025-12-15 18:19:00,818 [INFO] IPUIPlugin:80 - create IPUIPlugin
2025-12-15 18:19:00,818 [INFO] IPUIPlugin:80 - create IPUIPlugin
2025-12-15 18:19:00,818 [INFO] IPUIPlugin:80 - create IPUIPlugin
2025-12-15 18:19:00,819 [INFO] IPUIPlugin:80 - create IPUIPlugin
2025-12-15 18:19:00,819 [INFO] IPUIPlugin:80 - create IPUIPlugin
2025-12-15 18:19:00,820 [INFO] IPUIPlugin:80 - create IPUIPlugin
2025-12-15 18:19:00,820 [INFO] IPUIPlugin:80 - create IPUIPlugin
2025-12-15 18:19:00,821 [INFO] IPUIPlugin:80 - create IPUIPlugin
2025-12-15 18:19:00,821 [INFO] IPUIPlugin:80 - create IPUIPlugin
2025-12-15 18:19:00,821 [INFO] IPUIPlugin:80 - create IPUIPlugin
2025-12-15 18:19:00,821 [INFO] IPUIPlugin:80 - create IPUIPlugin
2025-12-15 18:19:00,822 [INFO] IPUIPlugin:80 - create IPUIPlugin
2025-12-15 18:19:00,822 [INFO] IPUIPlugin:80 - create IPUIPlugin
2025-12-15 18:19:00,822 [INFO] IPUIPlugin:80 - create IPUIPlugin
2025-12-15 18:19:00,823 [INFO] IPUIPlugin:80 - create IPUIPlugin
2025-12-15 18:19:00,824 [INFO] IPUIPlugin:80 - create IPUIPlugin
2025-12-15 18:19:00,825 [INFO] IPUIPlugin:80 - create IPUIPlugin
2025-12-15 18:19:00,825 [INFO] IPUIPlugin:80 - create IPUIPlugin
2025-12-15 18:19:00,825 [INFO] IPUIPlugin:80 - create IPUIPlugin
2025-12-15 18:19:00,826 [INFO] IPUIPlugin:80 - create IPUIPlugin
2025-12-15 18:19:01,106 [INFO] CADModel:165 - CPN selected for project levelSTM32G491RET3
2025-12-15 18:19:01,106 [INFO] CADModel:114 - Register for checkConnection events
2025-12-15 18:19:01,179 [INFO] OpenFileManager:386 - Restore cursor
2025-12-15 18:26:26,703 [INFO] NvicIntPanel:101 - NVIC parent = com.st.microxplorer.plugins.ip.nvic.MultiNvicIntPanel[,0,0,0x0,invalid,layout=javax.swing.BoxLayout,alignmentX=0.0,alignmentY=0.0,border=,flags=9,maximumSize=,minimumSize=,preferredSize=]
2025-12-15 18:26:46,004 [INFO] UtilMem:75 - End SaveConfig() Used Memory: 837174312 Bytes (1073741824)
2025-12-15 18:26:47,097 [INFO] UtilMem:75 - End SaveConfig() Used Memory: 864847536 Bytes (1073741824)
2025-12-15 18:26:48,319 [INFO] UtilMem:75 - End SaveConfig() Used Memory: 998016688 Bytes (1073741824)
2025-12-15 18:26:49,086 [INFO] BlockDiagram:2775 - set Specific Code input for plugin: TIM6_7G4
2025-12-15 18:26:49,086 [INFO] BlockDiagram:2775 - set Specific Code input for plugin: TIM1_8G4
2025-12-15 18:26:49,086 [INFO] BlockDiagram:2775 - set Specific Code input for plugin: TIM1_8G4
2025-12-15 18:26:49,087 [INFO] BlockDiagram:2775 - set Specific Code input for plugin: TIM1_8G4
2025-12-15 18:26:49,087 [INFO] BlockDiagram:2775 - set Specific Code input for plugin: SYS
2025-12-15 18:26:49,087 [INFO] BlockDiagram:2775 - set Specific Code input for plugin: ADC
2025-12-15 18:26:49,087 [INFO] BlockDiagram:2775 - set Specific Code input for plugin: RCC
2025-12-15 18:26:49,087 [INFO] BlockDiagram:2775 - set Specific Code input for plugin: NVIC
2025-12-15 18:26:49,087 [INFO] BlockDiagram:2775 - set Specific Code input for plugin: USART
2025-12-15 18:26:49,087 [INFO] BlockDiagram:2775 - set Specific Code input for plugin: DMA
2025-12-15 18:26:49,088 [INFO] BlockDiagram:2775 - set Specific Code input for plugin: GPIO
2025-12-15 18:26:49,090 [INFO] CodeGenerator:892 - code generatio: config db path: C:\ST\STM32CubeIDE_1.19.0\STM32CubeIDE\plugins\com.st.stm32cube.common.mx_6.15.0.202507011659\\db\
2025-12-15 18:26:49,377 [INFO] CodeEngine:265 - oldGeneratedFile, C:\STM32_projekti\STM32G491-FOC_Motor_Control\STM32G491-FOC_Motor_Control\PWM_output\MXTmpFiles\license.tmp_save
2025-12-15 18:26:49,906 [INFO] CodeEngine:289 - Generated code: C:\STM32_projekti\STM32G491-FOC_Motor_Control\STM32G491-FOC_Motor_Control\PWM_output\MXTmpFiles\license.tmp
2025-12-15 18:26:50,131 [INFO] CodeEngine:265 - oldGeneratedFile, C:\STM32_projekti\STM32G491-FOC_Motor_Control\STM32G491-FOC_Motor_Control\PWM_output\MXTmpFiles\gpio.tmp_save
2025-12-15 18:26:50,334 [INFO] CodeEngine:289 - Generated code: C:\STM32_projekti\STM32G491-FOC_Motor_Control\STM32G491-FOC_Motor_Control\PWM_output\MXTmpFiles\gpio.tmp
2025-12-15 18:26:51,378 [INFO] CodeEngine:265 - oldGeneratedFile, C:\STM32_projekti\STM32G491-FOC_Motor_Control\STM32G491-FOC_Motor_Control\PWM_output\MXTmpFiles\dma.tmp_save
2025-12-15 18:26:51,585 [INFO] CodeEngine:289 - Generated code: C:\STM32_projekti\STM32G491-FOC_Motor_Control\STM32G491-FOC_Motor_Control\PWM_output\MXTmpFiles\dma.tmp
2025-12-15 18:26:51,594 [INFO] CodeEngine:265 - oldGeneratedFile, C:\STM32_projekti\STM32G491-FOC_Motor_Control\STM32G491-FOC_Motor_Control\PWM_output\MXTmpFiles\dma_GV.tmp_save
2025-12-15 18:26:51,701 [INFO] CodeEngine:289 - Generated code: C:\STM32_projekti\STM32G491-FOC_Motor_Control\STM32G491-FOC_Motor_Control\PWM_output\MXTmpFiles\dma_GV.tmp
2025-12-15 18:26:51,759 [INFO] CodeEngine:265 - oldGeneratedFile, C:\STM32_projekti\STM32G491-FOC_Motor_Control\STM32G491-FOC_Motor_Control\PWM_output\Core\Src\stm32g4xx_it.c_save
2025-12-15 18:26:51,904 [INFO] CodeEngine:289 - Generated code: C:\STM32_projekti\STM32G491-FOC_Motor_Control\STM32G491-FOC_Motor_Control\PWM_output\Core\Src\stm32g4xx_it.c
2025-12-15 18:26:51,917 [INFO] CodeEngine:265 - oldGeneratedFile, C:\STM32_projekti\STM32G491-FOC_Motor_Control\STM32G491-FOC_Motor_Control\PWM_output\Core\Inc\stm32g4xx_it.h_save
2025-12-15 18:26:52,017 [INFO] CodeEngine:289 - Generated code: C:\STM32_projekti\STM32G491-FOC_Motor_Control\STM32G491-FOC_Motor_Control\PWM_output\Core\Inc\stm32g4xx_it.h
2025-12-15 18:26:52,053 [INFO] CodeEngine:265 - oldGeneratedFile, C:\STM32_projekti\STM32G491-FOC_Motor_Control\STM32G491-FOC_Motor_Control\PWM_output\Core\Src\stm32g4xx_hal_msp.c_save
2025-12-15 18:26:52,238 [INFO] CodeEngine:289 - Generated code: C:\STM32_projekti\STM32G491-FOC_Motor_Control\STM32G491-FOC_Motor_Control\PWM_output\Core\Src\stm32g4xx_hal_msp.c
2025-12-15 18:26:52,249 [INFO] CodeEngine:265 - oldGeneratedFile, C:\STM32_projekti\STM32G491-FOC_Motor_Control\STM32G491-FOC_Motor_Control\PWM_output\MXTmpFiles\system.tmp_save
2025-12-15 18:26:52,320 [INFO] CodeEngine:289 - Generated code: C:\STM32_projekti\STM32G491-FOC_Motor_Control\STM32G491-FOC_Motor_Control\PWM_output\MXTmpFiles\system.tmp
2025-12-15 18:26:52,341 [INFO] CodeEngine:321 - oldGeneratedFile, C:\STM32_projekti\STM32G491-FOC_Motor_Control\STM32G491-FOC_Motor_Control\PWM_output\Core\Inc\stm32g4xx_hal_conf.h_save
2025-12-15 18:26:52,415 [INFO] CodeEngine:345 - Generated code: C:\STM32_projekti\STM32G491-FOC_Motor_Control\STM32G491-FOC_Motor_Control\PWM_output\Core\Inc\stm32g4xx_hal_conf.h
2025-12-15 18:26:52,448 [WARN] IPConfigManager:3238 - Warning: the RefConfig RCC_CommonPeriphClockConfig is not available in your config.xml file
2025-12-15 18:26:52,462 [INFO] ApiDbMcu:532 - Load IP Config File for ADC1
2025-12-15 18:26:52,483 [INFO] ApiDbMcu:532 - Load IP Config File for TIM1
2025-12-15 18:26:52,502 [INFO] ApiDbMcu:532 - Load IP Config File for TIM2
2025-12-15 18:26:52,525 [INFO] ApiDbMcu:532 - Load IP Config File for TIM3
2025-12-15 18:26:52,544 [INFO] ApiDbMcu:532 - Load IP Config File for TIM7
2025-12-15 18:26:52,559 [INFO] ApiDbMcu:532 - Load IP Config File for USART2
2025-12-15 18:26:52,562 [INFO] ApiDbMcu:532 - Load IP Config File for RCC
2025-12-15 18:26:52,566 [WARN] IPConfigManager:3811 - IP not found : TIM
2025-12-15 18:26:52,568 [WARN] CodeGenerator:4259 - IP not found : null
2025-12-15 18:26:52,579 [INFO] CodeEngine:265 - oldGeneratedFile, C:\STM32_projekti\STM32G491-FOC_Motor_Control\STM32G491-FOC_Motor_Control\PWM_output\Core\Inc\main.h_save
2025-12-15 18:26:52,674 [INFO] CodeEngine:289 - Generated code: C:\STM32_projekti\STM32G491-FOC_Motor_Control\STM32G491-FOC_Motor_Control\PWM_output\Core\Inc\main.h
2025-12-15 18:26:52,685 [INFO] CodeEngine:265 - oldGeneratedFile, C:\STM32_projekti\STM32G491-FOC_Motor_Control\STM32G491-FOC_Motor_Control\PWM_output\Core\Src\main.c_save
2025-12-15 18:26:52,881 [INFO] CodeEngine:289 - Generated code: C:\STM32_projekti\STM32G491-FOC_Motor_Control\STM32G491-FOC_Motor_Control\PWM_output\Core\Src\main.c
2025-12-15 18:26:53,457 [INFO] ProjectBuilder:3606 - Time for Copy HAL[1] : 320mS.
2025-12-15 18:26:53,466 [INFO] ProjectBuilder:5216 - Project Generator version: 4.7.0-B52
2025-12-15 18:26:53,576 [INFO] ConfigFileManager:1595 - The Die is : DIE479
2025-12-15 18:26:53,584 [INFO] ApiDbMcu:532 - Load IP Config File for FATFS
2025-12-15 18:26:53,591 [INFO] ApiDbMcu:532 - Load IP Config File for FREERTOS
2025-12-15 18:26:53,598 [INFO] ApiDbMcu:532 - Load IP Config File for USBPD
2025-12-15 18:26:53,612 [INFO] ApiDbMcu:532 - Load IP Config File for USB_DEVICE
2025-12-15 18:26:53,995 [INFO] LogOutputStream:77 - [STDOUT_REDIRECT] 
2025-12-15 18:26:55,577 [INFO] ProjectBuilder:5496 - Time for Generating toolchain IDE Files: 2111mS.
2025-12-15 18:26:55,579 [INFO] ProjectBuilder:3463 - Time for Copy CMSIS : 1mS.
2025-12-15 18:26:55,589 [INFO] ProjectBuilder:3463 - Time for Copy CMSIS : 1mS.
2025-12-15 18:33:13,911 [INFO] NvicIntPanel:101 - NVIC parent = com.st.microxplorer.plugins.ip.nvic.MultiNvicIntPanel[,0,0,551x175,layout=javax.swing.BoxLayout,alignmentX=0.0,alignmentY=0.0,border=,flags=9,maximumSize=,minimumSize=,preferredSize=]
2025-12-15 18:36:14,496 [ERROR] LogOutputStream:75 - [STDERR_REDIRECT] 
2025-12-15 18:36:24,163 [INFO] Activator:176 - 


2025-12-15 18:36:24,164 [INFO] Activator:177 - !SESSION log4j initialized
2025-12-15 18:36:30,357 [INFO] LogOutputStream:77 - [STDOUT_REDIRECT] 
2025-12-15 18:36:31,599 [INFO] ApplicationProperties:184 - Using Application install path: C:\ST\STM32CubeIDE_1.19.0\STM32CubeIDE\plugins\com.st.stm32cube.common.mx_6.15.0.202507011659
2025-12-15 18:36:31,621 [INFO] DbMcusXml:78 - Set database path to: C:\ST\STM32CubeIDE_1.19.0\STM32CubeIDE\plugins\com.st.stm32cube.common.mx_6.15.0.202507011659\\db\/mcu/
2025-12-15 18:36:31,621 [INFO] ApiDb:274 - Set plugin database path to: C:\ST\STM32CubeIDE_1.19.0\STM32CubeIDE\plugins\com.st.stm32cube.common.mx_6.15.0.202507011659\\db\/plugins/boardmanager/
2025-12-15 18:36:31,621 [WARN] ApiDb:259 - Overriding images path with different value:  => C:\ST\STM32CubeIDE_1.19.0\STM32CubeIDE\plugins\com.st.stm32cube.common.mx_6.15.0.202507011659\\db\/plugins/mcufinder/images/
2025-12-15 18:36:31,626 [INFO] ApiDb:250 - Set database path to: C:\Users\ivanp\.stmcufinder\plugins\mcufinder//mcu/
2025-12-15 18:36:31,628 [INFO] DbMcusAds:125 - Set database path to: C:\Users\ivanp\.stmcufinder\plugins\mcufinder//mcu/
2025-12-15 18:36:31,630 [INFO] CrossReferenceDbSqlite:203 - Set database path to: C:\Users\ivanp\.stmcufinder\plugins\mcufinder//mcu/cs/
2025-12-15 18:36:31,752 [INFO] RulesReader:64 - Compatibility file has been processed (317 Rules)
2025-12-15 18:36:31,827 [INFO] DbMcusXml:78 - Set database path to: C:\ST\STM32CubeIDE_1.19.0\STM32CubeIDE\plugins\com.st.stm32cube.common.mx_6.15.0.202507011659\\db\/mcu/
2025-12-15 18:36:31,827 [INFO] ApiDb:274 - Set plugin database path to: C:\ST\STM32CubeIDE_1.19.0\STM32CubeIDE\plugins\com.st.stm32cube.common.mx_6.15.0.202507011659\\db\/plugins/boardmanager/
2025-12-15 18:36:31,827 [INFO] ApiDb:261 - Set plugin images path to: C:\ST\STM32CubeIDE_1.19.0\STM32CubeIDE\plugins\com.st.stm32cube.common.mx_6.15.0.202507011659\\db\/plugins/mcufinder/images/
2025-12-15 18:36:31,827 [WARN] DbFile:41 - Overriding database path with different value: C:\Users\ivanp\.stmcufinder\plugins\mcufinder/ => C:\Users\ivanp\.stmcufinder\plugins\mcufinder
2025-12-15 18:36:31,827 [INFO] ApiDb:250 - Set database path to: C:\Users\ivanp\.stmcufinder\plugins\mcufinder//mcu/
2025-12-15 18:36:31,827 [WARN] DbFile:41 - Overriding database path with different value: C:\Users\ivanp\.stmcufinder\plugins\mcufinder/ => C:\Users\ivanp\.stmcufinder\plugins\mcufinder
2025-12-15 18:36:31,827 [INFO] DbMcusAds:125 - Set database path to: C:\Users\ivanp\.stmcufinder\plugins\mcufinder//mcu/
2025-12-15 18:36:31,827 [WARN] DbFile:41 - Overriding database path with different value: C:\Users\ivanp\.stmcufinder\plugins\mcufinder/ => C:\Users\ivanp\.stmcufinder\plugins\mcufinder
2025-12-15 18:36:31,828 [WARN] DbFile:41 - Overriding database path with different value: C:\Users\ivanp\.stmcufinder\plugins\mcufinder/ => C:\Users\ivanp\.stmcufinder\plugins\mcufinder
2025-12-15 18:36:31,828 [INFO] CrossReferenceDbSqlite:203 - Set database path to: C:\Users\ivanp\.stmcufinder\plugins\mcufinder//mcu/cs/
2025-12-15 18:36:31,889 [INFO] MainPanel:274 - HeapMemory: 268435456
2025-12-15 18:36:31,962 [INFO] DbMcusXml:78 - Set database path to: C:\ST\STM32CubeIDE_1.19.0\STM32CubeIDE\plugins\com.st.stm32cube.common.mx_6.15.0.202507011659\\db\/mcu/
2025-12-15 18:36:31,962 [INFO] ApiDb:274 - Set plugin database path to: C:\ST\STM32CubeIDE_1.19.0\STM32CubeIDE\plugins\com.st.stm32cube.common.mx_6.15.0.202507011659\\db\/plugins/boardmanager/
2025-12-15 18:36:31,963 [INFO] ApiDb:261 - Set plugin images path to: C:\ST\STM32CubeIDE_1.19.0\STM32CubeIDE\plugins\com.st.stm32cube.common.mx_6.15.0.202507011659\\db\/plugins/mcufinder/images/
2025-12-15 18:36:31,963 [WARN] DbFile:41 - Overriding database path with different value: C:\Users\ivanp\.stmcufinder\plugins\mcufinder/ => C:\Users\ivanp\.stmcufinder\plugins\mcufinder
2025-12-15 18:36:31,963 [INFO] ApiDb:250 - Set database path to: C:\Users\ivanp\.stmcufinder\plugins\mcufinder//mcu/
2025-12-15 18:36:31,963 [WARN] DbFile:41 - Overriding database path with different value: C:\Users\ivanp\.stmcufinder\plugins\mcufinder/ => C:\Users\ivanp\.stmcufinder\plugins\mcufinder
2025-12-15 18:36:31,963 [INFO] DbMcusAds:125 - Set database path to: C:\Users\ivanp\.stmcufinder\plugins\mcufinder//mcu/
2025-12-15 18:36:31,963 [WARN] DbFile:41 - Overriding database path with different value: C:\Users\ivanp\.stmcufinder\plugins\mcufinder/ => C:\Users\ivanp\.stmcufinder\plugins\mcufinder
2025-12-15 18:36:31,963 [WARN] DbFile:41 - Overriding database path with different value: C:\Users\ivanp\.stmcufinder\plugins\mcufinder/ => C:\Users\ivanp\.stmcufinder\plugins\mcufinder
2025-12-15 18:36:31,963 [INFO] CrossReferenceDbSqlite:203 - Set database path to: C:\Users\ivanp\.stmcufinder\plugins\mcufinder//mcu/cs/
2025-12-15 18:36:31,978 [INFO] ApplicationProperties:184 - Using Application install path: C:\ST\STM32CubeIDE_1.19.0\STM32CubeIDE\plugins\com.st.stm32cube.common.mx_6.15.0.202507011659
2025-12-15 18:36:31,979 [INFO] PluginManage:196 - Search for loadable plugins [exclusion list=, ]
2025-12-15 18:36:31,980 [INFO] PluginManage:310 - Check plugin analytics
2025-12-15 18:36:32,192 [INFO] AnalyticsPlugin:253 - Accepted Software Licenses: 
2025-12-15 18:36:32,193 [INFO] AnalyticsPlugin:255 - Accepted CMSIS Pack Licenses: 
2025-12-15 18:36:32,193 [INFO] AnalyticsPlugin:257 - Accepted Firmware Licenses: FW.F4.1.28.0,FW.G4.1.6.0
2025-12-15 18:36:32,196 [INFO] PluginManage:359 - Loaded plugin analytics (category:tool,tabindex:-1)
2025-12-15 18:36:32,196 [INFO] PluginManage:310 - Check plugin cadmodel
2025-12-15 18:36:32,203 [INFO] CADModel:105 - Init CAD model plugin
2025-12-15 18:36:32,203 [INFO] PluginManage:359 - Loaded plugin cadmodel (category:power,tabindex:5)
2025-12-15 18:36:32,203 [INFO] PluginManage:310 - Check plugin clock
2025-12-15 18:36:32,215 [INFO] PluginManage:359 - Loaded plugin clock (category:base,tabindex:2)
2025-12-15 18:36:32,215 [INFO] PluginManage:310 - Check plugin ddr
2025-12-15 18:36:32,219 [INFO] PluginManage:359 - Loaded plugin ddr (category:tool,tabindex:6)
2025-12-15 18:36:32,219 [INFO] PluginManage:310 - Check plugin filemanager
2025-12-15 18:36:32,351 [INFO] PluginManage:359 - Loaded plugin filemanager (category:base,tabindex:10)
2025-12-15 18:36:32,351 [INFO] PluginManage:310 - Check plugin ipmanager
2025-12-15 18:36:32,360 [INFO] PluginManage:359 - Loaded plugin ipmanager (category:base,tabindex:5)
2025-12-15 18:36:32,360 [INFO] PluginManage:310 - Check plugin lpbam
2025-12-15 18:36:32,367 [INFO] PluginManage:359 - Loaded plugin lpbam (category:base,tabindex:0)
2025-12-15 18:36:32,367 [INFO] PluginManage:310 - Check plugin memorymap
2025-12-15 18:36:32,378 [INFO] PluginManage:359 - Loaded plugin memorymap (category:base,tabindex:4)
2025-12-15 18:36:32,378 [INFO] PluginManage:310 - Check plugin pinoutandconfiguration
2025-12-15 18:36:32,385 [INFO] PluginManage:359 - Loaded plugin pinoutandconfiguration (category:base,tabindex:1)
2025-12-15 18:36:32,385 [INFO] PluginManage:310 - Check plugin pinoutconfig
2025-12-15 18:36:32,520 [WARN] SupportedApi:132 - Cannot load RTOS API schema: s4s-elt-must-match.1: The content of 'definitions' must match (annotation?, (simpleType | complexType)?, (unique | key | keyref)*)). A problem was found starting at: attribute.
2025-12-15 18:36:32,688 [INFO] PluginManage:359 - Loaded plugin pinoutconfig (category:base,tabindex:0)
2025-12-15 18:36:32,688 [INFO] PluginManage:310 - Check plugin power
2025-12-15 18:36:32,704 [INFO] PluginManage:359 - Loaded plugin power (category:power,tabindex:4)
2025-12-15 18:36:32,704 [INFO] PluginManage:310 - Check plugin projectmanager
2025-12-15 18:36:32,721 [INFO] PluginManage:359 - Loaded plugin projectmanager (category:projectmanager,tabindex:4)
2025-12-15 18:36:32,721 [INFO] PluginManage:310 - Check plugin rif
2025-12-15 18:36:32,737 [INFO] PluginManage:359 - Loaded plugin rif (category:base,tabindex:3)
2025-12-15 18:36:32,737 [INFO] PluginManage:310 - Check plugin thirdparty
2025-12-15 18:36:32,891 [WARN] IntegrityCheckThread:84 - waiting for thirdparty lock release [integrity check]
2025-12-15 18:36:32,891 [INFO] IntegrityCheckThread:86 - entering critical section [integrity check]
2025-12-15 18:36:32,891 [INFO] ThirdPartyUpdaterWithRetryManager:70 - Updater plugin not ready yet. [1/15]
2025-12-15 18:36:32,892 [INFO] PluginManage:359 - Loaded plugin thirdparty (category:base,tabindex:-1)
2025-12-15 18:36:32,892 [INFO] PluginManage:310 - Check plugin tools
2025-12-15 18:36:32,896 [INFO] PluginManage:359 - Loaded plugin tools (category:base,tabindex:7)
2025-12-15 18:36:32,896 [INFO] PluginManage:310 - Check plugin tutovideos
2025-12-15 18:36:33,064 [INFO] PluginManage:359 - Loaded plugin tutovideos (category:base,tabindex:-1)
2025-12-15 18:36:33,064 [INFO] PluginManage:310 - Check plugin updater
2025-12-15 18:36:33,081 [INFO] PluginManage:359 - Loaded plugin updater (category:base,tabindex:12)
2025-12-15 18:36:33,081 [INFO] PluginManage:310 - Check plugin userauth
2025-12-15 18:36:33,085 [INFO] UserAuth:118 - Init User Auth plugin
2025-12-15 18:36:33,086 [INFO] PluginManage:359 - Loaded plugin userauth (category:base,tabindex:14)
2025-12-15 18:36:33,086 [INFO] PluginManage:283 - PluginManage : Loaded plugins [18]
2025-12-15 18:36:33,276 [INFO] PinOutPanel:1589 - setPackage(No Configuration,No Configuration)
2025-12-15 18:36:33,363 [INFO] CADModel:165 - CPN selected for project level
2025-12-15 18:36:33,363 [INFO] CADModel:114 - Register for checkConnection events
2025-12-15 18:36:33,379 [INFO] IPUIPlugin:80 - create IPUIPlugin
2025-12-15 18:36:33,380 [INFO] PluginManager:220 - loadIPPluginJar : add adc
2025-12-15 18:36:33,382 [INFO] IPUIPlugin:80 - create IPUIPlugin
2025-12-15 18:36:33,383 [INFO] PluginManager:220 - loadIPPluginJar : add aes
2025-12-15 18:36:33,385 [INFO] IPUIPlugin:80 - create IPUIPlugin
2025-12-15 18:36:33,385 [INFO] PluginManager:220 - loadIPPluginJar : add can
2025-12-15 18:36:33,387 [INFO] IPUIPlugin:80 - create IPUIPlugin
2025-12-15 18:36:33,388 [INFO] PluginManager:220 - loadIPPluginJar : add comp
2025-12-15 18:36:33,390 [INFO] IPUIPlugin:80 - create IPUIPlugin
2025-12-15 18:36:33,390 [INFO] PluginManager:220 - loadIPPluginJar : add cryp
2025-12-15 18:36:33,394 [INFO] IPUIPlugin:80 - create IPUIPlugin
2025-12-15 18:36:33,394 [INFO] PluginManager:220 - loadIPPluginJar : add ddr_ctrl_phy
2025-12-15 18:36:33,397 [INFO] IPUIPlugin:80 - create IPUIPlugin
2025-12-15 18:36:33,397 [INFO] PluginManager:220 - loadIPPluginJar : add dfsdm
2025-12-15 18:36:33,403 [INFO] IPUIPlugin:80 - create IPUIPlugin
2025-12-15 18:36:33,403 [INFO] PluginManager:220 - loadIPPluginJar : add dma
2025-12-15 18:36:33,407 [INFO] IPUIPlugin:80 - create IPUIPlugin
2025-12-15 18:36:33,407 [INFO] PluginManager:220 - loadIPPluginJar : add dma3
2025-12-15 18:36:33,410 [INFO] IPUIPlugin:80 - create IPUIPlugin
2025-12-15 18:36:33,410 [INFO] PluginManager:220 - loadIPPluginJar : add extmemmanager
2025-12-15 18:36:33,412 [INFO] IPUIPlugin:80 - create IPUIPlugin
2025-12-15 18:36:33,412 [INFO] PluginManager:220 - loadIPPluginJar : add fatfs
2025-12-15 18:36:33,417 [INFO] IPUIPlugin:80 - create IPUIPlugin
2025-12-15 18:36:33,417 [INFO] PluginManager:220 - loadIPPluginJar : add fmc
2025-12-15 18:36:33,431 [INFO] IPUIPlugin:80 - create IPUIPlugin
2025-12-15 18:36:33,431 [INFO] PluginManager:220 - loadIPPluginJar : add freertos
2025-12-15 18:36:33,434 [INFO] IPUIPlugin:80 - create IPUIPlugin
2025-12-15 18:36:33,434 [INFO] PluginManager:220 - loadIPPluginJar : add genericplugin
2025-12-15 18:36:33,437 [INFO] IPUIPlugin:80 - create IPUIPlugin
2025-12-15 18:36:33,437 [INFO] PluginManager:220 - loadIPPluginJar : add gfxmmu
2025-12-15 18:36:33,443 [INFO] IPUIPlugin:80 - create IPUIPlugin
2025-12-15 18:36:33,443 [INFO] PluginManager:220 - loadIPPluginJar : add gic
2025-12-15 18:36:33,447 [INFO] IPUIPlugin:80 - create IPUIPlugin
2025-12-15 18:36:33,447 [INFO] PluginManager:220 - loadIPPluginJar : add gpio
2025-12-15 18:36:33,452 [INFO] IPUIPlugin:80 - create IPUIPlugin
2025-12-15 18:36:33,452 [INFO] PluginManager:220 - loadIPPluginJar : add gtzc
2025-12-15 18:36:33,455 [INFO] IPUIPlugin:80 - create IPUIPlugin
2025-12-15 18:36:33,455 [INFO] PluginManager:220 - loadIPPluginJar : add hash
2025-12-15 18:36:33,458 [INFO] IPUIPlugin:80 - create IPUIPlugin
2025-12-15 18:36:33,459 [INFO] PluginManager:220 - loadIPPluginJar : add i2c
2025-12-15 18:36:33,461 [INFO] IPUIPlugin:80 - create IPUIPlugin
2025-12-15 18:36:33,461 [INFO] PluginManager:220 - loadIPPluginJar : add i2s
2025-12-15 18:36:33,465 [INFO] IPUIPlugin:80 - create IPUIPlugin
2025-12-15 18:36:33,465 [INFO] PluginManager:220 - loadIPPluginJar : add i3c
2025-12-15 18:36:33,469 [INFO] IPUIPlugin:80 - create IPUIPlugin
2025-12-15 18:36:33,470 [INFO] PluginManager:220 - loadIPPluginJar : add ipddr
2025-12-15 18:36:33,477 [INFO] IPUIPlugin:80 - create IPUIPlugin
2025-12-15 18:36:33,477 [INFO] PluginManager:220 - loadIPPluginJar : add linkedlist
2025-12-15 18:36:33,482 [INFO] IPUIPlugin:80 - create IPUIPlugin
2025-12-15 18:36:33,482 [INFO] PluginManager:220 - loadIPPluginJar : add lorawan
2025-12-15 18:36:33,485 [INFO] IPUIPlugin:80 - create IPUIPlugin
2025-12-15 18:36:33,485 [INFO] PluginManager:220 - loadIPPluginJar : add ltdc
2025-12-15 18:36:33,491 [INFO] IPUIPlugin:80 - create IPUIPlugin
2025-12-15 18:36:33,492 [INFO] PluginManager:220 - loadIPPluginJar : add mdma
2025-12-15 18:36:33,496 [INFO] IPUIPlugin:80 - create IPUIPlugin
2025-12-15 18:36:33,496 [INFO] PluginManager:220 - loadIPPluginJar : add nvic
2025-12-15 18:36:33,499 [INFO] IPUIPlugin:80 - create IPUIPlugin
2025-12-15 18:36:33,499 [INFO] PluginManager:220 - loadIPPluginJar : add opamp
2025-12-15 18:36:33,503 [INFO] IPUIPlugin:80 - create IPUIPlugin
2025-12-15 18:36:33,503 [INFO] PluginManager:220 - loadIPPluginJar : add openamp
2025-12-15 18:36:33,506 [INFO] IPUIPlugin:80 - create IPUIPlugin
2025-12-15 18:36:33,506 [INFO] PluginManager:220 - loadIPPluginJar : add pdm2pcm
2025-12-15 18:36:33,513 [INFO] IPUIPlugin:80 - create IPUIPlugin
2025-12-15 18:36:33,518 [INFO] PluginManager:220 - loadIPPluginJar : add plateformsettings
2025-12-15 18:36:33,520 [INFO] IPUIPlugin:80 - create IPUIPlugin
2025-12-15 18:36:33,520 [INFO] PluginManager:220 - loadIPPluginJar : add quadspi
2025-12-15 18:36:33,523 [INFO] IPUIPlugin:80 - create IPUIPlugin
2025-12-15 18:36:33,524 [INFO] PluginManager:220 - loadIPPluginJar : add radio
2025-12-15 18:36:33,527 [INFO] IPUIPlugin:80 - create IPUIPlugin
2025-12-15 18:36:33,528 [INFO] PluginManager:220 - loadIPPluginJar : add resmgrutility
2025-12-15 18:36:33,535 [INFO] IPUIPlugin:80 - create IPUIPlugin
2025-12-15 18:36:33,535 [INFO] PluginManager:220 - loadIPPluginJar : add sai
2025-12-15 18:36:33,538 [INFO] IPUIPlugin:80 - create IPUIPlugin
2025-12-15 18:36:33,538 [INFO] PluginManager:220 - loadIPPluginJar : add spi
2025-12-15 18:36:33,545 [INFO] IPUIPlugin:80 - create IPUIPlugin
2025-12-15 18:36:33,545 [INFO] PluginManager:220 - loadIPPluginJar : add stm32_wpan
2025-12-15 18:36:33,547 [INFO] IPUIPlugin:80 - create IPUIPlugin
2025-12-15 18:36:33,547 [INFO] PluginManager:220 - loadIPPluginJar : add tim
2025-12-15 18:36:33,550 [INFO] IPUIPlugin:80 - create IPUIPlugin
2025-12-15 18:36:33,550 [INFO] PluginManager:220 - loadIPPluginJar : add touchsensing
2025-12-15 18:36:33,553 [INFO] IPUIPlugin:80 - create IPUIPlugin
2025-12-15 18:36:33,553 [INFO] PluginManager:220 - loadIPPluginJar : add tracer_emb
2025-12-15 18:36:33,556 [INFO] IPUIPlugin:80 - create IPUIPlugin
2025-12-15 18:36:33,556 [INFO] PluginManager:220 - loadIPPluginJar : add ts
2025-12-15 18:36:33,558 [INFO] IPUIPlugin:80 - create IPUIPlugin
2025-12-15 18:36:33,558 [INFO] PluginManager:220 - loadIPPluginJar : add tsc
2025-12-15 18:36:33,562 [INFO] IPUIPlugin:80 - create IPUIPlugin
2025-12-15 18:36:33,562 [INFO] PluginManager:220 - loadIPPluginJar : add ucpd
2025-12-15 18:36:33,566 [INFO] IPUIPlugin:80 - create IPUIPlugin
2025-12-15 18:36:33,566 [INFO] PluginManager:220 - loadIPPluginJar : add usart
2025-12-15 18:36:33,573 [INFO] IPUIPlugin:80 - create IPUIPlugin
2025-12-15 18:36:33,573 [INFO] PluginManager:220 - loadIPPluginJar : add usbx
2025-12-15 18:36:33,715 [FATAL] Updater:351 - Updater called before beeing initialized
2025-12-15 18:36:33,748 [INFO] RulesReader:64 - Compatibility file has been processed (317 Rules)
2025-12-15 18:36:33,759 [INFO] RulesReader:64 - Compatibility file has been processed (317 Rules)
2025-12-15 18:36:33,770 [INFO] CADModel:165 - CPN selected for project level
2025-12-15 18:36:33,770 [INFO] CADModel:114 - Register for checkConnection events
2025-12-15 18:36:33,770 [FATAL] Updater:351 - Updater called before beeing initialized
2025-12-15 18:36:33,770 [ERROR] CADModel:125 - Updater not yet initialized, retry later 
2025-12-15 18:36:33,947 [FATAL] Updater:351 - Updater called before beeing initialized
2025-12-15 18:36:33,949 [INFO] CADModel:165 - CPN selected for project level
2025-12-15 18:36:33,950 [INFO] CADModel:114 - Register for checkConnection events
2025-12-15 18:36:33,950 [FATAL] Updater:351 - Updater called before beeing initialized
2025-12-15 18:36:33,950 [ERROR] CADModel:125 - Updater not yet initialized, retry later 
2025-12-15 18:36:33,953 [FATAL] Updater:351 - Updater called before beeing initialized
2025-12-15 18:36:34,116 [FATAL] Updater:351 - Updater called before beeing initialized
2025-12-15 18:36:34,123 [INFO] DbMcusAds:53 - JSON generation date=Mon Nov 10 11:43:01 CET 2025 (1762771381096)
2025-12-15 18:36:34,123 [FATAL] Updater:351 - Updater called before beeing initialized
2025-12-15 18:36:34,153 [WARN] DetailPanel:346 - Failed to get advertising image, set to default
2025-12-15 18:36:34,233 [FATAL] Updater:351 - Updater called before beeing initialized
2025-12-15 18:36:34,235 [FATAL] Updater:351 - Updater called before beeing initialized
2025-12-15 18:36:34,235 [FATAL] Updater:351 - Updater called before beeing initialized
2025-12-15 18:36:34,235 [WARN] DetailPanel:346 - Failed to get advertising image, set to default
2025-12-15 18:36:34,236 [FATAL] Updater:351 - Updater called before beeing initialized
2025-12-15 18:36:34,285 [ERROR] Updater:1198 - MainUpdater not yet initialized. External WinMGr cannot be set.
2025-12-15 18:36:34,286 [INFO] Updater:1134 - Updater Version found : 6.15.0
2025-12-15 18:36:34,299 [INFO] ApplicationProperties:184 - Using Application install path: C:\ST\STM32CubeIDE_1.19.0\STM32CubeIDE\plugins\com.st.stm32cube.common.mx_6.15.0.202507011659
2025-12-15 18:36:34,746 [INFO] MainUpdater:2872 - connection check result : 10
2025-12-15 18:36:34,747 [INFO] MainUpdater:289 - Updater Check For Update Now.
2025-12-15 18:36:34,747 [INFO] MicroXplorer:498 - Change Database Version : DB.6.0.150
2025-12-15 18:36:34,757 [INFO] McuFinderGlobals:63 - Set McuFinder mode to 2 (CubeIDE integrated)
2025-12-15 18:36:34,758 [INFO] UserAuth:487 - Internet connection configuration mode: 1
2025-12-15 18:36:34,792 [INFO] JxBrowserEngine:152 - Initiate JxBrowser Engine with user profile folder
2025-12-15 18:36:34,945 [INFO] CheckServerUpdateThread:120 - End of CheckServer Thread
2025-12-15 18:36:35,596 [INFO] WebApp:169 - Instantiating new browser for Auth
2025-12-15 18:36:36,340 [WARN] PackLoader:240 - Cannot read IP mode file for STMicroelectronics.FP-SNS-MOTENVWB1.1.4.0
2025-12-15 18:36:36,356 [WARN] PackLoader:240 - Cannot read IP mode file for STMicroelectronics.FP-ATR-ASTRA1.2.0.2
2025-12-15 18:36:36,362 [WARN] PackLoader:240 - Cannot read IP mode file for STMicroelectronics.FP-ATR-ASTRA1.2.0.1
2025-12-15 18:36:36,382 [WARN] PackLoader:240 - Cannot read IP mode file for STMicroelectronics.X-CUBE-SMBUS.2.1.0
2025-12-15 18:36:36,393 [WARN] PackLoader:240 - Cannot read IP mode file for STMicroelectronics.X-CUBE-WB05N.1.1.0
2025-12-15 18:36:36,401 [WARN] PackLoader:240 - Cannot read IP mode file for STMicroelectronics.X-CUBE-TOUCHGFX.4.23.0
2025-12-15 18:36:36,405 [WARN] PackLoader:240 - Cannot read IP mode file for STMicroelectronics.X-CUBE-TOUCHGFX.4.23.2
2025-12-15 18:36:36,466 [WARN] PackLoader:240 - Cannot read IP mode file for STMicroelectronics.X-CUBE-AZRTOS-F7.1.1.0
2025-12-15 18:36:36,487 [WARN] PackLoader:240 - Cannot read IP mode file for STMicroelectronics.FP-SNS-MOTENV1.4.3.2
2025-12-15 18:36:36,497 [ERROR] RealEvaluatedCondition:428 - Found unsupported composite condition: CLASS='Data Exchange' GROUP='STM32_MetaDataManager'
2025-12-15 18:36:36,497 [ERROR] RealEvaluatedCondition:428 - Found unsupported composite condition: CLASS='Data Exchange' GROUP='STM32_MetaDataManager'
2025-12-15 18:36:36,499 [WARN] PackLoader:240 - Cannot read IP mode file for STMicroelectronics.FP-SNS-MOTENV1.4.3.1
2025-12-15 18:36:36,509 [WARN] PackLoader:240 - Cannot read IP mode file for STMicroelectronics.FP-SNS-FLIGHT1.5.0.1
2025-12-15 18:36:36,517 [WARN] PackLoader:240 - Cannot read IP mode file for STMicroelectronics.X-CUBE-BLE1.6.2.3
2025-12-15 18:36:36,627 [WARN] PackLoader:240 - Cannot read IP mode file for STMicroelectronics.X-CUBE-MEMS1.11.0.0
2025-12-15 18:36:36,780 [INFO] WebApp:463 - Apply proxy settings
2025-12-15 18:36:36,781 [INFO] WebApp:548 - Chromium requires no authentication
2025-12-15 18:36:36,796 [INFO] WebApp:491 - Direct internet connection detected
2025-12-15 18:36:36,866 [INFO] WebApp:900 - Register for checkConnection events
2025-12-15 18:36:36,867 [INFO] WebApp:463 - Apply proxy settings
2025-12-15 18:36:36,867 [INFO] WebApp:548 - Chromium requires no authentication
2025-12-15 18:36:36,868 [INFO] WebApp:491 - Direct internet connection detected
2025-12-15 18:36:36,883 [WARN] PackLoader:240 - Cannot read IP mode file for STMicroelectronics.X-CUBE-BLE1.6.2.4
2025-12-15 18:36:36,889 [WARN] PackLoader:240 - Cannot read IP mode file for STMicroelectronics.FP-SNS-MOTENV1.5.1.0
2025-12-15 18:36:36,896 [WARN] PackLoader:240 - Cannot read IP mode file for STMicroelectronics.X-CUBE-BLE1.6.2.2
2025-12-15 18:36:36,901 [WARN] PackLoader:240 - Cannot read IP mode file for STMicroelectronics.FP-SNS-FLIGHT1.5.0.2
2025-12-15 18:36:36,908 [WARN] PackLoader:240 - Cannot read IP mode file for STMicroelectronics.X-CUBE-BLE2.3.2.2
2025-12-15 18:36:36,938 [WARN] PackLoader:240 - Cannot read IP mode file for STMicroelectronics.X-CUBE-AZRTOS-H7.3.4.0
2025-12-15 18:36:36,951 [WARN] PackLoader:240 - Cannot read IP mode file for STMicroelectronics.X-CUBE-DISPLAY.3.0.0
2025-12-15 18:36:36,960 [WARN] PackLoader:240 - Cannot read IP mode file for STMicroelectronics.X-CUBE-BLE1.7.0.0
2025-12-15 18:36:36,967 [WARN] PackLoader:240 - Cannot read IP mode file for STMicroelectronics.X-CUBE-NFC10.1.0.0
2025-12-15 18:36:36,976 [WARN] PackLoader:240 - Cannot read IP mode file for STMicroelectronics.X-CUBE-BLEMGR.4.0.0
2025-12-15 18:36:36,985 [WARN] PackLoader:240 - Cannot read IP mode file for STMicroelectronics.X-CUBE-ST60.1.1.0
2025-12-15 18:36:36,990 [WARN] PackLoader:240 - Cannot read IP mode file for STMicroelectronics.X-CUBE-TOUCHGFX.4.22.0
2025-12-15 18:36:36,997 [WARN] PackLoader:240 - Cannot read IP mode file for STMicroelectronics.X-CUBE-GNSS1.7.1.0
2025-12-15 18:36:37,002 [WARN] PackLoader:240 - Cannot read IP mode file for STMicroelectronics.X-CUBE-TOUCHGFX.4.22.1
2025-12-15 18:36:37,010 [WARN] PackLoader:240 - Cannot read IP mode file for STMicroelectronics.X-CUBE-SUBG2.4.2.0
2025-12-15 18:36:37,068 [WARN] PackLoader:240 - Cannot read IP mode file for STMicroelectronics.X-CUBE-MEMS1.9.3.0
2025-12-15 18:36:37,257 [INFO] WebApp:191 - Connection restablished
2025-12-15 18:36:37,318 [WARN] PackLoader:240 - Cannot read IP mode file for STMicroelectronics.X-CUBE-AI.7.2.0
2025-12-15 18:36:37,336 [WARN] PackLoader:240 - Cannot read IP mode file for STMicroelectronics.X-CUBE-BLEMGR.3.1.0
2025-12-15 18:36:37,343 [WARN] PackLoader:240 - Cannot read IP mode file for STMicroelectronics.X-CUBE-AI.10.0.0
2025-12-15 18:36:37,354 [WARN] PackLoader:240 - Cannot read IP mode file for STMicroelectronics.FP-SNS-STBOX1.2.1.0
2025-12-15 18:36:37,363 [WARN] PackLoader:240 - Cannot read IP mode file for STMicroelectronics.FP-SNS-SMARTAG2.1.2.0
2025-12-15 18:36:37,368 [WARN] PackLoader:240 - Cannot read IP mode file for STMicroelectronics.FP-SNS-FLIGHT1.5.1.0
2025-12-15 18:36:37,433 [WARN] PackLoader:240 - Cannot read IP mode file for STMicroelectronics.X-CUBE-MEMS1.11.1.0
2025-12-15 18:36:37,592 [INFO] WebApp:225 - Starting web application
2025-12-15 18:36:37,592 [INFO] WebApp:593 - Web application path used C:\ST\STM32CubeIDE_1.19.0\STM32CubeIDE\plugins\com.st.stm32cube.common.mx_6.15.0.202507011659\db\plugins\mcufinder\reactClient1\index.html
2025-12-15 18:36:37,613 [INFO] LogOutputStream:77 - [STDOUT_REDIRECT] 1 : Invalid condition id : UX_CORESTACK_Condition cause : null
2025-12-15 18:36:37,616 [INFO] LogOutputStream:77 - [STDOUT_REDIRECT] 1 : Invalid condition id : UX_CORESTACK_Condition cause : null
2025-12-15 18:36:37,620 [INFO] LogOutputStream:77 - [STDOUT_REDIRECT] 1 : Invalid condition id : UX_CORESTACK_Condition cause : null
2025-12-15 18:36:37,626 [INFO] LogOutputStream:77 - [STDOUT_REDIRECT] 1 : Invalid condition id : UX_CORESTACK_Condition cause : null
2025-12-15 18:36:37,628 [INFO] LogOutputStream:77 - [STDOUT_REDIRECT] 1 : Invalid condition id : UX_CORESTACK_Condition cause : null
2025-12-15 18:36:37,632 [WARN] PackLoader:240 - Cannot read IP mode file for STMicroelectronics.X-CUBE-AZRTOS-WL.2.0.0
2025-12-15 18:36:37,642 [WARN] PackLoader:240 - Cannot read IP mode file for STMicroelectronics.X-CUBE-ALGOBUILD.1.2.1
2025-12-15 18:36:37,650 [WARN] PackLoader:240 - Cannot read IP mode file for STMicroelectronics.FP-SNS-MOTENV1.5.0.0
2025-12-15 18:36:37,697 [WARN] PackLoader:240 - Cannot read IP mode file for STMicroelectronics.X-CUBE-AZRTOS-H7RS.1.2.0
2025-12-15 18:36:37,732 [WARN] PackLoader:240 - Cannot read IP mode file for wolfSSL.I-CUBE-wolfMQTT.1.19.0
2025-12-15 18:36:37,748 [WARN] PackLoader:240 - Cannot read IP mode file for WES.I-CUBE-Cesium.1.3.0
2025-12-15 18:36:37,753 [WARN] PackLoader:240 - Cannot read IP mode file for STMicroelectronics.X-CUBE-BLE2.3.3.0
2025-12-15 18:36:37,791 [WARN] PackLoader:240 - Cannot read IP mode file for STMicroelectronics.X-CUBE-DISPLAY.2.2.0
2025-12-15 18:36:37,814 [WARN] PackLoader:240 - Cannot read IP mode file for STMicroelectronics.X-CUBE-TOF1.3.2.0
2025-12-15 18:36:37,824 [WARN] PackLoader:240 - Cannot read IP mode file for STMicroelectronics.X-CUBE-TOUCHGFX.4.18.1
2025-12-15 18:36:37,832 [WARN] PackLoader:240 - Cannot read IP mode file for STMicroelectronics.X-CUBE-ISPU.1.0.0
2025-12-15 18:36:37,842 [WARN] PackLoader:240 - Cannot read IP mode file for wolfSSL.I-CUBE-wolfSSL.5.0.0
2025-12-15 18:36:37,861 [WARN] PackLoader:240 - Cannot read IP mode file for STMicroelectronics.X-CUBE-NFC9.1.0.0
2025-12-15 18:36:37,898 [WARN] PackLoader:240 - Cannot read IP mode file for STMicroelectronics.X-CUBE-AZRTOS-H7.2.1.0
2025-12-15 18:36:37,903 [INFO] UserAuth:487 - Internet connection configuration mode: 1
2025-12-15 18:36:37,908 [WARN] PackLoader:240 - Cannot read IP mode file for STMicroelectronics.X-CUBE-BLE1.7.1.0
2025-12-15 18:36:37,920 [WARN] PackLoader:240 - Cannot read IP mode file for STMicroelectronics.X-CUBE-TCPP.4.1.0
2025-12-15 18:36:37,929 [WARN] PackLoader:240 - Cannot read IP mode file for STMicroelectronics.X-CUBE-FREERTOS.1.4.0
2025-12-15 18:36:37,938 [WARN] PackLoader:240 - Cannot read IP mode file for STMicroelectronics.X-CUBE-EEPRMA1.5.2.0
2025-12-15 18:36:37,944 [WARN] PackLoader:240 - Cannot read IP mode file for STMicroelectronics.X-CUBE-TOUCHGFX.4.21.1
2025-12-15 18:36:37,948 [WARN] PackLoader:240 - Cannot read IP mode file for STMicroelectronics.X-CUBE-TOUCHGFX.4.21.0
2025-12-15 18:36:37,953 [WARN] PackLoader:240 - Cannot read IP mode file for STMicroelectronics.X-CUBE-TOUCHGFX.4.21.3
2025-12-15 18:36:37,957 [WARN] PackLoader:240 - Cannot read IP mode file for STMicroelectronics.X-CUBE-TOUCHGFX.4.21.4
2025-12-15 18:36:38,006 [WARN] PackLoader:240 - Cannot read IP mode file for STMicroelectronics.X-CUBE-MEMS1.9.4.0
2025-12-15 18:36:38,148 [WARN] PackLoader:240 - Cannot read IP mode file for STMicroelectronics.X-CUBE-AI.7.3.0
2025-12-15 18:36:38,157 [WARN] PackLoader:240 - Cannot read IP mode file for STMicroelectronics.X-CUBE-ST67W61.1.1.0
2025-12-15 18:36:38,202 [WARN] PackLoader:240 - Cannot read IP mode file for STMicroelectronics.X-CUBE-MEMS1.12.0.0
2025-12-15 18:36:38,327 [WARN] PackLoader:240 - Cannot read IP mode file for STMicroelectronics.X-CUBE-ALGOBUILD.1.3.0
2025-12-15 18:36:38,350 [WARN] PackLoader:240 - Cannot read IP mode file for STMicroelectronics.X-CUBE-AZRTOS-G0.1.1.0
2025-12-15 18:36:38,362 [WARN] PackLoader:240 - Cannot read IP mode file for STMicroelectronics.X-CUBE-SAFEA1.1.2.2
2025-12-15 18:36:38,377 [WARN] PackLoader:240 - Cannot read IP mode file for STMicroelectronics.X-CUBE-NFC4.3.0.0
2025-12-15 18:36:38,439 [WARN] PackLoader:240 - Cannot read IP mode file for SEGGER.I-CUBE-embOS.1.2.0
2025-12-15 18:36:38,478 [WARN] PackLoader:240 - Cannot read IP mode file for wolfSSL.I-CUBE-wolfMQTT.1.18.0
2025-12-15 18:36:38,488 [WARN] PackLoader:240 - Cannot read IP mode file for EmbeddedOffice.I-CUBE-FS-RTOS.1.0.1
2025-12-15 18:36:38,491 [WARN] PackLoader:240 - Cannot read IP mode file for STMicroelectronics.X-CUBE-WB05N.2.0.0
2025-12-15 18:36:38,498 [WARN] PackLoader:240 - Cannot read IP mode file for STMicroelectronics.X-CUBE-BLEMGR.3.0.0
2025-12-15 18:36:38,506 [WARN] PackLoader:240 - Cannot read IP mode file for STMicroelectronics.X-CUBE-BLEMGR.1.3.0
2025-12-15 18:36:38,510 [WARN] PackLoader:240 - Cannot read IP mode file for STMicroelectronics.X-CUBE-TCPP.4.2.0
2025-12-15 18:36:38,517 [WARN] PackLoader:240 - Cannot read IP mode file for RealThread.X-CUBE-RT-Thread_Nano.4.1.1
2025-12-15 18:36:38,530 [WARN] PackLoader:240 - Cannot read IP mode file for STMicroelectronics.X-CUBE-AZRTOS-H7.2.0.0
2025-12-15 18:36:38,537 [WARN] PackLoader:240 - Cannot read IP mode file for STMicroelectronics.FP-ATR-SIGFOX1.3.2.0
2025-12-15 18:36:38,542 [WARN] ConditionMgr:438 - getConditionDescription Invalid condition id : Cortex-A Device cause : null
2025-12-15 18:36:38,551 [WARN] ConditionMgr:1044 - genDependencies : Invalid condition id : Cortex-A Device cause : null
2025-12-15 18:36:38,551 [WARN] ConditionMgr:1044 - genDependencies : Invalid condition id : Cortex-A Device cause : null
2025-12-15 18:36:38,551 [WARN] ConditionMgr:1044 - genDependencies : Invalid condition id : Cortex-A Device cause : null
2025-12-15 18:36:38,555 [WARN] PackLoader:240 - Cannot read IP mode file for STMicroelectronics.X-CUBE-EEPRMA1.5.1.0
2025-12-15 18:36:38,562 [WARN] PackLoader:240 - Cannot read IP mode file for emotas.I-CUBE-CANOPEN.1.1.2
2025-12-15 18:36:38,565 [WARN] PackLoader:240 - Cannot read IP mode file for STMicroelectronics.X-CUBE-TOUCHGFX.4.20.0
2025-12-15 18:36:38,603 [WARN] PackLoader:240 - Cannot read IP mode file for STMicroelectronics.X-CUBE-MEMS1.9.5.0
2025-12-15 18:36:38,694 [WARN] PackLoader:240 - Cannot read IP mode file for STMicroelectronics.X-CUBE-AI.10.2.0
2025-12-15 18:36:38,713 [WARN] PackLoader:240 - Cannot read IP mode file for SEGGER.I-CUBE-embOS.1.3.1
2025-12-15 18:36:38,736 [WARN] PackLoader:240 - Cannot read IP mode file for STMicroelectronics.X-CUBE-ALGOBUILD.1.4.0
2025-12-15 18:36:38,767 [WARN] PackLoader:240 - Cannot read IP mode file for STMicroelectronics.X-CUBE-MEMS1.11.3.0
2025-12-15 18:36:38,891 [WARN] PackLoader:240 - Cannot read IP mode file for STMicroelectronics.X-CUBE-DISPLAY.2.0.0
2025-12-15 18:36:38,894 [WARN] PackLoader:240 - Cannot read IP mode file for STMicroelectronics.X-CUBE-AI.9.1.0
2025-12-15 18:36:38,897 [WARN] PackLoader:240 - Cannot read IP mode file for STMicroelectronics.X-CUBE-PM33A1.1.0.0
2025-12-15 18:36:38,903 [WARN] PackLoader:240 - Cannot read IP mode file for STMicroelectronics.X-CUBE-GNSS1.6.0.0
2025-12-15 18:36:38,914 [WARN] PackLoader:240 - Cannot read IP mode file for STMicroelectronics.X-CUBE-AZRTOS-F4.1.1.0
2025-12-15 18:36:38,920 [WARN] PackLoader:240 - Cannot read IP mode file for STMicroelectronics.X-CUBE-ISPU.2.1.0
2025-12-15 18:36:38,928 [WARN] PackLoader:240 - Cannot read IP mode file for STMicroelectronics.X-CUBE-IPS.3.2.0
2025-12-15 18:36:38,936 [WARN] PackLoader:240 - Cannot read IP mode file for STMicroelectronics.X-CUBE-FREERTOS.1.2.0
2025-12-15 18:36:38,942 [WARN] PackLoader:240 - Cannot read IP mode file for STMicroelectronics.X-CUBE-NFC12.1.0.0
2025-12-15 18:36:38,948 [WARN] PackLoader:240 - Cannot read IP mode file for STMicroelectronics.X-CUBE-BLEMGR.1.2.0
2025-12-15 18:36:38,962 [WARN] PackLoader:240 - Cannot read IP mode file for STMicroelectronics.X-CUBE-AZRTOS-L5.2.0.0
2025-12-15 18:36:39,004 [WARN] PackLoader:240 - Cannot read IP mode file for STMicroelectronics.X-CUBE-MEMS1.9.6.0
2025-12-15 18:36:39,126 [WARN] PackLoader:240 - Cannot read IP mode file for STMicroelectronics.X-CUBE-EEPRMA1.4.2.0
2025-12-15 18:36:39,134 [WARN] PackLoader:240 - Cannot read IP mode file for STMicroelectronics.X-CUBE-NFC6.3.1.0
2025-12-15 18:36:39,141 [WARN] PackLoader:240 - Cannot read IP mode file for ITTIA_DB.I-CUBE-ITTIADB.8.8.0
2025-12-15 18:36:39,147 [WARN] PackLoader:240 - Cannot read IP mode file for STMicroelectronics.X-CUBE-BLEMGR.2.0.0
2025-12-15 18:36:39,154 [WARN] PackLoader:240 - Cannot read IP mode file for STMicroelectronics.X-CUBE-DPower.1.2.0
2025-12-15 18:36:39,158 [WARN] PackLoader:240 - Cannot read IP mode file for STMicroelectronics.X-CUBE-NFC4.2.0.5
2025-12-15 18:36:39,163 [WARN] PackLoader:240 - Cannot read IP mode file for STMicroelectronics.X-CUBE-NFC4.2.0.4
2025-12-15 18:36:39,170 [WARN] PackLoader:240 - Cannot read IP mode file for STMicroelectronics.X-CUBE-NFC4.2.0.3
2025-12-15 18:36:39,174 [WARN] PackLoader:240 - Cannot read IP mode file for STMicroelectronics.X-CUBE-AI.9.0.0
2025-12-15 18:36:39,192 [WARN] ConditionMgr:438 - getConditionDescription Invalid condition id : UX DEVICE CLASS RTOS Condition cause : null
2025-12-15 18:36:39,192 [WARN] ConditionMgr:438 - getConditionDescription Invalid condition id : UX DEVICE CLASS RTOS Condition cause : null
2025-12-15 18:36:39,195 [WARN] PackLoader:240 - Cannot read IP mode file for STMicroelectronics.X-CUBE-AZRTOS-H7.3.1.0
2025-12-15 18:36:39,196 [WARN] ConditionMgr:1044 - genDependencies : Invalid condition id : UX DEVICE CLASS RTOS Condition cause : null
2025-12-15 18:36:39,196 [WARN] ConditionMgr:1044 - genDependencies : Invalid condition id : UX DEVICE CLASS RTOS Condition cause : null
2025-12-15 18:36:39,197 [WARN] ConditionMgr:1044 - genDependencies : Invalid condition id : UX DEVICE CLASS RTOS Condition cause : null
2025-12-15 18:36:39,197 [WARN] ConditionMgr:1044 - genDependencies : Invalid condition id : UX DEVICE CLASS RTOS Condition cause : null
2025-12-15 18:36:39,197 [WARN] ConditionMgr:1044 - genDependencies : Invalid condition id : UX DEVICE CLASS RTOS Condition cause : null
2025-12-15 18:36:39,207 [WARN] PackLoader:240 - Cannot read IP mode file for STMicroelectronics.X-CUBE-SFXS2LP1.3.1.0
2025-12-15 18:36:39,226 [WARN] PackLoader:240 - Cannot read IP mode file for STMicroelectronics.X-CUBE-AZRTOS-F4.1.0.0
2025-12-15 18:36:39,232 [WARN] PackLoader:240 - Cannot read IP mode file for STMicroelectronics.X-CUBE-TOF1.2.0.0
2025-12-15 18:36:39,240 [WARN] PackLoader:240 - Cannot read IP mode file for STMicroelectronics.X-CUBE-FREERTOS.1.3.1
2025-12-15 18:36:39,244 [WARN] PackLoader:240 - Cannot read IP mode file for STMicroelectronics.X-CUBE-FREERTOS.1.3.0
2025-12-15 18:36:39,250 [WARN] PackLoader:240 - Cannot read IP mode file for STMicroelectronics.X-CUBE-NFC7.1.0.1
2025-12-15 18:36:39,255 [WARN] PackLoader:240 - Cannot read IP mode file for STMicroelectronics.X-CUBE-NFC7.1.0.0
2025-12-15 18:36:39,259 [WARN] PackLoader:240 - Cannot read IP mode file for wolfSSL.I-CUBE-wolfTPM.3.2.0
2025-12-15 18:36:39,262 [WARN] PackLoader:240 - Cannot read IP mode file for STMicroelectronics.X-CUBE-TOUCHGFX.4.26.0
2025-12-15 18:36:39,269 [WARN] PackLoader:240 - Cannot read IP mode file for STMicroelectronics.X-CUBE-NFC6.3.0.0
2025-12-15 18:36:39,275 [WARN] PackLoader:240 - Cannot read IP mode file for STMicroelectronics.X-CUBE-EEPRMA1.4.1.0
2025-12-15 18:36:39,280 [WARN] PackLoader:240 - Cannot read IP mode file for STMicroelectronics.FP-SNS-STAIOTCFT.1.0.0
2025-12-15 18:36:39,285 [WARN] PackLoader:240 - Cannot read IP mode file for STMicroelectronics.X-CUBE-DPower.1.3.0
2025-12-15 18:36:39,288 [WARN] PackLoader:240 - Cannot read IP mode file for STMicroelectronics.X-CUBE-AI.8.1.0
2025-12-15 18:36:39,305 [WARN] ConditionMgr:438 - getConditionDescription Invalid condition id : LAN8742 Phy interface Condition cause : null
2025-12-15 18:36:39,306 [WARN] PackLoader:240 - Cannot read IP mode file for STMicroelectronics.X-CUBE-AZRTOS-L4.2.0.0
2025-12-15 18:36:39,307 [WARN] ConditionMgr:1044 - genDependencies : Invalid condition id : LAN8742 Phy interface Condition cause : null
2025-12-15 18:36:39,308 [WARN] ConditionMgr:1044 - genDependencies : Invalid condition id : LAN8742 Phy interface Condition cause : null
2025-12-15 18:36:39,308 [WARN] ConditionMgr:1044 - genDependencies : Invalid condition id : LAN8742 Phy interface Condition cause : null
2025-12-15 18:36:39,313 [WARN] PackLoader:240 - Cannot read IP mode file for STMicroelectronics.X-CUBE-SFXS2LP1.4.0.0
2025-12-15 18:36:39,332 [WARN] PackLoader:240 - Cannot read IP mode file for STMicroelectronics.X-CUBE-AZRTOS-H7.3.0.0
2025-12-15 18:36:39,338 [WARN] PackLoader:240 - Cannot read IP mode file for STMicroelectronics.X-CUBE-ISPU.1.1.0
2025-12-15 18:36:39,352 [WARN] PackLoader:240 - Cannot read IP mode file for STMicroelectronics.X-CUBE-AZRTOS-H7.3.3.0
2025-12-15 18:36:39,361 [WARN] PackLoader:240 - Cannot read IP mode file for RoweBots.I-CUBE-UNISONRTOS.5.5.0-4
2025-12-15 18:36:39,370 [WARN] PackLoader:240 - Cannot read IP mode file for STMicroelectronics.X-CUBE-BLEMGR.4.1.0
2025-12-15 18:36:39,374 [WARN] PackLoader:240 - Cannot read IP mode file for STMicroelectronics.X-CUBE-AI.8.0.0
2025-12-15 18:36:39,381 [WARN] PackLoader:240 - Cannot read IP mode file for STMicroelectronics.X-CUBE-IPS.3.0.0
2025-12-15 18:36:39,394 [WARN] ConditionMgr:438 - getConditionDescription Invalid condition id : UX DEVICE CLASS RTOS Condition cause : null
2025-12-15 18:36:39,394 [WARN] ConditionMgr:438 - getConditionDescription Invalid condition id : UX DEVICE CLASS RTOS Condition cause : null
2025-12-15 18:36:39,405 [WARN] PackLoader:240 - Cannot read IP mode file for STMicroelectronics.X-CUBE-AZRTOS-WB.2.0.0
2025-12-15 18:36:39,406 [WARN] ConditionMgr:1044 - genDependencies : Invalid condition id : UX DEVICE CLASS RTOS Condition cause : null
2025-12-15 18:36:39,407 [WARN] ConditionMgr:1044 - genDependencies : Invalid condition id : UX DEVICE CLASS RTOS Condition cause : null
2025-12-15 18:36:39,407 [WARN] ConditionMgr:1044 - genDependencies : Invalid condition id : UX DEVICE CLASS RTOS Condition cause : null
2025-12-15 18:36:39,408 [WARN] ConditionMgr:1044 - genDependencies : Invalid condition id : UX DEVICE CLASS RTOS Condition cause : null
2025-12-15 18:36:39,408 [WARN] ConditionMgr:1044 - genDependencies : Invalid condition id : UX DEVICE CLASS RTOS Condition cause : null
2025-12-15 18:36:39,414 [WARN] PackLoader:240 - Cannot read IP mode file for STMicroelectronics.X-CUBE-FREERTOS.1.0.0
2025-12-15 18:36:39,420 [WARN] PackLoader:240 - Cannot read IP mode file for STMicroelectronics.X-CUBE-FREERTOS.1.0.1
2025-12-15 18:36:39,426 [WARN] PackLoader:240 - Cannot read IP mode file for STMicroelectronics.X-CUBE-GNSS1.7.0.0
2025-12-15 18:36:39,431 [WARN] PackLoader:240 - Cannot read IP mode file for STMicroelectronics.X-CUBE-GNSS1.7.0.1
2025-12-15 18:36:39,440 [WARN] PackLoader:240 - Cannot read IP mode file for STMicroelectronics.FP-SNS-STBOX1.2.0.0
2025-12-15 18:36:39,461 [WARN] PackLoader:240 - Cannot read IP mode file for STMicroelectronics.X-CUBE-AZRTOS-L5.1.1.0
2025-12-15 18:36:39,468 [WARN] PackLoader:240 - Cannot read IP mode file for STMicroelectronics.X-CUBE-AI.8.0.1
2025-12-15 18:36:39,478 [WARN] PackLoader:240 - Cannot read IP mode file for STMicroelectronics.X-CUBE-SUBG2.5.0.0
2025-12-15 18:36:39,507 [WARN] PackLoader:240 - Cannot read IP mode file for STMicroelectronics.X-CUBE-AZRTOS-H7RS.1.1.0
2025-12-15 18:36:39,528 [WARN] PackLoader:240 - Cannot read IP mode file for STMicroelectronics.X-CUBE-AZRTOS-G4.2.0.0
2025-12-15 18:36:39,541 [WARN] PackLoader:240 - Cannot read IP mode file for STMicroelectronics.X-CUBE-TOF1.3.3.0
2025-12-15 18:36:39,554 [WARN] PackLoader:240 - Cannot read IP mode file for STMicroelectronics.FP-ATR-ASTRA1.1.1.1
2025-12-15 18:36:39,588 [WARN] PackLoader:240 - Cannot read IP mode file for Infineon.AIROC-Wi-Fi-Bluetooth-STM32.1.5.1
2025-12-15 18:36:39,598 [WARN] PackLoader:240 - Cannot read IP mode file for STMicroelectronics.X-CUBE-NFC7.2.0.0
2025-12-15 18:36:39,605 [WARN] PackLoader:240 - Cannot read IP mode file for STMicroelectronics.FP-SNS-MOTENVWB1.1.3.1
2025-12-15 18:36:39,619 [WARN] PackLoader:240 - Cannot read IP mode file for STMicroelectronics.X-CUBE-AZRTOS-G4.1.0.0
2025-12-15 18:36:39,633 [WARN] PackLoader:240 - Cannot read IP mode file for STMicroelectronics.X-CUBE-AZRTOS-L4.1.0.0
2025-12-15 18:36:39,639 [WARN] PackLoader:240 - Cannot read IP mode file for STMicroelectronics.X-CUBE-ISPU.2.0.0
2025-12-15 18:36:39,651 [WARN] PackLoader:240 - Cannot read IP mode file for STMicroelectronics.X-CUBE-IPS.3.1.0
2025-12-15 18:36:39,661 [WARN] PackLoader:240 - Cannot read IP mode file for STMicroelectronics.X-CUBE-ALS.1.0.2
2025-12-15 18:36:39,691 [WARN] PackLoader:240 - Cannot read IP mode file for STMicroelectronics.X-CUBE-MEMS1.10.0.0
2025-12-15 18:36:39,772 [WARN] PackLoader:240 - Cannot read IP mode file for STMicroelectronics.X-CUBE-FREERTOS.1.1.0
2025-12-15 18:36:39,775 [WARN] PackLoader:240 - Cannot read IP mode file for STMicroelectronics.X-CUBE-TOUCHGFX.4.24.0
2025-12-15 18:36:39,789 [WARN] PackLoader:240 - Cannot read IP mode file for STMicroelectronics.X-CUBE-AZRTOS-F7.1.0.0
2025-12-15 18:36:39,795 [WARN] PackLoader:240 - Cannot read IP mode file for STMicroelectronics.X-CUBE-TOUCHGFX.4.24.2
2025-12-15 18:36:39,805 [WARN] PackLoader:240 - Cannot read IP mode file for STMicroelectronics.X-CUBE-AZRTOS-WL.1.0.0
2025-12-15 18:36:39,810 [WARN] PackLoader:240 - Cannot read IP mode file for STMicroelectronics.X-CUBE-TOUCHGFX.4.24.1
2025-12-15 18:36:39,817 [WARN] PackLoader:240 - Cannot read IP mode file for STMicroelectronics.X-CUBE-STSE01.1.0.0
2025-12-15 18:36:39,840 [WARN] PackLoader:240 - Cannot read IP mode file for STMicroelectronics.X-CUBE-MEMS1.9.1.0
2025-12-15 18:36:39,912 [WARN] PackLoader:240 - Cannot read IP mode file for portGmbH.I-Cube-SoM-uGOAL.1.1.0
2025-12-15 18:36:39,914 [WARN] PackLoader:240 - Cannot read IP mode file for STMicroelectronics.X-CUBE-ALS.1.0.1
2025-12-15 18:36:39,918 [WARN] PackLoader:240 - Cannot read IP mode file for STMicroelectronics.X-CUBE-AI.7.0.0
2025-12-15 18:36:39,926 [WARN] PackLoader:240 - Cannot read IP mode file for STMicroelectronics.X-CUBE-AZRTOS-WB.1.1.0
2025-12-15 18:36:39,937 [WARN] PackLoader:240 - Cannot read IP mode file for STMicroelectronics.X-CUBE-AZRTOS-L5.1.0.0
2025-12-15 18:36:39,941 [WARN] PackLoader:240 - Cannot read IP mode file for STMicroelectronics.X-CUBE-EEPRMA1.3.1.0
2025-12-15 18:36:39,945 [WARN] PackLoader:240 - Cannot read IP mode file for STMicroelectronics.X-CUBE-EEPRMA1.3.1.1
2025-12-15 18:36:39,957 [WARN] PackLoader:240 - Cannot read IP mode file for STMicroelectronics.X-CUBE-AZRTOS-H7RS.1.0.0
2025-12-15 18:36:39,963 [WARN] PackLoader:240 - Cannot read IP mode file for STMicroelectronics.X-CUBE-GNSS1.5.2.0
2025-12-15 18:36:39,967 [WARN] PackLoader:240 - Cannot read IP mode file for STMicroelectronics.FP-ATR-ASTRA1.2.0.0
2025-12-15 18:36:39,973 [WARN] PackLoader:240 - Cannot read IP mode file for STMicroelectronics.X-CUBE-TOF1.3.4.2
2025-12-15 18:36:39,986 [WARN] PackLoader:240 - Cannot read IP mode file for STMicroelectronics.X-CUBE-TOF1.3.4.3
2025-12-15 18:36:40,000 [WARN] PackLoader:240 - Cannot read IP mode file for STMicroelectronics.X-CUBE-TOF1.3.4.0
2025-12-15 18:36:40,026 [WARN] PackLoader:240 - Cannot read IP mode file for STMicroelectronics.X-CUBE-TOF1.3.4.1
2025-12-15 18:36:40,045 [WARN] PackLoader:240 - Cannot read IP mode file for STMicroelectronics.X-CUBE-AZRTOS-H7.3.2.0
2025-12-15 18:36:40,052 [WARN] PackLoader:240 - Cannot read IP mode file for wolfSSL.I-CUBE-wolfSSH.1.4.17
2025-12-15 18:36:40,052 [INFO] ThirdParty:978 - Integrity check success = true
2025-12-15 18:36:40,053 [INFO] IntegrityCheckThread:100 - exiting critical section [integrity check]
2025-12-15 18:36:40,053 [INFO] IntegrityCheckThread:103 - End integrity checks thread
2025-12-15 18:43:54,194 [INFO] McuFinderGlobals:63 - Set McuFinder mode to 2 (CubeIDE integrated)
2025-12-15 18:43:54,198 [INFO] MainUpdater:2872 - connection check result : 10
2025-12-15 18:43:54,198 [INFO] MainUpdater:2872 - connection check result : 10
2025-12-15 18:43:54,228 [INFO] MicroXplorer:468 - Change Database Path : 
2025-12-15 18:43:54,229 [INFO] MicroXplorer:498 - Change Database Version : DB.6.0.150
2025-12-15 18:43:54,233 [WARN] ThirdParty:871 - waiting for thirdparty lock release [close project]
2025-12-15 18:43:54,233 [INFO] ThirdParty:873 - entering critical section [close project]
2025-12-15 18:43:54,234 [INFO] ThirdParty:883 - exiting critical section [close project]
2025-12-15 18:43:54,237 [INFO] PinOutPanel:1589 - setPackage(No Configuration,No Configuration)
2025-12-15 18:43:54,239 [INFO] UtilMem:75 - Begin LoadConfig() Used Memory: 881130456 Bytes (1073741824)
2025-12-15 18:43:54,241 [INFO] MicroXplorer:468 - Change Database Path : 
2025-12-15 18:43:54,241 [INFO] MicroXplorer:498 - Change Database Version : DB.6.0.150
2025-12-15 18:43:54,241 [INFO] OpenFileManager:355 - Change cursor
2025-12-15 18:43:54,279 [INFO] Mcu:2029 - Initializing MCU STM32G491R(C-E)Tx STM32G491RETx STM32G491RET3
2025-12-15 18:43:58,252 [INFO] Context:786 - Trying to add GPIOservice into a context  which must be forbidden
2025-12-15 18:43:59,305 [INFO] ImportTextPane:234 - (OptionalMessage_ERROR) Pin30 (VP_RIF_VS_RIF1) cannot be retrieved for this MCU
2025-12-15 18:43:59,596 [INFO] RtosManager:558 - Registered RTOS mode: class=CMSIS, group=RTOS, mode=CMSIS_V1, owner=FREERTOS
2025-12-15 18:43:59,597 [INFO] RtosManager:558 - Registered RTOS mode: class=CMSIS, group=RTOS2, mode=CMSIS_V2, owner=FREERTOS
2025-12-15 18:43:59,597 [INFO] RtosManager:558 - Registered RTOS mode: class=RTOS, group=Core, mode=CMSIS_V1, owner=FREERTOS
2025-12-15 18:43:59,597 [INFO] RtosManager:558 - Registered RTOS mode: class=RTOS, group=Core, mode=CMSIS_V2, owner=FREERTOS
2025-12-15 18:43:59,598 [WARN] ModelIntegratedComponent:184 - Missing modes for component STMicroelectronics:FreeRTOS:0.0.1:STMicroelectronics:RTOS:FreeRTOS:Core:::10.2.0:
2025-12-15 18:43:59,607 [WARN] ModelIntegratedComponent:63 - No mode defined for component null
2025-12-15 18:43:59,607 [WARN] ModelIntegratedComponent:63 - No mode defined for component null
2025-12-15 18:43:59,607 [WARN] ModelIntegratedComponent:63 - No mode defined for component null
2025-12-15 18:43:59,607 [WARN] ModelIntegratedComponent:63 - No mode defined for component null
2025-12-15 18:43:59,607 [WARN] ModelIntegratedComponent:63 - No mode defined for component null
2025-12-15 18:43:59,607 [WARN] ModelIntegratedComponent:63 - No mode defined for component null
2025-12-15 18:43:59,607 [WARN] ModelIntegratedComponent:63 - No mode defined for component null
2025-12-15 18:43:59,607 [WARN] ModelIntegratedComponent:63 - No mode defined for component null
2025-12-15 18:43:59,607 [WARN] ModelIntegratedComponent:63 - No mode defined for component null
2025-12-15 18:43:59,607 [WARN] ModelIntegratedComponent:63 - No mode defined for component null
2025-12-15 18:43:59,607 [WARN] ModelIntegratedComponent:63 - No mode defined for component null
2025-12-15 18:43:59,608 [WARN] ModelIntegratedComponent:63 - No mode defined for component null
2025-12-15 18:43:59,608 [WARN] ModelIntegratedComponent:63 - No mode defined for component null
2025-12-15 18:43:59,608 [WARN] ModelIntegratedComponent:63 - No mode defined for component null
2025-12-15 18:43:59,608 [WARN] ModelIntegratedComponent:63 - No mode defined for component null
2025-12-15 18:43:59,608 [WARN] ModelIntegratedComponent:63 - No mode defined for component null
2025-12-15 18:43:59,608 [WARN] ModelIntegratedComponent:63 - No mode defined for component null
2025-12-15 18:43:59,608 [WARN] ModelIntegratedComponent:63 - No mode defined for component null
2025-12-15 18:43:59,608 [WARN] ModelIntegratedComponent:63 - No mode defined for component null
2025-12-15 18:43:59,608 [WARN] ModelIntegratedComponent:63 - No mode defined for component null
2025-12-15 18:43:59,608 [WARN] ModelIntegratedComponent:63 - No mode defined for component null
2025-12-15 18:43:59,608 [WARN] ModelIntegratedComponent:63 - No mode defined for component null
2025-12-15 18:43:59,608 [WARN] ModelIntegratedComponent:63 - No mode defined for component null
2025-12-15 18:43:59,609 [WARN] ModelIntegratedComponent:63 - No mode defined for component null
2025-12-15 18:43:59,609 [WARN] ModelIntegratedComponent:63 - No mode defined for component null
2025-12-15 18:43:59,609 [WARN] ModelIntegratedComponent:63 - No mode defined for component null
2025-12-15 18:43:59,609 [WARN] ModelIntegratedComponent:63 - No mode defined for component null
2025-12-15 18:43:59,609 [WARN] ModelIntegratedComponent:63 - No mode defined for component null
2025-12-15 18:43:59,609 [WARN] ModelIntegratedComponent:63 - No mode defined for component null
2025-12-15 18:43:59,609 [WARN] ModelIntegratedComponent:63 - No mode defined for component null
2025-12-15 18:43:59,609 [WARN] ModelIntegratedComponent:63 - No mode defined for component null
2025-12-15 18:43:59,609 [WARN] ModelIntegratedComponent:63 - No mode defined for component null
2025-12-15 18:43:59,609 [WARN] ModelIntegratedComponent:63 - No mode defined for component null
2025-12-15 18:43:59,609 [WARN] ModelIntegratedComponent:63 - No mode defined for component null
2025-12-15 18:43:59,609 [WARN] ModelIntegratedComponent:63 - No mode defined for component null
2025-12-15 18:43:59,610 [WARN] ModelPack:524 - Component already loaded: STMicroelectronics:HAL Drivers:0.0.0:STMicroelectronics:Device:STMicro_Driver:XSPI:HAL::0.0.1:HAL_XSPI
2025-12-15 18:44:00,295 [INFO] ThirdPartyModel:298 - Start build external matchings
2025-12-15 18:44:07,784 [INFO] ThirdPartyModel:316 - End build external matchings
2025-12-15 18:44:08,169 [INFO] ImportTextPane:234 - (OptionalMessage_ERROR) IP (ADC1) : Parameter (CommonPathInternal) has invalid value (null|null|null|null)
2025-12-15 18:44:08,169 [INFO] ImportTextPane:234 - (OptionalMessage_ERROR) IP (DMA) : Parameter (Instance) has Id (ADC1) currently not set
2025-12-15 18:44:08,169 [INFO] ImportTextPane:234 - (OptionalMessage_ERROR) IP (DMA) : Parameter (Request) has Id (ADC1) currently not set
2025-12-15 18:44:08,169 [INFO] ImportTextPane:234 - (OptionalMessage_ERROR) IP (DMA) : Parameter (Direction) has Id (ADC1) currently not set
2025-12-15 18:44:08,169 [INFO] ImportTextPane:234 - (OptionalMessage_ERROR) IP (DMA) : Parameter (PeriphInc) has Id (ADC1) currently not set
2025-12-15 18:44:08,169 [INFO] ImportTextPane:234 - (OptionalMessage_ERROR) IP (DMA) : Parameter (MemInc) has Id (ADC1) currently not set
2025-12-15 18:44:08,170 [INFO] ImportTextPane:234 - (OptionalMessage_ERROR) IP (DMA) : Parameter (PeriphDataAlignment) has Id (ADC1) currently not set
2025-12-15 18:44:08,170 [INFO] ImportTextPane:234 - (OptionalMessage_ERROR) IP (DMA) : Parameter (MemDataAlignment) has Id (ADC1) currently not set
2025-12-15 18:44:08,170 [INFO] ImportTextPane:234 - (OptionalMessage_ERROR) IP (DMA) : Parameter (Mode) has Id (ADC1) currently not set
2025-12-15 18:44:08,170 [INFO] ImportTextPane:234 - (OptionalMessage_ERROR) IP (DMA) : Parameter (Priority) has Id (ADC1) currently not set
2025-12-15 18:44:08,171 [INFO] ImportTextPane:234 - (OptionalMessage_ERROR) IP (DMA) : Parameter (SignalID) has Id (ADC1) currently not set
2025-12-15 18:44:08,171 [INFO] ImportTextPane:234 - (OptionalMessage_ERROR) IP (DMA) : Parameter (Polarity) has Id (ADC1) currently not set
2025-12-15 18:44:08,171 [INFO] ImportTextPane:234 - (OptionalMessage_ERROR) IP (DMA) : Parameter (RequestNumber) has Id (ADC1) currently not set
2025-12-15 18:44:08,171 [INFO] ImportTextPane:234 - (OptionalMessage_ERROR) IP (DMA) : Parameter (SyncSignalID) has Id (ADC1) currently not set
2025-12-15 18:44:08,171 [INFO] ImportTextPane:234 - (OptionalMessage_ERROR) IP (DMA) : Parameter (SyncPolarity) has Id (ADC1) currently not set
2025-12-15 18:44:08,171 [INFO] ImportTextPane:234 - (OptionalMessage_ERROR) IP (DMA) : Parameter (SyncEnable) has Id (ADC1) currently not set
2025-12-15 18:44:08,171 [INFO] ImportTextPane:234 - (OptionalMessage_ERROR) IP (DMA) : Parameter (EventEnable) has Id (ADC1) currently not set
2025-12-15 18:44:08,171 [INFO] ImportTextPane:234 - (OptionalMessage_ERROR) IP (DMA) : Parameter (SyncRequestNumber) has Id (ADC1) currently not set
2025-12-15 18:44:08,173 [INFO] ImportTextPane:234 - (OptionalMessage_ERROR) IP (RCC) : Invalid parameter (FamilyName)
2025-12-15 18:44:08,173 [INFO] ImportTextPane:234 - (OptionalMessage_ERROR) IP (RCC) : Parameter (HRTIM1Freq_Value) has invalid value (16000000)
2025-12-15 18:44:09,054 [INFO] ApiDb:581 - Connected to CubeFinder SQLite database (C:\Users\ivanp\.stmcufinder\plugins\mcufinder\mcu\cube-finder-db.db)
2025-12-15 18:44:09,161 [INFO] ApiDb:668 - CubeFinder database Data Model version=2.1
2025-12-15 18:44:09,161 [INFO] ApiDb:669 - CubeFinder database Configuration version=3.0.39
2025-12-15 18:44:09,163 [INFO] ApiDb:670 - CubeFinder database generation date=2025-10-27 (1761571959)
2025-12-15 18:44:09,163 [INFO] ApiDb:671 - CubeFinder database FW Pack versions=[FP-ATR-ASTRA1_V2.0.0, FP-SNS-FLIGHT1_V5.1.0, FP-SNS-MOTENV1_V5.0.0, FP-SNS-MOTENVWB1_V1.4.0, FP-SNS-SMARTAG2_V1.2.0, FP-SNS-STBOX1_V2.1.0, STM32Cube_FW_C0_V1.4.0, STM32Cube_FW_F4_V1.28.3, STM32Cube_FW_F7_V1.17.4, STM32Cube_FW_G0_V1.6.2, STM32Cube_FW_G4_V1.6.1, STM32Cube_FW_H5_V1.5.0, STM32Cube_FW_H7RS_V1.2.0, STM32Cube_FW_H7_V1.12.1, STM32Cube_FW_L0_V1.12.2, STM32Cube_FW_L4_V1.18.1, STM32Cube_FW_L5_V1.5.1, STM32Cube_FW_N6_V1.2.0, STM32Cube_FW_U0_V1.3.0, STM32Cube_FW_U3_V1.2.1, STM32Cube_FW_U5_V1.8.0, STM32Cube_FW_WB0_V1.3.0, STM32Cube_FW_WBA_V1.7.0, STM32Cube_FW_WB_V1.23.0, STM32Cube_FW_WL3_V1.2.0, STM32Cube_FW_WL_V1.3.1, X-CUBE-ALGOBUILD_V1.4.0, X-CUBE-ALS_V1.0.2, X-CUBE-AZRTOS-F4_V1.1.0, X-CUBE-AZRTOS-F7_V1.1.0, X-CUBE-AZRTOS-G0_V1.1.0, X-CUBE-AZRTOS-G4_V2.0.0, X-CUBE-AZRTOS-H7RS_V1.1.0, X-CUBE-AZRTOS-H7_V3.4.0, X-CUBE-AZRTOS-L4_V2.0.0, X-CUBE-AZRTOS-L5_V2.0.0, X-CUBE-AZRTOS-WB_V2.0.0, X-CUBE-AZRTOS-WL_V2.0.0, X-CUBE-BLE1_V7.1.0, X-CUBE-BLE2_V3.3.0, X-CUBE-BLEMGR_V4.1.0, X-CUBE-EEPRMA1_V5.2.0, X-CUBE-FREERTOS_V1.3.1, X-CUBE-GNSS1_V6.0.0, X-CUBE-MEMS1_V11.3.0, X-CUBE-NFC4_V3.0.0, X-CUBE-NFC7_V2.0.0, X-CUBE-SFXS2LP1_V4.0.0, X-CUBE-ST67W61_V1.1.0, X-CUBE-SUBG2_V5.0.0, X-CUBE-TOF1_V3.4.3]
2025-12-15 18:44:09,265 [INFO] DbBoardsSqlite:226 - include board P-NUCLEO-WB55-NUCLEO as a kit item of type 'Nucleo-64'
2025-12-15 18:44:09,265 [INFO] DbBoardsSqlite:226 - include board P-NUCLEO-WB55-USBDONGLE as a kit item of type 'Nucleo USB Dongle'
2025-12-15 18:44:09,265 [INFO] DbBoardsSqlite:226 - include board STEVAL-IDP005V1 as a kit item of type 'Evaluation Board'
2025-12-15 18:44:09,266 [INFO] DbBoardsSqlite:226 - include board STEVAL-IDP005V2 as a kit item of type 'Evaluation Board'
2025-12-15 18:44:09,365 [INFO] ApiDb:240 - Found 880 in-development CPN: [B-G473E-ZEST1S, B-WB1M-WPAN1, B-WBA5M-WPAN, B-WL5M-SUBG1, NUCLEO-C031C6, NUCLEO-C051C8, NUCLEO-C071RB, NUCLEO-C092RC, NUCLEO-H503RB, NUCLEO-H533RE, NUCLEO-H563ZI, NUCLEO-H7S3L8, NUCLEO-N657X0-Q, NUCLEO-U031R8, NUCLEO-U083RC, NUCLEO-U385RG-Q, NUCLEO-U545RE-Q, NUCLEO-U5A5ZJ-Q, NUCLEO-WB05KZ, NUCLEO-WB07CC, NUCLEO-WB09KE, NUCLEO-WBA52CG, NUCLEO-WBA55CG, NUCLEO-WL33CC1, NUCLEO-WL33CC2, STEVAL-PROTEUS1, STEVAL-SMARTAG2, STEVAL-STWINBX1, STM320518-EVAL, STM32C0116-DK, STM32C011D6Y3TR, STM32C011D6Y6TR, STM32C011F4P3, STM32C011F4P6, STM32C011F4U3, STM32C011F4U6TR, STM32C011F6P3, STM32C011F6P6, STM32C011F6U3, STM32C011F6U6TR, STM32C011J4M3, STM32C011J4M6, STM32C011J6M3, STM32C011J6M6, STM32C0316-DK, STM32C031C4T3, STM32C031C4T6, STM32C031C4U3, STM32C031C4U6, STM32C031C6T3, STM32C031C6T6, STM32C031C6U3, STM32C031C6U6, STM32C031F4P3, STM32C031F4P6, STM32C031F6P3, STM32C031F6P6, STM32C031G4U3, STM32C031G4U6, STM32C031G6U3, STM32C031G6U6, STM32C031K4T3, STM32C031K4T6, STM32C031K4U3, STM32C031K4U6, STM32C031K6T3, STM32C031K6T6, STM32C031K6U3, STM32C031K6U6, STM32C051C6T6, STM32C051C6U6, STM32C051C8T6, STM32C051C8U6, STM32C051D8Y6TR, STM32C051F6P6, STM32C051F8P6, STM32C051G6U6, STM32C051G8U6, STM32C051K6T6, STM32C051K6U6, STM32C051K8T6, STM32C071C8T6, STM32C071C8T6N, STM32C071C8U6, STM32C071C8U6N, STM32C071CBT6, STM32C071CBT6N, STM32C071CBU6, STM32C071CBU6N, STM32C071F8P6, STM32C071F8P6N, STM32C071FBP6, STM32C071FBP6N, STM32C071FBY6TR, STM32C071G8U6, STM32C071G8U6N, STM32C071GBU6, STM32C071GBU6N, STM32C071K8T6, STM32C071K8T6N, STM32C071K8U6, STM32C071K8U6N, STM32C071KBT6, STM32C071KBT6N, STM32C071KBU6, STM32C071KBU6N, STM32C071R8T6, STM32C071R8T6N, STM32C071RBI6N, STM32C071RBT6, STM32C071RBT6N, STM32C091CBT6, STM32C091CBU6, STM32C091CCT6, STM32C091CCU6, STM32C091ECY6TR, STM32C091FBP6, STM32C091FCP6, STM32C091GBU6, STM32C091GCU6, STM32C091KBT6, STM32C091KBU6, STM32C091KCT6, STM32C091KCU6, STM32C091RBT6, STM32C091RCI6, STM32C091RCT6, STM32C092CBT6, STM32C092CBU6, STM32C092CCT6, STM32C092CCU6, STM32C092ECY6TR, STM32C092FBP6, STM32C092FCP6, STM32C092GBU6, STM32C092GCU6, STM32C092KBT6, STM32C092KBU6, STM32C092KCT6, STM32C092KCU6, STM32C092RBT6, STM32C092RCI6, STM32C092RCT6, STM32G071K8TXN, STM32G071K8UXN, STM32G081GBU6N, STM32G081KBT6N, STM32G081KBUXN, STM32G0B1CCT6N, STM32G0B1KCT6, STM32G0B1NEY6TR, STM32G0B1RCT6N, STM32G0C1CCT6, STM32G0C1CCT6N, STM32G0C1CCU6N, STM32G0C1CET6N, STM32G0C1CEU6N, STM32G0C1KCT6, STM32G0C1NEY6TR, STM32G0C1RCI6N, STM32G0C1RCT6N, STM32G0C1REI6N, STM32G0C1RET6N, STM32G0C1VCI6, STM32G0C1VEI6, STM32G411C6T3, STM32G411C6T6, STM32G411C6U3, STM32G411C6U6, STM32G411C8T3, STM32G411C8T6, STM32G411C8U3, STM32G411C8U6, STM32G411CBT3, STM32G411CBT6, STM32G411CBU3, STM32G411CBU6, STM32G411K6T3, STM32G411K6T6, STM32G411K6U3, STM32G411K6U6, STM32G411K8T3, STM32G411K8T6, STM32G411K8U3, STM32G411K8U6, STM32G411KBT3, STM32G411KBT6, STM32G411KBU3, STM32G411KBU6, STM32G411M6T3, STM32G411M6T6, STM32G411M8T3, STM32G411M8T6, STM32G411MBT3, STM32G411MBT6, STM32G411R6T3, STM32G411R6T6, STM32G411R8T3, STM32G411R8T6, STM32G411RBT3, STM32G411RBT6, STM32G414CBT3, STM32G414CBT6, STM32G414CBU3, STM32G414CBU6, STM32G414CCT3, STM32G414CCT6, STM32G414CCU3, STM32G414CCU6, STM32G414MBT3, STM32G414MBT6, STM32G414MCT3, STM32G414MCT6, STM32G414RBT3, STM32G414RBT6, STM32G414RCT3, STM32G414RCT6, STM32G414VBT3, STM32G414VBT6, STM32G414VCT3, STM32G414VCT6, STM32G431CBT3Z, STM32G431RBT3Z, STM32G471CCT6, STM32G471CCU6, STM32G471CET3, STM32G471CET6, STM32G471CEU3, STM32G471CEU6, STM32G471MCT6, STM32G471MET3, STM32G471MET6, STM32G471MEY6TR, STM32G471QCT6, STM32G471QET3, STM32G471RCT6, STM32G471RET3, STM32G471RET6, STM32G471VCH6, STM32G471VCI6, STM32G471VCT6, STM32G471VEH3, STM32G471VEH6, STM32G471VEI3, STM32G471VEI6, STM32G471VET3, STM32G471VET6, STM32G473QET3Z, STM32G473RET3Z, STM32G474CCT6, STM32G491RET3Z, STM32H503CBT6, STM32H503CBU6, STM32H503EBY6TR, STM32H503KBU6, STM32H503RBT6, STM32H523CCT6, STM32H523CCU6, STM32H523CET6, STM32H523CEU6, STM32H523HEY6TR, STM32H523RCT6, STM32H523RET6, STM32H523VCI6, STM32H523VCT6, STM32H523VEI6, STM32H523VET6, STM32H523ZCJ6, STM32H523ZCT6, STM32H523ZEJ6, STM32H523ZET6, STM32H533CET6, STM32H533CEU6, STM32H533HEY6TR, STM32H533RET6, STM32H533VEI6, STM32H533VET6, STM32H533ZEJ6, STM32H533ZET6, STM32H562AGI6, STM32H562AII6, STM32H562IGK6, STM32H562IGT6, STM32H562IIK6, STM32H562IIT6, STM32H562RGT6, STM32H562RGV6, STM32H562RIT6, STM32H562RIV6, STM32H562VGT6, STM32H562VIT6, STM32H562ZGT6, STM32H562ZIT6, STM32H563AGI6, STM32H563AII3Q, STM32H563AII6, STM32H563IGK6, STM32H563IGT6, STM32H563IIK3Q, STM32H563IIK6, STM32H563IIT3Q, STM32H563IIT6, STM32H563MIY3QTR, STM32H563RGT6, STM32H563RGV6, STM32H563RIT6, STM32H563RIV6, STM32H563VGT6, STM32H563VIT3Q, STM32H563VIT6, STM32H563ZGT6, STM32H563ZIT3Q, STM32H563ZIT6, STM32H573AII3Q, STM32H573AII6, STM32H573I-DK, STM32H573IIK3Q, STM32H573IIK6, STM32H573IIT3Q, STM32H573IIT6, STM32H573MIY3QTR, STM32H573RIT6, STM32H573RIV6, STM32H573VIT3Q, STM32H573VIT6, STM32H573ZIT3Q, STM32H573ZIT6, STM32H7R3A8I6, STM32H7R3I8K6, STM32H7R3I8T6, STM32H7R3L8H6, STM32H7R3L8H6H, STM32H7R3R8V6, STM32H7R3V8H6, STM32H7R3V8T6, STM32H7R3V8Y6TR, STM32H7R3Z8J6, STM32H7R3Z8T6, STM32H7R7A8I6, STM32H7R7I8K6, STM32H7R7I8T6, STM32H7R7L8H6, STM32H7R7L8H6H, STM32H7R7Z8J6, STM32H7S3A8I6, STM32H7S3I8K6, STM32H7S3I8T6, STM32H7S3L8H6, STM32H7S3L8H6H, STM32H7S3R8V6, STM32H7S3V8H6, STM32H7S3V8T6, STM32H7S3V8Y6TR, STM32H7S3Z8J6, STM32H7S3Z8T6, STM32H7S78-DK, STM32H7S7A8I6, STM32H7S7I8K6, STM32H7S7I8T6, STM32H7S7L8H6, STM32H7S7L8H6H, STM32H7S7Z8J6, STM32L4R5QGI6STR, STM32MP131AAE3, STM32MP131AAF3, STM32MP131AAG3, STM32MP131CAE3, STM32MP131CAF3, STM32MP131CAG3, STM32MP131DAE7, STM32MP131DAF7, STM32MP131DAG7, STM32MP131FAE7, STM32MP131FAF7, STM32MP131FAG7, STM32MP133AAE3, STM32MP133AAF3, STM32MP133AAG3, STM32MP133CAE3, STM32MP133CAF3, STM32MP133CAG3, STM32MP133DAE7, STM32MP133DAF7, STM32MP133DAG7, STM32MP133FAE7, STM32MP133FAF7, STM32MP133FAG7, STM32MP135AAE3, STM32MP135AAF3, STM32MP135AAG3, STM32MP135CAE3, STM32MP135CAF3, STM32MP135CAG3, STM32MP135DAE7, STM32MP135DAF7, STM32MP135DAG7, STM32MP135F-DK, STM32MP135FAE7, STM32MP135FAF7, STM32MP135FAF7T, STM32MP135FAF7U, STM32MP135FAG7, STM32MP211AAL3, STM32MP211AAM3, STM32MP211AAN3, STM32MP211AAO3, STM32MP211CAL3, STM32MP211CAM3, STM32MP211CAN3, STM32MP211CAO3, STM32MP211DAL3, STM32MP211DAM3, STM32MP211DAN3, STM32MP211DAO3, STM32MP211FAL3, STM32MP211FAM3, STM32MP211FAN3, STM32MP211FAO3, STM32MP213AAL3, STM32MP213AAM3, STM32MP213AAN3, STM32MP213AAO3, STM32MP213CAL3, STM32MP213CAM3, STM32MP213CAN3, STM32MP213CAO3, STM32MP213DAL3, STM32MP213DAM3, STM32MP213DAN3, STM32MP213DAO3, STM32MP213FAL3, STM32MP213FAM3, STM32MP213FAN3, STM32MP213FAO3, STM32MP215AAL3, STM32MP215AAM3, STM32MP215AAN3, STM32MP215AAO3, STM32MP215CAL3, STM32MP215CAM3, STM32MP215CAN3, STM32MP215CAO3, STM32MP215DAL3, STM32MP215DAM3, STM32MP215DAN3, STM32MP215DAO3, STM32MP215F-DK, STM32MP215FAL3, STM32MP215FAM3, STM32MP215FAN3, STM32MP215FAO3, STM32MP231AAJ3, STM32MP231AAK3, STM32MP231AAL3, STM32MP231CAJ3, STM32MP231CAK3, STM32MP231CAL3, STM32MP231DAJ3, STM32MP231DAK3, STM32MP231DAL3, STM32MP231FAJ3, STM32MP231FAK3, STM32MP231FAL3, STM32MP233AAJ3, STM32MP233AAK3, STM32MP233AAL3, STM32MP233CAJ3, STM32MP233CAK3, STM32MP233CAL3, STM32MP233DAJ3, STM32MP233DAK3, STM32MP233DAL3, STM32MP233FAJ3, STM32MP233FAK3, STM32MP233FAL3, STM32MP235AAJ3, STM32MP235AAK3, STM32MP235AAL3, STM32MP235CAJ3, STM32MP235CAK3, STM32MP235CAL3, STM32MP235DAJ3, STM32MP235DAK3, STM32MP235DAL3, STM32MP235FAJ3, STM32MP235FAK3, STM32MP235FAL3, STM32MP251AAI3, STM32MP251AAK3, STM32MP251AAL3, STM32MP251CAI3, STM32MP251CAK3, STM32MP251CAL3, STM32MP251DAI3, STM32MP251DAK3, STM32MP251DAL3, STM32MP251FAI3, STM32MP251FAK3, STM32MP251FAL3, STM32MP253AAI3, STM32MP253AAK3, STM32MP253AAL3, STM32MP253CAI3, STM32MP253CAK3, STM32MP253CAL3, STM32MP253DAI3, STM32MP253DAK3, STM32MP253DAL3, STM32MP253FAI3, STM32MP253FAK3, STM32MP253FAL3, STM32MP255AAI3, STM32MP255AAK3, STM32MP255AAL3, STM32MP255CAI3, STM32MP255CAK3, STM32MP255CAL3, STM32MP255DAI3, STM32MP255DAK3, STM32MP255DAL3, STM32MP255FAI3, STM32MP255FAK3, STM32MP255FAL3, STM32MP257AAI3, STM32MP257AAK3, STM32MP257AAL3, STM32MP257CAI3, STM32MP257CAK3, STM32MP257CAL3, STM32MP257DAI3, STM32MP257DAK3, STM32MP257DAL3, STM32MP257F-DK, STM32MP257F-EV1, STM32MP257FAI3, STM32MP257FAK3, STM32MP257FAL3, STM32N645A0H3Q, STM32N645B0H3Q, STM32N645I0H3Q, STM32N645L0H3Q, STM32N645X0H3Q, STM32N645Z0H3Q, STM32N647A0H3Q, STM32N647B0H3Q, STM32N647I0H3Q, STM32N647L0H3Q, STM32N647X0H3Q, STM32N647Z0H3Q, STM32N655A0H3Q, STM32N655B0H3Q, STM32N655I0H3Q, STM32N655L0H3Q, STM32N655X0H3Q, STM32N655Z0H3Q, STM32N6570-DK, STM32N657A0H3Q, STM32N657B0H3Q, STM32N657I0H3Q, STM32N657L0H3Q, STM32N657X0H3Q, STM32N657Z0H3Q, STM32U031C6T6, STM32U031C6U6, STM32U031C8T6, STM32U031C8U6, STM32U031F4P6, STM32U031F6P6, STM32U031F8P6, STM32U031G6Y6TR, STM32U031G8Y6TR, STM32U031K4U6, STM32U031K6U6, STM32U031K8U6, STM32U031R6I6, STM32U031R6T6, STM32U031R8I6, STM32U031R8T6, STM32U073C8T6, STM32U073C8U6, STM32U073CBT6, STM32U073CBU6, STM32U073CCT6, STM32U073CCU6, STM32U073H8Y6TR, STM32U073HBY6TR, STM32U073HCY6TR, STM32U073K8U6, STM32U073KBU6, STM32U073KCU6, STM32U073M8I6, STM32U073M8T6, STM32U073MBI6, STM32U073MBT6, STM32U073MCI6, STM32U073MCT6, STM32U073R8I6, STM32U073R8T6, STM32U073RBI6, STM32U073RBT6, STM32U073RCI6, STM32U073RCT6, STM32U083C-DK, STM32U083CCT6, STM32U083CCU6, STM32U083HCY6TR, STM32U083KCU6, STM32U083MCI6, STM32U083MCT6, STM32U083RCI6, STM32U083RCT6, STM32U375CET6, STM32U375CET6Q, STM32U375CEU6, STM32U375CEU6Q, STM32U375CEY6QTR, STM32U375CGT6, STM32U375CGT6Q, STM32U375CGU6, STM32U375CGU6Q, STM32U375CGY6QTR, STM32U375KEU6, STM32U375KGU6, STM32U375REI6, STM32U375REI6Q, STM32U375RET6, STM32U375RET6Q, STM32U375REY6GTR, STM32U375REY6QTR, STM32U375RGI6, STM32U375RGI6Q, STM32U375RGT6, STM32U375RGT6Q, STM32U375RGY6GTR, STM32U375RGY6QTR, STM32U375VEI6, STM32U375VEI6Q, STM32U375VET6, STM32U375VET6Q, STM32U375VGI6, STM32U375VGI6Q, STM32U375VGT6, STM32U375VGT6Q, STM32U385CGT6, STM32U385CGT6Q, STM32U385CGU6, STM32U385CGU6Q, STM32U385CGY6QTR, STM32U385KGU6, STM32U385RGI6, STM32U385RGI6Q, STM32U385RGT6, STM32U385RGT6Q, STM32U385RGY6GTR, STM32U385RGY6QTR, STM32U385VGI6, STM32U385VGI6Q, STM32U385VGT6, STM32U385VGT6Q, STM32U535CBT6, STM32U535CBT6Q, STM32U535CBU6, STM32U535CBU6Q, STM32U535CCT6, STM32U535CCT6Q, STM32U535CCU6, STM32U535CCU6Q, STM32U535CET6, STM32U535CET6Q, STM32U535CEU6, STM32U535CEU6Q, STM32U535JEY6QTR, STM32U535NCY6QTR, STM32U535NEY6QTR, STM32U535RBI6, STM32U535RBI6Q, STM32U535RBT6, STM32U535RBT6Q, STM32U535RCI6, STM32U535RCI6Q, STM32U535RCT6, STM32U535RCT6Q, STM32U535REI6, STM32U535REI6Q, STM32U535RET6, STM32U535RET6Q, STM32U535VCI6, STM32U535VCI6Q, STM32U535VCT6, STM32U535VCT6Q, STM32U535VEI6, STM32U535VEI6Q, STM32U535VET6, STM32U535VET6Q, STM32U545CET6, STM32U545CET6Q, STM32U545CEU6, STM32U545CEU6Q, STM32U545JEY6QTR, STM32U545NEY6QTR, STM32U545REI6, STM32U545REI6Q, STM32U545RET6, STM32U545RET6Q, STM32U545VEI6, STM32U545VEI6Q, STM32U545VET6, STM32U545VET6Q, STM32U595AIH6, STM32U595AIH6Q, STM32U595AJH6, STM32U595AJH6Q, STM32U595QII6, STM32U595QII6Q, STM32U595QJI6, STM32U595QJI6Q, STM32U595RIT6, STM32U595RIT6Q, STM32U595RJT6, STM32U595RJT6Q, STM32U595VIT6, STM32U595VIT6Q, STM32U595VJT6, STM32U595VJT6Q, STM32U595ZIT6, STM32U595ZIT6Q, STM32U595ZIY6QTR, STM32U595ZJT6, STM32U595ZJT6Q, STM32U595ZJY6QTR, STM32U599BJY6QTR, STM32U599NIH6Q, STM32U599NJH6Q, STM32U599VIT6Q, STM32U599VJT6, STM32U599VJT6Q, STM32U599ZIT6Q, STM32U599ZIY6QTR, STM32U599ZJT6Q, STM32U599ZJY6QTR, STM32U5A5AJH6, STM32U5A5AJH6Q, STM32U5A5QII3Q , STM32U5A5QJI6, STM32U5A5QJI6Q, STM32U5A5RJT6, STM32U5A5RJT6Q, STM32U5A5VJT6, STM32U5A5VJT6Q, STM32U5A5ZJT6, STM32U5A5ZJT6Q, STM32U5A5ZJY6QTR, STM32U5A9BJY6QTR, STM32U5A9J-DK, STM32U5A9NJH6Q, STM32U5A9VJT6Q, STM32U5A9ZJT6Q, STM32U5A9ZJY6QTR, STM32U5F7VIT6, STM32U5F7VIT6Q, STM32U5F7VJT6, STM32U5F7VJT6Q, STM32U5F9BJY6QTR, STM32U5F9NJH6Q, STM32U5F9VIT6Q, STM32U5F9VJT6Q, STM32U5F9ZIJ6QTR, STM32U5F9ZIT6Q, STM32U5F9ZJJ6QTR, STM32U5F9ZJT6Q, STM32U5G7VJT6, STM32U5G7VJT6Q, STM32U5G9BJY6QTR, STM32U5G9J-DK1, STM32U5G9J-DK2, STM32U5G9NJH6Q, STM32U5G9VJT6Q, STM32U5G9ZJJ6QTR, STM32U5G9ZJT6Q, STM32WB05KZV6TR, STM32WB05KZV7TR, STM32WB05TZF6TR, STM32WB05TZF7TR, STM32WB06CCF6TR, STM32WB06CCF7TR, STM32WB06CCV6TR, STM32WB06CCV7TR, STM32WB06KCV6TR, STM32WB06KCV7TR, STM32WB07CCF6TR, STM32WB07CCF7TR, STM32WB07CCV6TR, STM32WB07CCV7TR, STM32WB07KCV6TR, STM32WB07KCV7TR, STM32WB09KEV6TR, STM32WB09KEV7TR, STM32WB09TEF6TR, STM32WB09TEF7TR, STM32WB1MMCH6, STM32WBA50KGU6, STM32WBA50KGU6TR, STM32WBA52CEU6, STM32WBA52CEU6TR, STM32WBA52CEU7, STM32WBA52CEU7TR, STM32WBA52CGU6, STM32WBA52CGU6TR, STM32WBA52CGU6U, STM32WBA52CGU7, STM32WBA52CGU7TR, STM32WBA52KEU6, STM32WBA52KEU6TR, STM32WBA52KGU6, STM32WBA52KGU6TR, STM32WBA54CEU6, STM32WBA54CEU6TR, STM32WBA54CEU7, STM32WBA54CEU7TR, STM32WBA54CGU6, STM32WBA54CGU6TR, STM32WBA54CGU7, STM32WBA54CGU7TR, STM32WBA54KEU6, STM32WBA54KEU6TR, STM32WBA54KEU7, STM32WBA54KEU7TR, STM32WBA54KGU6, STM32WBA54KGU6TR, STM32WBA54KGU7, STM32WBA54KGU7TR, STM32WBA55CEU6, STM32WBA55CEU6TR, STM32WBA55CEU7, STM32WBA55CEU7TR, STM32WBA55CGU6, STM32WBA55CGU6TR, STM32WBA55CGU6U, STM32WBA55CGU7, STM32WBA55CGU7TR, STM32WBA55G-DK1, STM32WBA55HEF6, STM32WBA55HEF7, STM32WBA55HGF6, STM32WBA55HGF7, STM32WBA55UEI6, STM32WBA55UEI6TR, STM32WBA55UEI7, STM32WBA55UEI7TR, STM32WBA55UGI6, STM32WBA55UGI6TR, STM32WBA55UGI7, STM32WBA55UGI7TR, STM32WBA5MMGH6TR, STM32WBA62MGF6, STM32WBA62MIF6, STM32WBA65MGF7, STM32WBA65MIF6, STM32WBA65MIF7, STM32WL30K8V6, STM32WL30KBV6, STM32WL31C8V6, STM32WL31CBV6, STM32WL31K8V6, STM32WL31KBV6, STM32WL33C8V6, STM32WL33C8V6X, STM32WL33CBV6, STM32WL33CBV6X, STM32WL33CCV6, STM32WL33CCV6A, STM32WL33CCV6X, STM32WL33K8V7, STM32WL33K8V7X, STM32WL33KBV7 , STM32WL33KBV7X, STM32WL33KCV7, STM32WL33KCV7X, STM32WL5MOCH6, STM32WL5MOCH6TR]
2025-12-15 18:44:09,867 [INFO] BoardInfo:889 - No configuration file found for board P-NUCLEO-WB55
2025-12-15 18:44:09,869 [INFO] DbBoards:161 - Kit is not supported: P-NUCLEO-WB55
2025-12-15 18:44:09,880 [INFO] BoardInfo:889 - No configuration file found for board STEVAL-BFA001V1B
2025-12-15 18:44:09,882 [INFO] DbBoards:161 - Kit is not supported: STEVAL-BFA001V1B
2025-12-15 18:44:09,884 [INFO] BoardInfo:889 - No configuration file found for board STEVAL-BFA001V2B
2025-12-15 18:44:09,886 [INFO] DbBoards:161 - Kit is not supported: STEVAL-BFA001V2B
2025-12-15 18:44:10,258 [INFO] DbBoards:168 - Found 212 boards, 209 are supported
2025-12-15 18:44:10,258 [INFO] DbBoards:169 - Found 212 boards, 43 of them is supported for  Bsp
2025-12-15 18:44:10,263 [INFO] ApiDb:668 - CubeFinder database Data Model version=2.1
2025-12-15 18:44:10,263 [INFO] ApiDb:669 - CubeFinder database Configuration version=3.0.39
2025-12-15 18:44:10,263 [INFO] ApiDb:670 - CubeFinder database generation date=2025-10-27 (1761571959)
2025-12-15 18:44:10,263 [INFO] ApiDb:671 - CubeFinder database FW Pack versions=[FP-ATR-ASTRA1_V2.0.0, FP-SNS-FLIGHT1_V5.1.0, FP-SNS-MOTENV1_V5.0.0, FP-SNS-MOTENVWB1_V1.4.0, FP-SNS-SMARTAG2_V1.2.0, FP-SNS-STBOX1_V2.1.0, STM32Cube_FW_C0_V1.4.0, STM32Cube_FW_F4_V1.28.3, STM32Cube_FW_F7_V1.17.4, STM32Cube_FW_G0_V1.6.2, STM32Cube_FW_G4_V1.6.1, STM32Cube_FW_H5_V1.5.0, STM32Cube_FW_H7RS_V1.2.0, STM32Cube_FW_H7_V1.12.1, STM32Cube_FW_L0_V1.12.2, STM32Cube_FW_L4_V1.18.1, STM32Cube_FW_L5_V1.5.1, STM32Cube_FW_N6_V1.2.0, STM32Cube_FW_U0_V1.3.0, STM32Cube_FW_U3_V1.2.1, STM32Cube_FW_U5_V1.8.0, STM32Cube_FW_WB0_V1.3.0, STM32Cube_FW_WBA_V1.7.0, STM32Cube_FW_WB_V1.23.0, STM32Cube_FW_WL3_V1.2.0, STM32Cube_FW_WL_V1.3.1, X-CUBE-ALGOBUILD_V1.4.0, X-CUBE-ALS_V1.0.2, X-CUBE-AZRTOS-F4_V1.1.0, X-CUBE-AZRTOS-F7_V1.1.0, X-CUBE-AZRTOS-G0_V1.1.0, X-CUBE-AZRTOS-G4_V2.0.0, X-CUBE-AZRTOS-H7RS_V1.1.0, X-CUBE-AZRTOS-H7_V3.4.0, X-CUBE-AZRTOS-L4_V2.0.0, X-CUBE-AZRTOS-L5_V2.0.0, X-CUBE-AZRTOS-WB_V2.0.0, X-CUBE-AZRTOS-WL_V2.0.0, X-CUBE-BLE1_V7.1.0, X-CUBE-BLE2_V3.3.0, X-CUBE-BLEMGR_V4.1.0, X-CUBE-EEPRMA1_V5.2.0, X-CUBE-FREERTOS_V1.3.1, X-CUBE-GNSS1_V6.0.0, X-CUBE-MEMS1_V11.3.0, X-CUBE-NFC4_V3.0.0, X-CUBE-NFC7_V2.0.0, X-CUBE-SFXS2LP1_V4.0.0, X-CUBE-ST67W61_V1.1.0, X-CUBE-SUBG2_V5.0.0, X-CUBE-TOF1_V3.4.3]
2025-12-15 18:44:12,585 [INFO] ApiDb:240 - Found 880 in-development CPN: [B-G473E-ZEST1S, B-WB1M-WPAN1, B-WBA5M-WPAN, B-WL5M-SUBG1, NUCLEO-C031C6, NUCLEO-C051C8, NUCLEO-C071RB, NUCLEO-C092RC, NUCLEO-H503RB, NUCLEO-H533RE, NUCLEO-H563ZI, NUCLEO-H7S3L8, NUCLEO-N657X0-Q, NUCLEO-U031R8, NUCLEO-U083RC, NUCLEO-U385RG-Q, NUCLEO-U545RE-Q, NUCLEO-U5A5ZJ-Q, NUCLEO-WB05KZ, NUCLEO-WB07CC, NUCLEO-WB09KE, NUCLEO-WBA52CG, NUCLEO-WBA55CG, NUCLEO-WL33CC1, NUCLEO-WL33CC2, STEVAL-PROTEUS1, STEVAL-SMARTAG2, STEVAL-STWINBX1, STM320518-EVAL, STM32C0116-DK, STM32C011D6Y3TR, STM32C011D6Y6TR, STM32C011F4P3, STM32C011F4P6, STM32C011F4U3, STM32C011F4U6TR, STM32C011F6P3, STM32C011F6P6, STM32C011F6U3, STM32C011F6U6TR, STM32C011J4M3, STM32C011J4M6, STM32C011J6M3, STM32C011J6M6, STM32C0316-DK, STM32C031C4T3, STM32C031C4T6, STM32C031C4U3, STM32C031C4U6, STM32C031C6T3, STM32C031C6T6, STM32C031C6U3, STM32C031C6U6, STM32C031F4P3, STM32C031F4P6, STM32C031F6P3, STM32C031F6P6, STM32C031G4U3, STM32C031G4U6, STM32C031G6U3, STM32C031G6U6, STM32C031K4T3, STM32C031K4T6, STM32C031K4U3, STM32C031K4U6, STM32C031K6T3, STM32C031K6T6, STM32C031K6U3, STM32C031K6U6, STM32C051C6T6, STM32C051C6U6, STM32C051C8T6, STM32C051C8U6, STM32C051D8Y6TR, STM32C051F6P6, STM32C051F8P6, STM32C051G6U6, STM32C051G8U6, STM32C051K6T6, STM32C051K6U6, STM32C051K8T6, STM32C071C8T6, STM32C071C8T6N, STM32C071C8U6, STM32C071C8U6N, STM32C071CBT6, STM32C071CBT6N, STM32C071CBU6, STM32C071CBU6N, STM32C071F8P6, STM32C071F8P6N, STM32C071FBP6, STM32C071FBP6N, STM32C071FBY6TR, STM32C071G8U6, STM32C071G8U6N, STM32C071GBU6, STM32C071GBU6N, STM32C071K8T6, STM32C071K8T6N, STM32C071K8U6, STM32C071K8U6N, STM32C071KBT6, STM32C071KBT6N, STM32C071KBU6, STM32C071KBU6N, STM32C071R8T6, STM32C071R8T6N, STM32C071RBI6N, STM32C071RBT6, STM32C071RBT6N, STM32C091CBT6, STM32C091CBU6, STM32C091CCT6, STM32C091CCU6, STM32C091ECY6TR, STM32C091FBP6, STM32C091FCP6, STM32C091GBU6, STM32C091GCU6, STM32C091KBT6, STM32C091KBU6, STM32C091KCT6, STM32C091KCU6, STM32C091RBT6, STM32C091RCI6, STM32C091RCT6, STM32C092CBT6, STM32C092CBU6, STM32C092CCT6, STM32C092CCU6, STM32C092ECY6TR, STM32C092FBP6, STM32C092FCP6, STM32C092GBU6, STM32C092GCU6, STM32C092KBT6, STM32C092KBU6, STM32C092KCT6, STM32C092KCU6, STM32C092RBT6, STM32C092RCI6, STM32C092RCT6, STM32G071K8TXN, STM32G071K8UXN, STM32G081GBU6N, STM32G081KBT6N, STM32G081KBUXN, STM32G0B1CCT6N, STM32G0B1KCT6, STM32G0B1NEY6TR, STM32G0B1RCT6N, STM32G0C1CCT6, STM32G0C1CCT6N, STM32G0C1CCU6N, STM32G0C1CET6N, STM32G0C1CEU6N, STM32G0C1KCT6, STM32G0C1NEY6TR, STM32G0C1RCI6N, STM32G0C1RCT6N, STM32G0C1REI6N, STM32G0C1RET6N, STM32G0C1VCI6, STM32G0C1VEI6, STM32G411C6T3, STM32G411C6T6, STM32G411C6U3, STM32G411C6U6, STM32G411C8T3, STM32G411C8T6, STM32G411C8U3, STM32G411C8U6, STM32G411CBT3, STM32G411CBT6, STM32G411CBU3, STM32G411CBU6, STM32G411K6T3, STM32G411K6T6, STM32G411K6U3, STM32G411K6U6, STM32G411K8T3, STM32G411K8T6, STM32G411K8U3, STM32G411K8U6, STM32G411KBT3, STM32G411KBT6, STM32G411KBU3, STM32G411KBU6, STM32G411M6T3, STM32G411M6T6, STM32G411M8T3, STM32G411M8T6, STM32G411MBT3, STM32G411MBT6, STM32G411R6T3, STM32G411R6T6, STM32G411R8T3, STM32G411R8T6, STM32G411RBT3, STM32G411RBT6, STM32G414CBT3, STM32G414CBT6, STM32G414CBU3, STM32G414CBU6, STM32G414CCT3, STM32G414CCT6, STM32G414CCU3, STM32G414CCU6, STM32G414MBT3, STM32G414MBT6, STM32G414MCT3, STM32G414MCT6, STM32G414RBT3, STM32G414RBT6, STM32G414RCT3, STM32G414RCT6, STM32G414VBT3, STM32G414VBT6, STM32G414VCT3, STM32G414VCT6, STM32G431CBT3Z, STM32G431RBT3Z, STM32G471CCT6, STM32G471CCU6, STM32G471CET3, STM32G471CET6, STM32G471CEU3, STM32G471CEU6, STM32G471MCT6, STM32G471MET3, STM32G471MET6, STM32G471MEY6TR, STM32G471QCT6, STM32G471QET3, STM32G471RCT6, STM32G471RET3, STM32G471RET6, STM32G471VCH6, STM32G471VCI6, STM32G471VCT6, STM32G471VEH3, STM32G471VEH6, STM32G471VEI3, STM32G471VEI6, STM32G471VET3, STM32G471VET6, STM32G473QET3Z, STM32G473RET3Z, STM32G474CCT6, STM32G491RET3Z, STM32H503CBT6, STM32H503CBU6, STM32H503EBY6TR, STM32H503KBU6, STM32H503RBT6, STM32H523CCT6, STM32H523CCU6, STM32H523CET6, STM32H523CEU6, STM32H523HEY6TR, STM32H523RCT6, STM32H523RET6, STM32H523VCI6, STM32H523VCT6, STM32H523VEI6, STM32H523VET6, STM32H523ZCJ6, STM32H523ZCT6, STM32H523ZEJ6, STM32H523ZET6, STM32H533CET6, STM32H533CEU6, STM32H533HEY6TR, STM32H533RET6, STM32H533VEI6, STM32H533VET6, STM32H533ZEJ6, STM32H533ZET6, STM32H562AGI6, STM32H562AII6, STM32H562IGK6, STM32H562IGT6, STM32H562IIK6, STM32H562IIT6, STM32H562RGT6, STM32H562RGV6, STM32H562RIT6, STM32H562RIV6, STM32H562VGT6, STM32H562VIT6, STM32H562ZGT6, STM32H562ZIT6, STM32H563AGI6, STM32H563AII3Q, STM32H563AII6, STM32H563IGK6, STM32H563IGT6, STM32H563IIK3Q, STM32H563IIK6, STM32H563IIT3Q, STM32H563IIT6, STM32H563MIY3QTR, STM32H563RGT6, STM32H563RGV6, STM32H563RIT6, STM32H563RIV6, STM32H563VGT6, STM32H563VIT3Q, STM32H563VIT6, STM32H563ZGT6, STM32H563ZIT3Q, STM32H563ZIT6, STM32H573AII3Q, STM32H573AII6, STM32H573I-DK, STM32H573IIK3Q, STM32H573IIK6, STM32H573IIT3Q, STM32H573IIT6, STM32H573MIY3QTR, STM32H573RIT6, STM32H573RIV6, STM32H573VIT3Q, STM32H573VIT6, STM32H573ZIT3Q, STM32H573ZIT6, STM32H7R3A8I6, STM32H7R3I8K6, STM32H7R3I8T6, STM32H7R3L8H6, STM32H7R3L8H6H, STM32H7R3R8V6, STM32H7R3V8H6, STM32H7R3V8T6, STM32H7R3V8Y6TR, STM32H7R3Z8J6, STM32H7R3Z8T6, STM32H7R7A8I6, STM32H7R7I8K6, STM32H7R7I8T6, STM32H7R7L8H6, STM32H7R7L8H6H, STM32H7R7Z8J6, STM32H7S3A8I6, STM32H7S3I8K6, STM32H7S3I8T6, STM32H7S3L8H6, STM32H7S3L8H6H, STM32H7S3R8V6, STM32H7S3V8H6, STM32H7S3V8T6, STM32H7S3V8Y6TR, STM32H7S3Z8J6, STM32H7S3Z8T6, STM32H7S78-DK, STM32H7S7A8I6, STM32H7S7I8K6, STM32H7S7I8T6, STM32H7S7L8H6, STM32H7S7L8H6H, STM32H7S7Z8J6, STM32L4R5QGI6STR, STM32MP131AAE3, STM32MP131AAF3, STM32MP131AAG3, STM32MP131CAE3, STM32MP131CAF3, STM32MP131CAG3, STM32MP131DAE7, STM32MP131DAF7, STM32MP131DAG7, STM32MP131FAE7, STM32MP131FAF7, STM32MP131FAG7, STM32MP133AAE3, STM32MP133AAF3, STM32MP133AAG3, STM32MP133CAE3, STM32MP133CAF3, STM32MP133CAG3, STM32MP133DAE7, STM32MP133DAF7, STM32MP133DAG7, STM32MP133FAE7, STM32MP133FAF7, STM32MP133FAG7, STM32MP135AAE3, STM32MP135AAF3, STM32MP135AAG3, STM32MP135CAE3, STM32MP135CAF3, STM32MP135CAG3, STM32MP135DAE7, STM32MP135DAF7, STM32MP135DAG7, STM32MP135F-DK, STM32MP135FAE7, STM32MP135FAF7, STM32MP135FAF7T, STM32MP135FAF7U, STM32MP135FAG7, STM32MP211AAL3, STM32MP211AAM3, STM32MP211AAN3, STM32MP211AAO3, STM32MP211CAL3, STM32MP211CAM3, STM32MP211CAN3, STM32MP211CAO3, STM32MP211DAL3, STM32MP211DAM3, STM32MP211DAN3, STM32MP211DAO3, STM32MP211FAL3, STM32MP211FAM3, STM32MP211FAN3, STM32MP211FAO3, STM32MP213AAL3, STM32MP213AAM3, STM32MP213AAN3, STM32MP213AAO3, STM32MP213CAL3, STM32MP213CAM3, STM32MP213CAN3, STM32MP213CAO3, STM32MP213DAL3, STM32MP213DAM3, STM32MP213DAN3, STM32MP213DAO3, STM32MP213FAL3, STM32MP213FAM3, STM32MP213FAN3, STM32MP213FAO3, STM32MP215AAL3, STM32MP215AAM3, STM32MP215AAN3, STM32MP215AAO3, STM32MP215CAL3, STM32MP215CAM3, STM32MP215CAN3, STM32MP215CAO3, STM32MP215DAL3, STM32MP215DAM3, STM32MP215DAN3, STM32MP215DAO3, STM32MP215F-DK, STM32MP215FAL3, STM32MP215FAM3, STM32MP215FAN3, STM32MP215FAO3, STM32MP231AAJ3, STM32MP231AAK3, STM32MP231AAL3, STM32MP231CAJ3, STM32MP231CAK3, STM32MP231CAL3, STM32MP231DAJ3, STM32MP231DAK3, STM32MP231DAL3, STM32MP231FAJ3, STM32MP231FAK3, STM32MP231FAL3, STM32MP233AAJ3, STM32MP233AAK3, STM32MP233AAL3, STM32MP233CAJ3, STM32MP233CAK3, STM32MP233CAL3, STM32MP233DAJ3, STM32MP233DAK3, STM32MP233DAL3, STM32MP233FAJ3, STM32MP233FAK3, STM32MP233FAL3, STM32MP235AAJ3, STM32MP235AAK3, STM32MP235AAL3, STM32MP235CAJ3, STM32MP235CAK3, STM32MP235CAL3, STM32MP235DAJ3, STM32MP235DAK3, STM32MP235DAL3, STM32MP235FAJ3, STM32MP235FAK3, STM32MP235FAL3, STM32MP251AAI3, STM32MP251AAK3, STM32MP251AAL3, STM32MP251CAI3, STM32MP251CAK3, STM32MP251CAL3, STM32MP251DAI3, STM32MP251DAK3, STM32MP251DAL3, STM32MP251FAI3, STM32MP251FAK3, STM32MP251FAL3, STM32MP253AAI3, STM32MP253AAK3, STM32MP253AAL3, STM32MP253CAI3, STM32MP253CAK3, STM32MP253CAL3, STM32MP253DAI3, STM32MP253DAK3, STM32MP253DAL3, STM32MP253FAI3, STM32MP253FAK3, STM32MP253FAL3, STM32MP255AAI3, STM32MP255AAK3, STM32MP255AAL3, STM32MP255CAI3, STM32MP255CAK3, STM32MP255CAL3, STM32MP255DAI3, STM32MP255DAK3, STM32MP255DAL3, STM32MP255FAI3, STM32MP255FAK3, STM32MP255FAL3, STM32MP257AAI3, STM32MP257AAK3, STM32MP257AAL3, STM32MP257CAI3, STM32MP257CAK3, STM32MP257CAL3, STM32MP257DAI3, STM32MP257DAK3, STM32MP257DAL3, STM32MP257F-DK, STM32MP257F-EV1, STM32MP257FAI3, STM32MP257FAK3, STM32MP257FAL3, STM32N645A0H3Q, STM32N645B0H3Q, STM32N645I0H3Q, STM32N645L0H3Q, STM32N645X0H3Q, STM32N645Z0H3Q, STM32N647A0H3Q, STM32N647B0H3Q, STM32N647I0H3Q, STM32N647L0H3Q, STM32N647X0H3Q, STM32N647Z0H3Q, STM32N655A0H3Q, STM32N655B0H3Q, STM32N655I0H3Q, STM32N655L0H3Q, STM32N655X0H3Q, STM32N655Z0H3Q, STM32N6570-DK, STM32N657A0H3Q, STM32N657B0H3Q, STM32N657I0H3Q, STM32N657L0H3Q, STM32N657X0H3Q, STM32N657Z0H3Q, STM32U031C6T6, STM32U031C6U6, STM32U031C8T6, STM32U031C8U6, STM32U031F4P6, STM32U031F6P6, STM32U031F8P6, STM32U031G6Y6TR, STM32U031G8Y6TR, STM32U031K4U6, STM32U031K6U6, STM32U031K8U6, STM32U031R6I6, STM32U031R6T6, STM32U031R8I6, STM32U031R8T6, STM32U073C8T6, STM32U073C8U6, STM32U073CBT6, STM32U073CBU6, STM32U073CCT6, STM32U073CCU6, STM32U073H8Y6TR, STM32U073HBY6TR, STM32U073HCY6TR, STM32U073K8U6, STM32U073KBU6, STM32U073KCU6, STM32U073M8I6, STM32U073M8T6, STM32U073MBI6, STM32U073MBT6, STM32U073MCI6, STM32U073MCT6, STM32U073R8I6, STM32U073R8T6, STM32U073RBI6, STM32U073RBT6, STM32U073RCI6, STM32U073RCT6, STM32U083C-DK, STM32U083CCT6, STM32U083CCU6, STM32U083HCY6TR, STM32U083KCU6, STM32U083MCI6, STM32U083MCT6, STM32U083RCI6, STM32U083RCT6, STM32U375CET6, STM32U375CET6Q, STM32U375CEU6, STM32U375CEU6Q, STM32U375CEY6QTR, STM32U375CGT6, STM32U375CGT6Q, STM32U375CGU6, STM32U375CGU6Q, STM32U375CGY6QTR, STM32U375KEU6, STM32U375KGU6, STM32U375REI6, STM32U375REI6Q, STM32U375RET6, STM32U375RET6Q, STM32U375REY6GTR, STM32U375REY6QTR, STM32U375RGI6, STM32U375RGI6Q, STM32U375RGT6, STM32U375RGT6Q, STM32U375RGY6GTR, STM32U375RGY6QTR, STM32U375VEI6, STM32U375VEI6Q, STM32U375VET6, STM32U375VET6Q, STM32U375VGI6, STM32U375VGI6Q, STM32U375VGT6, STM32U375VGT6Q, STM32U385CGT6, STM32U385CGT6Q, STM32U385CGU6, STM32U385CGU6Q, STM32U385CGY6QTR, STM32U385KGU6, STM32U385RGI6, STM32U385RGI6Q, STM32U385RGT6, STM32U385RGT6Q, STM32U385RGY6GTR, STM32U385RGY6QTR, STM32U385VGI6, STM32U385VGI6Q, STM32U385VGT6, STM32U385VGT6Q, STM32U535CBT6, STM32U535CBT6Q, STM32U535CBU6, STM32U535CBU6Q, STM32U535CCT6, STM32U535CCT6Q, STM32U535CCU6, STM32U535CCU6Q, STM32U535CET6, STM32U535CET6Q, STM32U535CEU6, STM32U535CEU6Q, STM32U535JEY6QTR, STM32U535NCY6QTR, STM32U535NEY6QTR, STM32U535RBI6, STM32U535RBI6Q, STM32U535RBT6, STM32U535RBT6Q, STM32U535RCI6, STM32U535RCI6Q, STM32U535RCT6, STM32U535RCT6Q, STM32U535REI6, STM32U535REI6Q, STM32U535RET6, STM32U535RET6Q, STM32U535VCI6, STM32U535VCI6Q, STM32U535VCT6, STM32U535VCT6Q, STM32U535VEI6, STM32U535VEI6Q, STM32U535VET6, STM32U535VET6Q, STM32U545CET6, STM32U545CET6Q, STM32U545CEU6, STM32U545CEU6Q, STM32U545JEY6QTR, STM32U545NEY6QTR, STM32U545REI6, STM32U545REI6Q, STM32U545RET6, STM32U545RET6Q, STM32U545VEI6, STM32U545VEI6Q, STM32U545VET6, STM32U545VET6Q, STM32U595AIH6, STM32U595AIH6Q, STM32U595AJH6, STM32U595AJH6Q, STM32U595QII6, STM32U595QII6Q, STM32U595QJI6, STM32U595QJI6Q, STM32U595RIT6, STM32U595RIT6Q, STM32U595RJT6, STM32U595RJT6Q, STM32U595VIT6, STM32U595VIT6Q, STM32U595VJT6, STM32U595VJT6Q, STM32U595ZIT6, STM32U595ZIT6Q, STM32U595ZIY6QTR, STM32U595ZJT6, STM32U595ZJT6Q, STM32U595ZJY6QTR, STM32U599BJY6QTR, STM32U599NIH6Q, STM32U599NJH6Q, STM32U599VIT6Q, STM32U599VJT6, STM32U599VJT6Q, STM32U599ZIT6Q, STM32U599ZIY6QTR, STM32U599ZJT6Q, STM32U599ZJY6QTR, STM32U5A5AJH6, STM32U5A5AJH6Q, STM32U5A5QII3Q , STM32U5A5QJI6, STM32U5A5QJI6Q, STM32U5A5RJT6, STM32U5A5RJT6Q, STM32U5A5VJT6, STM32U5A5VJT6Q, STM32U5A5ZJT6, STM32U5A5ZJT6Q, STM32U5A5ZJY6QTR, STM32U5A9BJY6QTR, STM32U5A9J-DK, STM32U5A9NJH6Q, STM32U5A9VJT6Q, STM32U5A9ZJT6Q, STM32U5A9ZJY6QTR, STM32U5F7VIT6, STM32U5F7VIT6Q, STM32U5F7VJT6, STM32U5F7VJT6Q, STM32U5F9BJY6QTR, STM32U5F9NJH6Q, STM32U5F9VIT6Q, STM32U5F9VJT6Q, STM32U5F9ZIJ6QTR, STM32U5F9ZIT6Q, STM32U5F9ZJJ6QTR, STM32U5F9ZJT6Q, STM32U5G7VJT6, STM32U5G7VJT6Q, STM32U5G9BJY6QTR, STM32U5G9J-DK1, STM32U5G9J-DK2, STM32U5G9NJH6Q, STM32U5G9VJT6Q, STM32U5G9ZJJ6QTR, STM32U5G9ZJT6Q, STM32WB05KZV6TR, STM32WB05KZV7TR, STM32WB05TZF6TR, STM32WB05TZF7TR, STM32WB06CCF6TR, STM32WB06CCF7TR, STM32WB06CCV6TR, STM32WB06CCV7TR, STM32WB06KCV6TR, STM32WB06KCV7TR, STM32WB07CCF6TR, STM32WB07CCF7TR, STM32WB07CCV6TR, STM32WB07CCV7TR, STM32WB07KCV6TR, STM32WB07KCV7TR, STM32WB09KEV6TR, STM32WB09KEV7TR, STM32WB09TEF6TR, STM32WB09TEF7TR, STM32WB1MMCH6, STM32WBA50KGU6, STM32WBA50KGU6TR, STM32WBA52CEU6, STM32WBA52CEU6TR, STM32WBA52CEU7, STM32WBA52CEU7TR, STM32WBA52CGU6, STM32WBA52CGU6TR, STM32WBA52CGU6U, STM32WBA52CGU7, STM32WBA52CGU7TR, STM32WBA52KEU6, STM32WBA52KEU6TR, STM32WBA52KGU6, STM32WBA52KGU6TR, STM32WBA54CEU6, STM32WBA54CEU6TR, STM32WBA54CEU7, STM32WBA54CEU7TR, STM32WBA54CGU6, STM32WBA54CGU6TR, STM32WBA54CGU7, STM32WBA54CGU7TR, STM32WBA54KEU6, STM32WBA54KEU6TR, STM32WBA54KEU7, STM32WBA54KEU7TR, STM32WBA54KGU6, STM32WBA54KGU6TR, STM32WBA54KGU7, STM32WBA54KGU7TR, STM32WBA55CEU6, STM32WBA55CEU6TR, STM32WBA55CEU7, STM32WBA55CEU7TR, STM32WBA55CGU6, STM32WBA55CGU6TR, STM32WBA55CGU6U, STM32WBA55CGU7, STM32WBA55CGU7TR, STM32WBA55G-DK1, STM32WBA55HEF6, STM32WBA55HEF7, STM32WBA55HGF6, STM32WBA55HGF7, STM32WBA55UEI6, STM32WBA55UEI6TR, STM32WBA55UEI7, STM32WBA55UEI7TR, STM32WBA55UGI6, STM32WBA55UGI6TR, STM32WBA55UGI7, STM32WBA55UGI7TR, STM32WBA5MMGH6TR, STM32WBA62MGF6, STM32WBA62MIF6, STM32WBA65MGF7, STM32WBA65MIF6, STM32WBA65MIF7, STM32WL30K8V6, STM32WL30KBV6, STM32WL31C8V6, STM32WL31CBV6, STM32WL31K8V6, STM32WL31KBV6, STM32WL33C8V6, STM32WL33C8V6X, STM32WL33CBV6, STM32WL33CBV6X, STM32WL33CCV6, STM32WL33CCV6A, STM32WL33CCV6X, STM32WL33K8V7, STM32WL33K8V7X, STM32WL33KBV7 , STM32WL33KBV7X, STM32WL33KCV7, STM32WL33KCV7X, STM32WL5MOCH6, STM32WL5MOCH6TR]
2025-12-15 18:44:12,595 [INFO] DbMcus:218 - Found 4801 MCUs, 4801 are supported
2025-12-15 18:44:12,598 [INFO] ApiDb:423 - Load user favorites file C:\Users\ivanp/.stm32cubeide/favorites.mcus.txt: 0 item(s)
2025-12-15 18:44:12,598 [INFO] ApiDb:427 - User favorites MCUs=[]
2025-12-15 18:44:12,599 [INFO] DbMcus:224 - Set 0 / 0 favorites MCUs
2025-12-15 18:44:13,166 [INFO] ApiDb:423 - Load user favorites file C:\Users\ivanp/.stm32cubeide/favorites.boards.txt: 0 item(s)
2025-12-15 18:44:13,166 [INFO] ApiDb:427 - User favorites Boards=[]
2025-12-15 18:44:13,167 [INFO] DbBoards:198 - Set 0 / 0 favorites Boards
2025-12-15 18:44:13,220 [INFO] UtilMem:75 - End LoadConfig() Used Memory: 977160600 Bytes (1073741824)
2025-12-15 18:44:13,390 [WARN] ThirdParty:833 - waiting for thirdparty lock release [change project]
2025-12-15 18:44:13,390 [INFO] ThirdParty:835 - entering critical section [change project]
2025-12-15 18:44:13,390 [INFO] ThirdParty:1030 - CMSIS Pack Vendor :STMicroelectronics USBPD 4.1
2025-12-15 18:44:13,390 [INFO] ThirdParty:1030 - CMSIS Pack Vendor :STMicroelectronics USB_HOST 2.0.0
2025-12-15 18:44:13,390 [INFO] ThirdParty:1030 - CMSIS Pack Vendor :STMicroelectronics FP-SNS-MOTENVWB1 1.4.0
2025-12-15 18:44:13,390 [INFO] ThirdParty:1030 - CMSIS Pack Vendor :STMicroelectronics FP-ATR-ASTRA1 2.0.2
2025-12-15 18:44:13,391 [INFO] ThirdParty:1030 - CMSIS Pack Vendor :STMicroelectronics FP-ATR-ASTRA1 2.0.1
2025-12-15 18:44:13,391 [INFO] ThirdParty:1030 - CMSIS Pack Vendor :STMicroelectronics X-CUBE-SMBUS 2.1.0
2025-12-15 18:44:13,391 [INFO] ThirdParty:1030 - CMSIS Pack Vendor :STMicroelectronics X-CUBE-WB05N 1.1.0
2025-12-15 18:44:13,391 [INFO] ThirdParty:1030 - CMSIS Pack Vendor :STMicroelectronics X-CUBE-TOUCHGFX 4.23.0
2025-12-15 18:44:13,391 [INFO] ThirdParty:1030 - CMSIS Pack Vendor :STMicroelectronics X-CUBE-TOUCHGFX 4.23.2
2025-12-15 18:44:13,391 [INFO] ThirdParty:1030 - CMSIS Pack Vendor :STMicroelectronics X-CUBE-AZRTOS-F7 1.1.0
2025-12-15 18:44:13,391 [INFO] ThirdParty:1030 - CMSIS Pack Vendor :STMicroelectronics USB_DEVICE 2.0.0
2025-12-15 18:44:13,391 [INFO] ThirdParty:1030 - CMSIS Pack Vendor :STMicroelectronics FP-SNS-MOTENV1 4.3.2
2025-12-15 18:44:13,391 [INFO] ThirdParty:1030 - CMSIS Pack Vendor :STMicroelectronics FP-SNS-MOTENV1 4.3.1
2025-12-15 18:44:13,391 [INFO] ThirdParty:1030 - CMSIS Pack Vendor :STMicroelectronics FP-SNS-FLIGHT1 5.0.1
2025-12-15 18:44:13,391 [INFO] ThirdParty:1030 - CMSIS Pack Vendor :STMicroelectronics X-CUBE-BLE1 6.2.3
2025-12-15 18:44:13,391 [INFO] ThirdParty:1030 - CMSIS Pack Vendor :STMicroelectronics X-CUBE-MEMS1 11.0.0
2025-12-15 18:44:13,392 [INFO] ThirdParty:1030 - CMSIS Pack Vendor :STMicroelectronics X-CUBE-BLE1 6.2.4
2025-12-15 18:44:13,392 [INFO] ThirdParty:1030 - CMSIS Pack Vendor :STMicroelectronics FP-SNS-MOTENV1 5.1.0
2025-12-15 18:44:13,392 [INFO] ThirdParty:1030 - CMSIS Pack Vendor :STMicroelectronics FreeRTOS 0.0.1
2025-12-15 18:44:13,392 [INFO] ThirdParty:1030 - CMSIS Pack Vendor :STMicroelectronics X-CUBE-BLE1 6.2.2
2025-12-15 18:44:13,392 [INFO] ThirdParty:1030 - CMSIS Pack Vendor :STMicroelectronics FP-SNS-FLIGHT1 5.0.2
2025-12-15 18:44:13,392 [INFO] ThirdParty:1030 - CMSIS Pack Vendor :STMicroelectronics X-CUBE-BLE2 3.2.2
2025-12-15 18:44:13,392 [INFO] ThirdParty:1030 - CMSIS Pack Vendor :STMicroelectronics X-CUBE-AZRTOS-H7 3.4.0
2025-12-15 18:44:13,392 [INFO] ThirdParty:1030 - CMSIS Pack Vendor :STMicroelectronics X-CUBE-DISPLAY 3.0.0
2025-12-15 18:44:13,393 [INFO] ThirdParty:1030 - CMSIS Pack Vendor :STMicroelectronics X-CUBE-BLE1 7.0.0
2025-12-15 18:44:13,393 [INFO] ThirdParty:1030 - CMSIS Pack Vendor :STMicroelectronics X-CUBE-NFC10 1.0.0
2025-12-15 18:44:13,393 [INFO] ThirdParty:1030 - CMSIS Pack Vendor :STMicroelectronics X-CUBE-BLEMGR 4.0.0
2025-12-15 18:44:13,393 [INFO] ThirdParty:1030 - CMSIS Pack Vendor :STMicroelectronics HAL Drivers 0.0.0
2025-12-15 18:44:13,393 [INFO] ThirdParty:1030 - CMSIS Pack Vendor :STMicroelectronics X-CUBE-ST60 1.1.0
2025-12-15 18:44:13,393 [INFO] ThirdParty:1030 - CMSIS Pack Vendor :STMicroelectronics X-CUBE-TOUCHGFX 4.22.0
2025-12-15 18:44:13,393 [INFO] ThirdParty:1030 - CMSIS Pack Vendor :STMicroelectronics X-CUBE-GNSS1 7.1.0
2025-12-15 18:44:13,393 [INFO] ThirdParty:1030 - CMSIS Pack Vendor :STMicroelectronics X-CUBE-TOUCHGFX 4.22.1
2025-12-15 18:44:13,393 [INFO] ThirdParty:1030 - CMSIS Pack Vendor :STMicroelectronics X-CUBE-SUBG2 4.2.0
2025-12-15 18:44:13,393 [INFO] ThirdParty:1030 - CMSIS Pack Vendor :STMicroelectronics X-CUBE-MEMS1 9.3.0
2025-12-15 18:44:13,393 [INFO] ThirdParty:1030 - CMSIS Pack Vendor :STMicroelectronics X-CUBE-AI 7.2.0
2025-12-15 18:44:13,393 [INFO] ThirdParty:1030 - CMSIS Pack Vendor :STMicroelectronics X-CUBE-BLEMGR 3.1.0
2025-12-15 18:44:13,393 [INFO] ThirdParty:1030 - CMSIS Pack Vendor :STMicroelectronics X-CUBE-AI 10.0.0
2025-12-15 18:44:13,394 [INFO] ThirdParty:1030 - CMSIS Pack Vendor :STMicroelectronics FP-SNS-STBOX1 2.1.0
2025-12-15 18:44:13,394 [INFO] ThirdParty:1030 - CMSIS Pack Vendor :STMicroelectronics FP-SNS-SMARTAG2 1.2.0
2025-12-15 18:44:13,394 [INFO] ThirdParty:1030 - CMSIS Pack Vendor :STMicroelectronics FP-SNS-FLIGHT1 5.1.0
2025-12-15 18:44:13,394 [INFO] ThirdParty:1030 - CMSIS Pack Vendor :STMicroelectronics X-CUBE-MEMS1 11.1.0
2025-12-15 18:44:13,394 [INFO] ThirdParty:1030 - CMSIS Pack Vendor :STMicroelectronics X-CUBE-AZRTOS-WL 2.0.0
2025-12-15 18:44:13,394 [INFO] ThirdParty:1030 - CMSIS Pack Vendor :STMicroelectronics X-CUBE-ALGOBUILD 1.2.1
2025-12-15 18:44:13,394 [INFO] ThirdParty:1030 - CMSIS Pack Vendor :STMicroelectronics FP-SNS-MOTENV1 5.0.0
2025-12-15 18:44:13,394 [INFO] ThirdParty:1030 - CMSIS Pack Vendor :STMicroelectronics X-CUBE-AZRTOS-H7RS 1.2.0
2025-12-15 18:44:13,394 [INFO] ThirdParty:1030 - CMSIS Pack Vendor :wolfSSL I-CUBE-wolfMQTT 1.19.0
2025-12-15 18:44:13,394 [INFO] ThirdParty:1030 - CMSIS Pack Vendor :STMicroelectronics ThreadX 0.0.2
2025-12-15 18:44:13,394 [INFO] ThirdParty:1030 - CMSIS Pack Vendor :WES I-CUBE-Cesium 1.3.0
2025-12-15 18:44:13,394 [INFO] ThirdParty:1030 - CMSIS Pack Vendor :STMicroelectronics X-CUBE-BLE2 3.3.0
2025-12-15 18:44:13,394 [INFO] ThirdParty:1030 - CMSIS Pack Vendor :Avnet-IOTCONNECT X-CUBE-iotc-st67-sdk 1.0.0
2025-12-15 18:44:13,394 [INFO] ThirdParty:1030 - CMSIS Pack Vendor :STMicroelectronics X-CUBE-DISPLAY 2.2.0
2025-12-15 18:44:13,394 [INFO] ThirdParty:1030 - CMSIS Pack Vendor :STMicroelectronics X-CUBE-TOF1 3.2.0
2025-12-15 18:44:13,394 [INFO] ThirdParty:1030 - CMSIS Pack Vendor :STMicroelectronics X-CUBE-TOUCHGFX 4.18.1
2025-12-15 18:44:13,394 [INFO] ThirdParty:1030 - CMSIS Pack Vendor :STMicroelectronics X-CUBE-ISPU 1.0.0
2025-12-15 18:44:13,394 [INFO] ThirdParty:1030 - CMSIS Pack Vendor :wolfSSL I-CUBE-wolfSSL 5.0.0
2025-12-15 18:44:13,394 [INFO] ThirdParty:1030 - CMSIS Pack Vendor :STMicroelectronics X-CUBE-NFC9 1.0.0
2025-12-15 18:44:13,395 [INFO] ThirdParty:1030 - CMSIS Pack Vendor :STMicroelectronics X-CUBE-AZRTOS-H7 2.1.0
2025-12-15 18:44:13,395 [INFO] ThirdParty:1030 - CMSIS Pack Vendor :STMicroelectronics X-CUBE-BLE1 7.1.0
2025-12-15 18:44:13,395 [INFO] ThirdParty:1030 - CMSIS Pack Vendor :STMicroelectronics USB_DEVICE 3.0.0
2025-12-15 18:44:13,395 [INFO] ThirdParty:1030 - CMSIS Pack Vendor :STMicroelectronics X-CUBE-TCPP 4.1.0
2025-12-15 18:44:13,395 [INFO] ThirdParty:1030 - CMSIS Pack Vendor :STMicroelectronics X-CUBE-FREERTOS 1.4.0
2025-12-15 18:44:13,395 [INFO] ThirdParty:1030 - CMSIS Pack Vendor :STMicroelectronics X-CUBE-EEPRMA1 5.2.0
2025-12-15 18:44:13,395 [INFO] ThirdParty:1030 - CMSIS Pack Vendor :STMicroelectronics X-CUBE-TOUCHGFX 4.21.1
2025-12-15 18:44:13,395 [INFO] ThirdParty:1030 - CMSIS Pack Vendor :STMicroelectronics X-CUBE-TOUCHGFX 4.21.0
2025-12-15 18:44:13,395 [INFO] ThirdParty:1030 - CMSIS Pack Vendor :STMicroelectronics X-CUBE-TOUCHGFX 4.21.3
2025-12-15 18:44:13,395 [INFO] ThirdParty:1030 - CMSIS Pack Vendor :STMicroelectronics X-CUBE-TOUCHGFX 4.21.4
2025-12-15 18:44:13,395 [INFO] ThirdParty:1030 - CMSIS Pack Vendor :STMicroelectronics X-CUBE-MEMS1 9.4.0
2025-12-15 18:44:13,395 [INFO] ThirdParty:1030 - CMSIS Pack Vendor :STMicroelectronics X-CUBE-AI 7.3.0
2025-12-15 18:44:13,395 [INFO] ThirdParty:1030 - CMSIS Pack Vendor :STMicroelectronics X-CUBE-ST67W61 1.1.0
2025-12-15 18:44:13,396 [INFO] ThirdParty:1030 - CMSIS Pack Vendor :STMicroelectronics X-CUBE-MEMS1 12.0.0
2025-12-15 18:44:13,396 [INFO] ThirdParty:1030 - CMSIS Pack Vendor :STMicroelectronics X-CUBE-ALGOBUILD 1.3.0
2025-12-15 18:44:13,396 [INFO] ThirdParty:1030 - CMSIS Pack Vendor :STMicroelectronics X-CUBE-AZRTOS-G0 1.1.0
2025-12-15 18:44:13,396 [INFO] ThirdParty:1030 - CMSIS Pack Vendor :STMicroelectronics X-CUBE-SAFEA1 1.2.2
2025-12-15 18:44:13,396 [INFO] ThirdParty:1030 - CMSIS Pack Vendor :STMicroelectronics X-CUBE-NFC4 3.0.0
2025-12-15 18:44:13,396 [INFO] ThirdParty:1030 - CMSIS Pack Vendor :SEGGER I-CUBE-embOS 1.2.0
2025-12-15 18:44:13,396 [INFO] ThirdParty:1030 - CMSIS Pack Vendor :wolfSSL I-CUBE-wolfMQTT 1.18.0
2025-12-15 18:44:13,396 [INFO] ThirdParty:1030 - CMSIS Pack Vendor :EmbeddedOffice I-CUBE-FS-RTOS 1.0.1
2025-12-15 18:44:13,396 [INFO] ThirdParty:1030 - CMSIS Pack Vendor :STMicroelectronics X-CUBE-WB05N 2.0.0
2025-12-15 18:44:13,396 [INFO] ThirdParty:1030 - CMSIS Pack Vendor :STMicroelectronics PDM2PCM 3.1.0
2025-12-15 18:44:13,397 [INFO] ThirdParty:1030 - CMSIS Pack Vendor :STMicroelectronics X-CUBE-BLEMGR 3.0.0
2025-12-15 18:44:13,397 [INFO] ThirdParty:1030 - CMSIS Pack Vendor :STMicroelectronics X-CUBE-BLEMGR 1.3.0
2025-12-15 18:44:13,397 [INFO] ThirdParty:1030 - CMSIS Pack Vendor :STMicroelectronics X-CUBE-TCPP 4.2.0
2025-12-15 18:44:13,397 [INFO] ThirdParty:1030 - CMSIS Pack Vendor :RealThread X-CUBE-RT-Thread_Nano 4.1.1
2025-12-15 18:44:13,397 [INFO] ThirdParty:1030 - CMSIS Pack Vendor :STMicroelectronics X-CUBE-AZRTOS-H7 2.0.0
2025-12-15 18:44:13,397 [INFO] ThirdParty:1030 - CMSIS Pack Vendor :STMicroelectronics FP-ATR-SIGFOX1 3.2.0
2025-12-15 18:44:13,397 [INFO] ThirdParty:1030 - CMSIS Pack Vendor :quantropi X-CUBE-qispace-sdk-base 1.9.3
2025-12-15 18:44:13,397 [INFO] ThirdParty:1030 - CMSIS Pack Vendor :STMicroelectronics X-CUBE-EEPRMA1 5.1.0
2025-12-15 18:44:13,397 [INFO] ThirdParty:1030 - CMSIS Pack Vendor :STMicroelectronics MBEDTLS 2.16.2
2025-12-15 18:44:13,397 [INFO] ThirdParty:1030 - CMSIS Pack Vendor :emotas I-CUBE-CANOPEN 1.1.2
2025-12-15 18:44:13,397 [INFO] ThirdParty:1030 - CMSIS Pack Vendor :STMicroelectronics X-CUBE-TOUCHGFX 4.20.0
2025-12-15 18:44:13,397 [INFO] ThirdParty:1030 - CMSIS Pack Vendor :STMicroelectronics X-CUBE-MEMS1 9.5.0
2025-12-15 18:44:13,397 [INFO] ThirdParty:1030 - CMSIS Pack Vendor :STMicroelectronics X-CUBE-AI 10.2.0
2025-12-15 18:44:13,398 [INFO] ThirdParty:1030 - CMSIS Pack Vendor :STMicroelectronics ThreadX 1.0.0
2025-12-15 18:44:13,398 [INFO] ThirdParty:1030 - CMSIS Pack Vendor :SEGGER I-CUBE-embOS 1.3.1
2025-12-15 18:44:13,398 [INFO] ThirdParty:1030 - CMSIS Pack Vendor :STMicroelectronics X-CUBE-ALGOBUILD 1.4.0
2025-12-15 18:44:13,398 [INFO] ThirdParty:1030 - CMSIS Pack Vendor :STMicroelectronics X-CUBE-MEMS1 11.3.0
2025-12-15 18:44:13,398 [INFO] ThirdParty:1030 - CMSIS Pack Vendor :STMicroelectronics X-CUBE-DISPLAY 2.0.0
2025-12-15 18:44:13,398 [INFO] ThirdParty:1030 - CMSIS Pack Vendor :STMicroelectronics X-CUBE-AI 9.1.0
2025-12-15 18:44:13,398 [INFO] ThirdParty:1030 - CMSIS Pack Vendor :STMicroelectronics X-CUBE-PM33A1 1.0.0
2025-12-15 18:44:13,398 [INFO] ThirdParty:1030 - CMSIS Pack Vendor :STMicroelectronics X-CUBE-GNSS1 6.0.0
2025-12-15 18:44:13,398 [INFO] ThirdParty:1030 - CMSIS Pack Vendor :STMicroelectronics X-CUBE-AZRTOS-F4 1.1.0
2025-12-15 18:44:13,398 [INFO] ThirdParty:1030 - CMSIS Pack Vendor :STMicroelectronics LIBJPEG 8.0.0
2025-12-15 18:44:13,398 [INFO] ThirdParty:1030 - CMSIS Pack Vendor :STMicroelectronics X-CUBE-ISPU 2.1.0
2025-12-15 18:44:13,398 [INFO] ThirdParty:1030 - CMSIS Pack Vendor :STMicroelectronics X-CUBE-IPS 3.2.0
2025-12-15 18:44:13,398 [INFO] ThirdParty:1030 - CMSIS Pack Vendor :STMicroelectronics X-CUBE-FREERTOS 1.2.0
2025-12-15 18:44:13,398 [INFO] ThirdParty:1030 - CMSIS Pack Vendor :STMicroelectronics X-CUBE-NFC12 1.0.0
2025-12-15 18:44:13,398 [INFO] ThirdParty:1030 - CMSIS Pack Vendor :STMicroelectronics X-CUBE-BLEMGR 1.2.0
2025-12-15 18:44:13,398 [INFO] ThirdParty:1030 - CMSIS Pack Vendor :STMicroelectronics X-CUBE-AZRTOS-L5 2.0.0
2025-12-15 18:44:13,398 [INFO] ThirdParty:1030 - CMSIS Pack Vendor :STMicroelectronics X-CUBE-MEMS1 9.6.0
2025-12-15 18:44:13,399 [INFO] ThirdParty:1030 - CMSIS Pack Vendor :STMicroelectronics X-CUBE-EEPRMA1 4.2.0
2025-12-15 18:44:13,399 [INFO] ThirdParty:1030 - CMSIS Pack Vendor :STMicroelectronics X-CUBE-NFC6 3.1.0
2025-12-15 18:44:13,399 [INFO] ThirdParty:1030 - CMSIS Pack Vendor :ITTIA_DB I-CUBE-ITTIADB 8.8.0
2025-12-15 18:44:13,399 [INFO] ThirdParty:1030 - CMSIS Pack Vendor :STMicroelectronics X-CUBE-BLEMGR 2.0.0
2025-12-15 18:44:13,399 [INFO] ThirdParty:1030 - CMSIS Pack Vendor :STMicroelectronics X-CUBE-DPower 1.2.0
2025-12-15 18:44:13,399 [INFO] ThirdParty:1030 - CMSIS Pack Vendor :STMicroelectronics X-CUBE-NFC4 2.0.5
2025-12-15 18:44:13,399 [INFO] ThirdParty:1030 - CMSIS Pack Vendor :STMicroelectronics X-CUBE-NFC4 2.0.4
2025-12-15 18:44:13,399 [INFO] ThirdParty:1030 - CMSIS Pack Vendor :STMicroelectronics X-CUBE-NFC4 2.0.3
2025-12-15 18:44:13,399 [INFO] ThirdParty:1030 - CMSIS Pack Vendor :STMicroelectronics X-CUBE-AI 9.0.0
2025-12-15 18:44:13,399 [INFO] ThirdParty:1030 - CMSIS Pack Vendor :STMicroelectronics X-CUBE-AZRTOS-H7 3.1.0
2025-12-15 18:44:13,399 [INFO] ThirdParty:1030 - CMSIS Pack Vendor :STMicroelectronics PDM2PCM 3.3.0
2025-12-15 18:44:13,399 [INFO] ThirdParty:1030 - CMSIS Pack Vendor :STMicroelectronics X-CUBE-SFXS2LP1 3.1.0
2025-12-15 18:44:13,399 [INFO] ThirdParty:1030 - CMSIS Pack Vendor :STMicroelectronics X-CUBE-AZRTOS-F4 1.0.0
2025-12-15 18:44:13,399 [INFO] ThirdParty:1030 - CMSIS Pack Vendor :STMicroelectronics X-CUBE-TOF1 2.0.0
2025-12-15 18:44:13,399 [INFO] ThirdParty:1030 - CMSIS Pack Vendor :STMicroelectronics X-CUBE-FREERTOS 1.3.1
2025-12-15 18:44:13,399 [INFO] ThirdParty:1030 - CMSIS Pack Vendor :STMicroelectronics X-CUBE-FREERTOS 1.3.0
2025-12-15 18:44:13,399 [INFO] ThirdParty:1030 - CMSIS Pack Vendor :STMicroelectronics X-CUBE-NFC7 1.0.1
2025-12-15 18:44:13,400 [INFO] ThirdParty:1030 - CMSIS Pack Vendor :STMicroelectronics MBEDTLS 2.14.1
2025-12-15 18:44:13,400 [INFO] ThirdParty:1030 - CMSIS Pack Vendor :STMicroelectronics X-CUBE-NFC7 1.0.0
2025-12-15 18:44:13,400 [INFO] ThirdParty:1030 - CMSIS Pack Vendor :wolfSSL I-CUBE-wolfTPM 3.2.0
2025-12-15 18:44:13,400 [INFO] ThirdParty:1030 - CMSIS Pack Vendor :STMicroelectronics X-CUBE-TOUCHGFX 4.26.0
2025-12-15 18:44:13,400 [INFO] ThirdParty:1030 - CMSIS Pack Vendor :STMicroelectronics X-CUBE-NFC6 3.0.0
2025-12-15 18:44:13,400 [INFO] ThirdParty:1030 - CMSIS Pack Vendor :STMicroelectronics X-CUBE-EEPRMA1 4.1.0
2025-12-15 18:44:13,400 [INFO] ThirdParty:1030 - CMSIS Pack Vendor :STMicroelectronics FP-SNS-STAIOTCFT 1.0.0
2025-12-15 18:44:13,400 [INFO] ThirdParty:1030 - CMSIS Pack Vendor :STMicroelectronics X-CUBE-DPower 1.3.0
2025-12-15 18:44:13,400 [INFO] ThirdParty:1030 - CMSIS Pack Vendor :STMicroelectronics USB_DEVICE 1.0.0
2025-12-15 18:44:13,400 [INFO] ThirdParty:1030 - CMSIS Pack Vendor :STMicroelectronics X-CUBE-AI 8.1.0
2025-12-15 18:44:13,400 [INFO] ThirdParty:1030 - CMSIS Pack Vendor :STMicroelectronics X-CUBE-AZRTOS-L4 2.0.0
2025-12-15 18:44:13,400 [INFO] ThirdParty:1030 - CMSIS Pack Vendor :STMicroelectronics lwIP 2.1.2
2025-12-15 18:44:13,400 [INFO] ThirdParty:1030 - CMSIS Pack Vendor :STMicroelectronics X-CUBE-SFXS2LP1 4.0.0
2025-12-15 18:44:13,401 [INFO] ThirdParty:1030 - CMSIS Pack Vendor :STMicroelectronics PDM2PCM 3.2.0
2025-12-15 18:44:13,401 [INFO] ThirdParty:1030 - CMSIS Pack Vendor :STMicroelectronics X-CUBE-AZRTOS-H7 3.0.0
2025-12-15 18:44:13,401 [INFO] ThirdParty:1030 - CMSIS Pack Vendor :STMicroelectronics X-CUBE-ISPU 1.1.0
2025-12-15 18:44:13,401 [INFO] ThirdParty:1030 - CMSIS Pack Vendor :STMicroelectronics X-CUBE-AZRTOS-H7 3.3.0
2025-12-15 18:44:13,401 [INFO] ThirdParty:1030 - CMSIS Pack Vendor :RoweBots I-CUBE-UNISONRTOS 5.5.0-4
2025-12-15 18:44:13,401 [INFO] ThirdParty:1030 - CMSIS Pack Vendor :STMicroelectronics X-CUBE-BLEMGR 4.1.0
2025-12-15 18:44:13,401 [INFO] ThirdParty:1030 - CMSIS Pack Vendor :STMicroelectronics X-CUBE-AI 8.0.0
2025-12-15 18:44:13,401 [INFO] ThirdParty:1030 - CMSIS Pack Vendor :STMicroelectronics X-CUBE-IPS 3.0.0
2025-12-15 18:44:13,401 [INFO] ThirdParty:1030 - CMSIS Pack Vendor :STMicroelectronics X-CUBE-AZRTOS-WB 2.0.0
2025-12-15 18:44:13,401 [INFO] ThirdParty:1030 - CMSIS Pack Vendor :STMicroelectronics X-CUBE-FREERTOS 1.0.0
2025-12-15 18:44:13,401 [INFO] ThirdParty:1030 - CMSIS Pack Vendor :STMicroelectronics X-CUBE-FREERTOS 1.0.1
2025-12-15 18:44:13,401 [INFO] ThirdParty:1030 - CMSIS Pack Vendor :STMicroelectronics X-CUBE-GNSS1 7.0.0
2025-12-15 18:44:13,401 [INFO] ThirdParty:1030 - CMSIS Pack Vendor :STMicroelectronics X-CUBE-GNSS1 7.0.1
2025-12-15 18:44:13,401 [INFO] ThirdParty:1030 - CMSIS Pack Vendor :STMicroelectronics FP-SNS-STBOX1 2.0.0
2025-12-15 18:44:13,401 [INFO] ThirdParty:1030 - CMSIS Pack Vendor :STMicroelectronics X-CUBE-AZRTOS-L5 1.1.0
2025-12-15 18:44:13,402 [INFO] ThirdParty:1030 - CMSIS Pack Vendor :STMicroelectronics X-CUBE-AI 8.0.1
2025-12-15 18:44:13,402 [INFO] ThirdParty:1030 - CMSIS Pack Vendor :STMicroelectronics X-CUBE-SUBG2 5.0.0
2025-12-15 18:44:13,402 [INFO] ThirdParty:1030 - CMSIS Pack Vendor :STMicroelectronics X-CUBE-AZRTOS-H7RS 1.1.0
2025-12-15 18:44:13,402 [INFO] ThirdParty:1030 - CMSIS Pack Vendor :STMicroelectronics STM32_WPAN 1.0.0
2025-12-15 18:44:13,402 [INFO] ThirdParty:1030 - CMSIS Pack Vendor :STMicroelectronics lwIP 2.0.3
2025-12-15 18:44:13,402 [INFO] ThirdParty:1030 - CMSIS Pack Vendor :STMicroelectronics USB_HOST 1.0.0
2025-12-15 18:44:13,402 [INFO] ThirdParty:1030 - CMSIS Pack Vendor :STMicroelectronics X-CUBE-AZRTOS-G4 2.0.0
2025-12-15 18:44:13,402 [INFO] ThirdParty:1030 - CMSIS Pack Vendor :STMicroelectronics X-CUBE-TOF1 3.3.0
2025-12-15 18:44:13,402 [INFO] ThirdParty:1030 - CMSIS Pack Vendor :STMicroelectronics FP-ATR-ASTRA1 1.1.1
2025-12-15 18:44:13,402 [INFO] ThirdParty:1030 - CMSIS Pack Vendor :Infineon AIROC-Wi-Fi-Bluetooth-STM32 1.5.1
2025-12-15 18:44:13,402 [INFO] ThirdParty:1030 - CMSIS Pack Vendor :STMicroelectronics X-CUBE-NFC7 2.0.0
2025-12-15 18:44:13,402 [INFO] ThirdParty:1030 - CMSIS Pack Vendor :STMicroelectronics FP-SNS-MOTENVWB1 1.3.1
2025-12-15 18:44:13,402 [INFO] ThirdParty:1030 - CMSIS Pack Vendor :STMicroelectronics X-CUBE-AZRTOS-G4 1.0.0
2025-12-15 18:44:13,402 [INFO] ThirdParty:1030 - CMSIS Pack Vendor :STMicroelectronics X-CUBE-AZRTOS-L4 1.0.0
2025-12-15 18:44:13,402 [INFO] ThirdParty:1030 - CMSIS Pack Vendor :STMicroelectronics X-CUBE-ISPU 2.0.0
2025-12-15 18:44:13,402 [INFO] ThirdParty:1030 - CMSIS Pack Vendor :STMicroelectronics X-CUBE-IPS 3.1.0
2025-12-15 18:44:13,403 [INFO] ThirdParty:1030 - CMSIS Pack Vendor :STMicroelectronics X-CUBE-ALS 1.0.2
2025-12-15 18:44:13,403 [INFO] ThirdParty:1030 - CMSIS Pack Vendor :STMicroelectronics X-CUBE-MEMS1 10.0.0
2025-12-15 18:44:13,403 [INFO] ThirdParty:1030 - CMSIS Pack Vendor :STMicroelectronics X-CUBE-FREERTOS 1.1.0
2025-12-15 18:44:13,403 [INFO] ThirdParty:1030 - CMSIS Pack Vendor :STMicroelectronics X-CUBE-TOUCHGFX 4.24.0
2025-12-15 18:44:13,403 [INFO] ThirdParty:1030 - CMSIS Pack Vendor :STMicroelectronics X-CUBE-AZRTOS-F7 1.0.0
2025-12-15 18:44:13,403 [INFO] ThirdParty:1030 - CMSIS Pack Vendor :STMicroelectronics X-CUBE-TOUCHGFX 4.24.2
2025-12-15 18:44:13,403 [INFO] ThirdParty:1030 - CMSIS Pack Vendor :STMicroelectronics X-CUBE-AZRTOS-WL 1.0.0
2025-12-15 18:44:13,403 [INFO] ThirdParty:1030 - CMSIS Pack Vendor :STMicroelectronics X-CUBE-TOUCHGFX 4.24.1
2025-12-15 18:44:13,403 [INFO] ThirdParty:1030 - CMSIS Pack Vendor :STMicroelectronics X-CUBE-STSE01 1.0.0
2025-12-15 18:44:13,403 [INFO] ThirdParty:1030 - CMSIS Pack Vendor :STMicroelectronics X-CUBE-MEMS1 9.1.0
2025-12-15 18:44:13,403 [INFO] ThirdParty:1030 - CMSIS Pack Vendor :portGmbH I-Cube-SoM-uGOAL 1.1.0
2025-12-15 18:44:13,403 [INFO] ThirdParty:1030 - CMSIS Pack Vendor :STMicroelectronics X-CUBE-ALS 1.0.1
2025-12-15 18:44:13,403 [INFO] ThirdParty:1030 - CMSIS Pack Vendor :STMicroelectronics X-CUBE-AI 7.0.0
2025-12-15 18:44:13,403 [INFO] ThirdParty:1030 - CMSIS Pack Vendor :STMicroelectronics X-CUBE-AZRTOS-WB 1.1.0
2025-12-15 18:44:13,403 [INFO] ThirdParty:1030 - CMSIS Pack Vendor :STMicroelectronics X-CUBE-AZRTOS-L5 1.0.0
2025-12-15 18:44:13,403 [INFO] ThirdParty:1030 - CMSIS Pack Vendor :STMicroelectronics X-CUBE-EEPRMA1 3.1.0
2025-12-15 18:44:13,403 [INFO] ThirdParty:1030 - CMSIS Pack Vendor :STMicroelectronics X-CUBE-EEPRMA1 3.1.1
2025-12-15 18:44:13,403 [INFO] ThirdParty:1030 - CMSIS Pack Vendor :STMicroelectronics X-CUBE-AZRTOS-H7RS 1.0.0
2025-12-15 18:44:13,403 [INFO] ThirdParty:1030 - CMSIS Pack Vendor :STMicroelectronics X-CUBE-GNSS1 5.2.0
2025-12-15 18:44:13,403 [INFO] ThirdParty:1030 - CMSIS Pack Vendor :STMicroelectronics FP-ATR-ASTRA1 2.0.0
2025-12-15 18:44:13,403 [INFO] ThirdParty:1030 - CMSIS Pack Vendor :STMicroelectronics X-CUBE-TOF1 3.4.2
2025-12-15 18:44:13,403 [INFO] ThirdParty:1030 - CMSIS Pack Vendor :STMicroelectronics X-CUBE-TOF1 3.4.3
2025-12-15 18:44:13,403 [INFO] ThirdParty:1030 - CMSIS Pack Vendor :STMicroelectronics X-CUBE-TOF1 3.4.0
2025-12-15 18:44:13,403 [INFO] ThirdParty:1030 - CMSIS Pack Vendor :STMicroelectronics X-CUBE-TOF1 3.4.1
2025-12-15 18:44:13,404 [INFO] ThirdParty:1030 - CMSIS Pack Vendor :STMicroelectronics X-CUBE-AZRTOS-H7 3.2.0
2025-12-15 18:44:13,404 [INFO] ThirdParty:1030 - CMSIS Pack Vendor :wolfSSL I-CUBE-wolfSSH 1.4.17
2025-12-15 18:44:13,404 [INFO] ThirdParty:841 - exiting critical section [change project]
2025-12-15 18:44:14,033 [INFO] PinOutPanel:1589 - setPackage(No Configuration,No Configuration)
2025-12-15 18:44:14,036 [INFO] PinOutPanel:1589 - setPackage(STM32G491RETx,LQFP64)
2025-12-15 18:44:15,084 [INFO] UtilMem:75 - Before build in PCC Used Memory: 910105528 Bytes (1073741824)
2025-12-15 18:44:16,523 [INFO] UtilMem:75 - After build in PCC Used Memory: 810920576 Bytes (1073741824)
2025-12-15 18:44:16,561 [INFO] IPUIPlugin:80 - create IPUIPlugin
2025-12-15 18:44:16,561 [INFO] IPUIPlugin:80 - create IPUIPlugin
2025-12-15 18:44:16,561 [INFO] IPUIPlugin:80 - create IPUIPlugin
2025-12-15 18:44:16,561 [INFO] IPUIPlugin:80 - create IPUIPlugin
2025-12-15 18:44:16,562 [INFO] IPUIPlugin:80 - create IPUIPlugin
2025-12-15 18:44:16,562 [INFO] IPUIPlugin:80 - create IPUIPlugin
2025-12-15 18:44:16,562 [INFO] IPUIPlugin:80 - create IPUIPlugin
2025-12-15 18:44:16,562 [INFO] IPUIPlugin:80 - create IPUIPlugin
2025-12-15 18:44:16,562 [INFO] IPUIPlugin:80 - create IPUIPlugin
2025-12-15 18:44:16,562 [INFO] IPUIPlugin:80 - create IPUIPlugin
2025-12-15 18:44:16,562 [INFO] IPUIPlugin:80 - create IPUIPlugin
2025-12-15 18:44:16,562 [INFO] IPUIPlugin:80 - create IPUIPlugin
2025-12-15 18:44:16,562 [INFO] IPUIPlugin:80 - create IPUIPlugin
2025-12-15 18:44:16,563 [INFO] IPUIPlugin:80 - create IPUIPlugin
2025-12-15 18:44:16,563 [INFO] IPUIPlugin:80 - create IPUIPlugin
2025-12-15 18:44:16,563 [INFO] IPUIPlugin:80 - create IPUIPlugin
2025-12-15 18:44:16,563 [INFO] IPUIPlugin:80 - create IPUIPlugin
2025-12-15 18:44:16,563 [INFO] IPUIPlugin:80 - create IPUIPlugin
2025-12-15 18:44:16,563 [INFO] IPUIPlugin:80 - create IPUIPlugin
2025-12-15 18:44:16,564 [INFO] IPUIPlugin:80 - create IPUIPlugin
2025-12-15 18:44:16,564 [INFO] IPUIPlugin:80 - create IPUIPlugin
2025-12-15 18:44:16,564 [INFO] IPUIPlugin:80 - create IPUIPlugin
2025-12-15 18:44:16,564 [INFO] IPUIPlugin:80 - create IPUIPlugin
2025-12-15 18:44:16,564 [INFO] IPUIPlugin:80 - create IPUIPlugin
2025-12-15 18:44:16,564 [INFO] IPUIPlugin:80 - create IPUIPlugin
2025-12-15 18:44:16,565 [INFO] IPUIPlugin:80 - create IPUIPlugin
2025-12-15 18:44:16,565 [INFO] IPUIPlugin:80 - create IPUIPlugin
2025-12-15 18:44:16,565 [INFO] IPUIPlugin:80 - create IPUIPlugin
2025-12-15 18:44:16,565 [INFO] IPUIPlugin:80 - create IPUIPlugin
2025-12-15 18:44:16,565 [INFO] IPUIPlugin:80 - create IPUIPlugin
2025-12-15 18:44:16,566 [INFO] IPUIPlugin:80 - create IPUIPlugin
2025-12-15 18:44:16,566 [INFO] IPUIPlugin:80 - create IPUIPlugin
2025-12-15 18:44:16,566 [INFO] IPUIPlugin:80 - create IPUIPlugin
2025-12-15 18:44:16,566 [INFO] IPUIPlugin:80 - create IPUIPlugin
2025-12-15 18:44:16,567 [INFO] IPUIPlugin:80 - create IPUIPlugin
2025-12-15 18:44:16,567 [INFO] IPUIPlugin:80 - create IPUIPlugin
2025-12-15 18:44:16,567 [INFO] IPUIPlugin:80 - create IPUIPlugin
2025-12-15 18:44:16,568 [INFO] IPUIPlugin:80 - create IPUIPlugin
2025-12-15 18:44:16,568 [INFO] IPUIPlugin:80 - create IPUIPlugin
2025-12-15 18:44:16,568 [INFO] IPUIPlugin:80 - create IPUIPlugin
2025-12-15 18:44:16,568 [INFO] IPUIPlugin:80 - create IPUIPlugin
2025-12-15 18:44:16,568 [INFO] IPUIPlugin:80 - create IPUIPlugin
2025-12-15 18:44:16,569 [INFO] IPUIPlugin:80 - create IPUIPlugin
2025-12-15 18:44:16,569 [INFO] IPUIPlugin:80 - create IPUIPlugin
2025-12-15 18:44:16,569 [INFO] IPUIPlugin:80 - create IPUIPlugin
2025-12-15 18:44:16,569 [INFO] IPUIPlugin:80 - create IPUIPlugin
2025-12-15 18:44:16,570 [INFO] IPUIPlugin:80 - create IPUIPlugin
2025-12-15 18:44:16,570 [INFO] IPUIPlugin:80 - create IPUIPlugin
2025-12-15 18:44:16,570 [INFO] IPUIPlugin:80 - create IPUIPlugin
2025-12-15 18:44:16,571 [INFO] IPUIPlugin:80 - create IPUIPlugin
2025-12-15 18:44:16,571 [INFO] IPUIPlugin:80 - create IPUIPlugin
2025-12-15 18:44:16,571 [INFO] IPUIPlugin:80 - create IPUIPlugin
2025-12-15 18:44:16,571 [INFO] IPUIPlugin:80 - create IPUIPlugin
2025-12-15 18:44:16,572 [INFO] IPUIPlugin:80 - create IPUIPlugin
2025-12-15 18:44:16,572 [INFO] IPUIPlugin:80 - create IPUIPlugin
2025-12-15 18:44:16,572 [INFO] IPUIPlugin:80 - create IPUIPlugin
2025-12-15 18:44:16,573 [INFO] IPUIPlugin:80 - create IPUIPlugin
2025-12-15 18:44:16,573 [INFO] IPUIPlugin:80 - create IPUIPlugin
2025-12-15 18:44:16,574 [INFO] IPUIPlugin:80 - create IPUIPlugin
2025-12-15 18:44:16,574 [INFO] IPUIPlugin:80 - create IPUIPlugin
2025-12-15 18:44:16,575 [INFO] IPUIPlugin:80 - create IPUIPlugin
2025-12-15 18:44:16,575 [INFO] IPUIPlugin:80 - create IPUIPlugin
2025-12-15 18:44:16,575 [INFO] IPUIPlugin:80 - create IPUIPlugin
2025-12-15 18:44:16,576 [INFO] IPUIPlugin:80 - create IPUIPlugin
2025-12-15 18:44:16,883 [INFO] CADModel:165 - CPN selected for project levelSTM32G491RET3
2025-12-15 18:44:16,883 [INFO] CADModel:114 - Register for checkConnection events
2025-12-15 18:44:16,956 [INFO] OpenFileManager:386 - Restore cursor
2025-12-15 19:55:46,298 [INFO] WebApp:194 - Connection lost
2025-12-15 19:55:46,700 [INFO] WebApp:191 - Connection restablished
2025-12-15 19:58:29,684 [INFO] NvicIntPanel:101 - NVIC parent = com.st.microxplorer.plugins.ip.nvic.MultiNvicIntPanel[,0,0,0x0,invalid,layout=javax.swing.BoxLayout,alignmentX=0.0,alignmentY=0.0,border=,flags=9,maximumSize=,minimumSize=,preferredSize=]
2025-12-15 19:58:32,869 [INFO] NvicIntPanel:101 - NVIC parent = com.st.microxplorer.plugins.ip.nvic.MultiNvicIntPanel[,0,0,0x0,invalid,layout=javax.swing.BoxLayout,alignmentX=0.0,alignmentY=0.0,border=,flags=9,maximumSize=,minimumSize=,preferredSize=]
2025-12-15 19:58:50,318 [INFO] WebApp:194 - Connection lost
2025-12-15 19:58:50,549 [INFO] WebApp:191 - Connection restablished
2025-12-15 20:00:28,437 [INFO] NvicIntPanel:101 - NVIC parent = com.st.microxplorer.plugins.ip.nvic.MultiNvicIntPanel[,0,0,0x0,invalid,layout=javax.swing.BoxLayout,alignmentX=0.0,alignmentY=0.0,border=,flags=9,maximumSize=,minimumSize=,preferredSize=]
2025-12-15 20:00:42,354 [INFO] NvicIntPanel:101 - NVIC parent = com.st.microxplorer.plugins.ip.nvic.MultiNvicIntPanel[,0,0,0x0,invalid,layout=javax.swing.BoxLayout,alignmentX=0.0,alignmentY=0.0,border=,flags=9,maximumSize=,minimumSize=,preferredSize=]
2025-12-15 20:01:55,810 [INFO] WebApp:194 - Connection lost
2025-12-15 20:01:56,036 [INFO] WebApp:191 - Connection restablished
2025-12-15 20:05:00,319 [INFO] WebApp:194 - Connection lost
2025-12-15 20:05:00,536 [INFO] WebApp:191 - Connection restablished
2025-12-15 20:06:38,504 [INFO] NvicIntPanel:101 - NVIC parent = com.st.microxplorer.plugins.ip.nvic.MultiNvicIntPanel[,0,0,0x0,invalid,layout=javax.swing.BoxLayout,alignmentX=0.0,alignmentY=0.0,border=,flags=9,maximumSize=,minimumSize=,preferredSize=]
2025-12-15 20:08:06,334 [INFO] WebApp:194 - Connection lost
2025-12-15 20:08:06,558 [INFO] WebApp:191 - Connection restablished
2025-12-15 20:11:53,161 [ERROR] LogicalParser:560 - LogicalParser wrong expression ((2=1)|(2=2)|(2=3)|(2=4)|(2=5)|(2=8)|(2=20))&(0|0)
2025-12-15 20:11:53,229 [ERROR] LogicalParser:568 - LogicalParser: syntax error detected in expression for TIM2
original expression:
((2=1)|(2=2)|(2=3)|(2=4)|(2=5)|(2=8)|(2=20))&(Semaphore_PulseOnCompare_CH3_TIM2|Semaphore_PulseOnCompare_CH4_TIM2)
parser evaluation:
((2=1)|(2=2)|(2=3)|(2=4)|(2=5)|(2=8)|(2=20))&(0|0)
2025-12-15 20:12:04,080 [INFO] UtilMem:75 - End SaveConfig() Used Memory: 712834248 Bytes (1073741824)
2025-12-15 20:12:08,101 [INFO] UtilMem:75 - End SaveConfig() Used Memory: 869357768 Bytes (1073741824)
2025-12-15 20:12:10,410 [INFO] UtilMem:75 - End SaveConfig() Used Memory: 728059664 Bytes (1073741824)
2025-12-15 20:12:11,217 [INFO] BlockDiagram:2775 - set Specific Code input for plugin: TIM6_7G4
2025-12-15 20:12:11,218 [INFO] BlockDiagram:2775 - set Specific Code input for plugin: TIM1_8G4
2025-12-15 20:12:11,218 [INFO] BlockDiagram:2775 - set Specific Code input for plugin: TIM1_8G4
2025-12-15 20:12:11,218 [INFO] BlockDiagram:2775 - set Specific Code input for plugin: TIM1_8G4
2025-12-15 20:12:11,218 [INFO] BlockDiagram:2775 - set Specific Code input for plugin: SYS
2025-12-15 20:12:11,218 [INFO] BlockDiagram:2775 - set Specific Code input for plugin: ADC
2025-12-15 20:12:11,218 [INFO] BlockDiagram:2775 - set Specific Code input for plugin: RCC
2025-12-15 20:12:11,218 [INFO] BlockDiagram:2775 - set Specific Code input for plugin: NVIC
2025-12-15 20:12:11,218 [INFO] BlockDiagram:2775 - set Specific Code input for plugin: USART
2025-12-15 20:12:11,218 [INFO] BlockDiagram:2775 - set Specific Code input for plugin: DMA
2025-12-15 20:12:11,219 [INFO] BlockDiagram:2775 - set Specific Code input for plugin: GPIO
2025-12-15 20:12:11,222 [INFO] CodeGenerator:892 - code generatio: config db path: C:\ST\STM32CubeIDE_1.19.0\STM32CubeIDE\plugins\com.st.stm32cube.common.mx_6.15.0.202507011659\\db\
2025-12-15 20:12:11,522 [INFO] CodeEngine:265 - oldGeneratedFile, C:\STM32_projekti\STM32G491-FOC_Motor_Control\STM32G491-FOC_Motor_Control\PWM_output\MXTmpFiles\license.tmp_save
2025-12-15 20:12:12,018 [INFO] CodeEngine:289 - Generated code: C:\STM32_projekti\STM32G491-FOC_Motor_Control\STM32G491-FOC_Motor_Control\PWM_output\MXTmpFiles\license.tmp
2025-12-15 20:12:12,247 [INFO] CodeEngine:265 - oldGeneratedFile, C:\STM32_projekti\STM32G491-FOC_Motor_Control\STM32G491-FOC_Motor_Control\PWM_output\MXTmpFiles\gpio.tmp_save
2025-12-15 20:12:12,450 [INFO] CodeEngine:289 - Generated code: C:\STM32_projekti\STM32G491-FOC_Motor_Control\STM32G491-FOC_Motor_Control\PWM_output\MXTmpFiles\gpio.tmp
2025-12-15 20:12:13,522 [INFO] CodeEngine:265 - oldGeneratedFile, C:\STM32_projekti\STM32G491-FOC_Motor_Control\STM32G491-FOC_Motor_Control\PWM_output\MXTmpFiles\dma.tmp_save
2025-12-15 20:12:13,714 [INFO] CodeEngine:289 - Generated code: C:\STM32_projekti\STM32G491-FOC_Motor_Control\STM32G491-FOC_Motor_Control\PWM_output\MXTmpFiles\dma.tmp
2025-12-15 20:12:13,722 [INFO] CodeEngine:265 - oldGeneratedFile, C:\STM32_projekti\STM32G491-FOC_Motor_Control\STM32G491-FOC_Motor_Control\PWM_output\MXTmpFiles\dma_GV.tmp_save
2025-12-15 20:12:13,871 [INFO] CodeEngine:289 - Generated code: C:\STM32_projekti\STM32G491-FOC_Motor_Control\STM32G491-FOC_Motor_Control\PWM_output\MXTmpFiles\dma_GV.tmp
2025-12-15 20:12:13,916 [INFO] CodeEngine:265 - oldGeneratedFile, C:\STM32_projekti\STM32G491-FOC_Motor_Control\STM32G491-FOC_Motor_Control\PWM_output\Core\Src\stm32g4xx_it.c_save
2025-12-15 20:12:14,150 [INFO] CodeEngine:289 - Generated code: C:\STM32_projekti\STM32G491-FOC_Motor_Control\STM32G491-FOC_Motor_Control\PWM_output\Core\Src\stm32g4xx_it.c
2025-12-15 20:12:14,167 [INFO] CodeEngine:265 - oldGeneratedFile, C:\STM32_projekti\STM32G491-FOC_Motor_Control\STM32G491-FOC_Motor_Control\PWM_output\Core\Inc\stm32g4xx_it.h_save
2025-12-15 20:12:14,319 [INFO] CodeEngine:289 - Generated code: C:\STM32_projekti\STM32G491-FOC_Motor_Control\STM32G491-FOC_Motor_Control\PWM_output\Core\Inc\stm32g4xx_it.h
2025-12-15 20:12:14,361 [INFO] CodeEngine:265 - oldGeneratedFile, C:\STM32_projekti\STM32G491-FOC_Motor_Control\STM32G491-FOC_Motor_Control\PWM_output\Core\Src\stm32g4xx_hal_msp.c_save
2025-12-15 20:12:14,590 [INFO] CodeEngine:289 - Generated code: C:\STM32_projekti\STM32G491-FOC_Motor_Control\STM32G491-FOC_Motor_Control\PWM_output\Core\Src\stm32g4xx_hal_msp.c
2025-12-15 20:12:14,599 [INFO] CodeEngine:265 - oldGeneratedFile, C:\STM32_projekti\STM32G491-FOC_Motor_Control\STM32G491-FOC_Motor_Control\PWM_output\MXTmpFiles\system.tmp_save
2025-12-15 20:12:14,687 [INFO] CodeEngine:289 - Generated code: C:\STM32_projekti\STM32G491-FOC_Motor_Control\STM32G491-FOC_Motor_Control\PWM_output\MXTmpFiles\system.tmp
2025-12-15 20:12:14,705 [INFO] CodeEngine:321 - oldGeneratedFile, C:\STM32_projekti\STM32G491-FOC_Motor_Control\STM32G491-FOC_Motor_Control\PWM_output\Core\Inc\stm32g4xx_hal_conf.h_save
2025-12-15 20:12:14,797 [INFO] CodeEngine:345 - Generated code: C:\STM32_projekti\STM32G491-FOC_Motor_Control\STM32G491-FOC_Motor_Control\PWM_output\Core\Inc\stm32g4xx_hal_conf.h
2025-12-15 20:12:14,827 [WARN] IPConfigManager:3238 - Warning: the RefConfig RCC_CommonPeriphClockConfig is not available in your config.xml file
2025-12-15 20:12:14,838 [INFO] ApiDbMcu:532 - Load IP Config File for ADC1
2025-12-15 20:12:14,867 [INFO] ApiDbMcu:532 - Load IP Config File for TIM1
2025-12-15 20:12:14,893 [INFO] ApiDbMcu:532 - Load IP Config File for TIM2
2025-12-15 20:12:14,916 [INFO] ApiDbMcu:532 - Load IP Config File for TIM3
2025-12-15 20:12:14,940 [INFO] ApiDbMcu:532 - Load IP Config File for TIM7
2025-12-15 20:12:14,954 [INFO] ApiDbMcu:532 - Load IP Config File for USART2
2025-12-15 20:12:14,958 [INFO] ApiDbMcu:532 - Load IP Config File for RCC
2025-12-15 20:12:14,962 [WARN] IPConfigManager:3811 - IP not found : TIM
2025-12-15 20:12:14,963 [WARN] CodeGenerator:4259 - IP not found : null
2025-12-15 20:12:14,976 [INFO] CodeEngine:265 - oldGeneratedFile, C:\STM32_projekti\STM32G491-FOC_Motor_Control\STM32G491-FOC_Motor_Control\PWM_output\Core\Inc\main.h_save
2025-12-15 20:12:15,083 [INFO] CodeEngine:289 - Generated code: C:\STM32_projekti\STM32G491-FOC_Motor_Control\STM32G491-FOC_Motor_Control\PWM_output\Core\Inc\main.h
2025-12-15 20:12:15,093 [INFO] CodeEngine:265 - oldGeneratedFile, C:\STM32_projekti\STM32G491-FOC_Motor_Control\STM32G491-FOC_Motor_Control\PWM_output\Core\Src\main.c_save
2025-12-15 20:12:15,328 [INFO] CodeEngine:289 - Generated code: C:\STM32_projekti\STM32G491-FOC_Motor_Control\STM32G491-FOC_Motor_Control\PWM_output\Core\Src\main.c
2025-12-15 20:12:15,831 [INFO] ProjectBuilder:3606 - Time for Copy HAL[1] : 214mS.
2025-12-15 20:12:15,838 [INFO] ProjectBuilder:5216 - Project Generator version: 4.7.0-B52
2025-12-15 20:12:15,952 [INFO] ConfigFileManager:1595 - The Die is : DIE479
2025-12-15 20:12:15,971 [INFO] ApiDbMcu:532 - Load IP Config File for FATFS
2025-12-15 20:12:15,980 [INFO] ApiDbMcu:532 - Load IP Config File for FREERTOS
2025-12-15 20:12:15,988 [INFO] ApiDbMcu:532 - Load IP Config File for USBPD
2025-12-15 20:12:16,001 [INFO] ApiDbMcu:532 - Load IP Config File for USB_DEVICE
2025-12-15 20:12:16,464 [INFO] LogOutputStream:77 - [STDOUT_REDIRECT] 
2025-12-15 20:12:18,411 [INFO] ProjectBuilder:5496 - Time for Generating toolchain IDE Files: 2572mS.
2025-12-15 20:12:18,412 [INFO] ProjectBuilder:3463 - Time for Copy CMSIS : 1mS.
2025-12-15 20:12:18,418 [INFO] ProjectBuilder:3463 - Time for Copy CMSIS : 0mS.
2025-12-15 20:18:37,628 [INFO] NvicIntPanel:101 - NVIC parent = com.st.microxplorer.plugins.ip.nvic.MultiNvicIntPanel[,0,0,0x0,invalid,layout=javax.swing.BoxLayout,alignmentX=0.0,alignmentY=0.0,border=,flags=9,maximumSize=,minimumSize=,preferredSize=]
2025-12-15 20:18:54,345 [INFO] NvicIntPanel:101 - NVIC parent = com.st.microxplorer.plugins.ip.nvic.MultiNvicIntPanel[,0,0,0x0,invalid,layout=javax.swing.BoxLayout,alignmentX=0.0,alignmentY=0.0,border=,flags=9,maximumSize=,minimumSize=,preferredSize=]
2025-12-15 20:37:32,312 [INFO] NvicIntPanel:101 - NVIC parent = com.st.microxplorer.plugins.ip.nvic.MultiNvicIntPanel[,0,0,0x0,invalid,layout=javax.swing.BoxLayout,alignmentX=0.0,alignmentY=0.0,border=,flags=9,maximumSize=,minimumSize=,preferredSize=]
2025-12-15 20:37:56,932 [INFO] NvicIntPanel:101 - NVIC parent = com.st.microxplorer.plugins.ip.nvic.MultiNvicIntPanel[,0,0,0x0,invalid,layout=javax.swing.BoxLayout,alignmentX=0.0,alignmentY=0.0,border=,flags=9,maximumSize=,minimumSize=,preferredSize=]
2025-12-15 20:38:00,548 [INFO] NvicIntPanel:101 - NVIC parent = com.st.microxplorer.plugins.ip.nvic.MultiNvicIntPanel[,0,0,0x0,invalid,layout=javax.swing.BoxLayout,alignmentX=0.0,alignmentY=0.0,border=,flags=9,maximumSize=,minimumSize=,preferredSize=]
2025-12-15 20:38:06,029 [INFO] NvicIntPanel:101 - NVIC parent = com.st.microxplorer.plugins.ip.nvic.MultiNvicIntPanel[,0,0,0x0,invalid,layout=javax.swing.BoxLayout,alignmentX=0.0,alignmentY=0.0,border=,flags=9,maximumSize=,minimumSize=,preferredSize=]
2025-12-15 20:43:08,933 [INFO] NvicIntPanel:101 - NVIC parent = com.st.microxplorer.plugins.ip.nvic.MultiNvicIntPanel[,0,0,0x0,invalid,layout=javax.swing.BoxLayout,alignmentX=0.0,alignmentY=0.0,border=,flags=9,maximumSize=,minimumSize=,preferredSize=]
2025-12-15 20:44:31,673 [INFO] UtilMem:75 - End SaveConfig() Used Memory: 785978552 Bytes (1073741824)
2025-12-15 20:44:33,004 [INFO] UtilMem:75 - End SaveConfig() Used Memory: 816387256 Bytes (1073741824)
2025-12-15 20:44:34,141 [INFO] UtilMem:75 - End SaveConfig() Used Memory: 950082744 Bytes (1073741824)
2025-12-15 20:44:35,117 [INFO] BlockDiagram:2775 - set Specific Code input for plugin: TIM6_7G4
2025-12-15 20:44:35,119 [INFO] BlockDiagram:2775 - set Specific Code input for plugin: TIM1_8G4
2025-12-15 20:44:35,119 [INFO] BlockDiagram:2775 - set Specific Code input for plugin: TIM1_8G4
2025-12-15 20:44:35,119 [INFO] BlockDiagram:2775 - set Specific Code input for plugin: TIM1_8G4
2025-12-15 20:44:35,119 [INFO] BlockDiagram:2775 - set Specific Code input for plugin: SYS
2025-12-15 20:44:35,119 [INFO] BlockDiagram:2775 - set Specific Code input for plugin: ADC
2025-12-15 20:44:35,119 [INFO] BlockDiagram:2775 - set Specific Code input for plugin: RCC
2025-12-15 20:44:35,120 [INFO] BlockDiagram:2775 - set Specific Code input for plugin: NVIC
2025-12-15 20:44:35,120 [INFO] BlockDiagram:2775 - set Specific Code input for plugin: USART
2025-12-15 20:44:35,120 [INFO] BlockDiagram:2775 - set Specific Code input for plugin: DMA
2025-12-15 20:44:35,121 [INFO] BlockDiagram:2775 - set Specific Code input for plugin: GPIO
2025-12-15 20:44:35,122 [INFO] CodeGenerator:892 - code generatio: config db path: C:\ST\STM32CubeIDE_1.19.0\STM32CubeIDE\plugins\com.st.stm32cube.common.mx_6.15.0.202507011659\\db\
2025-12-15 20:44:35,138 [INFO] Argument:325 - Argument : hdmavalue: null
2025-12-15 20:44:35,138 [INFO] Argument:327 - 	 sub Args: 
2025-12-15 20:44:35,138 [INFO] Argument:325 - Argument : Instancevalue: DMA1_Channel1
2025-12-15 20:44:35,138 [INFO] Argument:335 - Argument : Instancevalue: DMA1_Channel1
2025-12-15 20:44:35,138 [INFO] Argument:325 - Argument : Initvalue: null
2025-12-15 20:44:35,138 [INFO] Argument:327 - 	 sub Args: 
2025-12-15 20:44:35,138 [INFO] Argument:325 - Argument : Requestvalue: DMA_REQUEST_ADC1
2025-12-15 20:44:35,138 [INFO] Argument:335 - Argument : Requestvalue: DMA_REQUEST_ADC1
2025-12-15 20:44:35,138 [INFO] Argument:325 - Argument : Directionvalue: DMA_PERIPH_TO_MEMORY
2025-12-15 20:44:35,139 [INFO] Argument:335 - Argument : Directionvalue: DMA_PERIPH_TO_MEMORY
2025-12-15 20:44:35,139 [INFO] Argument:325 - Argument : PeriphIncvalue: DMA_PINC_DISABLE
2025-12-15 20:44:35,139 [INFO] Argument:335 - Argument : PeriphIncvalue: DMA_PINC_DISABLE
2025-12-15 20:44:35,139 [INFO] Argument:325 - Argument : MemIncvalue: DMA_MINC_ENABLE
2025-12-15 20:44:35,139 [INFO] Argument:335 - Argument : MemIncvalue: DMA_MINC_ENABLE
2025-12-15 20:44:35,139 [INFO] Argument:325 - Argument : PeriphDataAlignmentvalue: DMA_PDATAALIGN_HALFWORD
2025-12-15 20:44:35,139 [INFO] Argument:335 - Argument : PeriphDataAlignmentvalue: DMA_PDATAALIGN_HALFWORD
2025-12-15 20:44:35,139 [INFO] Argument:325 - Argument : MemDataAlignmentvalue: DMA_MDATAALIGN_WORD
2025-12-15 20:44:35,139 [INFO] Argument:335 - Argument : MemDataAlignmentvalue: DMA_MDATAALIGN_WORD
2025-12-15 20:44:35,139 [INFO] Argument:325 - Argument : Modevalue: DMA_CIRCULAR
2025-12-15 20:44:35,139 [INFO] Argument:335 - Argument : Modevalue: DMA_CIRCULAR
2025-12-15 20:44:35,139 [INFO] Argument:325 - Argument : Priorityvalue: DMA_PRIORITY_LOW
2025-12-15 20:44:35,139 [INFO] Argument:335 - Argument : Priorityvalue: DMA_PRIORITY_LOW
2025-12-15 20:44:35,140 [INFO] Argument:325 - Argument : Lockvalue: null
2025-12-15 20:44:35,140 [INFO] Argument:335 - Argument : Lockvalue: null
2025-12-15 20:44:35,140 [INFO] Argument:325 - Argument : Statevalue: null
2025-12-15 20:44:35,140 [INFO] Argument:335 - Argument : Statevalue: null
2025-12-15 20:44:35,140 [INFO] Argument:325 - Argument : Parentvalue: null
2025-12-15 20:44:35,140 [INFO] Argument:335 - Argument : Parentvalue: null
2025-12-15 20:44:35,140 [INFO] Argument:325 - Argument : XferCpltCallbackvalue: null
2025-12-15 20:44:35,140 [INFO] Argument:335 - Argument : XferCpltCallbackvalue: null
2025-12-15 20:44:35,140 [INFO] Argument:325 - Argument : XferHalfCpltCallbackvalue: null
2025-12-15 20:44:35,140 [INFO] Argument:335 - Argument : XferHalfCpltCallbackvalue: null
2025-12-15 20:44:35,140 [INFO] Argument:325 - Argument : XferErrorCallbackvalue: null
2025-12-15 20:44:35,140 [INFO] Argument:335 - Argument : XferErrorCallbackvalue: null
2025-12-15 20:44:35,140 [INFO] Argument:325 - Argument : XferAbortCallbackvalue: null
2025-12-15 20:44:35,140 [INFO] Argument:335 - Argument : XferAbortCallbackvalue: null
2025-12-15 20:44:35,141 [INFO] Argument:325 - Argument : ErrorCodevalue: null
2025-12-15 20:44:35,141 [INFO] Argument:335 - Argument : ErrorCodevalue: null
2025-12-15 20:44:35,141 [INFO] Argument:325 - Argument : ChannelIndexvalue: null
2025-12-15 20:44:35,141 [INFO] Argument:335 - Argument : ChannelIndexvalue: null
2025-12-15 20:44:35,141 [INFO] Argument:325 - Argument : DMAmuxChannelvalue: null
2025-12-15 20:44:35,141 [INFO] Argument:335 - Argument : DMAmuxChannelvalue: null
2025-12-15 20:44:35,141 [INFO] Argument:325 - Argument : DMAmuxChannelStatusvalue: null
2025-12-15 20:44:35,141 [INFO] Argument:335 - Argument : DMAmuxChannelStatusvalue: null
2025-12-15 20:44:35,141 [INFO] Argument:325 - Argument : DMAmuxChannelStatusMaskvalue: null
2025-12-15 20:44:35,141 [INFO] Argument:335 - Argument : DMAmuxChannelStatusMaskvalue: null
2025-12-15 20:44:35,142 [INFO] Argument:325 - Argument : DMAmuxRequestGenvalue: null
2025-12-15 20:44:35,142 [INFO] Argument:335 - Argument : DMAmuxRequestGenvalue: null
2025-12-15 20:44:35,142 [INFO] Argument:325 - Argument : DMAmuxRequestGenStatusvalue: null
2025-12-15 20:44:35,142 [INFO] Argument:335 - Argument : DMAmuxRequestGenStatusvalue: null
2025-12-15 20:44:35,142 [INFO] Argument:325 - Argument : DMAmuxRequestGenStatusMaskvalue: null
2025-12-15 20:44:35,142 [INFO] Argument:335 - Argument : DMAmuxRequestGenStatusMaskvalue: null
2025-12-15 20:44:35,354 [INFO] CodeEngine:265 - oldGeneratedFile, C:\STM32_projekti\STM32G491-FOC_Motor_Control\STM32G491-FOC_Motor_Control\PWM_output\MXTmpFiles\license.tmp_save
2025-12-15 20:44:35,691 [INFO] CodeEngine:289 - Generated code: C:\STM32_projekti\STM32G491-FOC_Motor_Control\STM32G491-FOC_Motor_Control\PWM_output\MXTmpFiles\license.tmp
2025-12-15 20:44:35,821 [INFO] CodeEngine:265 - oldGeneratedFile, C:\STM32_projekti\STM32G491-FOC_Motor_Control\STM32G491-FOC_Motor_Control\PWM_output\MXTmpFiles\gpio.tmp_save
2025-12-15 20:44:35,942 [INFO] CodeEngine:289 - Generated code: C:\STM32_projekti\STM32G491-FOC_Motor_Control\STM32G491-FOC_Motor_Control\PWM_output\MXTmpFiles\gpio.tmp
2025-12-15 20:44:36,825 [INFO] CodeEngine:265 - oldGeneratedFile, C:\STM32_projekti\STM32G491-FOC_Motor_Control\STM32G491-FOC_Motor_Control\PWM_output\MXTmpFiles\dma.tmp_save
2025-12-15 20:44:36,902 [INFO] CodeEngine:289 - Generated code: C:\STM32_projekti\STM32G491-FOC_Motor_Control\STM32G491-FOC_Motor_Control\PWM_output\MXTmpFiles\dma.tmp
2025-12-15 20:44:36,908 [INFO] CodeEngine:265 - oldGeneratedFile, C:\STM32_projekti\STM32G491-FOC_Motor_Control\STM32G491-FOC_Motor_Control\PWM_output\MXTmpFiles\dma_GV.tmp_save
2025-12-15 20:44:36,988 [INFO] CodeEngine:289 - Generated code: C:\STM32_projekti\STM32G491-FOC_Motor_Control\STM32G491-FOC_Motor_Control\PWM_output\MXTmpFiles\dma_GV.tmp
2025-12-15 20:44:37,016 [INFO] CodeEngine:265 - oldGeneratedFile, C:\STM32_projekti\STM32G491-FOC_Motor_Control\STM32G491-FOC_Motor_Control\PWM_output\Core\Src\stm32g4xx_it.c_save
2025-12-15 20:44:37,353 [INFO] CodeEngine:289 - Generated code: C:\STM32_projekti\STM32G491-FOC_Motor_Control\STM32G491-FOC_Motor_Control\PWM_output\Core\Src\stm32g4xx_it.c
2025-12-15 20:44:37,366 [INFO] CodeEngine:265 - oldGeneratedFile, C:\STM32_projekti\STM32G491-FOC_Motor_Control\STM32G491-FOC_Motor_Control\PWM_output\Core\Inc\stm32g4xx_it.h_save
2025-12-15 20:44:37,481 [INFO] CodeEngine:289 - Generated code: C:\STM32_projekti\STM32G491-FOC_Motor_Control\STM32G491-FOC_Motor_Control\PWM_output\Core\Inc\stm32g4xx_it.h
2025-12-15 20:44:37,514 [INFO] CodeEngine:265 - oldGeneratedFile, C:\STM32_projekti\STM32G491-FOC_Motor_Control\STM32G491-FOC_Motor_Control\PWM_output\Core\Src\stm32g4xx_hal_msp.c_save
2025-12-15 20:44:37,804 [INFO] CodeEngine:289 - Generated code: C:\STM32_projekti\STM32G491-FOC_Motor_Control\STM32G491-FOC_Motor_Control\PWM_output\Core\Src\stm32g4xx_hal_msp.c
2025-12-15 20:44:37,813 [INFO] CodeEngine:265 - oldGeneratedFile, C:\STM32_projekti\STM32G491-FOC_Motor_Control\STM32G491-FOC_Motor_Control\PWM_output\MXTmpFiles\system.tmp_save
2025-12-15 20:44:37,918 [INFO] CodeEngine:289 - Generated code: C:\STM32_projekti\STM32G491-FOC_Motor_Control\STM32G491-FOC_Motor_Control\PWM_output\MXTmpFiles\system.tmp
2025-12-15 20:44:37,938 [INFO] CodeEngine:321 - oldGeneratedFile, C:\STM32_projekti\STM32G491-FOC_Motor_Control\STM32G491-FOC_Motor_Control\PWM_output\Core\Inc\stm32g4xx_hal_conf.h_save
2025-12-15 20:44:38,055 [INFO] CodeEngine:345 - Generated code: C:\STM32_projekti\STM32G491-FOC_Motor_Control\STM32G491-FOC_Motor_Control\PWM_output\Core\Inc\stm32g4xx_hal_conf.h
2025-12-15 20:44:38,086 [WARN] IPConfigManager:3238 - Warning: the RefConfig RCC_CommonPeriphClockConfig is not available in your config.xml file
2025-12-15 20:44:38,091 [WARN] IPConfigManager:3811 - IP not found : TIM
2025-12-15 20:44:38,092 [WARN] CodeGenerator:4259 - IP not found : null
2025-12-15 20:44:38,106 [INFO] CodeEngine:265 - oldGeneratedFile, C:\STM32_projekti\STM32G491-FOC_Motor_Control\STM32G491-FOC_Motor_Control\PWM_output\Core\Inc\main.h_save
2025-12-15 20:44:38,328 [INFO] CodeEngine:289 - Generated code: C:\STM32_projekti\STM32G491-FOC_Motor_Control\STM32G491-FOC_Motor_Control\PWM_output\Core\Inc\main.h
2025-12-15 20:44:38,339 [INFO] CodeEngine:265 - oldGeneratedFile, C:\STM32_projekti\STM32G491-FOC_Motor_Control\STM32G491-FOC_Motor_Control\PWM_output\Core\Src\main.c_save
2025-12-15 20:44:38,541 [INFO] CodeEngine:289 - Generated code: C:\STM32_projekti\STM32G491-FOC_Motor_Control\STM32G491-FOC_Motor_Control\PWM_output\Core\Src\main.c
2025-12-15 20:44:38,961 [INFO] ProjectBuilder:3606 - Time for Copy HAL[1] : 222mS.
2025-12-15 20:44:38,966 [INFO] ProjectBuilder:5216 - Project Generator version: 4.7.0-B52
2025-12-15 20:44:39,054 [INFO] ConfigFileManager:1595 - The Die is : DIE479
2025-12-15 20:44:40,964 [INFO] ProjectBuilder:5496 - Time for Generating toolchain IDE Files: 1998mS.
2025-12-15 20:44:40,966 [INFO] ProjectBuilder:3463 - Time for Copy CMSIS : 1mS.
2025-12-15 20:44:40,972 [INFO] ProjectBuilder:3463 - Time for Copy CMSIS : 0mS.
2025-12-15 20:44:43,238 [INFO] NvicIntPanel:101 - NVIC parent = com.st.microxplorer.plugins.ip.nvic.MultiNvicIntPanel[,0,0,0x0,invalid,layout=javax.swing.BoxLayout,alignmentX=0.0,alignmentY=0.0,border=,flags=9,maximumSize=,minimumSize=,preferredSize=]
2025-12-15 20:46:04,346 [INFO] NvicIntPanel:101 - NVIC parent = com.st.microxplorer.plugins.ip.nvic.MultiNvicIntPanel[,0,0,0x0,invalid,layout=javax.swing.BoxLayout,alignmentX=0.0,alignmentY=0.0,border=,flags=9,maximumSize=,minimumSize=,preferredSize=]
2025-12-15 20:46:07,106 [INFO] NvicIntPanel:101 - NVIC parent = com.st.microxplorer.plugins.ip.nvic.MultiNvicIntPanel[,0,0,0x0,invalid,layout=javax.swing.BoxLayout,alignmentX=0.0,alignmentY=0.0,border=,flags=9,maximumSize=,minimumSize=,preferredSize=]
2025-12-15 21:27:07,618 [INFO] NvicIntPanel:101 - NVIC parent = com.st.microxplorer.plugins.ip.nvic.MultiNvicIntPanel[,0,0,0x0,invalid,layout=javax.swing.BoxLayout,alignmentX=0.0,alignmentY=0.0,border=,flags=9,maximumSize=,minimumSize=,preferredSize=]
2025-12-15 21:27:29,171 [INFO] NvicIntPanel:101 - NVIC parent = com.st.microxplorer.plugins.ip.nvic.MultiNvicIntPanel[,0,0,0x0,invalid,layout=javax.swing.BoxLayout,alignmentX=0.0,alignmentY=0.0,border=,flags=9,maximumSize=,minimumSize=,preferredSize=]
2025-12-15 21:29:38,656 [INFO] UtilMem:75 - End SaveConfig() Used Memory: 835512232 Bytes (1073741824)
2025-12-15 21:29:40,018 [INFO] UtilMem:75 - End SaveConfig() Used Memory: 865398696 Bytes (1073741824)
2025-12-15 21:29:40,935 [INFO] UtilMem:75 - End SaveConfig() Used Memory: 994395864 Bytes (1073741824)
2025-12-15 21:29:41,444 [INFO] BlockDiagram:2775 - set Specific Code input for plugin: TIM6_7G4
2025-12-15 21:29:41,444 [INFO] BlockDiagram:2775 - set Specific Code input for plugin: TIM1_8G4
2025-12-15 21:29:41,444 [INFO] BlockDiagram:2775 - set Specific Code input for plugin: TIM1_8G4
2025-12-15 21:29:41,444 [INFO] BlockDiagram:2775 - set Specific Code input for plugin: TIM1_8G4
2025-12-15 21:29:41,444 [INFO] BlockDiagram:2775 - set Specific Code input for plugin: SYS
2025-12-15 21:29:41,445 [INFO] BlockDiagram:2775 - set Specific Code input for plugin: ADC
2025-12-15 21:29:41,445 [INFO] BlockDiagram:2775 - set Specific Code input for plugin: RCC
2025-12-15 21:29:41,445 [INFO] BlockDiagram:2775 - set Specific Code input for plugin: NVIC
2025-12-15 21:29:41,445 [INFO] BlockDiagram:2775 - set Specific Code input for plugin: USART
2025-12-15 21:29:41,445 [INFO] BlockDiagram:2775 - set Specific Code input for plugin: DMA
2025-12-15 21:29:41,445 [INFO] BlockDiagram:2775 - set Specific Code input for plugin: GPIO
2025-12-15 21:29:41,446 [INFO] CodeGenerator:892 - code generatio: config db path: C:\ST\STM32CubeIDE_1.19.0\STM32CubeIDE\plugins\com.st.stm32cube.common.mx_6.15.0.202507011659\\db\
2025-12-15 21:29:41,461 [INFO] Argument:325 - Argument : hdmavalue: null
2025-12-15 21:29:41,462 [INFO] Argument:327 - 	 sub Args: 
2025-12-15 21:29:41,462 [INFO] Argument:325 - Argument : Instancevalue: DMA1_Channel1
2025-12-15 21:29:41,462 [INFO] Argument:335 - Argument : Instancevalue: DMA1_Channel1
2025-12-15 21:29:41,462 [INFO] Argument:325 - Argument : Initvalue: null
2025-12-15 21:29:41,462 [INFO] Argument:327 - 	 sub Args: 
2025-12-15 21:29:41,462 [INFO] Argument:325 - Argument : Requestvalue: DMA_REQUEST_ADC1
2025-12-15 21:29:41,462 [INFO] Argument:335 - Argument : Requestvalue: DMA_REQUEST_ADC1
2025-12-15 21:29:41,462 [INFO] Argument:325 - Argument : Directionvalue: DMA_PERIPH_TO_MEMORY
2025-12-15 21:29:41,463 [INFO] Argument:335 - Argument : Directionvalue: DMA_PERIPH_TO_MEMORY
2025-12-15 21:29:41,466 [INFO] Argument:325 - Argument : PeriphIncvalue: DMA_PINC_DISABLE
2025-12-15 21:29:41,466 [INFO] Argument:335 - Argument : PeriphIncvalue: DMA_PINC_DISABLE
2025-12-15 21:29:41,466 [INFO] Argument:325 - Argument : MemIncvalue: DMA_MINC_ENABLE
2025-12-15 21:29:41,466 [INFO] Argument:335 - Argument : MemIncvalue: DMA_MINC_ENABLE
2025-12-15 21:29:41,466 [INFO] Argument:325 - Argument : PeriphDataAlignmentvalue: DMA_PDATAALIGN_HALFWORD
2025-12-15 21:29:41,466 [INFO] Argument:335 - Argument : PeriphDataAlignmentvalue: DMA_PDATAALIGN_HALFWORD
2025-12-15 21:29:41,466 [INFO] Argument:325 - Argument : MemDataAlignmentvalue: DMA_MDATAALIGN_WORD
2025-12-15 21:29:41,466 [INFO] Argument:335 - Argument : MemDataAlignmentvalue: DMA_MDATAALIGN_WORD
2025-12-15 21:29:41,466 [INFO] Argument:325 - Argument : Modevalue: DMA_CIRCULAR
2025-12-15 21:29:41,466 [INFO] Argument:335 - Argument : Modevalue: DMA_CIRCULAR
2025-12-15 21:29:41,466 [INFO] Argument:325 - Argument : Priorityvalue: DMA_PRIORITY_LOW
2025-12-15 21:29:41,467 [INFO] Argument:335 - Argument : Priorityvalue: DMA_PRIORITY_LOW
2025-12-15 21:29:41,467 [INFO] Argument:325 - Argument : Lockvalue: null
2025-12-15 21:29:41,467 [INFO] Argument:335 - Argument : Lockvalue: null
2025-12-15 21:29:41,467 [INFO] Argument:325 - Argument : Statevalue: null
2025-12-15 21:29:41,467 [INFO] Argument:335 - Argument : Statevalue: null
2025-12-15 21:29:41,467 [INFO] Argument:325 - Argument : Parentvalue: null
2025-12-15 21:29:41,467 [INFO] Argument:335 - Argument : Parentvalue: null
2025-12-15 21:29:41,467 [INFO] Argument:325 - Argument : XferCpltCallbackvalue: null
2025-12-15 21:29:41,467 [INFO] Argument:335 - Argument : XferCpltCallbackvalue: null
2025-12-15 21:29:41,467 [INFO] Argument:325 - Argument : XferHalfCpltCallbackvalue: null
2025-12-15 21:29:41,468 [INFO] Argument:335 - Argument : XferHalfCpltCallbackvalue: null
2025-12-15 21:29:41,468 [INFO] Argument:325 - Argument : XferErrorCallbackvalue: null
2025-12-15 21:29:41,468 [INFO] Argument:335 - Argument : XferErrorCallbackvalue: null
2025-12-15 21:29:41,468 [INFO] Argument:325 - Argument : XferAbortCallbackvalue: null
2025-12-15 21:29:41,468 [INFO] Argument:335 - Argument : XferAbortCallbackvalue: null
2025-12-15 21:29:41,468 [INFO] Argument:325 - Argument : ErrorCodevalue: null
2025-12-15 21:29:41,468 [INFO] Argument:335 - Argument : ErrorCodevalue: null
2025-12-15 21:29:41,468 [INFO] Argument:325 - Argument : ChannelIndexvalue: null
2025-12-15 21:29:41,468 [INFO] Argument:335 - Argument : ChannelIndexvalue: null
2025-12-15 21:29:41,468 [INFO] Argument:325 - Argument : DMAmuxChannelvalue: null
2025-12-15 21:29:41,469 [INFO] Argument:335 - Argument : DMAmuxChannelvalue: null
2025-12-15 21:29:41,469 [INFO] Argument:325 - Argument : DMAmuxChannelStatusvalue: null
2025-12-15 21:29:41,469 [INFO] Argument:335 - Argument : DMAmuxChannelStatusvalue: null
2025-12-15 21:29:41,469 [INFO] Argument:325 - Argument : DMAmuxChannelStatusMaskvalue: null
2025-12-15 21:29:41,469 [INFO] Argument:335 - Argument : DMAmuxChannelStatusMaskvalue: null
2025-12-15 21:29:41,469 [INFO] Argument:325 - Argument : DMAmuxRequestGenvalue: null
2025-12-15 21:29:41,469 [INFO] Argument:335 - Argument : DMAmuxRequestGenvalue: null
2025-12-15 21:29:41,469 [INFO] Argument:325 - Argument : DMAmuxRequestGenStatusvalue: null
2025-12-15 21:29:41,470 [INFO] Argument:335 - Argument : DMAmuxRequestGenStatusvalue: null
2025-12-15 21:29:41,470 [INFO] Argument:325 - Argument : DMAmuxRequestGenStatusMaskvalue: null
2025-12-15 21:29:41,470 [INFO] Argument:335 - Argument : DMAmuxRequestGenStatusMaskvalue: null
2025-12-15 21:29:41,666 [INFO] CodeEngine:265 - oldGeneratedFile, C:\STM32_projekti\STM32G491-FOC_Motor_Control\STM32G491-FOC_Motor_Control\PWM_output\MXTmpFiles\license.tmp_save
2025-12-15 21:29:41,829 [INFO] CodeEngine:289 - Generated code: C:\STM32_projekti\STM32G491-FOC_Motor_Control\STM32G491-FOC_Motor_Control\PWM_output\MXTmpFiles\license.tmp
2025-12-15 21:29:41,963 [INFO] CodeEngine:265 - oldGeneratedFile, C:\STM32_projekti\STM32G491-FOC_Motor_Control\STM32G491-FOC_Motor_Control\PWM_output\MXTmpFiles\gpio.tmp_save
2025-12-15 21:29:42,091 [INFO] CodeEngine:289 - Generated code: C:\STM32_projekti\STM32G491-FOC_Motor_Control\STM32G491-FOC_Motor_Control\PWM_output\MXTmpFiles\gpio.tmp
2025-12-15 21:29:42,769 [INFO] CodeEngine:265 - oldGeneratedFile, C:\STM32_projekti\STM32G491-FOC_Motor_Control\STM32G491-FOC_Motor_Control\PWM_output\MXTmpFiles\dma.tmp_save
2025-12-15 21:29:42,831 [INFO] CodeEngine:289 - Generated code: C:\STM32_projekti\STM32G491-FOC_Motor_Control\STM32G491-FOC_Motor_Control\PWM_output\MXTmpFiles\dma.tmp
2025-12-15 21:29:42,838 [INFO] CodeEngine:265 - oldGeneratedFile, C:\STM32_projekti\STM32G491-FOC_Motor_Control\STM32G491-FOC_Motor_Control\PWM_output\MXTmpFiles\dma_GV.tmp_save
2025-12-15 21:29:42,895 [INFO] CodeEngine:289 - Generated code: C:\STM32_projekti\STM32G491-FOC_Motor_Control\STM32G491-FOC_Motor_Control\PWM_output\MXTmpFiles\dma_GV.tmp
2025-12-15 21:29:42,922 [INFO] CodeEngine:265 - oldGeneratedFile, C:\STM32_projekti\STM32G491-FOC_Motor_Control\STM32G491-FOC_Motor_Control\PWM_output\Core\Src\stm32g4xx_it.c_save
2025-12-15 21:29:43,121 [INFO] CodeEngine:289 - Generated code: C:\STM32_projekti\STM32G491-FOC_Motor_Control\STM32G491-FOC_Motor_Control\PWM_output\Core\Src\stm32g4xx_it.c
2025-12-15 21:29:43,130 [INFO] CodeEngine:265 - oldGeneratedFile, C:\STM32_projekti\STM32G491-FOC_Motor_Control\STM32G491-FOC_Motor_Control\PWM_output\Core\Inc\stm32g4xx_it.h_save
2025-12-15 21:29:43,197 [INFO] CodeEngine:289 - Generated code: C:\STM32_projekti\STM32G491-FOC_Motor_Control\STM32G491-FOC_Motor_Control\PWM_output\Core\Inc\stm32g4xx_it.h
2025-12-15 21:29:43,222 [INFO] CodeEngine:265 - oldGeneratedFile, C:\STM32_projekti\STM32G491-FOC_Motor_Control\STM32G491-FOC_Motor_Control\PWM_output\Core\Src\stm32g4xx_hal_msp.c_save
2025-12-15 21:29:43,340 [INFO] CodeEngine:289 - Generated code: C:\STM32_projekti\STM32G491-FOC_Motor_Control\STM32G491-FOC_Motor_Control\PWM_output\Core\Src\stm32g4xx_hal_msp.c
2025-12-15 21:29:43,347 [INFO] CodeEngine:265 - oldGeneratedFile, C:\STM32_projekti\STM32G491-FOC_Motor_Control\STM32G491-FOC_Motor_Control\PWM_output\MXTmpFiles\system.tmp_save
2025-12-15 21:29:43,405 [INFO] CodeEngine:289 - Generated code: C:\STM32_projekti\STM32G491-FOC_Motor_Control\STM32G491-FOC_Motor_Control\PWM_output\MXTmpFiles\system.tmp
2025-12-15 21:29:43,421 [INFO] CodeEngine:321 - oldGeneratedFile, C:\STM32_projekti\STM32G491-FOC_Motor_Control\STM32G491-FOC_Motor_Control\PWM_output\Core\Inc\stm32g4xx_hal_conf.h_save
2025-12-15 21:29:43,478 [INFO] CodeEngine:345 - Generated code: C:\STM32_projekti\STM32G491-FOC_Motor_Control\STM32G491-FOC_Motor_Control\PWM_output\Core\Inc\stm32g4xx_hal_conf.h
2025-12-15 21:29:43,498 [WARN] IPConfigManager:3238 - Warning: the RefConfig RCC_CommonPeriphClockConfig is not available in your config.xml file
2025-12-15 21:29:43,503 [WARN] IPConfigManager:3811 - IP not found : TIM
2025-12-15 21:29:43,504 [WARN] CodeGenerator:4259 - IP not found : null
2025-12-15 21:29:43,515 [INFO] CodeEngine:265 - oldGeneratedFile, C:\STM32_projekti\STM32G491-FOC_Motor_Control\STM32G491-FOC_Motor_Control\PWM_output\Core\Inc\main.h_save
2025-12-15 21:29:43,595 [INFO] CodeEngine:289 - Generated code: C:\STM32_projekti\STM32G491-FOC_Motor_Control\STM32G491-FOC_Motor_Control\PWM_output\Core\Inc\main.h
2025-12-15 21:29:43,603 [INFO] CodeEngine:265 - oldGeneratedFile, C:\STM32_projekti\STM32G491-FOC_Motor_Control\STM32G491-FOC_Motor_Control\PWM_output\Core\Src\main.c_save
2025-12-15 21:29:43,733 [INFO] CodeEngine:289 - Generated code: C:\STM32_projekti\STM32G491-FOC_Motor_Control\STM32G491-FOC_Motor_Control\PWM_output\Core\Src\main.c
2025-12-15 21:29:44,193 [INFO] ProjectBuilder:3606 - Time for Copy HAL[1] : 222mS.
2025-12-15 21:29:44,198 [INFO] ProjectBuilder:5216 - Project Generator version: 4.7.0-B52
2025-12-15 21:29:44,291 [INFO] ConfigFileManager:1595 - The Die is : DIE479
2025-12-15 21:29:45,792 [INFO] ProjectBuilder:5496 - Time for Generating toolchain IDE Files: 1595mS.
2025-12-15 21:29:45,793 [INFO] ProjectBuilder:3463 - Time for Copy CMSIS : 0mS.
2025-12-15 21:29:45,800 [INFO] ProjectBuilder:3463 - Time for Copy CMSIS : 0mS.
2025-12-15 21:47:10,409 [INFO] NvicIntPanel:101 - NVIC parent = com.st.microxplorer.plugins.ip.nvic.MultiNvicIntPanel[,0,0,528x520,layout=javax.swing.BoxLayout,alignmentX=0.0,alignmentY=0.0,border=,flags=9,maximumSize=,minimumSize=,preferredSize=]
2025-12-15 21:47:11,834 [INFO] NvicIntPanel:101 - NVIC parent = com.st.microxplorer.plugins.ip.nvic.MultiNvicIntPanel[,0,0,0x0,invalid,layout=javax.swing.BoxLayout,alignmentX=0.0,alignmentY=0.0,border=,flags=9,maximumSize=,minimumSize=,preferredSize=]
2025-12-15 21:47:30,164 [INFO] UtilMem:75 - End SaveConfig() Used Memory: 986588280 Bytes (1073741824)
2025-12-15 21:47:31,486 [INFO] UtilMem:75 - End SaveConfig() Used Memory: 809305176 Bytes (1073741824)
2025-12-15 21:47:32,380 [INFO] UtilMem:75 - End SaveConfig() Used Memory: 952960088 Bytes (1073741824)
2025-12-15 21:47:32,967 [INFO] BlockDiagram:2775 - set Specific Code input for plugin: TIM6_7G4
2025-12-15 21:47:32,968 [INFO] BlockDiagram:2775 - set Specific Code input for plugin: TIM1_8G4
2025-12-15 21:47:32,968 [INFO] BlockDiagram:2775 - set Specific Code input for plugin: TIM1_8G4
2025-12-15 21:47:32,968 [INFO] BlockDiagram:2775 - set Specific Code input for plugin: TIM1_8G4
2025-12-15 21:47:32,968 [INFO] BlockDiagram:2775 - set Specific Code input for plugin: SYS
2025-12-15 21:47:32,968 [INFO] BlockDiagram:2775 - set Specific Code input for plugin: ADC
2025-12-15 21:47:32,969 [INFO] BlockDiagram:2775 - set Specific Code input for plugin: RCC
2025-12-15 21:47:32,969 [INFO] BlockDiagram:2775 - set Specific Code input for plugin: NVIC
2025-12-15 21:47:32,969 [INFO] BlockDiagram:2775 - set Specific Code input for plugin: USART
2025-12-15 21:47:32,969 [INFO] BlockDiagram:2775 - set Specific Code input for plugin: DMA
2025-12-15 21:47:32,970 [INFO] BlockDiagram:2775 - set Specific Code input for plugin: GPIO
2025-12-15 21:47:32,972 [INFO] CodeGenerator:892 - code generatio: config db path: C:\ST\STM32CubeIDE_1.19.0\STM32CubeIDE\plugins\com.st.stm32cube.common.mx_6.15.0.202507011659\\db\
2025-12-15 21:47:32,982 [INFO] Argument:325 - Argument : hdmavalue: null
2025-12-15 21:47:32,983 [INFO] Argument:327 - 	 sub Args: 
2025-12-15 21:47:32,983 [INFO] Argument:325 - Argument : Instancevalue: DMA1_Channel1
2025-12-15 21:47:32,983 [INFO] Argument:335 - Argument : Instancevalue: DMA1_Channel1
2025-12-15 21:47:32,983 [INFO] Argument:325 - Argument : Initvalue: null
2025-12-15 21:47:32,983 [INFO] Argument:327 - 	 sub Args: 
2025-12-15 21:47:32,983 [INFO] Argument:325 - Argument : Requestvalue: DMA_REQUEST_ADC1
2025-12-15 21:47:32,983 [INFO] Argument:335 - Argument : Requestvalue: DMA_REQUEST_ADC1
2025-12-15 21:47:32,983 [INFO] Argument:325 - Argument : Directionvalue: DMA_PERIPH_TO_MEMORY
2025-12-15 21:47:32,983 [INFO] Argument:335 - Argument : Directionvalue: DMA_PERIPH_TO_MEMORY
2025-12-15 21:47:32,983 [INFO] Argument:325 - Argument : PeriphIncvalue: DMA_PINC_DISABLE
2025-12-15 21:47:32,983 [INFO] Argument:335 - Argument : PeriphIncvalue: DMA_PINC_DISABLE
2025-12-15 21:47:32,983 [INFO] Argument:325 - Argument : MemIncvalue: DMA_MINC_ENABLE
2025-12-15 21:47:32,984 [INFO] Argument:335 - Argument : MemIncvalue: DMA_MINC_ENABLE
2025-12-15 21:47:32,984 [INFO] Argument:325 - Argument : PeriphDataAlignmentvalue: DMA_PDATAALIGN_HALFWORD
2025-12-15 21:47:32,984 [INFO] Argument:335 - Argument : PeriphDataAlignmentvalue: DMA_PDATAALIGN_HALFWORD
2025-12-15 21:47:32,984 [INFO] Argument:325 - Argument : MemDataAlignmentvalue: DMA_MDATAALIGN_WORD
2025-12-15 21:47:32,984 [INFO] Argument:335 - Argument : MemDataAlignmentvalue: DMA_MDATAALIGN_WORD
2025-12-15 21:47:32,984 [INFO] Argument:325 - Argument : Modevalue: DMA_CIRCULAR
2025-12-15 21:47:32,984 [INFO] Argument:335 - Argument : Modevalue: DMA_CIRCULAR
2025-12-15 21:47:32,984 [INFO] Argument:325 - Argument : Priorityvalue: DMA_PRIORITY_LOW
2025-12-15 21:47:32,984 [INFO] Argument:335 - Argument : Priorityvalue: DMA_PRIORITY_LOW
2025-12-15 21:47:32,984 [INFO] Argument:325 - Argument : Lockvalue: null
2025-12-15 21:47:32,984 [INFO] Argument:335 - Argument : Lockvalue: null
2025-12-15 21:47:32,984 [INFO] Argument:325 - Argument : Statevalue: null
2025-12-15 21:47:32,984 [INFO] Argument:335 - Argument : Statevalue: null
2025-12-15 21:47:32,984 [INFO] Argument:325 - Argument : Parentvalue: null
2025-12-15 21:47:32,984 [INFO] Argument:335 - Argument : Parentvalue: null
2025-12-15 21:47:32,985 [INFO] Argument:325 - Argument : XferCpltCallbackvalue: null
2025-12-15 21:47:32,985 [INFO] Argument:335 - Argument : XferCpltCallbackvalue: null
2025-12-15 21:47:32,985 [INFO] Argument:325 - Argument : XferHalfCpltCallbackvalue: null
2025-12-15 21:47:32,985 [INFO] Argument:335 - Argument : XferHalfCpltCallbackvalue: null
2025-12-15 21:47:32,985 [INFO] Argument:325 - Argument : XferErrorCallbackvalue: null
2025-12-15 21:47:32,985 [INFO] Argument:335 - Argument : XferErrorCallbackvalue: null
2025-12-15 21:47:32,985 [INFO] Argument:325 - Argument : XferAbortCallbackvalue: null
2025-12-15 21:47:32,985 [INFO] Argument:335 - Argument : XferAbortCallbackvalue: null
2025-12-15 21:47:32,985 [INFO] Argument:325 - Argument : ErrorCodevalue: null
2025-12-15 21:47:32,985 [INFO] Argument:335 - Argument : ErrorCodevalue: null
2025-12-15 21:47:32,985 [INFO] Argument:325 - Argument : ChannelIndexvalue: null
2025-12-15 21:47:32,985 [INFO] Argument:335 - Argument : ChannelIndexvalue: null
2025-12-15 21:47:32,985 [INFO] Argument:325 - Argument : DMAmuxChannelvalue: null
2025-12-15 21:47:32,985 [INFO] Argument:335 - Argument : DMAmuxChannelvalue: null
2025-12-15 21:47:32,985 [INFO] Argument:325 - Argument : DMAmuxChannelStatusvalue: null
2025-12-15 21:47:32,986 [INFO] Argument:335 - Argument : DMAmuxChannelStatusvalue: null
2025-12-15 21:47:32,986 [INFO] Argument:325 - Argument : DMAmuxChannelStatusMaskvalue: null
2025-12-15 21:47:32,986 [INFO] Argument:335 - Argument : DMAmuxChannelStatusMaskvalue: null
2025-12-15 21:47:32,986 [INFO] Argument:325 - Argument : DMAmuxRequestGenvalue: null
2025-12-15 21:47:32,986 [INFO] Argument:335 - Argument : DMAmuxRequestGenvalue: null
2025-12-15 21:47:32,986 [INFO] Argument:325 - Argument : DMAmuxRequestGenStatusvalue: null
2025-12-15 21:47:32,986 [INFO] Argument:335 - Argument : DMAmuxRequestGenStatusvalue: null
2025-12-15 21:47:32,986 [INFO] Argument:325 - Argument : DMAmuxRequestGenStatusMaskvalue: null
2025-12-15 21:47:32,986 [INFO] Argument:335 - Argument : DMAmuxRequestGenStatusMaskvalue: null
2025-12-15 21:47:33,145 [INFO] CodeEngine:265 - oldGeneratedFile, C:\STM32_projekti\STM32G491-FOC_Motor_Control\STM32G491-FOC_Motor_Control\PWM_output\MXTmpFiles\license.tmp_save
2025-12-15 21:47:33,457 [INFO] CodeEngine:289 - Generated code: C:\STM32_projekti\STM32G491-FOC_Motor_Control\STM32G491-FOC_Motor_Control\PWM_output\MXTmpFiles\license.tmp
2025-12-15 21:47:33,565 [INFO] CodeEngine:265 - oldGeneratedFile, C:\STM32_projekti\STM32G491-FOC_Motor_Control\STM32G491-FOC_Motor_Control\PWM_output\MXTmpFiles\gpio.tmp_save
2025-12-15 21:47:33,742 [INFO] CodeEngine:289 - Generated code: C:\STM32_projekti\STM32G491-FOC_Motor_Control\STM32G491-FOC_Motor_Control\PWM_output\MXTmpFiles\gpio.tmp
2025-12-15 21:47:35,068 [INFO] CodeEngine:265 - oldGeneratedFile, C:\STM32_projekti\STM32G491-FOC_Motor_Control\STM32G491-FOC_Motor_Control\PWM_output\MXTmpFiles\dma.tmp_save
2025-12-15 21:47:35,285 [INFO] CodeEngine:289 - Generated code: C:\STM32_projekti\STM32G491-FOC_Motor_Control\STM32G491-FOC_Motor_Control\PWM_output\MXTmpFiles\dma.tmp
2025-12-15 21:47:35,293 [INFO] CodeEngine:265 - oldGeneratedFile, C:\STM32_projekti\STM32G491-FOC_Motor_Control\STM32G491-FOC_Motor_Control\PWM_output\MXTmpFiles\dma_GV.tmp_save
2025-12-15 21:47:35,432 [INFO] CodeEngine:289 - Generated code: C:\STM32_projekti\STM32G491-FOC_Motor_Control\STM32G491-FOC_Motor_Control\PWM_output\MXTmpFiles\dma_GV.tmp
2025-12-15 21:47:35,473 [INFO] CodeEngine:265 - oldGeneratedFile, C:\STM32_projekti\STM32G491-FOC_Motor_Control\STM32G491-FOC_Motor_Control\PWM_output\Core\Src\stm32g4xx_it.c_save
2025-12-15 21:47:35,801 [INFO] CodeEngine:289 - Generated code: C:\STM32_projekti\STM32G491-FOC_Motor_Control\STM32G491-FOC_Motor_Control\PWM_output\Core\Src\stm32g4xx_it.c
2025-12-15 21:47:35,810 [INFO] CodeEngine:265 - oldGeneratedFile, C:\STM32_projekti\STM32G491-FOC_Motor_Control\STM32G491-FOC_Motor_Control\PWM_output\Core\Inc\stm32g4xx_it.h_save
2025-12-15 21:47:35,879 [INFO] CodeEngine:289 - Generated code: C:\STM32_projekti\STM32G491-FOC_Motor_Control\STM32G491-FOC_Motor_Control\PWM_output\Core\Inc\stm32g4xx_it.h
2025-12-15 21:47:35,903 [INFO] CodeEngine:265 - oldGeneratedFile, C:\STM32_projekti\STM32G491-FOC_Motor_Control\STM32G491-FOC_Motor_Control\PWM_output\Core\Src\stm32g4xx_hal_msp.c_save
2025-12-15 21:47:36,059 [INFO] CodeEngine:289 - Generated code: C:\STM32_projekti\STM32G491-FOC_Motor_Control\STM32G491-FOC_Motor_Control\PWM_output\Core\Src\stm32g4xx_hal_msp.c
2025-12-15 21:47:36,065 [INFO] CodeEngine:265 - oldGeneratedFile, C:\STM32_projekti\STM32G491-FOC_Motor_Control\STM32G491-FOC_Motor_Control\PWM_output\MXTmpFiles\system.tmp_save
2025-12-15 21:47:36,130 [INFO] CodeEngine:289 - Generated code: C:\STM32_projekti\STM32G491-FOC_Motor_Control\STM32G491-FOC_Motor_Control\PWM_output\MXTmpFiles\system.tmp
2025-12-15 21:47:36,145 [INFO] CodeEngine:321 - oldGeneratedFile, C:\STM32_projekti\STM32G491-FOC_Motor_Control\STM32G491-FOC_Motor_Control\PWM_output\Core\Inc\stm32g4xx_hal_conf.h_save
2025-12-15 21:47:36,222 [INFO] CodeEngine:345 - Generated code: C:\STM32_projekti\STM32G491-FOC_Motor_Control\STM32G491-FOC_Motor_Control\PWM_output\Core\Inc\stm32g4xx_hal_conf.h
2025-12-15 21:47:36,244 [WARN] IPConfigManager:3238 - Warning: the RefConfig RCC_CommonPeriphClockConfig is not available in your config.xml file
2025-12-15 21:47:36,247 [WARN] IPConfigManager:3811 - IP not found : TIM
2025-12-15 21:47:36,248 [WARN] CodeGenerator:4259 - IP not found : null
2025-12-15 21:47:36,259 [INFO] CodeEngine:265 - oldGeneratedFile, C:\STM32_projekti\STM32G491-FOC_Motor_Control\STM32G491-FOC_Motor_Control\PWM_output\Core\Inc\main.h_save
2025-12-15 21:47:36,351 [INFO] CodeEngine:289 - Generated code: C:\STM32_projekti\STM32G491-FOC_Motor_Control\STM32G491-FOC_Motor_Control\PWM_output\Core\Inc\main.h
2025-12-15 21:47:36,361 [INFO] CodeEngine:265 - oldGeneratedFile, C:\STM32_projekti\STM32G491-FOC_Motor_Control\STM32G491-FOC_Motor_Control\PWM_output\Core\Src\main.c_save
2025-12-15 21:47:36,497 [INFO] CodeEngine:289 - Generated code: C:\STM32_projekti\STM32G491-FOC_Motor_Control\STM32G491-FOC_Motor_Control\PWM_output\Core\Src\main.c
2025-12-15 21:47:37,083 [INFO] ProjectBuilder:3606 - Time for Copy HAL[1] : 278mS.
2025-12-15 21:47:37,091 [INFO] ProjectBuilder:5216 - Project Generator version: 4.7.0-B52
2025-12-15 21:47:37,268 [INFO] ConfigFileManager:1595 - The Die is : DIE479
2025-12-15 21:47:38,845 [INFO] ProjectBuilder:5496 - Time for Generating toolchain IDE Files: 1754mS.
2025-12-15 21:47:38,846 [INFO] ProjectBuilder:3463 - Time for Copy CMSIS : 1mS.
2025-12-15 21:47:38,854 [INFO] ProjectBuilder:3463 - Time for Copy CMSIS : 0mS.
2025-12-15 21:48:26,814 [INFO] UtilMem:75 - End SaveConfig() Used Memory: 1005860312 Bytes (1073741824)
2025-12-15 21:48:28,200 [INFO] UtilMem:75 - End SaveConfig() Used Memory: 808841968 Bytes (1073741824)
2025-12-15 21:48:29,356 [INFO] UtilMem:75 - End SaveConfig() Used Memory: 942011120 Bytes (1073741824)
2025-12-15 21:48:30,147 [INFO] BlockDiagram:2775 - set Specific Code input for plugin: TIM1_8G4
2025-12-15 21:48:30,147 [INFO] BlockDiagram:2775 - set Specific Code input for plugin: TIM1_8G4
2025-12-15 21:48:30,148 [INFO] BlockDiagram:2775 - set Specific Code input for plugin: SYS
2025-12-15 21:48:30,149 [INFO] BlockDiagram:2775 - set Specific Code input for plugin: ADC
2025-12-15 21:48:30,149 [INFO] BlockDiagram:2775 - set Specific Code input for plugin: RCC
2025-12-15 21:48:30,149 [INFO] BlockDiagram:2775 - set Specific Code input for plugin: NVIC
2025-12-15 21:48:30,149 [INFO] BlockDiagram:2775 - set Specific Code input for plugin: USART
2025-12-15 21:48:30,150 [INFO] BlockDiagram:2775 - set Specific Code input for plugin: DMA
2025-12-15 21:48:30,150 [INFO] BlockDiagram:2775 - set Specific Code input for plugin: GPIO
2025-12-15 21:48:30,153 [INFO] CodeGenerator:892 - code generatio: config db path: C:\ST\STM32CubeIDE_1.19.0\STM32CubeIDE\plugins\com.st.stm32cube.common.mx_6.15.0.202507011659\\db\
2025-12-15 21:48:30,164 [INFO] Argument:325 - Argument : hdmavalue: null
2025-12-15 21:48:30,164 [INFO] Argument:327 - 	 sub Args: 
2025-12-15 21:48:30,164 [INFO] Argument:325 - Argument : Instancevalue: DMA1_Channel1
2025-12-15 21:48:30,164 [INFO] Argument:335 - Argument : Instancevalue: DMA1_Channel1
2025-12-15 21:48:30,164 [INFO] Argument:325 - Argument : Initvalue: null
2025-12-15 21:48:30,164 [INFO] Argument:327 - 	 sub Args: 
2025-12-15 21:48:30,164 [INFO] Argument:325 - Argument : Requestvalue: DMA_REQUEST_ADC1
2025-12-15 21:48:30,165 [INFO] Argument:335 - Argument : Requestvalue: DMA_REQUEST_ADC1
2025-12-15 21:48:30,165 [INFO] Argument:325 - Argument : Directionvalue: DMA_PERIPH_TO_MEMORY
2025-12-15 21:48:30,165 [INFO] Argument:335 - Argument : Directionvalue: DMA_PERIPH_TO_MEMORY
2025-12-15 21:48:30,165 [INFO] Argument:325 - Argument : PeriphIncvalue: DMA_PINC_DISABLE
2025-12-15 21:48:30,165 [INFO] Argument:335 - Argument : PeriphIncvalue: DMA_PINC_DISABLE
2025-12-15 21:48:30,165 [INFO] Argument:325 - Argument : MemIncvalue: DMA_MINC_ENABLE
2025-12-15 21:48:30,165 [INFO] Argument:335 - Argument : MemIncvalue: DMA_MINC_ENABLE
2025-12-15 21:48:30,165 [INFO] Argument:325 - Argument : PeriphDataAlignmentvalue: DMA_PDATAALIGN_HALFWORD
2025-12-15 21:48:30,165 [INFO] Argument:335 - Argument : PeriphDataAlignmentvalue: DMA_PDATAALIGN_HALFWORD
2025-12-15 21:48:30,165 [INFO] Argument:325 - Argument : MemDataAlignmentvalue: DMA_MDATAALIGN_WORD
2025-12-15 21:48:30,165 [INFO] Argument:335 - Argument : MemDataAlignmentvalue: DMA_MDATAALIGN_WORD
2025-12-15 21:48:30,165 [INFO] Argument:325 - Argument : Modevalue: DMA_CIRCULAR
2025-12-15 21:48:30,165 [INFO] Argument:335 - Argument : Modevalue: DMA_CIRCULAR
2025-12-15 21:48:30,165 [INFO] Argument:325 - Argument : Priorityvalue: DMA_PRIORITY_LOW
2025-12-15 21:48:30,165 [INFO] Argument:335 - Argument : Priorityvalue: DMA_PRIORITY_LOW
2025-12-15 21:48:30,166 [INFO] Argument:325 - Argument : Lockvalue: null
2025-12-15 21:48:30,166 [INFO] Argument:335 - Argument : Lockvalue: null
2025-12-15 21:48:30,166 [INFO] Argument:325 - Argument : Statevalue: null
2025-12-15 21:48:30,166 [INFO] Argument:335 - Argument : Statevalue: null
2025-12-15 21:48:30,166 [INFO] Argument:325 - Argument : Parentvalue: null
2025-12-15 21:48:30,166 [INFO] Argument:335 - Argument : Parentvalue: null
2025-12-15 21:48:30,166 [INFO] Argument:325 - Argument : XferCpltCallbackvalue: null
2025-12-15 21:48:30,166 [INFO] Argument:335 - Argument : XferCpltCallbackvalue: null
2025-12-15 21:48:30,166 [INFO] Argument:325 - Argument : XferHalfCpltCallbackvalue: null
2025-12-15 21:48:30,166 [INFO] Argument:335 - Argument : XferHalfCpltCallbackvalue: null
2025-12-15 21:48:30,166 [INFO] Argument:325 - Argument : XferErrorCallbackvalue: null
2025-12-15 21:48:30,166 [INFO] Argument:335 - Argument : XferErrorCallbackvalue: null
2025-12-15 21:48:30,167 [INFO] Argument:325 - Argument : XferAbortCallbackvalue: null
2025-12-15 21:48:30,167 [INFO] Argument:335 - Argument : XferAbortCallbackvalue: null
2025-12-15 21:48:30,167 [INFO] Argument:325 - Argument : ErrorCodevalue: null
2025-12-15 21:48:30,167 [INFO] Argument:335 - Argument : ErrorCodevalue: null
2025-12-15 21:48:30,167 [INFO] Argument:325 - Argument : ChannelIndexvalue: null
2025-12-15 21:48:30,167 [INFO] Argument:335 - Argument : ChannelIndexvalue: null
2025-12-15 21:48:30,167 [INFO] Argument:325 - Argument : DMAmuxChannelvalue: null
2025-12-15 21:48:30,167 [INFO] Argument:335 - Argument : DMAmuxChannelvalue: null
2025-12-15 21:48:30,167 [INFO] Argument:325 - Argument : DMAmuxChannelStatusvalue: null
2025-12-15 21:48:30,167 [INFO] Argument:335 - Argument : DMAmuxChannelStatusvalue: null
2025-12-15 21:48:30,167 [INFO] Argument:325 - Argument : DMAmuxChannelStatusMaskvalue: null
2025-12-15 21:48:30,168 [INFO] Argument:335 - Argument : DMAmuxChannelStatusMaskvalue: null
2025-12-15 21:48:30,168 [INFO] Argument:325 - Argument : DMAmuxRequestGenvalue: null
2025-12-15 21:48:30,168 [INFO] Argument:335 - Argument : DMAmuxRequestGenvalue: null
2025-12-15 21:48:30,168 [INFO] Argument:325 - Argument : DMAmuxRequestGenStatusvalue: null
2025-12-15 21:48:30,168 [INFO] Argument:335 - Argument : DMAmuxRequestGenStatusvalue: null
2025-12-15 21:48:30,168 [INFO] Argument:325 - Argument : DMAmuxRequestGenStatusMaskvalue: null
2025-12-15 21:48:30,168 [INFO] Argument:335 - Argument : DMAmuxRequestGenStatusMaskvalue: null
2025-12-15 21:48:30,559 [INFO] CodeEngine:265 - oldGeneratedFile, C:\STM32_projekti\STM32G491-FOC_Motor_Control\STM32G491-FOC_Motor_Control\PWM_output\MXTmpFiles\license.tmp_save
2025-12-15 21:48:30,821 [INFO] CodeEngine:289 - Generated code: C:\STM32_projekti\STM32G491-FOC_Motor_Control\STM32G491-FOC_Motor_Control\PWM_output\MXTmpFiles\license.tmp
2025-12-15 21:48:30,947 [INFO] CodeEngine:265 - oldGeneratedFile, C:\STM32_projekti\STM32G491-FOC_Motor_Control\STM32G491-FOC_Motor_Control\PWM_output\MXTmpFiles\gpio.tmp_save
2025-12-15 21:48:31,111 [INFO] CodeEngine:289 - Generated code: C:\STM32_projekti\STM32G491-FOC_Motor_Control\STM32G491-FOC_Motor_Control\PWM_output\MXTmpFiles\gpio.tmp
2025-12-15 21:48:32,120 [INFO] CodeEngine:265 - oldGeneratedFile, C:\STM32_projekti\STM32G491-FOC_Motor_Control\STM32G491-FOC_Motor_Control\PWM_output\MXTmpFiles\dma.tmp_save
2025-12-15 21:48:32,225 [INFO] CodeEngine:289 - Generated code: C:\STM32_projekti\STM32G491-FOC_Motor_Control\STM32G491-FOC_Motor_Control\PWM_output\MXTmpFiles\dma.tmp
2025-12-15 21:48:32,235 [INFO] CodeEngine:265 - oldGeneratedFile, C:\STM32_projekti\STM32G491-FOC_Motor_Control\STM32G491-FOC_Motor_Control\PWM_output\MXTmpFiles\dma_GV.tmp_save
2025-12-15 21:48:32,335 [INFO] CodeEngine:289 - Generated code: C:\STM32_projekti\STM32G491-FOC_Motor_Control\STM32G491-FOC_Motor_Control\PWM_output\MXTmpFiles\dma_GV.tmp
2025-12-15 21:48:32,364 [INFO] CodeEngine:265 - oldGeneratedFile, C:\STM32_projekti\STM32G491-FOC_Motor_Control\STM32G491-FOC_Motor_Control\PWM_output\Core\Src\stm32g4xx_it.c_save
2025-12-15 21:48:32,524 [INFO] CodeEngine:289 - Generated code: C:\STM32_projekti\STM32G491-FOC_Motor_Control\STM32G491-FOC_Motor_Control\PWM_output\Core\Src\stm32g4xx_it.c
2025-12-15 21:48:32,535 [INFO] CodeEngine:265 - oldGeneratedFile, C:\STM32_projekti\STM32G491-FOC_Motor_Control\STM32G491-FOC_Motor_Control\PWM_output\Core\Inc\stm32g4xx_it.h_save
2025-12-15 21:48:32,637 [INFO] CodeEngine:289 - Generated code: C:\STM32_projekti\STM32G491-FOC_Motor_Control\STM32G491-FOC_Motor_Control\PWM_output\Core\Inc\stm32g4xx_it.h
2025-12-15 21:48:32,662 [INFO] CodeEngine:265 - oldGeneratedFile, C:\STM32_projekti\STM32G491-FOC_Motor_Control\STM32G491-FOC_Motor_Control\PWM_output\Core\Src\stm32g4xx_hal_msp.c_save
2025-12-15 21:48:32,831 [INFO] CodeEngine:289 - Generated code: C:\STM32_projekti\STM32G491-FOC_Motor_Control\STM32G491-FOC_Motor_Control\PWM_output\Core\Src\stm32g4xx_hal_msp.c
2025-12-15 21:48:32,840 [INFO] CodeEngine:265 - oldGeneratedFile, C:\STM32_projekti\STM32G491-FOC_Motor_Control\STM32G491-FOC_Motor_Control\PWM_output\MXTmpFiles\system.tmp_save
2025-12-15 21:48:32,909 [INFO] CodeEngine:289 - Generated code: C:\STM32_projekti\STM32G491-FOC_Motor_Control\STM32G491-FOC_Motor_Control\PWM_output\MXTmpFiles\system.tmp
2025-12-15 21:48:32,926 [INFO] CodeEngine:321 - oldGeneratedFile, C:\STM32_projekti\STM32G491-FOC_Motor_Control\STM32G491-FOC_Motor_Control\PWM_output\Core\Inc\stm32g4xx_hal_conf.h_save
2025-12-15 21:48:32,999 [INFO] CodeEngine:345 - Generated code: C:\STM32_projekti\STM32G491-FOC_Motor_Control\STM32G491-FOC_Motor_Control\PWM_output\Core\Inc\stm32g4xx_hal_conf.h
2025-12-15 21:48:33,025 [WARN] IPConfigManager:3238 - Warning: the RefConfig RCC_CommonPeriphClockConfig is not available in your config.xml file
2025-12-15 21:48:33,031 [WARN] IPConfigManager:3811 - IP not found : TIM
2025-12-15 21:48:33,031 [WARN] CodeGenerator:4259 - IP not found : null
2025-12-15 21:48:33,039 [INFO] CodeEngine:265 - oldGeneratedFile, C:\STM32_projekti\STM32G491-FOC_Motor_Control\STM32G491-FOC_Motor_Control\PWM_output\Core\Inc\main.h_save
2025-12-15 21:48:33,117 [INFO] CodeEngine:289 - Generated code: C:\STM32_projekti\STM32G491-FOC_Motor_Control\STM32G491-FOC_Motor_Control\PWM_output\Core\Inc\main.h
2025-12-15 21:48:33,130 [INFO] CodeEngine:265 - oldGeneratedFile, C:\STM32_projekti\STM32G491-FOC_Motor_Control\STM32G491-FOC_Motor_Control\PWM_output\Core\Src\main.c_save
2025-12-15 21:48:33,285 [INFO] CodeEngine:289 - Generated code: C:\STM32_projekti\STM32G491-FOC_Motor_Control\STM32G491-FOC_Motor_Control\PWM_output\Core\Src\main.c
2025-12-15 21:48:33,890 [INFO] ProjectBuilder:3606 - Time for Copy HAL[1] : 298mS.
2025-12-15 21:48:33,904 [INFO] ProjectBuilder:5216 - Project Generator version: 4.7.0-B52
2025-12-15 21:48:34,047 [INFO] ConfigFileManager:1595 - The Die is : DIE479
2025-12-15 21:48:36,032 [INFO] ProjectBuilder:5496 - Time for Generating toolchain IDE Files: 2127mS.
2025-12-15 21:48:36,033 [INFO] ProjectBuilder:3463 - Time for Copy CMSIS : 1mS.
2025-12-15 21:48:36,040 [INFO] ProjectBuilder:3463 - Time for Copy CMSIS : 1mS.
2025-12-15 22:25:56,808 [INFO] WebApp:194 - Connection lost
2025-12-15 22:25:57,071 [INFO] WebApp:191 - Connection restablished
2025-12-15 22:29:01,797 [INFO] WebApp:194 - Connection lost
2025-12-15 22:29:02,106 [INFO] WebApp:191 - Connection restablished
2025-12-15 22:32:06,815 [INFO] WebApp:194 - Connection lost
2025-12-15 22:32:07,129 [INFO] WebApp:191 - Connection restablished
2025-12-15 22:35:11,818 [INFO] WebApp:194 - Connection lost
2025-12-15 22:35:12,038 [INFO] WebApp:191 - Connection restablished
2025-12-15 22:38:16,826 [INFO] WebApp:194 - Connection lost
2025-12-15 22:38:17,130 [INFO] WebApp:191 - Connection restablished
2025-12-15 22:41:21,798 [INFO] WebApp:194 - Connection lost
2025-12-15 22:41:22,066 [INFO] WebApp:191 - Connection restablished
2025-12-15 23:05:23,338 [INFO] WebApp:194 - Connection lost
2025-12-15 23:05:24,694 [INFO] WebApp:191 - Connection restablished
2025-12-15 23:05:28,808 [INFO] WebApp:194 - Connection lost
2025-12-15 23:05:28,985 [INFO] WebApp:191 - Connection restablished
2025-12-15 23:05:52,308 [INFO] WebApp:194 - Connection lost
2025-12-15 23:05:52,486 [INFO] WebApp:191 - Connection restablished
2025-12-15 23:06:16,854 [INFO] WebApp:194 - Connection lost
2025-12-15 23:06:17,037 [INFO] WebApp:191 - Connection restablished
2025-12-15 23:06:26,800 [INFO] WebApp:194 - Connection lost
2025-12-15 23:06:26,979 [INFO] WebApp:191 - Connection restablished
2025-12-15 23:29:00,785 [ERROR] LogOutputStream:75 - [STDERR_REDIRECT] 
