2025-12-18 10:57:49,789 [INFO] Activator:176 - 


2025-12-18 10:57:49,818 [INFO] Activator:177 - !SESSION log4j initialized
2025-12-18 10:58:06,408 [INFO] LogOutputStream:77 - [STDOUT_REDIRECT] 
2025-12-18 10:58:07,340 [ERROR] ConfigurationRetriever:142 - IOException on connection: sw-center.st.com
2025-12-18 10:58:07,342 [ERROR] ConfigurationRetriever:142 - IOException on connection: sw-center.st.com
2025-12-18 10:58:07,344 [ERROR] ConfigurationRetriever:142 - IOException on connection: sw-center.st.com
2025-12-18 10:58:09,107 [INFO] ApplicationProperties:184 - Using Application install path: C:\ST\STM32CubeIDE_1.19.0\STM32CubeIDE\plugins\com.st.stm32cube.common.mx_6.15.0.202507011659
2025-12-18 10:58:09,169 [INFO] DbMcusXml:78 - Set database path to: C:\ST\STM32CubeIDE_1.19.0\STM32CubeIDE\plugins\com.st.stm32cube.common.mx_6.15.0.202507011659\\db\/mcu/
2025-12-18 10:58:09,170 [INFO] ApiDb:274 - Set plugin database path to: C:\ST\STM32CubeIDE_1.19.0\STM32CubeIDE\plugins\com.st.stm32cube.common.mx_6.15.0.202507011659\\db\/plugins/boardmanager/
2025-12-18 10:58:09,171 [WARN] ApiDb:259 - Overriding images path with different value:  => C:\ST\STM32CubeIDE_1.19.0\STM32CubeIDE\plugins\com.st.stm32cube.common.mx_6.15.0.202507011659\\db\/plugins/mcufinder/images/
2025-12-18 10:58:09,205 [INFO] ApiDb:250 - Set database path to: C:\Users\ivanp\.stmcufinder\plugins\mcufinder//mcu/
2025-12-18 10:58:09,209 [INFO] DbMcusAds:125 - Set database path to: C:\Users\ivanp\.stmcufinder\plugins\mcufinder//mcu/
2025-12-18 10:58:09,217 [INFO] CrossReferenceDbSqlite:203 - Set database path to: C:\Users\ivanp\.stmcufinder\plugins\mcufinder//mcu/cs/
2025-12-18 10:58:09,776 [INFO] RulesReader:64 - Compatibility file has been processed (317 Rules)
2025-12-18 10:58:10,062 [INFO] DbMcusXml:78 - Set database path to: C:\ST\STM32CubeIDE_1.19.0\STM32CubeIDE\plugins\com.st.stm32cube.common.mx_6.15.0.202507011659\\db\/mcu/
2025-12-18 10:58:10,063 [INFO] ApiDb:274 - Set plugin database path to: C:\ST\STM32CubeIDE_1.19.0\STM32CubeIDE\plugins\com.st.stm32cube.common.mx_6.15.0.202507011659\\db\/plugins/boardmanager/
2025-12-18 10:58:10,063 [INFO] ApiDb:261 - Set plugin images path to: C:\ST\STM32CubeIDE_1.19.0\STM32CubeIDE\plugins\com.st.stm32cube.common.mx_6.15.0.202507011659\\db\/plugins/mcufinder/images/
2025-12-18 10:58:10,064 [WARN] DbFile:41 - Overriding database path with different value: C:\Users\ivanp\.stmcufinder\plugins\mcufinder/ => C:\Users\ivanp\.stmcufinder\plugins\mcufinder
2025-12-18 10:58:10,064 [INFO] ApiDb:250 - Set database path to: C:\Users\ivanp\.stmcufinder\plugins\mcufinder//mcu/
2025-12-18 10:58:10,065 [WARN] DbFile:41 - Overriding database path with different value: C:\Users\ivanp\.stmcufinder\plugins\mcufinder/ => C:\Users\ivanp\.stmcufinder\plugins\mcufinder
2025-12-18 10:58:10,065 [INFO] DbMcusAds:125 - Set database path to: C:\Users\ivanp\.stmcufinder\plugins\mcufinder//mcu/
2025-12-18 10:58:10,065 [WARN] DbFile:41 - Overriding database path with different value: C:\Users\ivanp\.stmcufinder\plugins\mcufinder/ => C:\Users\ivanp\.stmcufinder\plugins\mcufinder
2025-12-18 10:58:10,066 [WARN] DbFile:41 - Overriding database path with different value: C:\Users\ivanp\.stmcufinder\plugins\mcufinder/ => C:\Users\ivanp\.stmcufinder\plugins\mcufinder
2025-12-18 10:58:10,066 [INFO] CrossReferenceDbSqlite:203 - Set database path to: C:\Users\ivanp\.stmcufinder\plugins\mcufinder//mcu/cs/
2025-12-18 10:58:10,300 [INFO] MainPanel:274 - HeapMemory: 268435456
2025-12-18 10:58:10,624 [INFO] DbMcusXml:78 - Set database path to: C:\ST\STM32CubeIDE_1.19.0\STM32CubeIDE\plugins\com.st.stm32cube.common.mx_6.15.0.202507011659\\db\/mcu/
2025-12-18 10:58:10,625 [INFO] ApiDb:274 - Set plugin database path to: C:\ST\STM32CubeIDE_1.19.0\STM32CubeIDE\plugins\com.st.stm32cube.common.mx_6.15.0.202507011659\\db\/plugins/boardmanager/
2025-12-18 10:58:10,625 [INFO] ApiDb:261 - Set plugin images path to: C:\ST\STM32CubeIDE_1.19.0\STM32CubeIDE\plugins\com.st.stm32cube.common.mx_6.15.0.202507011659\\db\/plugins/mcufinder/images/
2025-12-18 10:58:10,626 [WARN] DbFile:41 - Overriding database path with different value: C:\Users\ivanp\.stmcufinder\plugins\mcufinder/ => C:\Users\ivanp\.stmcufinder\plugins\mcufinder
2025-12-18 10:58:10,626 [INFO] ApiDb:250 - Set database path to: C:\Users\ivanp\.stmcufinder\plugins\mcufinder//mcu/
2025-12-18 10:58:10,627 [WARN] DbFile:41 - Overriding database path with different value: C:\Users\ivanp\.stmcufinder\plugins\mcufinder/ => C:\Users\ivanp\.stmcufinder\plugins\mcufinder
2025-12-18 10:58:10,627 [INFO] DbMcusAds:125 - Set database path to: C:\Users\ivanp\.stmcufinder\plugins\mcufinder//mcu/
2025-12-18 10:58:10,627 [WARN] DbFile:41 - Overriding database path with different value: C:\Users\ivanp\.stmcufinder\plugins\mcufinder/ => C:\Users\ivanp\.stmcufinder\plugins\mcufinder
2025-12-18 10:58:10,627 [WARN] DbFile:41 - Overriding database path with different value: C:\Users\ivanp\.stmcufinder\plugins\mcufinder/ => C:\Users\ivanp\.stmcufinder\plugins\mcufinder
2025-12-18 10:58:10,628 [INFO] CrossReferenceDbSqlite:203 - Set database path to: C:\Users\ivanp\.stmcufinder\plugins\mcufinder//mcu/cs/
2025-12-18 10:58:10,681 [INFO] ApplicationProperties:184 - Using Application install path: C:\ST\STM32CubeIDE_1.19.0\STM32CubeIDE\plugins\com.st.stm32cube.common.mx_6.15.0.202507011659
2025-12-18 10:58:10,684 [INFO] PluginManage:196 - Search for loadable plugins [exclusion list=, ]
2025-12-18 10:58:10,688 [INFO] PluginManage:310 - Check plugin analytics
2025-12-18 10:58:11,395 [INFO] AnalyticsPlugin:253 - Accepted Software Licenses: 
2025-12-18 10:58:11,396 [INFO] AnalyticsPlugin:255 - Accepted CMSIS Pack Licenses: 
2025-12-18 10:58:11,396 [INFO] AnalyticsPlugin:257 - Accepted Firmware Licenses: FW.F4.1.28.0,FW.G4.1.6.0
2025-12-18 10:58:11,411 [ERROR] ConfigurationRetriever:142 - IOException on connection: sw-center.st.com
2025-12-18 10:58:11,413 [ERROR] ConfigurationRetriever:142 - IOException on connection: sw-center.st.com
2025-12-18 10:58:11,414 [INFO] PluginManage:359 - Loaded plugin analytics (category:tool,tabindex:-1)
2025-12-18 10:58:11,414 [ERROR] ConfigurationRetriever:142 - IOException on connection: sw-center.st.com
2025-12-18 10:58:11,415 [INFO] PluginManage:310 - Check plugin cadmodel
2025-12-18 10:58:11,430 [INFO] CADModel:105 - Init CAD model plugin
2025-12-18 10:58:11,431 [INFO] PluginManage:359 - Loaded plugin cadmodel (category:power,tabindex:5)
2025-12-18 10:58:11,431 [INFO] PluginManage:310 - Check plugin clock
2025-12-18 10:58:11,464 [INFO] PluginManage:359 - Loaded plugin clock (category:base,tabindex:2)
2025-12-18 10:58:11,465 [INFO] PluginManage:310 - Check plugin ddr
2025-12-18 10:58:11,473 [INFO] PluginManage:359 - Loaded plugin ddr (category:tool,tabindex:6)
2025-12-18 10:58:11,474 [INFO] PluginManage:310 - Check plugin filemanager
2025-12-18 10:58:11,963 [INFO] PluginManage:359 - Loaded plugin filemanager (category:base,tabindex:10)
2025-12-18 10:58:11,964 [INFO] PluginManage:310 - Check plugin ipmanager
2025-12-18 10:58:11,981 [INFO] PluginManage:359 - Loaded plugin ipmanager (category:base,tabindex:5)
2025-12-18 10:58:11,981 [INFO] PluginManage:310 - Check plugin lpbam
2025-12-18 10:58:12,002 [INFO] PluginManage:359 - Loaded plugin lpbam (category:base,tabindex:0)
2025-12-18 10:58:12,002 [INFO] PluginManage:310 - Check plugin memorymap
2025-12-18 10:58:12,039 [INFO] PluginManage:359 - Loaded plugin memorymap (category:base,tabindex:4)
2025-12-18 10:58:12,040 [INFO] PluginManage:310 - Check plugin pinoutandconfiguration
2025-12-18 10:58:12,075 [INFO] PluginManage:359 - Loaded plugin pinoutandconfiguration (category:base,tabindex:1)
2025-12-18 10:58:12,075 [INFO] PluginManage:310 - Check plugin pinoutconfig
2025-12-18 10:58:12,420 [WARN] SupportedApi:132 - Cannot load RTOS API schema: s4s-elt-must-match.1: The content of 'definitions' must match (annotation?, (simpleType | complexType)?, (unique | key | keyref)*)). A problem was found starting at: attribute.
2025-12-18 10:58:12,831 [INFO] PluginManage:359 - Loaded plugin pinoutconfig (category:base,tabindex:0)
2025-12-18 10:58:12,832 [INFO] PluginManage:310 - Check plugin power
2025-12-18 10:58:12,876 [INFO] PluginManage:359 - Loaded plugin power (category:power,tabindex:4)
2025-12-18 10:58:12,876 [INFO] PluginManage:310 - Check plugin projectmanager
2025-12-18 10:58:12,973 [INFO] PluginManage:359 - Loaded plugin projectmanager (category:projectmanager,tabindex:4)
2025-12-18 10:58:12,973 [INFO] PluginManage:310 - Check plugin rif
2025-12-18 10:58:13,016 [INFO] PluginManage:359 - Loaded plugin rif (category:base,tabindex:3)
2025-12-18 10:58:13,017 [INFO] PluginManage:310 - Check plugin thirdparty
2025-12-18 10:58:13,567 [WARN] IntegrityCheckThread:84 - waiting for thirdparty lock release [integrity check]
2025-12-18 10:58:13,567 [INFO] PluginManage:359 - Loaded plugin thirdparty (category:base,tabindex:-1)
2025-12-18 10:58:13,567 [INFO] IntegrityCheckThread:86 - entering critical section [integrity check]
2025-12-18 10:58:13,568 [INFO] PluginManage:310 - Check plugin tools
2025-12-18 10:58:13,568 [INFO] ThirdPartyUpdaterWithRetryManager:70 - Updater plugin not ready yet. [1/15]
2025-12-18 10:58:13,580 [INFO] PluginManage:359 - Loaded plugin tools (category:base,tabindex:7)
2025-12-18 10:58:13,581 [INFO] PluginManage:310 - Check plugin tutovideos
2025-12-18 10:58:14,220 [INFO] PluginManage:359 - Loaded plugin tutovideos (category:base,tabindex:-1)
2025-12-18 10:58:14,220 [INFO] PluginManage:310 - Check plugin updater
2025-12-18 10:58:14,300 [INFO] PluginManage:359 - Loaded plugin updater (category:base,tabindex:12)
2025-12-18 10:58:14,301 [INFO] PluginManage:310 - Check plugin userauth
2025-12-18 10:58:14,312 [INFO] UserAuth:118 - Init User Auth plugin
2025-12-18 10:58:14,314 [INFO] PluginManage:359 - Loaded plugin userauth (category:base,tabindex:14)
2025-12-18 10:58:14,315 [INFO] PluginManage:283 - PluginManage : Loaded plugins [18]
2025-12-18 10:58:15,008 [INFO] PinOutPanel:1589 - setPackage(No Configuration,No Configuration)
2025-12-18 10:58:15,301 [INFO] CADModel:165 - CPN selected for project level
2025-12-18 10:58:15,301 [INFO] CADModel:114 - Register for checkConnection events
2025-12-18 10:58:15,360 [INFO] IPUIPlugin:80 - create IPUIPlugin
2025-12-18 10:58:15,360 [INFO] PluginManager:220 - loadIPPluginJar : add adc
2025-12-18 10:58:15,371 [INFO] IPUIPlugin:80 - create IPUIPlugin
2025-12-18 10:58:15,372 [INFO] PluginManager:220 - loadIPPluginJar : add aes
2025-12-18 10:58:15,382 [INFO] IPUIPlugin:80 - create IPUIPlugin
2025-12-18 10:58:15,383 [INFO] PluginManager:220 - loadIPPluginJar : add can
2025-12-18 10:58:15,391 [INFO] IPUIPlugin:80 - create IPUIPlugin
2025-12-18 10:58:15,391 [INFO] PluginManager:220 - loadIPPluginJar : add comp
2025-12-18 10:58:15,403 [INFO] IPUIPlugin:80 - create IPUIPlugin
2025-12-18 10:58:15,403 [INFO] PluginManager:220 - loadIPPluginJar : add cryp
2025-12-18 10:58:15,415 [INFO] IPUIPlugin:80 - create IPUIPlugin
2025-12-18 10:58:15,416 [INFO] PluginManager:220 - loadIPPluginJar : add ddr_ctrl_phy
2025-12-18 10:58:15,425 [INFO] IPUIPlugin:80 - create IPUIPlugin
2025-12-18 10:58:15,425 [INFO] PluginManager:220 - loadIPPluginJar : add dfsdm
2025-12-18 10:58:15,446 [INFO] IPUIPlugin:80 - create IPUIPlugin
2025-12-18 10:58:15,447 [INFO] PluginManager:220 - loadIPPluginJar : add dma
2025-12-18 10:58:15,457 [INFO] IPUIPlugin:80 - create IPUIPlugin
2025-12-18 10:58:15,458 [INFO] PluginManager:220 - loadIPPluginJar : add dma3
2025-12-18 10:58:15,469 [INFO] IPUIPlugin:80 - create IPUIPlugin
2025-12-18 10:58:15,469 [INFO] PluginManager:220 - loadIPPluginJar : add extmemmanager
2025-12-18 10:58:15,475 [INFO] IPUIPlugin:80 - create IPUIPlugin
2025-12-18 10:58:15,476 [INFO] PluginManager:220 - loadIPPluginJar : add fatfs
2025-12-18 10:58:15,493 [INFO] IPUIPlugin:80 - create IPUIPlugin
2025-12-18 10:58:15,493 [INFO] PluginManager:220 - loadIPPluginJar : add fmc
2025-12-18 10:58:15,518 [INFO] IPUIPlugin:80 - create IPUIPlugin
2025-12-18 10:58:15,519 [INFO] PluginManager:220 - loadIPPluginJar : add freertos
2025-12-18 10:58:15,528 [INFO] IPUIPlugin:80 - create IPUIPlugin
2025-12-18 10:58:15,529 [INFO] PluginManager:220 - loadIPPluginJar : add genericplugin
2025-12-18 10:58:15,538 [INFO] IPUIPlugin:80 - create IPUIPlugin
2025-12-18 10:58:15,538 [INFO] PluginManager:220 - loadIPPluginJar : add gfxmmu
2025-12-18 10:58:15,555 [INFO] IPUIPlugin:80 - create IPUIPlugin
2025-12-18 10:58:15,556 [INFO] PluginManager:220 - loadIPPluginJar : add gic
2025-12-18 10:58:15,569 [INFO] IPUIPlugin:80 - create IPUIPlugin
2025-12-18 10:58:15,570 [INFO] PluginManager:220 - loadIPPluginJar : add gpio
2025-12-18 10:58:15,580 [INFO] IPUIPlugin:80 - create IPUIPlugin
2025-12-18 10:58:15,580 [INFO] PluginManager:220 - loadIPPluginJar : add gtzc
2025-12-18 10:58:15,592 [INFO] IPUIPlugin:80 - create IPUIPlugin
2025-12-18 10:58:15,593 [INFO] PluginManager:220 - loadIPPluginJar : add hash
2025-12-18 10:58:15,604 [INFO] IPUIPlugin:80 - create IPUIPlugin
2025-12-18 10:58:15,605 [INFO] PluginManager:220 - loadIPPluginJar : add i2c
2025-12-18 10:58:15,615 [INFO] IPUIPlugin:80 - create IPUIPlugin
2025-12-18 10:58:15,615 [INFO] PluginManager:220 - loadIPPluginJar : add i2s
2025-12-18 10:58:15,626 [INFO] IPUIPlugin:80 - create IPUIPlugin
2025-12-18 10:58:15,626 [INFO] PluginManager:220 - loadIPPluginJar : add i3c
2025-12-18 10:58:15,638 [INFO] IPUIPlugin:80 - create IPUIPlugin
2025-12-18 10:58:15,639 [INFO] PluginManager:220 - loadIPPluginJar : add ipddr
2025-12-18 10:58:15,660 [INFO] IPUIPlugin:80 - create IPUIPlugin
2025-12-18 10:58:15,660 [INFO] PluginManager:220 - loadIPPluginJar : add linkedlist
2025-12-18 10:58:15,670 [INFO] IPUIPlugin:80 - create IPUIPlugin
2025-12-18 10:58:15,670 [INFO] PluginManager:220 - loadIPPluginJar : add lorawan
2025-12-18 10:58:15,677 [INFO] IPUIPlugin:80 - create IPUIPlugin
2025-12-18 10:58:15,677 [INFO] PluginManager:220 - loadIPPluginJar : add ltdc
2025-12-18 10:58:15,693 [INFO] IPUIPlugin:80 - create IPUIPlugin
2025-12-18 10:58:15,693 [INFO] PluginManager:220 - loadIPPluginJar : add mdma
2025-12-18 10:58:15,704 [INFO] IPUIPlugin:80 - create IPUIPlugin
2025-12-18 10:58:15,704 [INFO] PluginManager:220 - loadIPPluginJar : add nvic
2025-12-18 10:58:15,713 [INFO] IPUIPlugin:80 - create IPUIPlugin
2025-12-18 10:58:15,713 [INFO] PluginManager:220 - loadIPPluginJar : add opamp
2025-12-18 10:58:15,722 [INFO] IPUIPlugin:80 - create IPUIPlugin
2025-12-18 10:58:15,722 [INFO] PluginManager:220 - loadIPPluginJar : add openamp
2025-12-18 10:58:15,732 [INFO] IPUIPlugin:80 - create IPUIPlugin
2025-12-18 10:58:15,732 [INFO] PluginManager:220 - loadIPPluginJar : add pdm2pcm
2025-12-18 10:58:15,754 [INFO] IPUIPlugin:80 - create IPUIPlugin
2025-12-18 10:58:15,762 [INFO] PluginManager:220 - loadIPPluginJar : add plateformsettings
2025-12-18 10:58:15,767 [INFO] IPUIPlugin:80 - create IPUIPlugin
2025-12-18 10:58:15,767 [INFO] PluginManager:220 - loadIPPluginJar : add quadspi
2025-12-18 10:58:15,773 [INFO] IPUIPlugin:80 - create IPUIPlugin
2025-12-18 10:58:15,776 [INFO] PluginManager:220 - loadIPPluginJar : add radio
2025-12-18 10:58:15,788 [INFO] IPUIPlugin:80 - create IPUIPlugin
2025-12-18 10:58:15,788 [INFO] PluginManager:220 - loadIPPluginJar : add resmgrutility
2025-12-18 10:58:15,798 [INFO] IPUIPlugin:80 - create IPUIPlugin
2025-12-18 10:58:15,799 [INFO] PluginManager:220 - loadIPPluginJar : add sai
2025-12-18 10:58:15,805 [INFO] IPUIPlugin:80 - create IPUIPlugin
2025-12-18 10:58:15,805 [INFO] PluginManager:220 - loadIPPluginJar : add spi
2025-12-18 10:58:15,820 [INFO] IPUIPlugin:80 - create IPUIPlugin
2025-12-18 10:58:15,821 [INFO] PluginManager:220 - loadIPPluginJar : add stm32_wpan
2025-12-18 10:58:15,826 [INFO] IPUIPlugin:80 - create IPUIPlugin
2025-12-18 10:58:15,826 [INFO] PluginManager:220 - loadIPPluginJar : add tim
2025-12-18 10:58:15,834 [INFO] IPUIPlugin:80 - create IPUIPlugin
2025-12-18 10:58:15,834 [INFO] PluginManager:220 - loadIPPluginJar : add touchsensing
2025-12-18 10:58:15,841 [INFO] IPUIPlugin:80 - create IPUIPlugin
2025-12-18 10:58:15,842 [INFO] PluginManager:220 - loadIPPluginJar : add tracer_emb
2025-12-18 10:58:15,846 [INFO] IPUIPlugin:80 - create IPUIPlugin
2025-12-18 10:58:15,847 [INFO] PluginManager:220 - loadIPPluginJar : add ts
2025-12-18 10:58:15,851 [INFO] IPUIPlugin:80 - create IPUIPlugin
2025-12-18 10:58:15,851 [INFO] PluginManager:220 - loadIPPluginJar : add tsc
2025-12-18 10:58:15,856 [INFO] IPUIPlugin:80 - create IPUIPlugin
2025-12-18 10:58:15,856 [INFO] PluginManager:220 - loadIPPluginJar : add ucpd
2025-12-18 10:58:15,860 [INFO] IPUIPlugin:80 - create IPUIPlugin
2025-12-18 10:58:15,862 [INFO] PluginManager:220 - loadIPPluginJar : add usart
2025-12-18 10:58:15,869 [INFO] IPUIPlugin:80 - create IPUIPlugin
2025-12-18 10:58:15,869 [INFO] PluginManager:220 - loadIPPluginJar : add usbx
2025-12-18 10:58:16,112 [FATAL] Updater:351 - Updater called before beeing initialized
2025-12-18 10:58:16,202 [INFO] RulesReader:64 - Compatibility file has been processed (317 Rules)
2025-12-18 10:58:16,242 [INFO] RulesReader:64 - Compatibility file has been processed (317 Rules)
2025-12-18 10:58:16,264 [INFO] CADModel:165 - CPN selected for project level
2025-12-18 10:58:16,265 [INFO] CADModel:114 - Register for checkConnection events
2025-12-18 10:58:16,265 [FATAL] Updater:351 - Updater called before beeing initialized
2025-12-18 10:58:16,265 [ERROR] CADModel:125 - Updater not yet initialized, retry later 
2025-12-18 10:58:16,570 [INFO] ThirdPartyUpdaterWithRetryManager:70 - Updater plugin not ready yet. [2/15]
2025-12-18 10:58:16,817 [FATAL] Updater:351 - Updater called before beeing initialized
2025-12-18 10:58:16,823 [INFO] CADModel:165 - CPN selected for project level
2025-12-18 10:58:16,824 [INFO] CADModel:114 - Register for checkConnection events
2025-12-18 10:58:16,824 [FATAL] Updater:351 - Updater called before beeing initialized
2025-12-18 10:58:16,824 [ERROR] CADModel:125 - Updater not yet initialized, retry later 
2025-12-18 10:58:16,864 [FATAL] Updater:351 - Updater called before beeing initialized
2025-12-18 10:58:17,284 [FATAL] Updater:351 - Updater called before beeing initialized
2025-12-18 10:58:17,298 [INFO] DbMcusAds:53 - JSON generation date=Mon Nov 10 11:43:01 CET 2025 (1762771381096)
2025-12-18 10:58:17,298 [FATAL] Updater:351 - Updater called before beeing initialized
2025-12-18 10:58:17,445 [WARN] DetailPanel:346 - Failed to get advertising image, set to default
2025-12-18 10:58:17,770 [FATAL] Updater:351 - Updater called before beeing initialized
2025-12-18 10:58:17,774 [FATAL] Updater:351 - Updater called before beeing initialized
2025-12-18 10:58:17,774 [FATAL] Updater:351 - Updater called before beeing initialized
2025-12-18 10:58:17,774 [WARN] DetailPanel:346 - Failed to get advertising image, set to default
2025-12-18 10:58:17,776 [FATAL] Updater:351 - Updater called before beeing initialized
2025-12-18 10:58:17,938 [ERROR] Updater:1198 - MainUpdater not yet initialized. External WinMGr cannot be set.
2025-12-18 10:58:17,943 [INFO] Updater:1134 - Updater Version found : 6.15.0
2025-12-18 10:58:18,005 [INFO] ApplicationProperties:184 - Using Application install path: C:\ST\STM32CubeIDE_1.19.0\STM32CubeIDE\plugins\com.st.stm32cube.common.mx_6.15.0.202507011659
2025-12-18 10:58:18,747 [INFO] MainUpdater:2872 - connection check result : 22
2025-12-18 10:58:18,748 [INFO] MainUpdater:289 - Updater Check For Update Now.
2025-12-18 10:58:18,749 [INFO] MicroXplorer:498 - Change Database Version : DB.6.0.150
2025-12-18 10:58:18,778 [INFO] McuFinderGlobals:63 - Set McuFinder mode to 2 (CubeIDE integrated)
2025-12-18 10:58:18,783 [INFO] UserAuth:487 - Internet connection configuration mode: 2
2025-12-18 10:58:18,821 [INFO] UserAuth:487 - Internet connection configuration mode: 2
2025-12-18 10:58:19,160 [INFO] CheckServerUpdateThread:120 - End of CheckServer Thread
2025-12-18 10:58:20,539 [WARN] PackLoader:240 - Cannot read IP mode file for STMicroelectronics.FP-SNS-MOTENVWB1.1.4.0
2025-12-18 10:58:20,558 [WARN] PackLoader:240 - Cannot read IP mode file for STMicroelectronics.FP-ATR-ASTRA1.2.0.2
2025-12-18 10:58:20,567 [WARN] PackLoader:240 - Cannot read IP mode file for STMicroelectronics.FP-ATR-ASTRA1.2.0.1
2025-12-18 10:58:20,590 [WARN] PackLoader:240 - Cannot read IP mode file for STMicroelectronics.X-CUBE-SMBUS.2.1.0
2025-12-18 10:58:20,603 [WARN] PackLoader:240 - Cannot read IP mode file for STMicroelectronics.X-CUBE-WB05N.1.1.0
2025-12-18 10:58:20,612 [WARN] PackLoader:240 - Cannot read IP mode file for STMicroelectronics.X-CUBE-TOUCHGFX.4.23.0
2025-12-18 10:58:20,619 [WARN] PackLoader:240 - Cannot read IP mode file for STMicroelectronics.X-CUBE-TOUCHGFX.4.23.2
2025-12-18 10:58:20,672 [WARN] PackLoader:240 - Cannot read IP mode file for STMicroelectronics.X-CUBE-AZRTOS-F7.1.1.0
2025-12-18 10:58:20,689 [WARN] PackLoader:240 - Cannot read IP mode file for STMicroelectronics.FP-SNS-MOTENV1.4.3.2
2025-12-18 10:58:20,701 [ERROR] RealEvaluatedCondition:428 - Found unsupported composite condition: GROUP='STM32_MetaDataManager' CLASS='Data Exchange'
2025-12-18 10:58:20,701 [ERROR] RealEvaluatedCondition:428 - Found unsupported composite condition: CLASS='Data Exchange' GROUP='STM32_MetaDataManager'
2025-12-18 10:58:20,704 [WARN] PackLoader:240 - Cannot read IP mode file for STMicroelectronics.FP-SNS-MOTENV1.4.3.1
2025-12-18 10:58:20,714 [WARN] PackLoader:240 - Cannot read IP mode file for STMicroelectronics.FP-SNS-FLIGHT1.5.0.1
2025-12-18 10:58:20,723 [WARN] PackLoader:240 - Cannot read IP mode file for STMicroelectronics.X-CUBE-BLE1.6.2.3
2025-12-18 10:58:20,802 [WARN] PackLoader:240 - Cannot read IP mode file for STMicroelectronics.X-CUBE-MEMS1.11.0.0
2025-12-18 10:58:20,991 [WARN] PackLoader:240 - Cannot read IP mode file for STMicroelectronics.X-CUBE-BLE1.6.2.4
2025-12-18 10:58:20,997 [WARN] PackLoader:240 - Cannot read IP mode file for STMicroelectronics.FP-SNS-MOTENV1.5.1.0
2025-12-18 10:58:21,001 [WARN] PackLoader:240 - Cannot read IP mode file for STMicroelectronics.X-CUBE-BLE1.6.2.2
2025-12-18 10:58:21,007 [WARN] PackLoader:240 - Cannot read IP mode file for STMicroelectronics.FP-SNS-FLIGHT1.5.0.2
2025-12-18 10:58:21,012 [WARN] PackLoader:240 - Cannot read IP mode file for STMicroelectronics.X-CUBE-BLE2.3.2.2
2025-12-18 10:58:21,054 [WARN] PackLoader:240 - Cannot read IP mode file for STMicroelectronics.X-CUBE-AZRTOS-H7.3.4.0
2025-12-18 10:58:21,068 [WARN] PackLoader:240 - Cannot read IP mode file for STMicroelectronics.X-CUBE-DISPLAY.3.0.0
2025-12-18 10:58:21,082 [WARN] PackLoader:240 - Cannot read IP mode file for STMicroelectronics.X-CUBE-BLE1.7.0.0
2025-12-18 10:58:21,094 [WARN] PackLoader:240 - Cannot read IP mode file for STMicroelectronics.X-CUBE-NFC10.1.0.0
2025-12-18 10:58:21,108 [WARN] PackLoader:240 - Cannot read IP mode file for STMicroelectronics.X-CUBE-BLEMGR.4.0.0
2025-12-18 10:58:21,120 [WARN] PackLoader:240 - Cannot read IP mode file for STMicroelectronics.X-CUBE-ST60.1.1.0
2025-12-18 10:58:21,126 [WARN] PackLoader:240 - Cannot read IP mode file for STMicroelectronics.X-CUBE-TOUCHGFX.4.22.0
2025-12-18 10:58:21,134 [WARN] PackLoader:240 - Cannot read IP mode file for STMicroelectronics.X-CUBE-GNSS1.7.1.0
2025-12-18 10:58:21,141 [WARN] PackLoader:240 - Cannot read IP mode file for STMicroelectronics.X-CUBE-TOUCHGFX.4.22.1
2025-12-18 10:58:21,154 [WARN] PackLoader:240 - Cannot read IP mode file for STMicroelectronics.X-CUBE-SUBG2.4.2.0
2025-12-18 10:58:21,202 [WARN] PackLoader:240 - Cannot read IP mode file for STMicroelectronics.X-CUBE-MEMS1.9.3.0
2025-12-18 10:58:21,377 [WARN] PackLoader:240 - Cannot read IP mode file for STMicroelectronics.X-CUBE-AI.7.2.0
2025-12-18 10:58:21,392 [WARN] PackLoader:240 - Cannot read IP mode file for STMicroelectronics.X-CUBE-BLEMGR.3.1.0
2025-12-18 10:58:21,401 [WARN] PackLoader:240 - Cannot read IP mode file for STMicroelectronics.X-CUBE-AI.10.0.0
2025-12-18 10:58:21,413 [WARN] PackLoader:240 - Cannot read IP mode file for STMicroelectronics.FP-SNS-STBOX1.2.1.0
2025-12-18 10:58:21,424 [WARN] PackLoader:240 - Cannot read IP mode file for STMicroelectronics.FP-SNS-SMARTAG2.1.2.0
2025-12-18 10:58:21,430 [WARN] PackLoader:240 - Cannot read IP mode file for STMicroelectronics.FP-SNS-FLIGHT1.5.1.0
2025-12-18 10:58:21,542 [WARN] PackLoader:240 - Cannot read IP mode file for STMicroelectronics.X-CUBE-MEMS1.11.1.0
2025-12-18 10:58:21,715 [INFO] LogOutputStream:77 - [STDOUT_REDIRECT] 1 : Invalid condition id : UX_CORESTACK_Condition cause : null
2025-12-18 10:58:21,716 [INFO] LogOutputStream:77 - [STDOUT_REDIRECT] 1 : Invalid condition id : UX_CORESTACK_Condition cause : null
2025-12-18 10:58:21,717 [INFO] LogOutputStream:77 - [STDOUT_REDIRECT] 1 : Invalid condition id : UX_CORESTACK_Condition cause : null
2025-12-18 10:58:21,719 [INFO] LogOutputStream:77 - [STDOUT_REDIRECT] 1 : Invalid condition id : UX_CORESTACK_Condition cause : null
2025-12-18 10:58:21,721 [INFO] LogOutputStream:77 - [STDOUT_REDIRECT] 1 : Invalid condition id : UX_CORESTACK_Condition cause : null
2025-12-18 10:58:21,725 [WARN] PackLoader:240 - Cannot read IP mode file for STMicroelectronics.X-CUBE-AZRTOS-WL.2.0.0
2025-12-18 10:58:21,736 [WARN] PackLoader:240 - Cannot read IP mode file for STMicroelectronics.X-CUBE-ALGOBUILD.1.2.1
2025-12-18 10:58:21,741 [WARN] PackLoader:240 - Cannot read IP mode file for STMicroelectronics.FP-SNS-MOTENV1.5.0.0
2025-12-18 10:58:21,764 [WARN] PackLoader:240 - Cannot read IP mode file for STMicroelectronics.X-CUBE-AZRTOS-H7RS.1.2.0
2025-12-18 10:58:21,774 [WARN] PackLoader:240 - Cannot read IP mode file for wolfSSL.I-CUBE-wolfMQTT.1.19.0
2025-12-18 10:58:21,785 [WARN] PackLoader:240 - Cannot read IP mode file for WES.I-CUBE-Cesium.1.3.0
2025-12-18 10:58:21,790 [WARN] PackLoader:240 - Cannot read IP mode file for STMicroelectronics.X-CUBE-BLE2.3.3.0
2025-12-18 10:58:21,819 [WARN] PackLoader:240 - Cannot read IP mode file for STMicroelectronics.X-CUBE-DISPLAY.2.2.0
2025-12-18 10:58:21,832 [WARN] PackLoader:240 - Cannot read IP mode file for STMicroelectronics.X-CUBE-TOF1.3.2.0
2025-12-18 10:58:21,840 [WARN] PackLoader:240 - Cannot read IP mode file for STMicroelectronics.X-CUBE-TOUCHGFX.4.18.1
2025-12-18 10:58:21,846 [WARN] PackLoader:240 - Cannot read IP mode file for STMicroelectronics.X-CUBE-ISPU.1.0.0
2025-12-18 10:58:21,851 [WARN] PackLoader:240 - Cannot read IP mode file for wolfSSL.I-CUBE-wolfSSL.5.0.0
2025-12-18 10:58:21,857 [WARN] PackLoader:240 - Cannot read IP mode file for STMicroelectronics.X-CUBE-NFC9.1.0.0
2025-12-18 10:58:21,876 [WARN] PackLoader:240 - Cannot read IP mode file for STMicroelectronics.X-CUBE-AZRTOS-H7.2.1.0
2025-12-18 10:58:21,885 [WARN] PackLoader:240 - Cannot read IP mode file for STMicroelectronics.X-CUBE-BLE1.7.1.0
2025-12-18 10:58:21,892 [WARN] PackLoader:240 - Cannot read IP mode file for STMicroelectronics.X-CUBE-TCPP.4.1.0
2025-12-18 10:58:21,900 [WARN] PackLoader:240 - Cannot read IP mode file for STMicroelectronics.X-CUBE-FREERTOS.1.4.0
2025-12-18 10:58:21,919 [WARN] PackLoader:240 - Cannot read IP mode file for STMicroelectronics.X-CUBE-EEPRMA1.5.2.0
2025-12-18 10:58:21,925 [WARN] PackLoader:240 - Cannot read IP mode file for STMicroelectronics.X-CUBE-TOUCHGFX.4.21.1
2025-12-18 10:58:21,930 [WARN] PackLoader:240 - Cannot read IP mode file for STMicroelectronics.X-CUBE-TOUCHGFX.4.21.0
2025-12-18 10:58:21,933 [WARN] PackLoader:240 - Cannot read IP mode file for STMicroelectronics.X-CUBE-TOUCHGFX.4.21.3
2025-12-18 10:58:21,935 [WARN] PackLoader:240 - Cannot read IP mode file for STMicroelectronics.X-CUBE-TOUCHGFX.4.21.4
2025-12-18 10:58:21,974 [WARN] PackLoader:240 - Cannot read IP mode file for STMicroelectronics.X-CUBE-MEMS1.9.4.0
2025-12-18 10:58:22,116 [WARN] PackLoader:240 - Cannot read IP mode file for STMicroelectronics.X-CUBE-AI.7.3.0
2025-12-18 10:58:22,126 [WARN] PackLoader:240 - Cannot read IP mode file for STMicroelectronics.X-CUBE-ST67W61.1.1.0
2025-12-18 10:58:22,231 [WARN] PackLoader:240 - Cannot read IP mode file for STMicroelectronics.X-CUBE-MEMS1.12.0.0
2025-12-18 10:58:22,451 [WARN] PackLoader:240 - Cannot read IP mode file for STMicroelectronics.X-CUBE-ALGOBUILD.1.3.0
2025-12-18 10:58:22,474 [WARN] PackLoader:240 - Cannot read IP mode file for STMicroelectronics.X-CUBE-AZRTOS-G0.1.1.0
2025-12-18 10:58:22,485 [WARN] PackLoader:240 - Cannot read IP mode file for STMicroelectronics.X-CUBE-SAFEA1.1.2.2
2025-12-18 10:58:22,494 [WARN] PackLoader:240 - Cannot read IP mode file for STMicroelectronics.X-CUBE-NFC4.3.0.0
2025-12-18 10:58:22,560 [WARN] PackLoader:240 - Cannot read IP mode file for SEGGER.I-CUBE-embOS.1.2.0
2025-12-18 10:58:22,604 [WARN] PackLoader:240 - Cannot read IP mode file for wolfSSL.I-CUBE-wolfMQTT.1.18.0
2025-12-18 10:58:22,621 [WARN] PackLoader:240 - Cannot read IP mode file for EmbeddedOffice.I-CUBE-FS-RTOS.1.0.1
2025-12-18 10:58:22,627 [WARN] PackLoader:240 - Cannot read IP mode file for STMicroelectronics.X-CUBE-WB05N.2.0.0
2025-12-18 10:58:22,638 [WARN] PackLoader:240 - Cannot read IP mode file for STMicroelectronics.X-CUBE-BLEMGR.3.0.0
2025-12-18 10:58:22,650 [WARN] PackLoader:240 - Cannot read IP mode file for STMicroelectronics.X-CUBE-BLEMGR.1.3.0
2025-12-18 10:58:22,660 [WARN] PackLoader:240 - Cannot read IP mode file for STMicroelectronics.X-CUBE-TCPP.4.2.0
2025-12-18 10:58:22,670 [WARN] PackLoader:240 - Cannot read IP mode file for RealThread.X-CUBE-RT-Thread_Nano.4.1.1
2025-12-18 10:58:22,693 [WARN] PackLoader:240 - Cannot read IP mode file for STMicroelectronics.X-CUBE-AZRTOS-H7.2.0.0
2025-12-18 10:58:22,704 [WARN] PackLoader:240 - Cannot read IP mode file for STMicroelectronics.FP-ATR-SIGFOX1.3.2.0
2025-12-18 10:58:22,716 [WARN] ConditionMgr:438 - getConditionDescription Invalid condition id : Cortex-A Device cause : null
2025-12-18 10:58:22,730 [WARN] ConditionMgr:1044 - genDependencies : Invalid condition id : Cortex-A Device cause : null
2025-12-18 10:58:22,730 [WARN] ConditionMgr:1044 - genDependencies : Invalid condition id : Cortex-A Device cause : null
2025-12-18 10:58:22,731 [WARN] ConditionMgr:1044 - genDependencies : Invalid condition id : Cortex-A Device cause : null
2025-12-18 10:58:22,737 [WARN] PackLoader:240 - Cannot read IP mode file for STMicroelectronics.X-CUBE-EEPRMA1.5.1.0
2025-12-18 10:58:22,747 [WARN] PackLoader:240 - Cannot read IP mode file for emotas.I-CUBE-CANOPEN.1.1.2
2025-12-18 10:58:22,751 [WARN] PackLoader:240 - Cannot read IP mode file for STMicroelectronics.X-CUBE-TOUCHGFX.4.20.0
2025-12-18 10:58:22,785 [WARN] PackLoader:240 - Cannot read IP mode file for STMicroelectronics.X-CUBE-MEMS1.9.5.0
2025-12-18 10:58:22,949 [WARN] PackLoader:240 - Cannot read IP mode file for STMicroelectronics.X-CUBE-AI.10.2.0
2025-12-18 10:58:23,001 [WARN] PackLoader:240 - Cannot read IP mode file for SEGGER.I-CUBE-embOS.1.3.1
2025-12-18 10:58:23,062 [WARN] PackLoader:240 - Cannot read IP mode file for STMicroelectronics.X-CUBE-ALGOBUILD.1.4.0
2025-12-18 10:58:23,186 [WARN] PackLoader:240 - Cannot read IP mode file for STMicroelectronics.X-CUBE-MEMS1.11.3.0
2025-12-18 10:58:23,391 [WARN] PackLoader:240 - Cannot read IP mode file for STMicroelectronics.X-CUBE-DISPLAY.2.0.0
2025-12-18 10:58:23,396 [WARN] PackLoader:240 - Cannot read IP mode file for STMicroelectronics.X-CUBE-AI.9.1.0
2025-12-18 10:58:23,402 [WARN] PackLoader:240 - Cannot read IP mode file for STMicroelectronics.X-CUBE-PM33A1.1.0.0
2025-12-18 10:58:23,408 [WARN] PackLoader:240 - Cannot read IP mode file for STMicroelectronics.X-CUBE-GNSS1.6.0.0
2025-12-18 10:58:23,428 [WARN] PackLoader:240 - Cannot read IP mode file for STMicroelectronics.X-CUBE-AZRTOS-F4.1.1.0
2025-12-18 10:58:23,434 [WARN] PackLoader:240 - Cannot read IP mode file for STMicroelectronics.X-CUBE-ISPU.2.1.0
2025-12-18 10:58:23,445 [WARN] PackLoader:240 - Cannot read IP mode file for STMicroelectronics.X-CUBE-IPS.3.2.0
2025-12-18 10:58:23,458 [WARN] PackLoader:240 - Cannot read IP mode file for STMicroelectronics.X-CUBE-FREERTOS.1.2.0
2025-12-18 10:58:23,466 [WARN] PackLoader:240 - Cannot read IP mode file for STMicroelectronics.X-CUBE-NFC12.1.0.0
2025-12-18 10:58:23,484 [WARN] PackLoader:240 - Cannot read IP mode file for STMicroelectronics.X-CUBE-BLEMGR.1.2.0
2025-12-18 10:58:23,506 [WARN] PackLoader:240 - Cannot read IP mode file for STMicroelectronics.X-CUBE-AZRTOS-L5.2.0.0
2025-12-18 10:58:23,549 [WARN] PackLoader:240 - Cannot read IP mode file for STMicroelectronics.X-CUBE-MEMS1.9.6.0
2025-12-18 10:58:23,692 [WARN] PackLoader:240 - Cannot read IP mode file for STMicroelectronics.X-CUBE-EEPRMA1.4.2.0
2025-12-18 10:58:23,702 [WARN] PackLoader:240 - Cannot read IP mode file for STMicroelectronics.X-CUBE-NFC6.3.1.0
2025-12-18 10:58:23,712 [WARN] PackLoader:240 - Cannot read IP mode file for ITTIA_DB.I-CUBE-ITTIADB.8.8.0
2025-12-18 10:58:23,721 [WARN] PackLoader:240 - Cannot read IP mode file for STMicroelectronics.X-CUBE-BLEMGR.2.0.0
2025-12-18 10:58:23,730 [WARN] PackLoader:240 - Cannot read IP mode file for STMicroelectronics.X-CUBE-DPower.1.2.0
2025-12-18 10:58:23,735 [WARN] PackLoader:240 - Cannot read IP mode file for STMicroelectronics.X-CUBE-NFC4.2.0.5
2025-12-18 10:58:23,743 [WARN] PackLoader:240 - Cannot read IP mode file for STMicroelectronics.X-CUBE-NFC4.2.0.4
2025-12-18 10:58:23,750 [WARN] PackLoader:240 - Cannot read IP mode file for STMicroelectronics.X-CUBE-NFC4.2.0.3
2025-12-18 10:58:23,755 [WARN] PackLoader:240 - Cannot read IP mode file for STMicroelectronics.X-CUBE-AI.9.0.0
2025-12-18 10:58:23,776 [WARN] ConditionMgr:438 - getConditionDescription Invalid condition id : UX DEVICE CLASS RTOS Condition cause : null
2025-12-18 10:58:23,776 [WARN] ConditionMgr:438 - getConditionDescription Invalid condition id : UX DEVICE CLASS RTOS Condition cause : null
2025-12-18 10:58:23,780 [WARN] PackLoader:240 - Cannot read IP mode file for STMicroelectronics.X-CUBE-AZRTOS-H7.3.1.0
2025-12-18 10:58:23,781 [WARN] ConditionMgr:1044 - genDependencies : Invalid condition id : UX DEVICE CLASS RTOS Condition cause : null
2025-12-18 10:58:23,781 [WARN] ConditionMgr:1044 - genDependencies : Invalid condition id : UX DEVICE CLASS RTOS Condition cause : null
2025-12-18 10:58:23,782 [WARN] ConditionMgr:1044 - genDependencies : Invalid condition id : UX DEVICE CLASS RTOS Condition cause : null
2025-12-18 10:58:23,782 [WARN] ConditionMgr:1044 - genDependencies : Invalid condition id : UX DEVICE CLASS RTOS Condition cause : null
2025-12-18 10:58:23,783 [WARN] ConditionMgr:1044 - genDependencies : Invalid condition id : UX DEVICE CLASS RTOS Condition cause : null
2025-12-18 10:58:23,793 [WARN] PackLoader:240 - Cannot read IP mode file for STMicroelectronics.X-CUBE-SFXS2LP1.3.1.0
2025-12-18 10:58:23,815 [WARN] PackLoader:240 - Cannot read IP mode file for STMicroelectronics.X-CUBE-AZRTOS-F4.1.0.0
2025-12-18 10:58:23,826 [WARN] PackLoader:240 - Cannot read IP mode file for STMicroelectronics.X-CUBE-TOF1.2.0.0
2025-12-18 10:58:23,835 [WARN] PackLoader:240 - Cannot read IP mode file for STMicroelectronics.X-CUBE-FREERTOS.1.3.1
2025-12-18 10:58:23,857 [WARN] PackLoader:240 - Cannot read IP mode file for STMicroelectronics.X-CUBE-FREERTOS.1.3.0
2025-12-18 10:58:23,868 [WARN] PackLoader:240 - Cannot read IP mode file for STMicroelectronics.X-CUBE-NFC7.1.0.1
2025-12-18 10:58:23,876 [WARN] PackLoader:240 - Cannot read IP mode file for STMicroelectronics.X-CUBE-NFC7.1.0.0
2025-12-18 10:58:23,884 [WARN] PackLoader:240 - Cannot read IP mode file for wolfSSL.I-CUBE-wolfTPM.3.2.0
2025-12-18 10:58:23,888 [WARN] PackLoader:240 - Cannot read IP mode file for STMicroelectronics.X-CUBE-TOUCHGFX.4.26.0
2025-12-18 10:58:23,898 [WARN] PackLoader:240 - Cannot read IP mode file for STMicroelectronics.X-CUBE-NFC6.3.0.0
2025-12-18 10:58:23,907 [WARN] PackLoader:240 - Cannot read IP mode file for STMicroelectronics.X-CUBE-EEPRMA1.4.1.0
2025-12-18 10:58:23,918 [WARN] PackLoader:240 - Cannot read IP mode file for STMicroelectronics.FP-SNS-STAIOTCFT.1.0.0
2025-12-18 10:58:23,925 [WARN] PackLoader:240 - Cannot read IP mode file for STMicroelectronics.X-CUBE-DPower.1.3.0
2025-12-18 10:58:23,931 [WARN] PackLoader:240 - Cannot read IP mode file for STMicroelectronics.X-CUBE-AI.8.1.0
2025-12-18 10:58:23,957 [WARN] ConditionMgr:438 - getConditionDescription Invalid condition id : LAN8742 Phy interface Condition cause : null
2025-12-18 10:58:23,958 [WARN] PackLoader:240 - Cannot read IP mode file for STMicroelectronics.X-CUBE-AZRTOS-L4.2.0.0
2025-12-18 10:58:23,959 [WARN] ConditionMgr:1044 - genDependencies : Invalid condition id : LAN8742 Phy interface Condition cause : null
2025-12-18 10:58:23,960 [WARN] ConditionMgr:1044 - genDependencies : Invalid condition id : LAN8742 Phy interface Condition cause : null
2025-12-18 10:58:23,961 [WARN] ConditionMgr:1044 - genDependencies : Invalid condition id : LAN8742 Phy interface Condition cause : null
2025-12-18 10:58:23,971 [WARN] PackLoader:240 - Cannot read IP mode file for STMicroelectronics.X-CUBE-SFXS2LP1.4.0.0
2025-12-18 10:58:24,000 [WARN] PackLoader:240 - Cannot read IP mode file for STMicroelectronics.X-CUBE-AZRTOS-H7.3.0.0
2025-12-18 10:58:24,008 [WARN] PackLoader:240 - Cannot read IP mode file for STMicroelectronics.X-CUBE-ISPU.1.1.0
2025-12-18 10:58:24,035 [WARN] PackLoader:240 - Cannot read IP mode file for STMicroelectronics.X-CUBE-AZRTOS-H7.3.3.0
2025-12-18 10:58:24,064 [WARN] PackLoader:240 - Cannot read IP mode file for RoweBots.I-CUBE-UNISONRTOS.5.5.0-4
2025-12-18 10:58:24,077 [WARN] PackLoader:240 - Cannot read IP mode file for STMicroelectronics.X-CUBE-BLEMGR.4.1.0
2025-12-18 10:58:24,086 [WARN] PackLoader:240 - Cannot read IP mode file for STMicroelectronics.X-CUBE-AI.8.0.0
2025-12-18 10:58:24,099 [WARN] PackLoader:240 - Cannot read IP mode file for STMicroelectronics.X-CUBE-IPS.3.0.0
2025-12-18 10:58:24,127 [WARN] ConditionMgr:438 - getConditionDescription Invalid condition id : UX DEVICE CLASS RTOS Condition cause : null
2025-12-18 10:58:24,127 [WARN] ConditionMgr:438 - getConditionDescription Invalid condition id : UX DEVICE CLASS RTOS Condition cause : null
2025-12-18 10:58:24,133 [WARN] PackLoader:240 - Cannot read IP mode file for STMicroelectronics.X-CUBE-AZRTOS-WB.2.0.0
2025-12-18 10:58:24,133 [WARN] ConditionMgr:1044 - genDependencies : Invalid condition id : UX DEVICE CLASS RTOS Condition cause : null
2025-12-18 10:58:24,134 [WARN] ConditionMgr:1044 - genDependencies : Invalid condition id : UX DEVICE CLASS RTOS Condition cause : null
2025-12-18 10:58:24,135 [WARN] ConditionMgr:1044 - genDependencies : Invalid condition id : UX DEVICE CLASS RTOS Condition cause : null
2025-12-18 10:58:24,136 [WARN] ConditionMgr:1044 - genDependencies : Invalid condition id : UX DEVICE CLASS RTOS Condition cause : null
2025-12-18 10:58:24,136 [WARN] ConditionMgr:1044 - genDependencies : Invalid condition id : UX DEVICE CLASS RTOS Condition cause : null
2025-12-18 10:58:24,142 [WARN] PackLoader:240 - Cannot read IP mode file for STMicroelectronics.X-CUBE-FREERTOS.1.0.0
2025-12-18 10:58:24,147 [WARN] PackLoader:240 - Cannot read IP mode file for STMicroelectronics.X-CUBE-FREERTOS.1.0.1
2025-12-18 10:58:24,154 [WARN] PackLoader:240 - Cannot read IP mode file for STMicroelectronics.X-CUBE-GNSS1.7.0.0
2025-12-18 10:58:24,161 [WARN] PackLoader:240 - Cannot read IP mode file for STMicroelectronics.X-CUBE-GNSS1.7.0.1
2025-12-18 10:58:24,170 [WARN] PackLoader:240 - Cannot read IP mode file for STMicroelectronics.FP-SNS-STBOX1.2.0.0
2025-12-18 10:58:24,192 [WARN] PackLoader:240 - Cannot read IP mode file for STMicroelectronics.X-CUBE-AZRTOS-L5.1.1.0
2025-12-18 10:58:24,198 [WARN] PackLoader:240 - Cannot read IP mode file for STMicroelectronics.X-CUBE-AI.8.0.1
2025-12-18 10:58:24,211 [WARN] PackLoader:240 - Cannot read IP mode file for STMicroelectronics.X-CUBE-SUBG2.5.0.0
2025-12-18 10:58:24,243 [WARN] PackLoader:240 - Cannot read IP mode file for STMicroelectronics.X-CUBE-AZRTOS-H7RS.1.1.0
2025-12-18 10:58:24,277 [WARN] PackLoader:240 - Cannot read IP mode file for STMicroelectronics.X-CUBE-AZRTOS-G4.2.0.0
2025-12-18 10:58:24,293 [WARN] PackLoader:240 - Cannot read IP mode file for STMicroelectronics.X-CUBE-TOF1.3.3.0
2025-12-18 10:58:24,312 [WARN] PackLoader:240 - Cannot read IP mode file for STMicroelectronics.FP-ATR-ASTRA1.1.1.1
2025-12-18 10:58:24,345 [WARN] PackLoader:240 - Cannot read IP mode file for Infineon.AIROC-Wi-Fi-Bluetooth-STM32.1.5.1
2025-12-18 10:58:24,361 [WARN] PackLoader:240 - Cannot read IP mode file for STMicroelectronics.X-CUBE-NFC7.2.0.0
2025-12-18 10:58:24,371 [WARN] PackLoader:240 - Cannot read IP mode file for STMicroelectronics.FP-SNS-MOTENVWB1.1.3.1
2025-12-18 10:58:24,404 [WARN] PackLoader:240 - Cannot read IP mode file for STMicroelectronics.X-CUBE-AZRTOS-G4.1.0.0
2025-12-18 10:58:24,442 [WARN] PackLoader:240 - Cannot read IP mode file for STMicroelectronics.X-CUBE-AZRTOS-L4.1.0.0
2025-12-18 10:58:24,453 [WARN] PackLoader:240 - Cannot read IP mode file for STMicroelectronics.X-CUBE-ISPU.2.0.0
2025-12-18 10:58:24,476 [WARN] PackLoader:240 - Cannot read IP mode file for STMicroelectronics.X-CUBE-IPS.3.1.0
2025-12-18 10:58:24,500 [WARN] PackLoader:240 - Cannot read IP mode file for STMicroelectronics.X-CUBE-ALS.1.0.2
2025-12-18 10:58:24,583 [WARN] PackLoader:240 - Cannot read IP mode file for STMicroelectronics.X-CUBE-MEMS1.10.0.0
2025-12-18 10:58:24,834 [WARN] PackLoader:240 - Cannot read IP mode file for STMicroelectronics.X-CUBE-FREERTOS.1.1.0
2025-12-18 10:58:24,841 [WARN] PackLoader:240 - Cannot read IP mode file for STMicroelectronics.X-CUBE-TOUCHGFX.4.24.0
2025-12-18 10:58:24,894 [WARN] PackLoader:240 - Cannot read IP mode file for STMicroelectronics.X-CUBE-AZRTOS-F7.1.0.0
2025-12-18 10:58:24,905 [WARN] PackLoader:240 - Cannot read IP mode file for STMicroelectronics.X-CUBE-TOUCHGFX.4.24.2
2025-12-18 10:58:24,923 [WARN] PackLoader:240 - Cannot read IP mode file for STMicroelectronics.X-CUBE-AZRTOS-WL.1.0.0
2025-12-18 10:58:24,932 [WARN] PackLoader:240 - Cannot read IP mode file for STMicroelectronics.X-CUBE-TOUCHGFX.4.24.1
2025-12-18 10:58:24,946 [WARN] PackLoader:240 - Cannot read IP mode file for STMicroelectronics.X-CUBE-STSE01.1.0.0
2025-12-18 10:58:25,008 [WARN] PackLoader:240 - Cannot read IP mode file for STMicroelectronics.X-CUBE-MEMS1.9.1.0
2025-12-18 10:58:25,251 [WARN] PackLoader:240 - Cannot read IP mode file for portGmbH.I-Cube-SoM-uGOAL.1.1.0
2025-12-18 10:58:25,258 [WARN] PackLoader:240 - Cannot read IP mode file for STMicroelectronics.X-CUBE-ALS.1.0.1
2025-12-18 10:58:25,265 [WARN] PackLoader:240 - Cannot read IP mode file for STMicroelectronics.X-CUBE-AI.7.0.0
2025-12-18 10:58:25,283 [WARN] PackLoader:240 - Cannot read IP mode file for STMicroelectronics.X-CUBE-AZRTOS-WB.1.1.0
2025-12-18 10:58:25,315 [WARN] PackLoader:240 - Cannot read IP mode file for STMicroelectronics.X-CUBE-AZRTOS-L5.1.0.0
2025-12-18 10:58:25,326 [WARN] PackLoader:240 - Cannot read IP mode file for STMicroelectronics.X-CUBE-EEPRMA1.3.1.0
2025-12-18 10:58:25,334 [WARN] PackLoader:240 - Cannot read IP mode file for STMicroelectronics.X-CUBE-EEPRMA1.3.1.1
2025-12-18 10:58:25,360 [WARN] PackLoader:240 - Cannot read IP mode file for STMicroelectronics.X-CUBE-AZRTOS-H7RS.1.0.0
2025-12-18 10:58:25,380 [WARN] PackLoader:240 - Cannot read IP mode file for STMicroelectronics.X-CUBE-GNSS1.5.2.0
2025-12-18 10:58:25,390 [WARN] PackLoader:240 - Cannot read IP mode file for STMicroelectronics.FP-ATR-ASTRA1.2.0.0
2025-12-18 10:58:25,419 [WARN] PackLoader:240 - Cannot read IP mode file for STMicroelectronics.X-CUBE-TOF1.3.4.2
2025-12-18 10:58:25,475 [WARN] PackLoader:240 - Cannot read IP mode file for STMicroelectronics.X-CUBE-TOF1.3.4.3
2025-12-18 10:58:25,527 [WARN] PackLoader:240 - Cannot read IP mode file for STMicroelectronics.X-CUBE-TOF1.3.4.0
2025-12-18 10:58:25,581 [WARN] PackLoader:240 - Cannot read IP mode file for STMicroelectronics.X-CUBE-TOF1.3.4.1
2025-12-18 10:58:25,638 [WARN] PackLoader:240 - Cannot read IP mode file for STMicroelectronics.X-CUBE-AZRTOS-H7.3.2.0
2025-12-18 10:58:25,652 [WARN] PackLoader:240 - Cannot read IP mode file for wolfSSL.I-CUBE-wolfSSH.1.4.17
2025-12-18 10:58:25,654 [INFO] ThirdParty:978 - Integrity check success = true
2025-12-18 10:58:25,654 [INFO] IntegrityCheckThread:100 - exiting critical section [integrity check]
2025-12-18 10:58:25,654 [INFO] IntegrityCheckThread:103 - End integrity checks thread
2025-12-18 11:01:01,295 [INFO] McuFinderGlobals:63 - Set McuFinder mode to 2 (CubeIDE integrated)
2025-12-18 11:01:01,501 [INFO] MainUpdater:2872 - connection check result : 10
2025-12-18 11:01:01,506 [INFO] MainUpdater:2872 - connection check result : 10
2025-12-18 11:01:01,637 [INFO] MicroXplorer:468 - Change Database Path : 
2025-12-18 11:01:01,638 [INFO] MicroXplorer:498 - Change Database Version : DB.6.0.150
2025-12-18 11:01:01,653 [WARN] ThirdParty:871 - waiting for thirdparty lock release [close project]
2025-12-18 11:01:01,654 [INFO] ThirdParty:873 - entering critical section [close project]
2025-12-18 11:01:01,659 [INFO] ThirdParty:883 - exiting critical section [close project]
2025-12-18 11:01:01,667 [INFO] PinOutPanel:1589 - setPackage(No Configuration,No Configuration)
2025-12-18 11:01:01,671 [INFO] UtilMem:75 - Begin LoadConfig() Used Memory: 236679392 Bytes (377487360)
2025-12-18 11:01:01,675 [INFO] MicroXplorer:468 - Change Database Path : 
2025-12-18 11:01:01,676 [INFO] MicroXplorer:498 - Change Database Version : DB.6.0.150
2025-12-18 11:01:01,676 [INFO] OpenFileManager:355 - Change cursor
2025-12-18 11:01:01,829 [INFO] Mcu:2029 - Initializing MCU STM32G491R(C-E)Tx STM32G491RETx STM32G491RET3
2025-12-18 11:01:08,843 [INFO] Context:786 - Trying to add GPIOservice into a context  which must be forbidden
2025-12-18 11:01:10,599 [INFO] ImportTextPane:234 - (OptionalMessage_ERROR) Pin28 (VP_RIF_VS_RIF1) cannot be retrieved for this MCU
2025-12-18 11:01:10,969 [INFO] RtosManager:558 - Registered RTOS mode: class=CMSIS, group=RTOS, mode=CMSIS_V1, owner=FREERTOS
2025-12-18 11:01:10,969 [INFO] RtosManager:558 - Registered RTOS mode: class=CMSIS, group=RTOS2, mode=CMSIS_V2, owner=FREERTOS
2025-12-18 11:01:10,969 [INFO] RtosManager:558 - Registered RTOS mode: class=RTOS, group=Core, mode=CMSIS_V1, owner=FREERTOS
2025-12-18 11:01:10,969 [INFO] RtosManager:558 - Registered RTOS mode: class=RTOS, group=Core, mode=CMSIS_V2, owner=FREERTOS
2025-12-18 11:01:10,969 [WARN] ModelIntegratedComponent:184 - Missing modes for component STMicroelectronics:FreeRTOS:0.0.1:STMicroelectronics:RTOS:FreeRTOS:Core:::10.2.0:
2025-12-18 11:01:10,980 [WARN] ModelIntegratedComponent:63 - No mode defined for component null
2025-12-18 11:01:10,980 [WARN] ModelIntegratedComponent:63 - No mode defined for component null
2025-12-18 11:01:10,980 [WARN] ModelIntegratedComponent:63 - No mode defined for component null
2025-12-18 11:01:10,980 [WARN] ModelIntegratedComponent:63 - No mode defined for component null
2025-12-18 11:01:10,980 [WARN] ModelIntegratedComponent:63 - No mode defined for component null
2025-12-18 11:01:10,980 [WARN] ModelIntegratedComponent:63 - No mode defined for component null
2025-12-18 11:01:10,980 [WARN] ModelIntegratedComponent:63 - No mode defined for component null
2025-12-18 11:01:10,980 [WARN] ModelIntegratedComponent:63 - No mode defined for component null
2025-12-18 11:01:10,980 [WARN] ModelIntegratedComponent:63 - No mode defined for component null
2025-12-18 11:01:10,980 [WARN] ModelIntegratedComponent:63 - No mode defined for component null
2025-12-18 11:01:10,980 [WARN] ModelIntegratedComponent:63 - No mode defined for component null
2025-12-18 11:01:10,981 [WARN] ModelIntegratedComponent:63 - No mode defined for component null
2025-12-18 11:01:10,981 [WARN] ModelIntegratedComponent:63 - No mode defined for component null
2025-12-18 11:01:10,981 [WARN] ModelIntegratedComponent:63 - No mode defined for component null
2025-12-18 11:01:10,981 [WARN] ModelIntegratedComponent:63 - No mode defined for component null
2025-12-18 11:01:10,981 [WARN] ModelIntegratedComponent:63 - No mode defined for component null
2025-12-18 11:01:10,981 [WARN] ModelIntegratedComponent:63 - No mode defined for component null
2025-12-18 11:01:10,981 [WARN] ModelIntegratedComponent:63 - No mode defined for component null
2025-12-18 11:01:10,981 [WARN] ModelIntegratedComponent:63 - No mode defined for component null
2025-12-18 11:01:10,981 [WARN] ModelIntegratedComponent:63 - No mode defined for component null
2025-12-18 11:01:10,981 [WARN] ModelIntegratedComponent:63 - No mode defined for component null
2025-12-18 11:01:10,981 [WARN] ModelIntegratedComponent:63 - No mode defined for component null
2025-12-18 11:01:10,981 [WARN] ModelIntegratedComponent:63 - No mode defined for component null
2025-12-18 11:01:10,981 [WARN] ModelIntegratedComponent:63 - No mode defined for component null
2025-12-18 11:01:10,981 [WARN] ModelIntegratedComponent:63 - No mode defined for component null
2025-12-18 11:01:10,981 [WARN] ModelIntegratedComponent:63 - No mode defined for component null
2025-12-18 11:01:10,981 [WARN] ModelIntegratedComponent:63 - No mode defined for component null
2025-12-18 11:01:10,982 [WARN] ModelIntegratedComponent:63 - No mode defined for component null
2025-12-18 11:01:10,982 [WARN] ModelIntegratedComponent:63 - No mode defined for component null
2025-12-18 11:01:10,982 [WARN] ModelIntegratedComponent:63 - No mode defined for component null
2025-12-18 11:01:10,982 [WARN] ModelIntegratedComponent:63 - No mode defined for component null
2025-12-18 11:01:10,982 [WARN] ModelIntegratedComponent:63 - No mode defined for component null
2025-12-18 11:01:10,982 [WARN] ModelIntegratedComponent:63 - No mode defined for component null
2025-12-18 11:01:10,982 [WARN] ModelIntegratedComponent:63 - No mode defined for component null
2025-12-18 11:01:10,982 [WARN] ModelIntegratedComponent:63 - No mode defined for component null
2025-12-18 11:01:10,982 [WARN] ModelPack:524 - Component already loaded: STMicroelectronics:HAL Drivers:0.0.0:STMicroelectronics:Device:STMicro_Driver:XSPI:HAL::0.0.1:HAL_XSPI
2025-12-18 11:01:11,833 [INFO] ThirdPartyModel:298 - Start build external matchings
2025-12-18 11:01:21,984 [INFO] ThirdPartyModel:316 - End build external matchings
2025-12-18 11:01:22,315 [INFO] ImportTextPane:234 - (OptionalMessage_ERROR) IP (ADC1) : Parameter (CommonPathInternal) has invalid value (null|null|null|null)
2025-12-18 11:01:22,315 [INFO] ImportTextPane:234 - (OptionalMessage_ERROR) IP (DMA) : Parameter (Instance) has Id (ADC1) currently not set
2025-12-18 11:01:22,315 [INFO] ImportTextPane:234 - (OptionalMessage_ERROR) IP (DMA) : Parameter (Request) has Id (ADC1) currently not set
2025-12-18 11:01:22,315 [INFO] ImportTextPane:234 - (OptionalMessage_ERROR) IP (DMA) : Parameter (Direction) has Id (ADC1) currently not set
2025-12-18 11:01:22,315 [INFO] ImportTextPane:234 - (OptionalMessage_ERROR) IP (DMA) : Parameter (PeriphInc) has Id (ADC1) currently not set
2025-12-18 11:01:22,316 [INFO] ImportTextPane:234 - (OptionalMessage_ERROR) IP (DMA) : Parameter (MemInc) has Id (ADC1) currently not set
2025-12-18 11:01:22,318 [INFO] ImportTextPane:234 - (OptionalMessage_ERROR) IP (DMA) : Parameter (PeriphDataAlignment) has Id (ADC1) currently not set
2025-12-18 11:01:22,319 [INFO] ImportTextPane:234 - (OptionalMessage_ERROR) IP (DMA) : Parameter (MemDataAlignment) has Id (ADC1) currently not set
2025-12-18 11:01:22,319 [INFO] ImportTextPane:234 - (OptionalMessage_ERROR) IP (DMA) : Parameter (Mode) has Id (ADC1) currently not set
2025-12-18 11:01:22,319 [INFO] ImportTextPane:234 - (OptionalMessage_ERROR) IP (DMA) : Parameter (Priority) has Id (ADC1) currently not set
2025-12-18 11:01:22,319 [INFO] ImportTextPane:234 - (OptionalMessage_ERROR) IP (DMA) : Parameter (SignalID) has Id (ADC1) currently not set
2025-12-18 11:01:22,319 [INFO] ImportTextPane:234 - (OptionalMessage_ERROR) IP (DMA) : Parameter (Polarity) has Id (ADC1) currently not set
2025-12-18 11:01:22,319 [INFO] ImportTextPane:234 - (OptionalMessage_ERROR) IP (DMA) : Parameter (RequestNumber) has Id (ADC1) currently not set
2025-12-18 11:01:22,319 [INFO] ImportTextPane:234 - (OptionalMessage_ERROR) IP (DMA) : Parameter (SyncSignalID) has Id (ADC1) currently not set
2025-12-18 11:01:22,320 [INFO] ImportTextPane:234 - (OptionalMessage_ERROR) IP (DMA) : Parameter (SyncPolarity) has Id (ADC1) currently not set
2025-12-18 11:01:22,320 [INFO] ImportTextPane:234 - (OptionalMessage_ERROR) IP (DMA) : Parameter (SyncEnable) has Id (ADC1) currently not set
2025-12-18 11:01:22,320 [INFO] ImportTextPane:234 - (OptionalMessage_ERROR) IP (DMA) : Parameter (EventEnable) has Id (ADC1) currently not set
2025-12-18 11:01:22,320 [INFO] ImportTextPane:234 - (OptionalMessage_ERROR) IP (DMA) : Parameter (SyncRequestNumber) has Id (ADC1) currently not set
2025-12-18 11:01:22,323 [INFO] ImportTextPane:234 - (OptionalMessage_ERROR) IP (RCC) : Invalid parameter (FamilyName)
2025-12-18 11:01:23,364 [INFO] ApiDb:581 - Connected to CubeFinder SQLite database (C:\Users\ivanp\.stmcufinder\plugins\mcufinder\mcu\cube-finder-db.db)
2025-12-18 11:01:23,647 [INFO] ApiDb:668 - CubeFinder database Data Model version=2.1
2025-12-18 11:01:23,647 [INFO] ApiDb:669 - CubeFinder database Configuration version=3.0.39
2025-12-18 11:01:23,648 [INFO] ApiDb:670 - CubeFinder database generation date=2025-10-27 (1761571959)
2025-12-18 11:01:23,648 [INFO] ApiDb:671 - CubeFinder database FW Pack versions=[FP-ATR-ASTRA1_V2.0.0, FP-SNS-FLIGHT1_V5.1.0, FP-SNS-MOTENV1_V5.0.0, FP-SNS-MOTENVWB1_V1.4.0, FP-SNS-SMARTAG2_V1.2.0, FP-SNS-STBOX1_V2.1.0, STM32Cube_FW_C0_V1.4.0, STM32Cube_FW_F4_V1.28.3, STM32Cube_FW_F7_V1.17.4, STM32Cube_FW_G0_V1.6.2, STM32Cube_FW_G4_V1.6.1, STM32Cube_FW_H5_V1.5.0, STM32Cube_FW_H7RS_V1.2.0, STM32Cube_FW_H7_V1.12.1, STM32Cube_FW_L0_V1.12.2, STM32Cube_FW_L4_V1.18.1, STM32Cube_FW_L5_V1.5.1, STM32Cube_FW_N6_V1.2.0, STM32Cube_FW_U0_V1.3.0, STM32Cube_FW_U3_V1.2.1, STM32Cube_FW_U5_V1.8.0, STM32Cube_FW_WB0_V1.3.0, STM32Cube_FW_WBA_V1.7.0, STM32Cube_FW_WB_V1.23.0, STM32Cube_FW_WL3_V1.2.0, STM32Cube_FW_WL_V1.3.1, X-CUBE-ALGOBUILD_V1.4.0, X-CUBE-ALS_V1.0.2, X-CUBE-AZRTOS-F4_V1.1.0, X-CUBE-AZRTOS-F7_V1.1.0, X-CUBE-AZRTOS-G0_V1.1.0, X-CUBE-AZRTOS-G4_V2.0.0, X-CUBE-AZRTOS-H7RS_V1.1.0, X-CUBE-AZRTOS-H7_V3.4.0, X-CUBE-AZRTOS-L4_V2.0.0, X-CUBE-AZRTOS-L5_V2.0.0, X-CUBE-AZRTOS-WB_V2.0.0, X-CUBE-AZRTOS-WL_V2.0.0, X-CUBE-BLE1_V7.1.0, X-CUBE-BLE2_V3.3.0, X-CUBE-BLEMGR_V4.1.0, X-CUBE-EEPRMA1_V5.2.0, X-CUBE-FREERTOS_V1.3.1, X-CUBE-GNSS1_V6.0.0, X-CUBE-MEMS1_V11.3.0, X-CUBE-NFC4_V3.0.0, X-CUBE-NFC7_V2.0.0, X-CUBE-SFXS2LP1_V4.0.0, X-CUBE-ST67W61_V1.1.0, X-CUBE-SUBG2_V5.0.0, X-CUBE-TOF1_V3.4.3]
2025-12-18 11:01:23,973 [INFO] DbBoardsSqlite:226 - include board P-NUCLEO-WB55-NUCLEO as a kit item of type 'Nucleo-64'
2025-12-18 11:01:23,974 [INFO] DbBoardsSqlite:226 - include board P-NUCLEO-WB55-USBDONGLE as a kit item of type 'Nucleo USB Dongle'
2025-12-18 11:01:23,977 [INFO] DbBoardsSqlite:226 - include board STEVAL-IDP005V1 as a kit item of type 'Evaluation Board'
2025-12-18 11:01:23,978 [INFO] DbBoardsSqlite:226 - include board STEVAL-IDP005V2 as a kit item of type 'Evaluation Board'
2025-12-18 11:01:25,748 [INFO] ApiDb:240 - Found 880 in-development CPN: [B-G473E-ZEST1S, B-WB1M-WPAN1, B-WBA5M-WPAN, B-WL5M-SUBG1, NUCLEO-C031C6, NUCLEO-C051C8, NUCLEO-C071RB, NUCLEO-C092RC, NUCLEO-H503RB, NUCLEO-H533RE, NUCLEO-H563ZI, NUCLEO-H7S3L8, NUCLEO-N657X0-Q, NUCLEO-U031R8, NUCLEO-U083RC, NUCLEO-U385RG-Q, NUCLEO-U545RE-Q, NUCLEO-U5A5ZJ-Q, NUCLEO-WB05KZ, NUCLEO-WB07CC, NUCLEO-WB09KE, NUCLEO-WBA52CG, NUCLEO-WBA55CG, NUCLEO-WL33CC1, NUCLEO-WL33CC2, STEVAL-PROTEUS1, STEVAL-SMARTAG2, STEVAL-STWINBX1, STM320518-EVAL, STM32C0116-DK, STM32C011D6Y3TR, STM32C011D6Y6TR, STM32C011F4P3, STM32C011F4P6, STM32C011F4U3, STM32C011F4U6TR, STM32C011F6P3, STM32C011F6P6, STM32C011F6U3, STM32C011F6U6TR, STM32C011J4M3, STM32C011J4M6, STM32C011J6M3, STM32C011J6M6, STM32C0316-DK, STM32C031C4T3, STM32C031C4T6, STM32C031C4U3, STM32C031C4U6, STM32C031C6T3, STM32C031C6T6, STM32C031C6U3, STM32C031C6U6, STM32C031F4P3, STM32C031F4P6, STM32C031F6P3, STM32C031F6P6, STM32C031G4U3, STM32C031G4U6, STM32C031G6U3, STM32C031G6U6, STM32C031K4T3, STM32C031K4T6, STM32C031K4U3, STM32C031K4U6, STM32C031K6T3, STM32C031K6T6, STM32C031K6U3, STM32C031K6U6, STM32C051C6T6, STM32C051C6U6, STM32C051C8T6, STM32C051C8U6, STM32C051D8Y6TR, STM32C051F6P6, STM32C051F8P6, STM32C051G6U6, STM32C051G8U6, STM32C051K6T6, STM32C051K6U6, STM32C051K8T6, STM32C071C8T6, STM32C071C8T6N, STM32C071C8U6, STM32C071C8U6N, STM32C071CBT6, STM32C071CBT6N, STM32C071CBU6, STM32C071CBU6N, STM32C071F8P6, STM32C071F8P6N, STM32C071FBP6, STM32C071FBP6N, STM32C071FBY6TR, STM32C071G8U6, STM32C071G8U6N, STM32C071GBU6, STM32C071GBU6N, STM32C071K8T6, STM32C071K8T6N, STM32C071K8U6, STM32C071K8U6N, STM32C071KBT6, STM32C071KBT6N, STM32C071KBU6, STM32C071KBU6N, STM32C071R8T6, STM32C071R8T6N, STM32C071RBI6N, STM32C071RBT6, STM32C071RBT6N, STM32C091CBT6, STM32C091CBU6, STM32C091CCT6, STM32C091CCU6, STM32C091ECY6TR, STM32C091FBP6, STM32C091FCP6, STM32C091GBU6, STM32C091GCU6, STM32C091KBT6, STM32C091KBU6, STM32C091KCT6, STM32C091KCU6, STM32C091RBT6, STM32C091RCI6, STM32C091RCT6, STM32C092CBT6, STM32C092CBU6, STM32C092CCT6, STM32C092CCU6, STM32C092ECY6TR, STM32C092FBP6, STM32C092FCP6, STM32C092GBU6, STM32C092GCU6, STM32C092KBT6, STM32C092KBU6, STM32C092KCT6, STM32C092KCU6, STM32C092RBT6, STM32C092RCI6, STM32C092RCT6, STM32G071K8TXN, STM32G071K8UXN, STM32G081GBU6N, STM32G081KBT6N, STM32G081KBUXN, STM32G0B1CCT6N, STM32G0B1KCT6, STM32G0B1NEY6TR, STM32G0B1RCT6N, STM32G0C1CCT6, STM32G0C1CCT6N, STM32G0C1CCU6N, STM32G0C1CET6N, STM32G0C1CEU6N, STM32G0C1KCT6, STM32G0C1NEY6TR, STM32G0C1RCI6N, STM32G0C1RCT6N, STM32G0C1REI6N, STM32G0C1RET6N, STM32G0C1VCI6, STM32G0C1VEI6, STM32G411C6T3, STM32G411C6T6, STM32G411C6U3, STM32G411C6U6, STM32G411C8T3, STM32G411C8T6, STM32G411C8U3, STM32G411C8U6, STM32G411CBT3, STM32G411CBT6, STM32G411CBU3, STM32G411CBU6, STM32G411K6T3, STM32G411K6T6, STM32G411K6U3, STM32G411K6U6, STM32G411K8T3, STM32G411K8T6, STM32G411K8U3, STM32G411K8U6, STM32G411KBT3, STM32G411KBT6, STM32G411KBU3, STM32G411KBU6, STM32G411M6T3, STM32G411M6T6, STM32G411M8T3, STM32G411M8T6, STM32G411MBT3, STM32G411MBT6, STM32G411R6T3, STM32G411R6T6, STM32G411R8T3, STM32G411R8T6, STM32G411RBT3, STM32G411RBT6, STM32G414CBT3, STM32G414CBT6, STM32G414CBU3, STM32G414CBU6, STM32G414CCT3, STM32G414CCT6, STM32G414CCU3, STM32G414CCU6, STM32G414MBT3, STM32G414MBT6, STM32G414MCT3, STM32G414MCT6, STM32G414RBT3, STM32G414RBT6, STM32G414RCT3, STM32G414RCT6, STM32G414VBT3, STM32G414VBT6, STM32G414VCT3, STM32G414VCT6, STM32G431CBT3Z, STM32G431RBT3Z, STM32G471CCT6, STM32G471CCU6, STM32G471CET3, STM32G471CET6, STM32G471CEU3, STM32G471CEU6, STM32G471MCT6, STM32G471MET3, STM32G471MET6, STM32G471MEY6TR, STM32G471QCT6, STM32G471QET3, STM32G471RCT6, STM32G471RET3, STM32G471RET6, STM32G471VCH6, STM32G471VCI6, STM32G471VCT6, STM32G471VEH3, STM32G471VEH6, STM32G471VEI3, STM32G471VEI6, STM32G471VET3, STM32G471VET6, STM32G473QET3Z, STM32G473RET3Z, STM32G474CCT6, STM32G491RET3Z, STM32H503CBT6, STM32H503CBU6, STM32H503EBY6TR, STM32H503KBU6, STM32H503RBT6, STM32H523CCT6, STM32H523CCU6, STM32H523CET6, STM32H523CEU6, STM32H523HEY6TR, STM32H523RCT6, STM32H523RET6, STM32H523VCI6, STM32H523VCT6, STM32H523VEI6, STM32H523VET6, STM32H523ZCJ6, STM32H523ZCT6, STM32H523ZEJ6, STM32H523ZET6, STM32H533CET6, STM32H533CEU6, STM32H533HEY6TR, STM32H533RET6, STM32H533VEI6, STM32H533VET6, STM32H533ZEJ6, STM32H533ZET6, STM32H562AGI6, STM32H562AII6, STM32H562IGK6, STM32H562IGT6, STM32H562IIK6, STM32H562IIT6, STM32H562RGT6, STM32H562RGV6, STM32H562RIT6, STM32H562RIV6, STM32H562VGT6, STM32H562VIT6, STM32H562ZGT6, STM32H562ZIT6, STM32H563AGI6, STM32H563AII3Q, STM32H563AII6, STM32H563IGK6, STM32H563IGT6, STM32H563IIK3Q, STM32H563IIK6, STM32H563IIT3Q, STM32H563IIT6, STM32H563MIY3QTR, STM32H563RGT6, STM32H563RGV6, STM32H563RIT6, STM32H563RIV6, STM32H563VGT6, STM32H563VIT3Q, STM32H563VIT6, STM32H563ZGT6, STM32H563ZIT3Q, STM32H563ZIT6, STM32H573AII3Q, STM32H573AII6, STM32H573I-DK, STM32H573IIK3Q, STM32H573IIK6, STM32H573IIT3Q, STM32H573IIT6, STM32H573MIY3QTR, STM32H573RIT6, STM32H573RIV6, STM32H573VIT3Q, STM32H573VIT6, STM32H573ZIT3Q, STM32H573ZIT6, STM32H7R3A8I6, STM32H7R3I8K6, STM32H7R3I8T6, STM32H7R3L8H6, STM32H7R3L8H6H, STM32H7R3R8V6, STM32H7R3V8H6, STM32H7R3V8T6, STM32H7R3V8Y6TR, STM32H7R3Z8J6, STM32H7R3Z8T6, STM32H7R7A8I6, STM32H7R7I8K6, STM32H7R7I8T6, STM32H7R7L8H6, STM32H7R7L8H6H, STM32H7R7Z8J6, STM32H7S3A8I6, STM32H7S3I8K6, STM32H7S3I8T6, STM32H7S3L8H6, STM32H7S3L8H6H, STM32H7S3R8V6, STM32H7S3V8H6, STM32H7S3V8T6, STM32H7S3V8Y6TR, STM32H7S3Z8J6, STM32H7S3Z8T6, STM32H7S78-DK, STM32H7S7A8I6, STM32H7S7I8K6, STM32H7S7I8T6, STM32H7S7L8H6, STM32H7S7L8H6H, STM32H7S7Z8J6, STM32L4R5QGI6STR, STM32MP131AAE3, STM32MP131AAF3, STM32MP131AAG3, STM32MP131CAE3, STM32MP131CAF3, STM32MP131CAG3, STM32MP131DAE7, STM32MP131DAF7, STM32MP131DAG7, STM32MP131FAE7, STM32MP131FAF7, STM32MP131FAG7, STM32MP133AAE3, STM32MP133AAF3, STM32MP133AAG3, STM32MP133CAE3, STM32MP133CAF3, STM32MP133CAG3, STM32MP133DAE7, STM32MP133DAF7, STM32MP133DAG7, STM32MP133FAE7, STM32MP133FAF7, STM32MP133FAG7, STM32MP135AAE3, STM32MP135AAF3, STM32MP135AAG3, STM32MP135CAE3, STM32MP135CAF3, STM32MP135CAG3, STM32MP135DAE7, STM32MP135DAF7, STM32MP135DAG7, STM32MP135F-DK, STM32MP135FAE7, STM32MP135FAF7, STM32MP135FAF7T, STM32MP135FAF7U, STM32MP135FAG7, STM32MP211AAL3, STM32MP211AAM3, STM32MP211AAN3, STM32MP211AAO3, STM32MP211CAL3, STM32MP211CAM3, STM32MP211CAN3, STM32MP211CAO3, STM32MP211DAL3, STM32MP211DAM3, STM32MP211DAN3, STM32MP211DAO3, STM32MP211FAL3, STM32MP211FAM3, STM32MP211FAN3, STM32MP211FAO3, STM32MP213AAL3, STM32MP213AAM3, STM32MP213AAN3, STM32MP213AAO3, STM32MP213CAL3, STM32MP213CAM3, STM32MP213CAN3, STM32MP213CAO3, STM32MP213DAL3, STM32MP213DAM3, STM32MP213DAN3, STM32MP213DAO3, STM32MP213FAL3, STM32MP213FAM3, STM32MP213FAN3, STM32MP213FAO3, STM32MP215AAL3, STM32MP215AAM3, STM32MP215AAN3, STM32MP215AAO3, STM32MP215CAL3, STM32MP215CAM3, STM32MP215CAN3, STM32MP215CAO3, STM32MP215DAL3, STM32MP215DAM3, STM32MP215DAN3, STM32MP215DAO3, STM32MP215F-DK, STM32MP215FAL3, STM32MP215FAM3, STM32MP215FAN3, STM32MP215FAO3, STM32MP231AAJ3, STM32MP231AAK3, STM32MP231AAL3, STM32MP231CAJ3, STM32MP231CAK3, STM32MP231CAL3, STM32MP231DAJ3, STM32MP231DAK3, STM32MP231DAL3, STM32MP231FAJ3, STM32MP231FAK3, STM32MP231FAL3, STM32MP233AAJ3, STM32MP233AAK3, STM32MP233AAL3, STM32MP233CAJ3, STM32MP233CAK3, STM32MP233CAL3, STM32MP233DAJ3, STM32MP233DAK3, STM32MP233DAL3, STM32MP233FAJ3, STM32MP233FAK3, STM32MP233FAL3, STM32MP235AAJ3, STM32MP235AAK3, STM32MP235AAL3, STM32MP235CAJ3, STM32MP235CAK3, STM32MP235CAL3, STM32MP235DAJ3, STM32MP235DAK3, STM32MP235DAL3, STM32MP235FAJ3, STM32MP235FAK3, STM32MP235FAL3, STM32MP251AAI3, STM32MP251AAK3, STM32MP251AAL3, STM32MP251CAI3, STM32MP251CAK3, STM32MP251CAL3, STM32MP251DAI3, STM32MP251DAK3, STM32MP251DAL3, STM32MP251FAI3, STM32MP251FAK3, STM32MP251FAL3, STM32MP253AAI3, STM32MP253AAK3, STM32MP253AAL3, STM32MP253CAI3, STM32MP253CAK3, STM32MP253CAL3, STM32MP253DAI3, STM32MP253DAK3, STM32MP253DAL3, STM32MP253FAI3, STM32MP253FAK3, STM32MP253FAL3, STM32MP255AAI3, STM32MP255AAK3, STM32MP255AAL3, STM32MP255CAI3, STM32MP255CAK3, STM32MP255CAL3, STM32MP255DAI3, STM32MP255DAK3, STM32MP255DAL3, STM32MP255FAI3, STM32MP255FAK3, STM32MP255FAL3, STM32MP257AAI3, STM32MP257AAK3, STM32MP257AAL3, STM32MP257CAI3, STM32MP257CAK3, STM32MP257CAL3, STM32MP257DAI3, STM32MP257DAK3, STM32MP257DAL3, STM32MP257F-DK, STM32MP257F-EV1, STM32MP257FAI3, STM32MP257FAK3, STM32MP257FAL3, STM32N645A0H3Q, STM32N645B0H3Q, STM32N645I0H3Q, STM32N645L0H3Q, STM32N645X0H3Q, STM32N645Z0H3Q, STM32N647A0H3Q, STM32N647B0H3Q, STM32N647I0H3Q, STM32N647L0H3Q, STM32N647X0H3Q, STM32N647Z0H3Q, STM32N655A0H3Q, STM32N655B0H3Q, STM32N655I0H3Q, STM32N655L0H3Q, STM32N655X0H3Q, STM32N655Z0H3Q, STM32N6570-DK, STM32N657A0H3Q, STM32N657B0H3Q, STM32N657I0H3Q, STM32N657L0H3Q, STM32N657X0H3Q, STM32N657Z0H3Q, STM32U031C6T6, STM32U031C6U6, STM32U031C8T6, STM32U031C8U6, STM32U031F4P6, STM32U031F6P6, STM32U031F8P6, STM32U031G6Y6TR, STM32U031G8Y6TR, STM32U031K4U6, STM32U031K6U6, STM32U031K8U6, STM32U031R6I6, STM32U031R6T6, STM32U031R8I6, STM32U031R8T6, STM32U073C8T6, STM32U073C8U6, STM32U073CBT6, STM32U073CBU6, STM32U073CCT6, STM32U073CCU6, STM32U073H8Y6TR, STM32U073HBY6TR, STM32U073HCY6TR, STM32U073K8U6, STM32U073KBU6, STM32U073KCU6, STM32U073M8I6, STM32U073M8T6, STM32U073MBI6, STM32U073MBT6, STM32U073MCI6, STM32U073MCT6, STM32U073R8I6, STM32U073R8T6, STM32U073RBI6, STM32U073RBT6, STM32U073RCI6, STM32U073RCT6, STM32U083C-DK, STM32U083CCT6, STM32U083CCU6, STM32U083HCY6TR, STM32U083KCU6, STM32U083MCI6, STM32U083MCT6, STM32U083RCI6, STM32U083RCT6, STM32U375CET6, STM32U375CET6Q, STM32U375CEU6, STM32U375CEU6Q, STM32U375CEY6QTR, STM32U375CGT6, STM32U375CGT6Q, STM32U375CGU6, STM32U375CGU6Q, STM32U375CGY6QTR, STM32U375KEU6, STM32U375KGU6, STM32U375REI6, STM32U375REI6Q, STM32U375RET6, STM32U375RET6Q, STM32U375REY6GTR, STM32U375REY6QTR, STM32U375RGI6, STM32U375RGI6Q, STM32U375RGT6, STM32U375RGT6Q, STM32U375RGY6GTR, STM32U375RGY6QTR, STM32U375VEI6, STM32U375VEI6Q, STM32U375VET6, STM32U375VET6Q, STM32U375VGI6, STM32U375VGI6Q, STM32U375VGT6, STM32U375VGT6Q, STM32U385CGT6, STM32U385CGT6Q, STM32U385CGU6, STM32U385CGU6Q, STM32U385CGY6QTR, STM32U385KGU6, STM32U385RGI6, STM32U385RGI6Q, STM32U385RGT6, STM32U385RGT6Q, STM32U385RGY6GTR, STM32U385RGY6QTR, STM32U385VGI6, STM32U385VGI6Q, STM32U385VGT6, STM32U385VGT6Q, STM32U535CBT6, STM32U535CBT6Q, STM32U535CBU6, STM32U535CBU6Q, STM32U535CCT6, STM32U535CCT6Q, STM32U535CCU6, STM32U535CCU6Q, STM32U535CET6, STM32U535CET6Q, STM32U535CEU6, STM32U535CEU6Q, STM32U535JEY6QTR, STM32U535NCY6QTR, STM32U535NEY6QTR, STM32U535RBI6, STM32U535RBI6Q, STM32U535RBT6, STM32U535RBT6Q, STM32U535RCI6, STM32U535RCI6Q, STM32U535RCT6, STM32U535RCT6Q, STM32U535REI6, STM32U535REI6Q, STM32U535RET6, STM32U535RET6Q, STM32U535VCI6, STM32U535VCI6Q, STM32U535VCT6, STM32U535VCT6Q, STM32U535VEI6, STM32U535VEI6Q, STM32U535VET6, STM32U535VET6Q, STM32U545CET6, STM32U545CET6Q, STM32U545CEU6, STM32U545CEU6Q, STM32U545JEY6QTR, STM32U545NEY6QTR, STM32U545REI6, STM32U545REI6Q, STM32U545RET6, STM32U545RET6Q, STM32U545VEI6, STM32U545VEI6Q, STM32U545VET6, STM32U545VET6Q, STM32U595AIH6, STM32U595AIH6Q, STM32U595AJH6, STM32U595AJH6Q, STM32U595QII6, STM32U595QII6Q, STM32U595QJI6, STM32U595QJI6Q, STM32U595RIT6, STM32U595RIT6Q, STM32U595RJT6, STM32U595RJT6Q, STM32U595VIT6, STM32U595VIT6Q, STM32U595VJT6, STM32U595VJT6Q, STM32U595ZIT6, STM32U595ZIT6Q, STM32U595ZIY6QTR, STM32U595ZJT6, STM32U595ZJT6Q, STM32U595ZJY6QTR, STM32U599BJY6QTR, STM32U599NIH6Q, STM32U599NJH6Q, STM32U599VIT6Q, STM32U599VJT6, STM32U599VJT6Q, STM32U599ZIT6Q, STM32U599ZIY6QTR, STM32U599ZJT6Q, STM32U599ZJY6QTR, STM32U5A5AJH6, STM32U5A5AJH6Q, STM32U5A5QII3Q , STM32U5A5QJI6, STM32U5A5QJI6Q, STM32U5A5RJT6, STM32U5A5RJT6Q, STM32U5A5VJT6, STM32U5A5VJT6Q, STM32U5A5ZJT6, STM32U5A5ZJT6Q, STM32U5A5ZJY6QTR, STM32U5A9BJY6QTR, STM32U5A9J-DK, STM32U5A9NJH6Q, STM32U5A9VJT6Q, STM32U5A9ZJT6Q, STM32U5A9ZJY6QTR, STM32U5F7VIT6, STM32U5F7VIT6Q, STM32U5F7VJT6, STM32U5F7VJT6Q, STM32U5F9BJY6QTR, STM32U5F9NJH6Q, STM32U5F9VIT6Q, STM32U5F9VJT6Q, STM32U5F9ZIJ6QTR, STM32U5F9ZIT6Q, STM32U5F9ZJJ6QTR, STM32U5F9ZJT6Q, STM32U5G7VJT6, STM32U5G7VJT6Q, STM32U5G9BJY6QTR, STM32U5G9J-DK1, STM32U5G9J-DK2, STM32U5G9NJH6Q, STM32U5G9VJT6Q, STM32U5G9ZJJ6QTR, STM32U5G9ZJT6Q, STM32WB05KZV6TR, STM32WB05KZV7TR, STM32WB05TZF6TR, STM32WB05TZF7TR, STM32WB06CCF6TR, STM32WB06CCF7TR, STM32WB06CCV6TR, STM32WB06CCV7TR, STM32WB06KCV6TR, STM32WB06KCV7TR, STM32WB07CCF6TR, STM32WB07CCF7TR, STM32WB07CCV6TR, STM32WB07CCV7TR, STM32WB07KCV6TR, STM32WB07KCV7TR, STM32WB09KEV6TR, STM32WB09KEV7TR, STM32WB09TEF6TR, STM32WB09TEF7TR, STM32WB1MMCH6, STM32WBA50KGU6, STM32WBA50KGU6TR, STM32WBA52CEU6, STM32WBA52CEU6TR, STM32WBA52CEU7, STM32WBA52CEU7TR, STM32WBA52CGU6, STM32WBA52CGU6TR, STM32WBA52CGU6U, STM32WBA52CGU7, STM32WBA52CGU7TR, STM32WBA52KEU6, STM32WBA52KEU6TR, STM32WBA52KGU6, STM32WBA52KGU6TR, STM32WBA54CEU6, STM32WBA54CEU6TR, STM32WBA54CEU7, STM32WBA54CEU7TR, STM32WBA54CGU6, STM32WBA54CGU6TR, STM32WBA54CGU7, STM32WBA54CGU7TR, STM32WBA54KEU6, STM32WBA54KEU6TR, STM32WBA54KEU7, STM32WBA54KEU7TR, STM32WBA54KGU6, STM32WBA54KGU6TR, STM32WBA54KGU7, STM32WBA54KGU7TR, STM32WBA55CEU6, STM32WBA55CEU6TR, STM32WBA55CEU7, STM32WBA55CEU7TR, STM32WBA55CGU6, STM32WBA55CGU6TR, STM32WBA55CGU6U, STM32WBA55CGU7, STM32WBA55CGU7TR, STM32WBA55G-DK1, STM32WBA55HEF6, STM32WBA55HEF7, STM32WBA55HGF6, STM32WBA55HGF7, STM32WBA55UEI6, STM32WBA55UEI6TR, STM32WBA55UEI7, STM32WBA55UEI7TR, STM32WBA55UGI6, STM32WBA55UGI6TR, STM32WBA55UGI7, STM32WBA55UGI7TR, STM32WBA5MMGH6TR, STM32WBA62MGF6, STM32WBA62MIF6, STM32WBA65MGF7, STM32WBA65MIF6, STM32WBA65MIF7, STM32WL30K8V6, STM32WL30KBV6, STM32WL31C8V6, STM32WL31CBV6, STM32WL31K8V6, STM32WL31KBV6, STM32WL33C8V6, STM32WL33C8V6X, STM32WL33CBV6, STM32WL33CBV6X, STM32WL33CCV6, STM32WL33CCV6A, STM32WL33CCV6X, STM32WL33K8V7, STM32WL33K8V7X, STM32WL33KBV7 , STM32WL33KBV7X, STM32WL33KCV7, STM32WL33KCV7X, STM32WL5MOCH6, STM32WL5MOCH6TR]
2025-12-18 11:01:26,256 [INFO] BoardInfo:889 - No configuration file found for board P-NUCLEO-WB55
2025-12-18 11:01:26,259 [INFO] DbBoards:161 - Kit is not supported: P-NUCLEO-WB55
2025-12-18 11:01:26,272 [INFO] BoardInfo:889 - No configuration file found for board STEVAL-BFA001V1B
2025-12-18 11:01:26,274 [INFO] DbBoards:161 - Kit is not supported: STEVAL-BFA001V1B
2025-12-18 11:01:26,275 [INFO] BoardInfo:889 - No configuration file found for board STEVAL-BFA001V2B
2025-12-18 11:01:26,277 [INFO] DbBoards:161 - Kit is not supported: STEVAL-BFA001V2B
2025-12-18 11:01:26,759 [INFO] DbBoards:168 - Found 212 boards, 209 are supported
2025-12-18 11:01:26,760 [INFO] DbBoards:169 - Found 212 boards, 43 of them is supported for  Bsp
2025-12-18 11:01:26,764 [INFO] ApiDb:668 - CubeFinder database Data Model version=2.1
2025-12-18 11:01:26,765 [INFO] ApiDb:669 - CubeFinder database Configuration version=3.0.39
2025-12-18 11:01:26,765 [INFO] ApiDb:670 - CubeFinder database generation date=2025-10-27 (1761571959)
2025-12-18 11:01:26,765 [INFO] ApiDb:671 - CubeFinder database FW Pack versions=[FP-ATR-ASTRA1_V2.0.0, FP-SNS-FLIGHT1_V5.1.0, FP-SNS-MOTENV1_V5.0.0, FP-SNS-MOTENVWB1_V1.4.0, FP-SNS-SMARTAG2_V1.2.0, FP-SNS-STBOX1_V2.1.0, STM32Cube_FW_C0_V1.4.0, STM32Cube_FW_F4_V1.28.3, STM32Cube_FW_F7_V1.17.4, STM32Cube_FW_G0_V1.6.2, STM32Cube_FW_G4_V1.6.1, STM32Cube_FW_H5_V1.5.0, STM32Cube_FW_H7RS_V1.2.0, STM32Cube_FW_H7_V1.12.1, STM32Cube_FW_L0_V1.12.2, STM32Cube_FW_L4_V1.18.1, STM32Cube_FW_L5_V1.5.1, STM32Cube_FW_N6_V1.2.0, STM32Cube_FW_U0_V1.3.0, STM32Cube_FW_U3_V1.2.1, STM32Cube_FW_U5_V1.8.0, STM32Cube_FW_WB0_V1.3.0, STM32Cube_FW_WBA_V1.7.0, STM32Cube_FW_WB_V1.23.0, STM32Cube_FW_WL3_V1.2.0, STM32Cube_FW_WL_V1.3.1, X-CUBE-ALGOBUILD_V1.4.0, X-CUBE-ALS_V1.0.2, X-CUBE-AZRTOS-F4_V1.1.0, X-CUBE-AZRTOS-F7_V1.1.0, X-CUBE-AZRTOS-G0_V1.1.0, X-CUBE-AZRTOS-G4_V2.0.0, X-CUBE-AZRTOS-H7RS_V1.1.0, X-CUBE-AZRTOS-H7_V3.4.0, X-CUBE-AZRTOS-L4_V2.0.0, X-CUBE-AZRTOS-L5_V2.0.0, X-CUBE-AZRTOS-WB_V2.0.0, X-CUBE-AZRTOS-WL_V2.0.0, X-CUBE-BLE1_V7.1.0, X-CUBE-BLE2_V3.3.0, X-CUBE-BLEMGR_V4.1.0, X-CUBE-EEPRMA1_V5.2.0, X-CUBE-FREERTOS_V1.3.1, X-CUBE-GNSS1_V6.0.0, X-CUBE-MEMS1_V11.3.0, X-CUBE-NFC4_V3.0.0, X-CUBE-NFC7_V2.0.0, X-CUBE-SFXS2LP1_V4.0.0, X-CUBE-ST67W61_V1.1.0, X-CUBE-SUBG2_V5.0.0, X-CUBE-TOF1_V3.4.3]
2025-12-18 11:01:30,535 [INFO] ApiDb:240 - Found 880 in-development CPN: [B-G473E-ZEST1S, B-WB1M-WPAN1, B-WBA5M-WPAN, B-WL5M-SUBG1, NUCLEO-C031C6, NUCLEO-C051C8, NUCLEO-C071RB, NUCLEO-C092RC, NUCLEO-H503RB, NUCLEO-H533RE, NUCLEO-H563ZI, NUCLEO-H7S3L8, NUCLEO-N657X0-Q, NUCLEO-U031R8, NUCLEO-U083RC, NUCLEO-U385RG-Q, NUCLEO-U545RE-Q, NUCLEO-U5A5ZJ-Q, NUCLEO-WB05KZ, NUCLEO-WB07CC, NUCLEO-WB09KE, NUCLEO-WBA52CG, NUCLEO-WBA55CG, NUCLEO-WL33CC1, NUCLEO-WL33CC2, STEVAL-PROTEUS1, STEVAL-SMARTAG2, STEVAL-STWINBX1, STM320518-EVAL, STM32C0116-DK, STM32C011D6Y3TR, STM32C011D6Y6TR, STM32C011F4P3, STM32C011F4P6, STM32C011F4U3, STM32C011F4U6TR, STM32C011F6P3, STM32C011F6P6, STM32C011F6U3, STM32C011F6U6TR, STM32C011J4M3, STM32C011J4M6, STM32C011J6M3, STM32C011J6M6, STM32C0316-DK, STM32C031C4T3, STM32C031C4T6, STM32C031C4U3, STM32C031C4U6, STM32C031C6T3, STM32C031C6T6, STM32C031C6U3, STM32C031C6U6, STM32C031F4P3, STM32C031F4P6, STM32C031F6P3, STM32C031F6P6, STM32C031G4U3, STM32C031G4U6, STM32C031G6U3, STM32C031G6U6, STM32C031K4T3, STM32C031K4T6, STM32C031K4U3, STM32C031K4U6, STM32C031K6T3, STM32C031K6T6, STM32C031K6U3, STM32C031K6U6, STM32C051C6T6, STM32C051C6U6, STM32C051C8T6, STM32C051C8U6, STM32C051D8Y6TR, STM32C051F6P6, STM32C051F8P6, STM32C051G6U6, STM32C051G8U6, STM32C051K6T6, STM32C051K6U6, STM32C051K8T6, STM32C071C8T6, STM32C071C8T6N, STM32C071C8U6, STM32C071C8U6N, STM32C071CBT6, STM32C071CBT6N, STM32C071CBU6, STM32C071CBU6N, STM32C071F8P6, STM32C071F8P6N, STM32C071FBP6, STM32C071FBP6N, STM32C071FBY6TR, STM32C071G8U6, STM32C071G8U6N, STM32C071GBU6, STM32C071GBU6N, STM32C071K8T6, STM32C071K8T6N, STM32C071K8U6, STM32C071K8U6N, STM32C071KBT6, STM32C071KBT6N, STM32C071KBU6, STM32C071KBU6N, STM32C071R8T6, STM32C071R8T6N, STM32C071RBI6N, STM32C071RBT6, STM32C071RBT6N, STM32C091CBT6, STM32C091CBU6, STM32C091CCT6, STM32C091CCU6, STM32C091ECY6TR, STM32C091FBP6, STM32C091FCP6, STM32C091GBU6, STM32C091GCU6, STM32C091KBT6, STM32C091KBU6, STM32C091KCT6, STM32C091KCU6, STM32C091RBT6, STM32C091RCI6, STM32C091RCT6, STM32C092CBT6, STM32C092CBU6, STM32C092CCT6, STM32C092CCU6, STM32C092ECY6TR, STM32C092FBP6, STM32C092FCP6, STM32C092GBU6, STM32C092GCU6, STM32C092KBT6, STM32C092KBU6, STM32C092KCT6, STM32C092KCU6, STM32C092RBT6, STM32C092RCI6, STM32C092RCT6, STM32G071K8TXN, STM32G071K8UXN, STM32G081GBU6N, STM32G081KBT6N, STM32G081KBUXN, STM32G0B1CCT6N, STM32G0B1KCT6, STM32G0B1NEY6TR, STM32G0B1RCT6N, STM32G0C1CCT6, STM32G0C1CCT6N, STM32G0C1CCU6N, STM32G0C1CET6N, STM32G0C1CEU6N, STM32G0C1KCT6, STM32G0C1NEY6TR, STM32G0C1RCI6N, STM32G0C1RCT6N, STM32G0C1REI6N, STM32G0C1RET6N, STM32G0C1VCI6, STM32G0C1VEI6, STM32G411C6T3, STM32G411C6T6, STM32G411C6U3, STM32G411C6U6, STM32G411C8T3, STM32G411C8T6, STM32G411C8U3, STM32G411C8U6, STM32G411CBT3, STM32G411CBT6, STM32G411CBU3, STM32G411CBU6, STM32G411K6T3, STM32G411K6T6, STM32G411K6U3, STM32G411K6U6, STM32G411K8T3, STM32G411K8T6, STM32G411K8U3, STM32G411K8U6, STM32G411KBT3, STM32G411KBT6, STM32G411KBU3, STM32G411KBU6, STM32G411M6T3, STM32G411M6T6, STM32G411M8T3, STM32G411M8T6, STM32G411MBT3, STM32G411MBT6, STM32G411R6T3, STM32G411R6T6, STM32G411R8T3, STM32G411R8T6, STM32G411RBT3, STM32G411RBT6, STM32G414CBT3, STM32G414CBT6, STM32G414CBU3, STM32G414CBU6, STM32G414CCT3, STM32G414CCT6, STM32G414CCU3, STM32G414CCU6, STM32G414MBT3, STM32G414MBT6, STM32G414MCT3, STM32G414MCT6, STM32G414RBT3, STM32G414RBT6, STM32G414RCT3, STM32G414RCT6, STM32G414VBT3, STM32G414VBT6, STM32G414VCT3, STM32G414VCT6, STM32G431CBT3Z, STM32G431RBT3Z, STM32G471CCT6, STM32G471CCU6, STM32G471CET3, STM32G471CET6, STM32G471CEU3, STM32G471CEU6, STM32G471MCT6, STM32G471MET3, STM32G471MET6, STM32G471MEY6TR, STM32G471QCT6, STM32G471QET3, STM32G471RCT6, STM32G471RET3, STM32G471RET6, STM32G471VCH6, STM32G471VCI6, STM32G471VCT6, STM32G471VEH3, STM32G471VEH6, STM32G471VEI3, STM32G471VEI6, STM32G471VET3, STM32G471VET6, STM32G473QET3Z, STM32G473RET3Z, STM32G474CCT6, STM32G491RET3Z, STM32H503CBT6, STM32H503CBU6, STM32H503EBY6TR, STM32H503KBU6, STM32H503RBT6, STM32H523CCT6, STM32H523CCU6, STM32H523CET6, STM32H523CEU6, STM32H523HEY6TR, STM32H523RCT6, STM32H523RET6, STM32H523VCI6, STM32H523VCT6, STM32H523VEI6, STM32H523VET6, STM32H523ZCJ6, STM32H523ZCT6, STM32H523ZEJ6, STM32H523ZET6, STM32H533CET6, STM32H533CEU6, STM32H533HEY6TR, STM32H533RET6, STM32H533VEI6, STM32H533VET6, STM32H533ZEJ6, STM32H533ZET6, STM32H562AGI6, STM32H562AII6, STM32H562IGK6, STM32H562IGT6, STM32H562IIK6, STM32H562IIT6, STM32H562RGT6, STM32H562RGV6, STM32H562RIT6, STM32H562RIV6, STM32H562VGT6, STM32H562VIT6, STM32H562ZGT6, STM32H562ZIT6, STM32H563AGI6, STM32H563AII3Q, STM32H563AII6, STM32H563IGK6, STM32H563IGT6, STM32H563IIK3Q, STM32H563IIK6, STM32H563IIT3Q, STM32H563IIT6, STM32H563MIY3QTR, STM32H563RGT6, STM32H563RGV6, STM32H563RIT6, STM32H563RIV6, STM32H563VGT6, STM32H563VIT3Q, STM32H563VIT6, STM32H563ZGT6, STM32H563ZIT3Q, STM32H563ZIT6, STM32H573AII3Q, STM32H573AII6, STM32H573I-DK, STM32H573IIK3Q, STM32H573IIK6, STM32H573IIT3Q, STM32H573IIT6, STM32H573MIY3QTR, STM32H573RIT6, STM32H573RIV6, STM32H573VIT3Q, STM32H573VIT6, STM32H573ZIT3Q, STM32H573ZIT6, STM32H7R3A8I6, STM32H7R3I8K6, STM32H7R3I8T6, STM32H7R3L8H6, STM32H7R3L8H6H, STM32H7R3R8V6, STM32H7R3V8H6, STM32H7R3V8T6, STM32H7R3V8Y6TR, STM32H7R3Z8J6, STM32H7R3Z8T6, STM32H7R7A8I6, STM32H7R7I8K6, STM32H7R7I8T6, STM32H7R7L8H6, STM32H7R7L8H6H, STM32H7R7Z8J6, STM32H7S3A8I6, STM32H7S3I8K6, STM32H7S3I8T6, STM32H7S3L8H6, STM32H7S3L8H6H, STM32H7S3R8V6, STM32H7S3V8H6, STM32H7S3V8T6, STM32H7S3V8Y6TR, STM32H7S3Z8J6, STM32H7S3Z8T6, STM32H7S78-DK, STM32H7S7A8I6, STM32H7S7I8K6, STM32H7S7I8T6, STM32H7S7L8H6, STM32H7S7L8H6H, STM32H7S7Z8J6, STM32L4R5QGI6STR, STM32MP131AAE3, STM32MP131AAF3, STM32MP131AAG3, STM32MP131CAE3, STM32MP131CAF3, STM32MP131CAG3, STM32MP131DAE7, STM32MP131DAF7, STM32MP131DAG7, STM32MP131FAE7, STM32MP131FAF7, STM32MP131FAG7, STM32MP133AAE3, STM32MP133AAF3, STM32MP133AAG3, STM32MP133CAE3, STM32MP133CAF3, STM32MP133CAG3, STM32MP133DAE7, STM32MP133DAF7, STM32MP133DAG7, STM32MP133FAE7, STM32MP133FAF7, STM32MP133FAG7, STM32MP135AAE3, STM32MP135AAF3, STM32MP135AAG3, STM32MP135CAE3, STM32MP135CAF3, STM32MP135CAG3, STM32MP135DAE7, STM32MP135DAF7, STM32MP135DAG7, STM32MP135F-DK, STM32MP135FAE7, STM32MP135FAF7, STM32MP135FAF7T, STM32MP135FAF7U, STM32MP135FAG7, STM32MP211AAL3, STM32MP211AAM3, STM32MP211AAN3, STM32MP211AAO3, STM32MP211CAL3, STM32MP211CAM3, STM32MP211CAN3, STM32MP211CAO3, STM32MP211DAL3, STM32MP211DAM3, STM32MP211DAN3, STM32MP211DAO3, STM32MP211FAL3, STM32MP211FAM3, STM32MP211FAN3, STM32MP211FAO3, STM32MP213AAL3, STM32MP213AAM3, STM32MP213AAN3, STM32MP213AAO3, STM32MP213CAL3, STM32MP213CAM3, STM32MP213CAN3, STM32MP213CAO3, STM32MP213DAL3, STM32MP213DAM3, STM32MP213DAN3, STM32MP213DAO3, STM32MP213FAL3, STM32MP213FAM3, STM32MP213FAN3, STM32MP213FAO3, STM32MP215AAL3, STM32MP215AAM3, STM32MP215AAN3, STM32MP215AAO3, STM32MP215CAL3, STM32MP215CAM3, STM32MP215CAN3, STM32MP215CAO3, STM32MP215DAL3, STM32MP215DAM3, STM32MP215DAN3, STM32MP215DAO3, STM32MP215F-DK, STM32MP215FAL3, STM32MP215FAM3, STM32MP215FAN3, STM32MP215FAO3, STM32MP231AAJ3, STM32MP231AAK3, STM32MP231AAL3, STM32MP231CAJ3, STM32MP231CAK3, STM32MP231CAL3, STM32MP231DAJ3, STM32MP231DAK3, STM32MP231DAL3, STM32MP231FAJ3, STM32MP231FAK3, STM32MP231FAL3, STM32MP233AAJ3, STM32MP233AAK3, STM32MP233AAL3, STM32MP233CAJ3, STM32MP233CAK3, STM32MP233CAL3, STM32MP233DAJ3, STM32MP233DAK3, STM32MP233DAL3, STM32MP233FAJ3, STM32MP233FAK3, STM32MP233FAL3, STM32MP235AAJ3, STM32MP235AAK3, STM32MP235AAL3, STM32MP235CAJ3, STM32MP235CAK3, STM32MP235CAL3, STM32MP235DAJ3, STM32MP235DAK3, STM32MP235DAL3, STM32MP235FAJ3, STM32MP235FAK3, STM32MP235FAL3, STM32MP251AAI3, STM32MP251AAK3, STM32MP251AAL3, STM32MP251CAI3, STM32MP251CAK3, STM32MP251CAL3, STM32MP251DAI3, STM32MP251DAK3, STM32MP251DAL3, STM32MP251FAI3, STM32MP251FAK3, STM32MP251FAL3, STM32MP253AAI3, STM32MP253AAK3, STM32MP253AAL3, STM32MP253CAI3, STM32MP253CAK3, STM32MP253CAL3, STM32MP253DAI3, STM32MP253DAK3, STM32MP253DAL3, STM32MP253FAI3, STM32MP253FAK3, STM32MP253FAL3, STM32MP255AAI3, STM32MP255AAK3, STM32MP255AAL3, STM32MP255CAI3, STM32MP255CAK3, STM32MP255CAL3, STM32MP255DAI3, STM32MP255DAK3, STM32MP255DAL3, STM32MP255FAI3, STM32MP255FAK3, STM32MP255FAL3, STM32MP257AAI3, STM32MP257AAK3, STM32MP257AAL3, STM32MP257CAI3, STM32MP257CAK3, STM32MP257CAL3, STM32MP257DAI3, STM32MP257DAK3, STM32MP257DAL3, STM32MP257F-DK, STM32MP257F-EV1, STM32MP257FAI3, STM32MP257FAK3, STM32MP257FAL3, STM32N645A0H3Q, STM32N645B0H3Q, STM32N645I0H3Q, STM32N645L0H3Q, STM32N645X0H3Q, STM32N645Z0H3Q, STM32N647A0H3Q, STM32N647B0H3Q, STM32N647I0H3Q, STM32N647L0H3Q, STM32N647X0H3Q, STM32N647Z0H3Q, STM32N655A0H3Q, STM32N655B0H3Q, STM32N655I0H3Q, STM32N655L0H3Q, STM32N655X0H3Q, STM32N655Z0H3Q, STM32N6570-DK, STM32N657A0H3Q, STM32N657B0H3Q, STM32N657I0H3Q, STM32N657L0H3Q, STM32N657X0H3Q, STM32N657Z0H3Q, STM32U031C6T6, STM32U031C6U6, STM32U031C8T6, STM32U031C8U6, STM32U031F4P6, STM32U031F6P6, STM32U031F8P6, STM32U031G6Y6TR, STM32U031G8Y6TR, STM32U031K4U6, STM32U031K6U6, STM32U031K8U6, STM32U031R6I6, STM32U031R6T6, STM32U031R8I6, STM32U031R8T6, STM32U073C8T6, STM32U073C8U6, STM32U073CBT6, STM32U073CBU6, STM32U073CCT6, STM32U073CCU6, STM32U073H8Y6TR, STM32U073HBY6TR, STM32U073HCY6TR, STM32U073K8U6, STM32U073KBU6, STM32U073KCU6, STM32U073M8I6, STM32U073M8T6, STM32U073MBI6, STM32U073MBT6, STM32U073MCI6, STM32U073MCT6, STM32U073R8I6, STM32U073R8T6, STM32U073RBI6, STM32U073RBT6, STM32U073RCI6, STM32U073RCT6, STM32U083C-DK, STM32U083CCT6, STM32U083CCU6, STM32U083HCY6TR, STM32U083KCU6, STM32U083MCI6, STM32U083MCT6, STM32U083RCI6, STM32U083RCT6, STM32U375CET6, STM32U375CET6Q, STM32U375CEU6, STM32U375CEU6Q, STM32U375CEY6QTR, STM32U375CGT6, STM32U375CGT6Q, STM32U375CGU6, STM32U375CGU6Q, STM32U375CGY6QTR, STM32U375KEU6, STM32U375KGU6, STM32U375REI6, STM32U375REI6Q, STM32U375RET6, STM32U375RET6Q, STM32U375REY6GTR, STM32U375REY6QTR, STM32U375RGI6, STM32U375RGI6Q, STM32U375RGT6, STM32U375RGT6Q, STM32U375RGY6GTR, STM32U375RGY6QTR, STM32U375VEI6, STM32U375VEI6Q, STM32U375VET6, STM32U375VET6Q, STM32U375VGI6, STM32U375VGI6Q, STM32U375VGT6, STM32U375VGT6Q, STM32U385CGT6, STM32U385CGT6Q, STM32U385CGU6, STM32U385CGU6Q, STM32U385CGY6QTR, STM32U385KGU6, STM32U385RGI6, STM32U385RGI6Q, STM32U385RGT6, STM32U385RGT6Q, STM32U385RGY6GTR, STM32U385RGY6QTR, STM32U385VGI6, STM32U385VGI6Q, STM32U385VGT6, STM32U385VGT6Q, STM32U535CBT6, STM32U535CBT6Q, STM32U535CBU6, STM32U535CBU6Q, STM32U535CCT6, STM32U535CCT6Q, STM32U535CCU6, STM32U535CCU6Q, STM32U535CET6, STM32U535CET6Q, STM32U535CEU6, STM32U535CEU6Q, STM32U535JEY6QTR, STM32U535NCY6QTR, STM32U535NEY6QTR, STM32U535RBI6, STM32U535RBI6Q, STM32U535RBT6, STM32U535RBT6Q, STM32U535RCI6, STM32U535RCI6Q, STM32U535RCT6, STM32U535RCT6Q, STM32U535REI6, STM32U535REI6Q, STM32U535RET6, STM32U535RET6Q, STM32U535VCI6, STM32U535VCI6Q, STM32U535VCT6, STM32U535VCT6Q, STM32U535VEI6, STM32U535VEI6Q, STM32U535VET6, STM32U535VET6Q, STM32U545CET6, STM32U545CET6Q, STM32U545CEU6, STM32U545CEU6Q, STM32U545JEY6QTR, STM32U545NEY6QTR, STM32U545REI6, STM32U545REI6Q, STM32U545RET6, STM32U545RET6Q, STM32U545VEI6, STM32U545VEI6Q, STM32U545VET6, STM32U545VET6Q, STM32U595AIH6, STM32U595AIH6Q, STM32U595AJH6, STM32U595AJH6Q, STM32U595QII6, STM32U595QII6Q, STM32U595QJI6, STM32U595QJI6Q, STM32U595RIT6, STM32U595RIT6Q, STM32U595RJT6, STM32U595RJT6Q, STM32U595VIT6, STM32U595VIT6Q, STM32U595VJT6, STM32U595VJT6Q, STM32U595ZIT6, STM32U595ZIT6Q, STM32U595ZIY6QTR, STM32U595ZJT6, STM32U595ZJT6Q, STM32U595ZJY6QTR, STM32U599BJY6QTR, STM32U599NIH6Q, STM32U599NJH6Q, STM32U599VIT6Q, STM32U599VJT6, STM32U599VJT6Q, STM32U599ZIT6Q, STM32U599ZIY6QTR, STM32U599ZJT6Q, STM32U599ZJY6QTR, STM32U5A5AJH6, STM32U5A5AJH6Q, STM32U5A5QII3Q , STM32U5A5QJI6, STM32U5A5QJI6Q, STM32U5A5RJT6, STM32U5A5RJT6Q, STM32U5A5VJT6, STM32U5A5VJT6Q, STM32U5A5ZJT6, STM32U5A5ZJT6Q, STM32U5A5ZJY6QTR, STM32U5A9BJY6QTR, STM32U5A9J-DK, STM32U5A9NJH6Q, STM32U5A9VJT6Q, STM32U5A9ZJT6Q, STM32U5A9ZJY6QTR, STM32U5F7VIT6, STM32U5F7VIT6Q, STM32U5F7VJT6, STM32U5F7VJT6Q, STM32U5F9BJY6QTR, STM32U5F9NJH6Q, STM32U5F9VIT6Q, STM32U5F9VJT6Q, STM32U5F9ZIJ6QTR, STM32U5F9ZIT6Q, STM32U5F9ZJJ6QTR, STM32U5F9ZJT6Q, STM32U5G7VJT6, STM32U5G7VJT6Q, STM32U5G9BJY6QTR, STM32U5G9J-DK1, STM32U5G9J-DK2, STM32U5G9NJH6Q, STM32U5G9VJT6Q, STM32U5G9ZJJ6QTR, STM32U5G9ZJT6Q, STM32WB05KZV6TR, STM32WB05KZV7TR, STM32WB05TZF6TR, STM32WB05TZF7TR, STM32WB06CCF6TR, STM32WB06CCF7TR, STM32WB06CCV6TR, STM32WB06CCV7TR, STM32WB06KCV6TR, STM32WB06KCV7TR, STM32WB07CCF6TR, STM32WB07CCF7TR, STM32WB07CCV6TR, STM32WB07CCV7TR, STM32WB07KCV6TR, STM32WB07KCV7TR, STM32WB09KEV6TR, STM32WB09KEV7TR, STM32WB09TEF6TR, STM32WB09TEF7TR, STM32WB1MMCH6, STM32WBA50KGU6, STM32WBA50KGU6TR, STM32WBA52CEU6, STM32WBA52CEU6TR, STM32WBA52CEU7, STM32WBA52CEU7TR, STM32WBA52CGU6, STM32WBA52CGU6TR, STM32WBA52CGU6U, STM32WBA52CGU7, STM32WBA52CGU7TR, STM32WBA52KEU6, STM32WBA52KEU6TR, STM32WBA52KGU6, STM32WBA52KGU6TR, STM32WBA54CEU6, STM32WBA54CEU6TR, STM32WBA54CEU7, STM32WBA54CEU7TR, STM32WBA54CGU6, STM32WBA54CGU6TR, STM32WBA54CGU7, STM32WBA54CGU7TR, STM32WBA54KEU6, STM32WBA54KEU6TR, STM32WBA54KEU7, STM32WBA54KEU7TR, STM32WBA54KGU6, STM32WBA54KGU6TR, STM32WBA54KGU7, STM32WBA54KGU7TR, STM32WBA55CEU6, STM32WBA55CEU6TR, STM32WBA55CEU7, STM32WBA55CEU7TR, STM32WBA55CGU6, STM32WBA55CGU6TR, STM32WBA55CGU6U, STM32WBA55CGU7, STM32WBA55CGU7TR, STM32WBA55G-DK1, STM32WBA55HEF6, STM32WBA55HEF7, STM32WBA55HGF6, STM32WBA55HGF7, STM32WBA55UEI6, STM32WBA55UEI6TR, STM32WBA55UEI7, STM32WBA55UEI7TR, STM32WBA55UGI6, STM32WBA55UGI6TR, STM32WBA55UGI7, STM32WBA55UGI7TR, STM32WBA5MMGH6TR, STM32WBA62MGF6, STM32WBA62MIF6, STM32WBA65MGF7, STM32WBA65MIF6, STM32WBA65MIF7, STM32WL30K8V6, STM32WL30KBV6, STM32WL31C8V6, STM32WL31CBV6, STM32WL31K8V6, STM32WL31KBV6, STM32WL33C8V6, STM32WL33C8V6X, STM32WL33CBV6, STM32WL33CBV6X, STM32WL33CCV6, STM32WL33CCV6A, STM32WL33CCV6X, STM32WL33K8V7, STM32WL33K8V7X, STM32WL33KBV7 , STM32WL33KBV7X, STM32WL33KCV7, STM32WL33KCV7X, STM32WL5MOCH6, STM32WL5MOCH6TR]
2025-12-18 11:01:30,541 [INFO] DbMcus:218 - Found 4801 MCUs, 4801 are supported
2025-12-18 11:01:30,543 [INFO] ApiDb:423 - Load user favorites file C:\Users\ivanp/.stm32cubeide/favorites.mcus.txt: 0 item(s)
2025-12-18 11:01:30,544 [INFO] ApiDb:427 - User favorites MCUs=[]
2025-12-18 11:01:30,544 [INFO] DbMcus:224 - Set 0 / 0 favorites MCUs
2025-12-18 11:01:31,325 [INFO] ApiDb:423 - Load user favorites file C:\Users\ivanp/.stm32cubeide/favorites.boards.txt: 0 item(s)
2025-12-18 11:01:31,326 [INFO] ApiDb:427 - User favorites Boards=[]
2025-12-18 11:01:31,326 [INFO] DbBoards:198 - Set 0 / 0 favorites Boards
2025-12-18 11:01:31,456 [INFO] UtilMem:75 - End LoadConfig() Used Memory: 482430008 Bytes (573571072)
2025-12-18 11:01:31,759 [WARN] ThirdParty:833 - waiting for thirdparty lock release [change project]
2025-12-18 11:01:31,760 [INFO] ThirdParty:835 - entering critical section [change project]
2025-12-18 11:01:31,760 [INFO] ThirdParty:1030 - CMSIS Pack Vendor :STMicroelectronics USBPD 4.1
2025-12-18 11:01:31,760 [INFO] ThirdParty:1030 - CMSIS Pack Vendor :STMicroelectronics USB_HOST 2.0.0
2025-12-18 11:01:31,760 [INFO] ThirdParty:1030 - CMSIS Pack Vendor :STMicroelectronics FP-SNS-MOTENVWB1 1.4.0
2025-12-18 11:01:31,760 [INFO] ThirdParty:1030 - CMSIS Pack Vendor :STMicroelectronics FP-ATR-ASTRA1 2.0.2
2025-12-18 11:01:31,760 [INFO] ThirdParty:1030 - CMSIS Pack Vendor :STMicroelectronics FP-ATR-ASTRA1 2.0.1
2025-12-18 11:01:31,760 [INFO] ThirdParty:1030 - CMSIS Pack Vendor :STMicroelectronics X-CUBE-SMBUS 2.1.0
2025-12-18 11:01:31,760 [INFO] ThirdParty:1030 - CMSIS Pack Vendor :STMicroelectronics X-CUBE-WB05N 1.1.0
2025-12-18 11:01:31,760 [INFO] ThirdParty:1030 - CMSIS Pack Vendor :STMicroelectronics X-CUBE-TOUCHGFX 4.23.0
2025-12-18 11:01:31,760 [INFO] ThirdParty:1030 - CMSIS Pack Vendor :STMicroelectronics X-CUBE-TOUCHGFX 4.23.2
2025-12-18 11:01:31,760 [INFO] ThirdParty:1030 - CMSIS Pack Vendor :STMicroelectronics X-CUBE-AZRTOS-F7 1.1.0
2025-12-18 11:01:31,760 [INFO] ThirdParty:1030 - CMSIS Pack Vendor :STMicroelectronics USB_DEVICE 2.0.0
2025-12-18 11:01:31,761 [INFO] ThirdParty:1030 - CMSIS Pack Vendor :STMicroelectronics FP-SNS-MOTENV1 4.3.2
2025-12-18 11:01:31,761 [INFO] ThirdParty:1030 - CMSIS Pack Vendor :STMicroelectronics FP-SNS-MOTENV1 4.3.1
2025-12-18 11:01:31,761 [INFO] ThirdParty:1030 - CMSIS Pack Vendor :STMicroelectronics FP-SNS-FLIGHT1 5.0.1
2025-12-18 11:01:31,761 [INFO] ThirdParty:1030 - CMSIS Pack Vendor :STMicroelectronics X-CUBE-BLE1 6.2.3
2025-12-18 11:01:31,761 [INFO] ThirdParty:1030 - CMSIS Pack Vendor :STMicroelectronics X-CUBE-MEMS1 11.0.0
2025-12-18 11:01:31,761 [INFO] ThirdParty:1030 - CMSIS Pack Vendor :STMicroelectronics X-CUBE-BLE1 6.2.4
2025-12-18 11:01:31,761 [INFO] ThirdParty:1030 - CMSIS Pack Vendor :STMicroelectronics FP-SNS-MOTENV1 5.1.0
2025-12-18 11:01:31,761 [INFO] ThirdParty:1030 - CMSIS Pack Vendor :STMicroelectronics FreeRTOS 0.0.1
2025-12-18 11:01:31,761 [INFO] ThirdParty:1030 - CMSIS Pack Vendor :STMicroelectronics X-CUBE-BLE1 6.2.2
2025-12-18 11:01:31,761 [INFO] ThirdParty:1030 - CMSIS Pack Vendor :STMicroelectronics FP-SNS-FLIGHT1 5.0.2
2025-12-18 11:01:31,761 [INFO] ThirdParty:1030 - CMSIS Pack Vendor :STMicroelectronics X-CUBE-BLE2 3.2.2
2025-12-18 11:01:31,761 [INFO] ThirdParty:1030 - CMSIS Pack Vendor :STMicroelectronics X-CUBE-AZRTOS-H7 3.4.0
2025-12-18 11:01:31,761 [INFO] ThirdParty:1030 - CMSIS Pack Vendor :STMicroelectronics X-CUBE-DISPLAY 3.0.0
2025-12-18 11:01:31,761 [INFO] ThirdParty:1030 - CMSIS Pack Vendor :STMicroelectronics X-CUBE-BLE1 7.0.0
2025-12-18 11:01:31,761 [INFO] ThirdParty:1030 - CMSIS Pack Vendor :STMicroelectronics X-CUBE-NFC10 1.0.0
2025-12-18 11:01:31,761 [INFO] ThirdParty:1030 - CMSIS Pack Vendor :STMicroelectronics X-CUBE-BLEMGR 4.0.0
2025-12-18 11:01:31,761 [INFO] ThirdParty:1030 - CMSIS Pack Vendor :STMicroelectronics HAL Drivers 0.0.0
2025-12-18 11:01:31,761 [INFO] ThirdParty:1030 - CMSIS Pack Vendor :STMicroelectronics X-CUBE-ST60 1.1.0
2025-12-18 11:01:31,761 [INFO] ThirdParty:1030 - CMSIS Pack Vendor :STMicroelectronics X-CUBE-TOUCHGFX 4.22.0
2025-12-18 11:01:31,762 [INFO] ThirdParty:1030 - CMSIS Pack Vendor :STMicroelectronics X-CUBE-GNSS1 7.1.0
2025-12-18 11:01:31,762 [INFO] ThirdParty:1030 - CMSIS Pack Vendor :STMicroelectronics X-CUBE-TOUCHGFX 4.22.1
2025-12-18 11:01:31,762 [INFO] ThirdParty:1030 - CMSIS Pack Vendor :STMicroelectronics X-CUBE-SUBG2 4.2.0
2025-12-18 11:01:31,762 [INFO] ThirdParty:1030 - CMSIS Pack Vendor :STMicroelectronics X-CUBE-MEMS1 9.3.0
2025-12-18 11:01:31,762 [INFO] ThirdParty:1030 - CMSIS Pack Vendor :STMicroelectronics X-CUBE-AI 7.2.0
2025-12-18 11:01:31,762 [INFO] ThirdParty:1030 - CMSIS Pack Vendor :STMicroelectronics X-CUBE-BLEMGR 3.1.0
2025-12-18 11:01:31,762 [INFO] ThirdParty:1030 - CMSIS Pack Vendor :STMicroelectronics X-CUBE-AI 10.0.0
2025-12-18 11:01:31,762 [INFO] ThirdParty:1030 - CMSIS Pack Vendor :STMicroelectronics FP-SNS-STBOX1 2.1.0
2025-12-18 11:01:31,762 [INFO] ThirdParty:1030 - CMSIS Pack Vendor :STMicroelectronics FP-SNS-SMARTAG2 1.2.0
2025-12-18 11:01:31,762 [INFO] ThirdParty:1030 - CMSIS Pack Vendor :STMicroelectronics FP-SNS-FLIGHT1 5.1.0
2025-12-18 11:01:31,762 [INFO] ThirdParty:1030 - CMSIS Pack Vendor :STMicroelectronics X-CUBE-MEMS1 11.1.0
2025-12-18 11:01:31,762 [INFO] ThirdParty:1030 - CMSIS Pack Vendor :STMicroelectronics X-CUBE-AZRTOS-WL 2.0.0
2025-12-18 11:01:31,762 [INFO] ThirdParty:1030 - CMSIS Pack Vendor :STMicroelectronics X-CUBE-ALGOBUILD 1.2.1
2025-12-18 11:01:31,762 [INFO] ThirdParty:1030 - CMSIS Pack Vendor :STMicroelectronics FP-SNS-MOTENV1 5.0.0
2025-12-18 11:01:31,762 [INFO] ThirdParty:1030 - CMSIS Pack Vendor :STMicroelectronics X-CUBE-AZRTOS-H7RS 1.2.0
2025-12-18 11:01:31,762 [INFO] ThirdParty:1030 - CMSIS Pack Vendor :wolfSSL I-CUBE-wolfMQTT 1.19.0
2025-12-18 11:01:31,762 [INFO] ThirdParty:1030 - CMSIS Pack Vendor :STMicroelectronics ThreadX 0.0.2
2025-12-18 11:01:31,762 [INFO] ThirdParty:1030 - CMSIS Pack Vendor :WES I-CUBE-Cesium 1.3.0
2025-12-18 11:01:31,762 [INFO] ThirdParty:1030 - CMSIS Pack Vendor :STMicroelectronics X-CUBE-BLE2 3.3.0
2025-12-18 11:01:31,763 [INFO] ThirdParty:1030 - CMSIS Pack Vendor :Avnet-IOTCONNECT X-CUBE-iotc-st67-sdk 1.0.0
2025-12-18 11:01:31,763 [INFO] ThirdParty:1030 - CMSIS Pack Vendor :STMicroelectronics X-CUBE-DISPLAY 2.2.0
2025-12-18 11:01:31,763 [INFO] ThirdParty:1030 - CMSIS Pack Vendor :STMicroelectronics X-CUBE-TOF1 3.2.0
2025-12-18 11:01:31,763 [INFO] ThirdParty:1030 - CMSIS Pack Vendor :STMicroelectronics X-CUBE-TOUCHGFX 4.18.1
2025-12-18 11:01:31,763 [INFO] ThirdParty:1030 - CMSIS Pack Vendor :STMicroelectronics X-CUBE-ISPU 1.0.0
2025-12-18 11:01:31,763 [INFO] ThirdParty:1030 - CMSIS Pack Vendor :wolfSSL I-CUBE-wolfSSL 5.0.0
2025-12-18 11:01:31,763 [INFO] ThirdParty:1030 - CMSIS Pack Vendor :STMicroelectronics X-CUBE-NFC9 1.0.0
2025-12-18 11:01:31,763 [INFO] ThirdParty:1030 - CMSIS Pack Vendor :STMicroelectronics X-CUBE-AZRTOS-H7 2.1.0
2025-12-18 11:01:31,763 [INFO] ThirdParty:1030 - CMSIS Pack Vendor :STMicroelectronics X-CUBE-BLE1 7.1.0
2025-12-18 11:01:31,763 [INFO] ThirdParty:1030 - CMSIS Pack Vendor :STMicroelectronics USB_DEVICE 3.0.0
2025-12-18 11:01:31,763 [INFO] ThirdParty:1030 - CMSIS Pack Vendor :STMicroelectronics X-CUBE-TCPP 4.1.0
2025-12-18 11:01:31,763 [INFO] ThirdParty:1030 - CMSIS Pack Vendor :STMicroelectronics X-CUBE-FREERTOS 1.4.0
2025-12-18 11:01:31,763 [INFO] ThirdParty:1030 - CMSIS Pack Vendor :STMicroelectronics X-CUBE-EEPRMA1 5.2.0
2025-12-18 11:01:31,763 [INFO] ThirdParty:1030 - CMSIS Pack Vendor :STMicroelectronics X-CUBE-TOUCHGFX 4.21.1
2025-12-18 11:01:31,763 [INFO] ThirdParty:1030 - CMSIS Pack Vendor :STMicroelectronics X-CUBE-TOUCHGFX 4.21.0
2025-12-18 11:01:31,763 [INFO] ThirdParty:1030 - CMSIS Pack Vendor :STMicroelectronics X-CUBE-TOUCHGFX 4.21.3
2025-12-18 11:01:31,763 [INFO] ThirdParty:1030 - CMSIS Pack Vendor :STMicroelectronics X-CUBE-TOUCHGFX 4.21.4
2025-12-18 11:01:31,764 [INFO] ThirdParty:1030 - CMSIS Pack Vendor :STMicroelectronics X-CUBE-MEMS1 9.4.0
2025-12-18 11:01:31,764 [INFO] ThirdParty:1030 - CMSIS Pack Vendor :STMicroelectronics X-CUBE-AI 7.3.0
2025-12-18 11:01:31,764 [INFO] ThirdParty:1030 - CMSIS Pack Vendor :STMicroelectronics X-CUBE-ST67W61 1.1.0
2025-12-18 11:01:31,764 [INFO] ThirdParty:1030 - CMSIS Pack Vendor :STMicroelectronics X-CUBE-MEMS1 12.0.0
2025-12-18 11:01:31,764 [INFO] ThirdParty:1030 - CMSIS Pack Vendor :STMicroelectronics X-CUBE-ALGOBUILD 1.3.0
2025-12-18 11:01:31,764 [INFO] ThirdParty:1030 - CMSIS Pack Vendor :STMicroelectronics X-CUBE-AZRTOS-G0 1.1.0
2025-12-18 11:01:31,764 [INFO] ThirdParty:1030 - CMSIS Pack Vendor :STMicroelectronics X-CUBE-SAFEA1 1.2.2
2025-12-18 11:01:31,764 [INFO] ThirdParty:1030 - CMSIS Pack Vendor :STMicroelectronics X-CUBE-NFC4 3.0.0
2025-12-18 11:01:31,764 [INFO] ThirdParty:1030 - CMSIS Pack Vendor :SEGGER I-CUBE-embOS 1.2.0
2025-12-18 11:01:31,764 [INFO] ThirdParty:1030 - CMSIS Pack Vendor :wolfSSL I-CUBE-wolfMQTT 1.18.0
2025-12-18 11:01:31,764 [INFO] ThirdParty:1030 - CMSIS Pack Vendor :EmbeddedOffice I-CUBE-FS-RTOS 1.0.1
2025-12-18 11:01:31,764 [INFO] ThirdParty:1030 - CMSIS Pack Vendor :STMicroelectronics X-CUBE-WB05N 2.0.0
2025-12-18 11:01:31,764 [INFO] ThirdParty:1030 - CMSIS Pack Vendor :STMicroelectronics PDM2PCM 3.1.0
2025-12-18 11:01:31,765 [INFO] ThirdParty:1030 - CMSIS Pack Vendor :STMicroelectronics X-CUBE-BLEMGR 3.0.0
2025-12-18 11:01:31,765 [INFO] ThirdParty:1030 - CMSIS Pack Vendor :STMicroelectronics X-CUBE-BLEMGR 1.3.0
2025-12-18 11:01:31,765 [INFO] ThirdParty:1030 - CMSIS Pack Vendor :STMicroelectronics X-CUBE-TCPP 4.2.0
2025-12-18 11:01:31,765 [INFO] ThirdParty:1030 - CMSIS Pack Vendor :RealThread X-CUBE-RT-Thread_Nano 4.1.1
2025-12-18 11:01:31,765 [INFO] ThirdParty:1030 - CMSIS Pack Vendor :STMicroelectronics X-CUBE-AZRTOS-H7 2.0.0
2025-12-18 11:01:31,765 [INFO] ThirdParty:1030 - CMSIS Pack Vendor :STMicroelectronics FP-ATR-SIGFOX1 3.2.0
2025-12-18 11:01:31,765 [INFO] ThirdParty:1030 - CMSIS Pack Vendor :quantropi X-CUBE-qispace-sdk-base 1.9.3
2025-12-18 11:01:31,765 [INFO] ThirdParty:1030 - CMSIS Pack Vendor :STMicroelectronics X-CUBE-EEPRMA1 5.1.0
2025-12-18 11:01:31,765 [INFO] ThirdParty:1030 - CMSIS Pack Vendor :STMicroelectronics MBEDTLS 2.16.2
2025-12-18 11:01:31,765 [INFO] ThirdParty:1030 - CMSIS Pack Vendor :emotas I-CUBE-CANOPEN 1.1.2
2025-12-18 11:01:31,765 [INFO] ThirdParty:1030 - CMSIS Pack Vendor :STMicroelectronics X-CUBE-TOUCHGFX 4.20.0
2025-12-18 11:01:31,765 [INFO] ThirdParty:1030 - CMSIS Pack Vendor :STMicroelectronics X-CUBE-MEMS1 9.5.0
2025-12-18 11:01:31,765 [INFO] ThirdParty:1030 - CMSIS Pack Vendor :STMicroelectronics X-CUBE-AI 10.2.0
2025-12-18 11:01:31,765 [INFO] ThirdParty:1030 - CMSIS Pack Vendor :STMicroelectronics ThreadX 1.0.0
2025-12-18 11:01:31,765 [INFO] ThirdParty:1030 - CMSIS Pack Vendor :SEGGER I-CUBE-embOS 1.3.1
2025-12-18 11:01:31,765 [INFO] ThirdParty:1030 - CMSIS Pack Vendor :STMicroelectronics X-CUBE-ALGOBUILD 1.4.0
2025-12-18 11:01:31,766 [INFO] ThirdParty:1030 - CMSIS Pack Vendor :STMicroelectronics X-CUBE-MEMS1 11.3.0
2025-12-18 11:01:31,766 [INFO] ThirdParty:1030 - CMSIS Pack Vendor :STMicroelectronics X-CUBE-DISPLAY 2.0.0
2025-12-18 11:01:31,766 [INFO] ThirdParty:1030 - CMSIS Pack Vendor :STMicroelectronics X-CUBE-AI 9.1.0
2025-12-18 11:01:31,766 [INFO] ThirdParty:1030 - CMSIS Pack Vendor :STMicroelectronics X-CUBE-PM33A1 1.0.0
2025-12-18 11:01:31,766 [INFO] ThirdParty:1030 - CMSIS Pack Vendor :STMicroelectronics X-CUBE-GNSS1 6.0.0
2025-12-18 11:01:31,766 [INFO] ThirdParty:1030 - CMSIS Pack Vendor :STMicroelectronics X-CUBE-AZRTOS-F4 1.1.0
2025-12-18 11:01:31,766 [INFO] ThirdParty:1030 - CMSIS Pack Vendor :STMicroelectronics LIBJPEG 8.0.0
2025-12-18 11:01:31,766 [INFO] ThirdParty:1030 - CMSIS Pack Vendor :STMicroelectronics X-CUBE-ISPU 2.1.0
2025-12-18 11:01:31,766 [INFO] ThirdParty:1030 - CMSIS Pack Vendor :STMicroelectronics X-CUBE-IPS 3.2.0
2025-12-18 11:01:31,766 [INFO] ThirdParty:1030 - CMSIS Pack Vendor :STMicroelectronics X-CUBE-FREERTOS 1.2.0
2025-12-18 11:01:31,767 [INFO] ThirdParty:1030 - CMSIS Pack Vendor :STMicroelectronics X-CUBE-NFC12 1.0.0
2025-12-18 11:01:31,767 [INFO] ThirdParty:1030 - CMSIS Pack Vendor :STMicroelectronics X-CUBE-BLEMGR 1.2.0
2025-12-18 11:01:31,767 [INFO] ThirdParty:1030 - CMSIS Pack Vendor :STMicroelectronics X-CUBE-AZRTOS-L5 2.0.0
2025-12-18 11:01:31,767 [INFO] ThirdParty:1030 - CMSIS Pack Vendor :STMicroelectronics X-CUBE-MEMS1 9.6.0
2025-12-18 11:01:31,767 [INFO] ThirdParty:1030 - CMSIS Pack Vendor :STMicroelectronics X-CUBE-EEPRMA1 4.2.0
2025-12-18 11:01:31,767 [INFO] ThirdParty:1030 - CMSIS Pack Vendor :STMicroelectronics X-CUBE-NFC6 3.1.0
2025-12-18 11:01:31,767 [INFO] ThirdParty:1030 - CMSIS Pack Vendor :ITTIA_DB I-CUBE-ITTIADB 8.8.0
2025-12-18 11:01:31,767 [INFO] ThirdParty:1030 - CMSIS Pack Vendor :STMicroelectronics X-CUBE-BLEMGR 2.0.0
2025-12-18 11:01:31,767 [INFO] ThirdParty:1030 - CMSIS Pack Vendor :STMicroelectronics X-CUBE-DPower 1.2.0
2025-12-18 11:01:31,767 [INFO] ThirdParty:1030 - CMSIS Pack Vendor :STMicroelectronics X-CUBE-NFC4 2.0.5
2025-12-18 11:01:31,767 [INFO] ThirdParty:1030 - CMSIS Pack Vendor :STMicroelectronics X-CUBE-NFC4 2.0.4
2025-12-18 11:01:31,767 [INFO] ThirdParty:1030 - CMSIS Pack Vendor :STMicroelectronics X-CUBE-NFC4 2.0.3
2025-12-18 11:01:31,767 [INFO] ThirdParty:1030 - CMSIS Pack Vendor :STMicroelectronics X-CUBE-AI 9.0.0
2025-12-18 11:01:31,767 [INFO] ThirdParty:1030 - CMSIS Pack Vendor :STMicroelectronics X-CUBE-AZRTOS-H7 3.1.0
2025-12-18 11:01:31,769 [INFO] ThirdParty:1030 - CMSIS Pack Vendor :STMicroelectronics PDM2PCM 3.3.0
2025-12-18 11:01:31,769 [INFO] ThirdParty:1030 - CMSIS Pack Vendor :STMicroelectronics X-CUBE-SFXS2LP1 3.1.0
2025-12-18 11:01:31,769 [INFO] ThirdParty:1030 - CMSIS Pack Vendor :STMicroelectronics X-CUBE-AZRTOS-F4 1.0.0
2025-12-18 11:01:31,769 [INFO] ThirdParty:1030 - CMSIS Pack Vendor :STMicroelectronics X-CUBE-TOF1 2.0.0
2025-12-18 11:01:31,769 [INFO] ThirdParty:1030 - CMSIS Pack Vendor :STMicroelectronics X-CUBE-FREERTOS 1.3.1
2025-12-18 11:01:31,769 [INFO] ThirdParty:1030 - CMSIS Pack Vendor :STMicroelectronics X-CUBE-FREERTOS 1.3.0
2025-12-18 11:01:31,769 [INFO] ThirdParty:1030 - CMSIS Pack Vendor :STMicroelectronics X-CUBE-NFC7 1.0.1
2025-12-18 11:01:31,769 [INFO] ThirdParty:1030 - CMSIS Pack Vendor :STMicroelectronics MBEDTLS 2.14.1
2025-12-18 11:01:31,769 [INFO] ThirdParty:1030 - CMSIS Pack Vendor :STMicroelectronics X-CUBE-NFC7 1.0.0
2025-12-18 11:01:31,769 [INFO] ThirdParty:1030 - CMSIS Pack Vendor :wolfSSL I-CUBE-wolfTPM 3.2.0
2025-12-18 11:01:31,769 [INFO] ThirdParty:1030 - CMSIS Pack Vendor :STMicroelectronics X-CUBE-TOUCHGFX 4.26.0
2025-12-18 11:01:31,770 [INFO] ThirdParty:1030 - CMSIS Pack Vendor :STMicroelectronics X-CUBE-NFC6 3.0.0
2025-12-18 11:01:31,770 [INFO] ThirdParty:1030 - CMSIS Pack Vendor :STMicroelectronics X-CUBE-EEPRMA1 4.1.0
2025-12-18 11:01:31,770 [INFO] ThirdParty:1030 - CMSIS Pack Vendor :STMicroelectronics FP-SNS-STAIOTCFT 1.0.0
2025-12-18 11:01:31,770 [INFO] ThirdParty:1030 - CMSIS Pack Vendor :STMicroelectronics X-CUBE-DPower 1.3.0
2025-12-18 11:01:31,770 [INFO] ThirdParty:1030 - CMSIS Pack Vendor :STMicroelectronics USB_DEVICE 1.0.0
2025-12-18 11:01:31,770 [INFO] ThirdParty:1030 - CMSIS Pack Vendor :STMicroelectronics X-CUBE-AI 8.1.0
2025-12-18 11:01:31,770 [INFO] ThirdParty:1030 - CMSIS Pack Vendor :STMicroelectronics X-CUBE-AZRTOS-L4 2.0.0
2025-12-18 11:01:31,770 [INFO] ThirdParty:1030 - CMSIS Pack Vendor :STMicroelectronics lwIP 2.1.2
2025-12-18 11:01:31,770 [INFO] ThirdParty:1030 - CMSIS Pack Vendor :STMicroelectronics X-CUBE-SFXS2LP1 4.0.0
2025-12-18 11:01:31,770 [INFO] ThirdParty:1030 - CMSIS Pack Vendor :STMicroelectronics PDM2PCM 3.2.0
2025-12-18 11:01:31,770 [INFO] ThirdParty:1030 - CMSIS Pack Vendor :STMicroelectronics X-CUBE-AZRTOS-H7 3.0.0
2025-12-18 11:01:31,770 [INFO] ThirdParty:1030 - CMSIS Pack Vendor :STMicroelectronics X-CUBE-ISPU 1.1.0
2025-12-18 11:01:31,770 [INFO] ThirdParty:1030 - CMSIS Pack Vendor :STMicroelectronics X-CUBE-AZRTOS-H7 3.3.0
2025-12-18 11:01:31,770 [INFO] ThirdParty:1030 - CMSIS Pack Vendor :RoweBots I-CUBE-UNISONRTOS 5.5.0-4
2025-12-18 11:01:31,771 [INFO] ThirdParty:1030 - CMSIS Pack Vendor :STMicroelectronics X-CUBE-BLEMGR 4.1.0
2025-12-18 11:01:31,771 [INFO] ThirdParty:1030 - CMSIS Pack Vendor :STMicroelectronics X-CUBE-AI 8.0.0
2025-12-18 11:01:31,771 [INFO] ThirdParty:1030 - CMSIS Pack Vendor :STMicroelectronics X-CUBE-IPS 3.0.0
2025-12-18 11:01:31,771 [INFO] ThirdParty:1030 - CMSIS Pack Vendor :STMicroelectronics X-CUBE-AZRTOS-WB 2.0.0
2025-12-18 11:01:31,771 [INFO] ThirdParty:1030 - CMSIS Pack Vendor :STMicroelectronics X-CUBE-FREERTOS 1.0.0
2025-12-18 11:01:31,771 [INFO] ThirdParty:1030 - CMSIS Pack Vendor :STMicroelectronics X-CUBE-FREERTOS 1.0.1
2025-12-18 11:01:31,771 [INFO] ThirdParty:1030 - CMSIS Pack Vendor :STMicroelectronics X-CUBE-GNSS1 7.0.0
2025-12-18 11:01:31,771 [INFO] ThirdParty:1030 - CMSIS Pack Vendor :STMicroelectronics X-CUBE-GNSS1 7.0.1
2025-12-18 11:01:31,771 [INFO] ThirdParty:1030 - CMSIS Pack Vendor :STMicroelectronics FP-SNS-STBOX1 2.0.0
2025-12-18 11:01:31,771 [INFO] ThirdParty:1030 - CMSIS Pack Vendor :STMicroelectronics X-CUBE-AZRTOS-L5 1.1.0
2025-12-18 11:01:31,772 [INFO] ThirdParty:1030 - CMSIS Pack Vendor :STMicroelectronics X-CUBE-AI 8.0.1
2025-12-18 11:01:31,772 [INFO] ThirdParty:1030 - CMSIS Pack Vendor :STMicroelectronics X-CUBE-SUBG2 5.0.0
2025-12-18 11:01:31,772 [INFO] ThirdParty:1030 - CMSIS Pack Vendor :STMicroelectronics X-CUBE-AZRTOS-H7RS 1.1.0
2025-12-18 11:01:31,772 [INFO] ThirdParty:1030 - CMSIS Pack Vendor :STMicroelectronics STM32_WPAN 1.0.0
2025-12-18 11:01:31,772 [INFO] ThirdParty:1030 - CMSIS Pack Vendor :STMicroelectronics lwIP 2.0.3
2025-12-18 11:01:31,772 [INFO] ThirdParty:1030 - CMSIS Pack Vendor :STMicroelectronics USB_HOST 1.0.0
2025-12-18 11:01:31,772 [INFO] ThirdParty:1030 - CMSIS Pack Vendor :STMicroelectronics X-CUBE-AZRTOS-G4 2.0.0
2025-12-18 11:01:31,772 [INFO] ThirdParty:1030 - CMSIS Pack Vendor :STMicroelectronics X-CUBE-TOF1 3.3.0
2025-12-18 11:01:31,772 [INFO] ThirdParty:1030 - CMSIS Pack Vendor :STMicroelectronics FP-ATR-ASTRA1 1.1.1
2025-12-18 11:01:31,772 [INFO] ThirdParty:1030 - CMSIS Pack Vendor :Infineon AIROC-Wi-Fi-Bluetooth-STM32 1.5.1
2025-12-18 11:01:31,772 [INFO] ThirdParty:1030 - CMSIS Pack Vendor :STMicroelectronics X-CUBE-NFC7 2.0.0
2025-12-18 11:01:31,773 [INFO] ThirdParty:1030 - CMSIS Pack Vendor :STMicroelectronics FP-SNS-MOTENVWB1 1.3.1
2025-12-18 11:01:31,773 [INFO] ThirdParty:1030 - CMSIS Pack Vendor :STMicroelectronics X-CUBE-AZRTOS-G4 1.0.0
2025-12-18 11:01:31,773 [INFO] ThirdParty:1030 - CMSIS Pack Vendor :STMicroelectronics X-CUBE-AZRTOS-L4 1.0.0
2025-12-18 11:01:31,773 [INFO] ThirdParty:1030 - CMSIS Pack Vendor :STMicroelectronics X-CUBE-ISPU 2.0.0
2025-12-18 11:01:31,773 [INFO] ThirdParty:1030 - CMSIS Pack Vendor :STMicroelectronics X-CUBE-IPS 3.1.0
2025-12-18 11:01:31,773 [INFO] ThirdParty:1030 - CMSIS Pack Vendor :STMicroelectronics X-CUBE-ALS 1.0.2
2025-12-18 11:01:31,773 [INFO] ThirdParty:1030 - CMSIS Pack Vendor :STMicroelectronics X-CUBE-MEMS1 10.0.0
2025-12-18 11:01:31,773 [INFO] ThirdParty:1030 - CMSIS Pack Vendor :STMicroelectronics X-CUBE-FREERTOS 1.1.0
2025-12-18 11:01:31,773 [INFO] ThirdParty:1030 - CMSIS Pack Vendor :STMicroelectronics X-CUBE-TOUCHGFX 4.24.0
2025-12-18 11:01:31,773 [INFO] ThirdParty:1030 - CMSIS Pack Vendor :STMicroelectronics X-CUBE-AZRTOS-F7 1.0.0
2025-12-18 11:01:31,774 [INFO] ThirdParty:1030 - CMSIS Pack Vendor :STMicroelectronics X-CUBE-TOUCHGFX 4.24.2
2025-12-18 11:01:31,774 [INFO] ThirdParty:1030 - CMSIS Pack Vendor :STMicroelectronics X-CUBE-AZRTOS-WL 1.0.0
2025-12-18 11:01:31,774 [INFO] ThirdParty:1030 - CMSIS Pack Vendor :STMicroelectronics X-CUBE-TOUCHGFX 4.24.1
2025-12-18 11:01:31,774 [INFO] ThirdParty:1030 - CMSIS Pack Vendor :STMicroelectronics X-CUBE-STSE01 1.0.0
2025-12-18 11:01:31,774 [INFO] ThirdParty:1030 - CMSIS Pack Vendor :STMicroelectronics X-CUBE-MEMS1 9.1.0
2025-12-18 11:01:31,774 [INFO] ThirdParty:1030 - CMSIS Pack Vendor :portGmbH I-Cube-SoM-uGOAL 1.1.0
2025-12-18 11:01:31,774 [INFO] ThirdParty:1030 - CMSIS Pack Vendor :STMicroelectronics X-CUBE-ALS 1.0.1
2025-12-18 11:01:31,774 [INFO] ThirdParty:1030 - CMSIS Pack Vendor :STMicroelectronics X-CUBE-AI 7.0.0
2025-12-18 11:01:31,774 [INFO] ThirdParty:1030 - CMSIS Pack Vendor :STMicroelectronics X-CUBE-AZRTOS-WB 1.1.0
2025-12-18 11:01:31,775 [INFO] ThirdParty:1030 - CMSIS Pack Vendor :STMicroelectronics X-CUBE-AZRTOS-L5 1.0.0
2025-12-18 11:01:31,775 [INFO] ThirdParty:1030 - CMSIS Pack Vendor :STMicroelectronics X-CUBE-EEPRMA1 3.1.0
2025-12-18 11:01:31,775 [INFO] ThirdParty:1030 - CMSIS Pack Vendor :STMicroelectronics X-CUBE-EEPRMA1 3.1.1
2025-12-18 11:01:31,775 [INFO] ThirdParty:1030 - CMSIS Pack Vendor :STMicroelectronics X-CUBE-AZRTOS-H7RS 1.0.0
2025-12-18 11:01:31,775 [INFO] ThirdParty:1030 - CMSIS Pack Vendor :STMicroelectronics X-CUBE-GNSS1 5.2.0
2025-12-18 11:01:31,775 [INFO] ThirdParty:1030 - CMSIS Pack Vendor :STMicroelectronics FP-ATR-ASTRA1 2.0.0
2025-12-18 11:01:31,775 [INFO] ThirdParty:1030 - CMSIS Pack Vendor :STMicroelectronics X-CUBE-TOF1 3.4.2
2025-12-18 11:01:31,775 [INFO] ThirdParty:1030 - CMSIS Pack Vendor :STMicroelectronics X-CUBE-TOF1 3.4.3
2025-12-18 11:01:31,775 [INFO] ThirdParty:1030 - CMSIS Pack Vendor :STMicroelectronics X-CUBE-TOF1 3.4.0
2025-12-18 11:01:31,775 [INFO] ThirdParty:1030 - CMSIS Pack Vendor :STMicroelectronics X-CUBE-TOF1 3.4.1
2025-12-18 11:01:31,775 [INFO] ThirdParty:1030 - CMSIS Pack Vendor :STMicroelectronics X-CUBE-AZRTOS-H7 3.2.0
2025-12-18 11:01:31,776 [INFO] ThirdParty:1030 - CMSIS Pack Vendor :wolfSSL I-CUBE-wolfSSH 1.4.17
2025-12-18 11:01:31,776 [INFO] ThirdParty:841 - exiting critical section [change project]
2025-12-18 11:01:32,833 [INFO] PinOutPanel:1589 - setPackage(No Configuration,No Configuration)
2025-12-18 11:01:32,836 [INFO] PinOutPanel:1589 - setPackage(STM32G491RETx,LQFP64)
2025-12-18 11:01:34,252 [INFO] UtilMem:75 - Before build in PCC Used Memory: 375713912 Bytes (573571072)
2025-12-18 11:01:36,780 [INFO] UtilMem:75 - After build in PCC Used Memory: 362217104 Bytes (596639744)
2025-12-18 11:01:36,886 [INFO] IPUIPlugin:80 - create IPUIPlugin
2025-12-18 11:01:36,886 [INFO] IPUIPlugin:80 - create IPUIPlugin
2025-12-18 11:01:36,886 [INFO] IPUIPlugin:80 - create IPUIPlugin
2025-12-18 11:01:36,886 [INFO] IPUIPlugin:80 - create IPUIPlugin
2025-12-18 11:01:36,886 [INFO] IPUIPlugin:80 - create IPUIPlugin
2025-12-18 11:01:36,886 [INFO] IPUIPlugin:80 - create IPUIPlugin
2025-12-18 11:01:36,887 [INFO] IPUIPlugin:80 - create IPUIPlugin
2025-12-18 11:01:36,887 [INFO] IPUIPlugin:80 - create IPUIPlugin
2025-12-18 11:01:36,888 [INFO] IPUIPlugin:80 - create IPUIPlugin
2025-12-18 11:01:36,888 [INFO] IPUIPlugin:80 - create IPUIPlugin
2025-12-18 11:01:36,889 [INFO] IPUIPlugin:80 - create IPUIPlugin
2025-12-18 11:01:36,889 [INFO] IPUIPlugin:80 - create IPUIPlugin
2025-12-18 11:01:36,889 [INFO] IPUIPlugin:80 - create IPUIPlugin
2025-12-18 11:01:36,889 [INFO] IPUIPlugin:80 - create IPUIPlugin
2025-12-18 11:01:36,889 [INFO] IPUIPlugin:80 - create IPUIPlugin
2025-12-18 11:01:36,890 [INFO] IPUIPlugin:80 - create IPUIPlugin
2025-12-18 11:01:36,890 [INFO] IPUIPlugin:80 - create IPUIPlugin
2025-12-18 11:01:36,891 [INFO] IPUIPlugin:80 - create IPUIPlugin
2025-12-18 11:01:36,891 [INFO] IPUIPlugin:80 - create IPUIPlugin
2025-12-18 11:01:36,892 [INFO] IPUIPlugin:80 - create IPUIPlugin
2025-12-18 11:01:36,892 [INFO] IPUIPlugin:80 - create IPUIPlugin
2025-12-18 11:01:36,892 [INFO] IPUIPlugin:80 - create IPUIPlugin
2025-12-18 11:01:36,893 [INFO] IPUIPlugin:80 - create IPUIPlugin
2025-12-18 11:01:36,893 [INFO] IPUIPlugin:80 - create IPUIPlugin
2025-12-18 11:01:36,894 [INFO] IPUIPlugin:80 - create IPUIPlugin
2025-12-18 11:01:36,894 [INFO] IPUIPlugin:80 - create IPUIPlugin
2025-12-18 11:01:36,895 [INFO] IPUIPlugin:80 - create IPUIPlugin
2025-12-18 11:01:36,896 [INFO] IPUIPlugin:80 - create IPUIPlugin
2025-12-18 11:01:36,896 [INFO] IPUIPlugin:80 - create IPUIPlugin
2025-12-18 11:01:36,897 [INFO] IPUIPlugin:80 - create IPUIPlugin
2025-12-18 11:01:36,897 [INFO] IPUIPlugin:80 - create IPUIPlugin
2025-12-18 11:01:36,898 [INFO] IPUIPlugin:80 - create IPUIPlugin
2025-12-18 11:01:36,899 [INFO] IPUIPlugin:80 - create IPUIPlugin
2025-12-18 11:01:36,899 [INFO] IPUIPlugin:80 - create IPUIPlugin
2025-12-18 11:01:36,900 [INFO] IPUIPlugin:80 - create IPUIPlugin
2025-12-18 11:01:36,901 [INFO] IPUIPlugin:80 - create IPUIPlugin
2025-12-18 11:01:36,902 [INFO] IPUIPlugin:80 - create IPUIPlugin
2025-12-18 11:01:36,902 [INFO] IPUIPlugin:80 - create IPUIPlugin
2025-12-18 11:01:36,903 [INFO] IPUIPlugin:80 - create IPUIPlugin
2025-12-18 11:01:36,903 [INFO] IPUIPlugin:80 - create IPUIPlugin
2025-12-18 11:01:36,904 [INFO] IPUIPlugin:80 - create IPUIPlugin
2025-12-18 11:01:36,904 [INFO] IPUIPlugin:80 - create IPUIPlugin
2025-12-18 11:01:36,905 [INFO] IPUIPlugin:80 - create IPUIPlugin
2025-12-18 11:01:36,906 [INFO] IPUIPlugin:80 - create IPUIPlugin
2025-12-18 11:01:36,906 [INFO] IPUIPlugin:80 - create IPUIPlugin
2025-12-18 11:01:36,907 [INFO] IPUIPlugin:80 - create IPUIPlugin
2025-12-18 11:01:36,908 [INFO] IPUIPlugin:80 - create IPUIPlugin
2025-12-18 11:01:36,908 [INFO] IPUIPlugin:80 - create IPUIPlugin
2025-12-18 11:01:36,909 [INFO] IPUIPlugin:80 - create IPUIPlugin
2025-12-18 11:01:36,910 [INFO] IPUIPlugin:80 - create IPUIPlugin
2025-12-18 11:01:36,910 [INFO] IPUIPlugin:80 - create IPUIPlugin
2025-12-18 11:01:36,911 [INFO] IPUIPlugin:80 - create IPUIPlugin
2025-12-18 11:01:36,912 [INFO] IPUIPlugin:80 - create IPUIPlugin
2025-12-18 11:01:36,913 [INFO] IPUIPlugin:80 - create IPUIPlugin
2025-12-18 11:01:36,914 [INFO] IPUIPlugin:80 - create IPUIPlugin
2025-12-18 11:01:36,915 [INFO] IPUIPlugin:80 - create IPUIPlugin
2025-12-18 11:01:36,916 [INFO] IPUIPlugin:80 - create IPUIPlugin
2025-12-18 11:01:36,917 [INFO] IPUIPlugin:80 - create IPUIPlugin
2025-12-18 11:01:36,918 [INFO] IPUIPlugin:80 - create IPUIPlugin
2025-12-18 11:01:36,919 [INFO] IPUIPlugin:80 - create IPUIPlugin
2025-12-18 11:01:36,920 [INFO] IPUIPlugin:80 - create IPUIPlugin
2025-12-18 11:01:36,921 [INFO] IPUIPlugin:80 - create IPUIPlugin
2025-12-18 11:01:36,922 [INFO] IPUIPlugin:80 - create IPUIPlugin
2025-12-18 11:01:36,923 [INFO] IPUIPlugin:80 - create IPUIPlugin
2025-12-18 11:01:37,489 [INFO] CADModel:165 - CPN selected for project levelSTM32G491RET3
2025-12-18 11:01:37,489 [INFO] CADModel:114 - Register for checkConnection events
2025-12-18 11:01:37,581 [INFO] OpenFileManager:386 - Restore cursor
2025-12-18 11:35:09,541 [INFO] NvicIntPanel:101 - NVIC parent = com.st.microxplorer.plugins.ip.nvic.MultiNvicIntPanel[,0,0,0x0,invalid,layout=javax.swing.BoxLayout,alignmentX=0.0,alignmentY=0.0,border=,flags=9,maximumSize=,minimumSize=,preferredSize=]
2025-12-18 11:35:13,777 [INFO] UtilMem:75 - End SaveConfig() Used Memory: 370327000 Bytes (827326464)
2025-12-18 11:35:15,292 [INFO] UtilMem:75 - End SaveConfig() Used Memory: 404403672 Bytes (827326464)
2025-12-18 11:35:17,036 [INFO] UtilMem:75 - End SaveConfig() Used Memory: 539669976 Bytes (827326464)
2025-12-18 11:35:18,072 [INFO] BlockDiagram:2775 - set Specific Code input for plugin: TIM1_8G4
2025-12-18 11:35:18,072 [INFO] BlockDiagram:2775 - set Specific Code input for plugin: TIM1_8G4
2025-12-18 11:35:18,072 [INFO] BlockDiagram:2775 - set Specific Code input for plugin: SYS
2025-12-18 11:35:18,072 [INFO] BlockDiagram:2775 - set Specific Code input for plugin: ADC
2025-12-18 11:35:18,073 [INFO] BlockDiagram:2775 - set Specific Code input for plugin: RCC
2025-12-18 11:35:18,073 [INFO] BlockDiagram:2775 - set Specific Code input for plugin: NVIC
2025-12-18 11:35:18,073 [INFO] BlockDiagram:2775 - set Specific Code input for plugin: USART
2025-12-18 11:35:18,073 [INFO] BlockDiagram:2775 - set Specific Code input for plugin: DMA
2025-12-18 11:35:18,075 [INFO] BlockDiagram:2775 - set Specific Code input for plugin: GPIO
2025-12-18 11:35:18,077 [INFO] CodeGenerator:892 - code generatio: config db path: C:\ST\STM32CubeIDE_1.19.0\STM32CubeIDE\plugins\com.st.stm32cube.common.mx_6.15.0.202507011659\\db\
2025-12-18 11:35:18,409 [INFO] CodeEngine:265 - oldGeneratedFile, C:\STM32_projekti\STM32G491-FOC_Motor_Control\STM32G491-FOC_Motor_Control\PWM_output\MXTmpFiles\license.tmp_save
2025-12-18 11:35:19,118 [INFO] CodeEngine:289 - Generated code: C:\STM32_projekti\STM32G491-FOC_Motor_Control\STM32G491-FOC_Motor_Control\PWM_output\MXTmpFiles\license.tmp
2025-12-18 11:35:19,419 [INFO] CodeEngine:265 - oldGeneratedFile, C:\STM32_projekti\STM32G491-FOC_Motor_Control\STM32G491-FOC_Motor_Control\PWM_output\MXTmpFiles\gpio.tmp_save
2025-12-18 11:35:19,620 [INFO] CodeEngine:289 - Generated code: C:\STM32_projekti\STM32G491-FOC_Motor_Control\STM32G491-FOC_Motor_Control\PWM_output\MXTmpFiles\gpio.tmp
2025-12-18 11:35:20,520 [INFO] CodeEngine:265 - oldGeneratedFile, C:\STM32_projekti\STM32G491-FOC_Motor_Control\STM32G491-FOC_Motor_Control\PWM_output\MXTmpFiles\dma.tmp_save
2025-12-18 11:35:20,649 [INFO] CodeEngine:289 - Generated code: C:\STM32_projekti\STM32G491-FOC_Motor_Control\STM32G491-FOC_Motor_Control\PWM_output\MXTmpFiles\dma.tmp
2025-12-18 11:35:20,657 [INFO] CodeEngine:265 - oldGeneratedFile, C:\STM32_projekti\STM32G491-FOC_Motor_Control\STM32G491-FOC_Motor_Control\PWM_output\MXTmpFiles\dma_GV.tmp_save
2025-12-18 11:35:20,744 [INFO] CodeEngine:289 - Generated code: C:\STM32_projekti\STM32G491-FOC_Motor_Control\STM32G491-FOC_Motor_Control\PWM_output\MXTmpFiles\dma_GV.tmp
2025-12-18 11:35:20,776 [INFO] CodeEngine:265 - oldGeneratedFile, C:\STM32_projekti\STM32G491-FOC_Motor_Control\STM32G491-FOC_Motor_Control\PWM_output\Core\Src\stm32g4xx_it.c_save
2025-12-18 11:35:21,002 [INFO] CodeEngine:289 - Generated code: C:\STM32_projekti\STM32G491-FOC_Motor_Control\STM32G491-FOC_Motor_Control\PWM_output\Core\Src\stm32g4xx_it.c
2025-12-18 11:35:21,017 [INFO] CodeEngine:265 - oldGeneratedFile, C:\STM32_projekti\STM32G491-FOC_Motor_Control\STM32G491-FOC_Motor_Control\PWM_output\Core\Inc\stm32g4xx_it.h_save
2025-12-18 11:35:21,109 [INFO] CodeEngine:289 - Generated code: C:\STM32_projekti\STM32G491-FOC_Motor_Control\STM32G491-FOC_Motor_Control\PWM_output\Core\Inc\stm32g4xx_it.h
2025-12-18 11:35:21,144 [INFO] CodeEngine:265 - oldGeneratedFile, C:\STM32_projekti\STM32G491-FOC_Motor_Control\STM32G491-FOC_Motor_Control\PWM_output\Core\Src\stm32g4xx_hal_msp.c_save
2025-12-18 11:35:21,339 [INFO] CodeEngine:289 - Generated code: C:\STM32_projekti\STM32G491-FOC_Motor_Control\STM32G491-FOC_Motor_Control\PWM_output\Core\Src\stm32g4xx_hal_msp.c
2025-12-18 11:35:21,351 [INFO] CodeEngine:265 - oldGeneratedFile, C:\STM32_projekti\STM32G491-FOC_Motor_Control\STM32G491-FOC_Motor_Control\PWM_output\MXTmpFiles\system.tmp_save
2025-12-18 11:35:21,433 [INFO] CodeEngine:289 - Generated code: C:\STM32_projekti\STM32G491-FOC_Motor_Control\STM32G491-FOC_Motor_Control\PWM_output\MXTmpFiles\system.tmp
2025-12-18 11:35:21,456 [INFO] CodeEngine:321 - oldGeneratedFile, C:\STM32_projekti\STM32G491-FOC_Motor_Control\STM32G491-FOC_Motor_Control\PWM_output\Core\Inc\stm32g4xx_hal_conf.h_save
2025-12-18 11:35:21,544 [INFO] CodeEngine:345 - Generated code: C:\STM32_projekti\STM32G491-FOC_Motor_Control\STM32G491-FOC_Motor_Control\PWM_output\Core\Inc\stm32g4xx_hal_conf.h
2025-12-18 11:35:21,584 [WARN] IPConfigManager:3238 - Warning: the RefConfig RCC_CommonPeriphClockConfig is not available in your config.xml file
2025-12-18 11:35:21,598 [INFO] ApiDbMcu:532 - Load IP Config File for ADC1
2025-12-18 11:35:21,626 [INFO] ApiDbMcu:532 - Load IP Config File for TIM1
2025-12-18 11:35:21,704 [INFO] ApiDbMcu:532 - Load IP Config File for TIM2
2025-12-18 11:35:21,728 [INFO] ApiDbMcu:532 - Load IP Config File for USART2
2025-12-18 11:35:21,733 [INFO] ApiDbMcu:532 - Load IP Config File for RCC
2025-12-18 11:35:21,737 [WARN] IPConfigManager:3811 - IP not found : TIM
2025-12-18 11:35:21,740 [WARN] CodeGenerator:4259 - IP not found : null
2025-12-18 11:35:21,754 [INFO] CodeEngine:265 - oldGeneratedFile, C:\STM32_projekti\STM32G491-FOC_Motor_Control\STM32G491-FOC_Motor_Control\PWM_output\Core\Inc\main.h_save
2025-12-18 11:35:21,887 [INFO] CodeEngine:289 - Generated code: C:\STM32_projekti\STM32G491-FOC_Motor_Control\STM32G491-FOC_Motor_Control\PWM_output\Core\Inc\main.h
2025-12-18 11:35:21,900 [INFO] CodeEngine:265 - oldGeneratedFile, C:\STM32_projekti\STM32G491-FOC_Motor_Control\STM32G491-FOC_Motor_Control\PWM_output\Core\Src\main.c_save
2025-12-18 11:35:22,123 [INFO] CodeEngine:289 - Generated code: C:\STM32_projekti\STM32G491-FOC_Motor_Control\STM32G491-FOC_Motor_Control\PWM_output\Core\Src\main.c
2025-12-18 11:35:23,089 [INFO] ProjectBuilder:3606 - Time for Copy HAL[1] : 552mS.
2025-12-18 11:35:23,130 [INFO] ProjectBuilder:5216 - Project Generator version: 4.7.0-B52
2025-12-18 11:35:23,456 [INFO] ConfigFileManager:1595 - The Die is : DIE479
2025-12-18 11:35:23,503 [INFO] ApiDbMcu:532 - Load IP Config File for FATFS
2025-12-18 11:35:23,519 [INFO] ApiDbMcu:532 - Load IP Config File for FREERTOS
2025-12-18 11:35:23,570 [INFO] ApiDbMcu:532 - Load IP Config File for USBPD
2025-12-18 11:35:23,595 [INFO] ApiDbMcu:532 - Load IP Config File for USB_DEVICE
2025-12-18 11:35:24,746 [INFO] LogOutputStream:77 - [STDOUT_REDIRECT] 
2025-12-18 11:35:26,347 [INFO] ProjectBuilder:5496 - Time for Generating toolchain IDE Files: 3217mS.
2025-12-18 11:35:26,349 [INFO] ProjectBuilder:3463 - Time for Copy CMSIS : 1mS.
2025-12-18 11:35:26,357 [INFO] ProjectBuilder:3463 - Time for Copy CMSIS : 0mS.
2025-12-18 11:43:47,380 [ERROR] ConfigurationRetriever:142 - IOException on connection: sw-center.st.com
2025-12-18 11:43:47,380 [ERROR] ConfigurationRetriever:142 - IOException on connection: sw-center.st.com
2025-12-18 11:43:47,381 [ERROR] ConfigurationRetriever:142 - IOException on connection: sw-center.st.com
2025-12-18 11:43:47,410 [ERROR] ConfigurationRetriever:142 - IOException on connection: sw-center.st.com
2025-12-18 11:43:47,410 [ERROR] ConfigurationRetriever:142 - IOException on connection: sw-center.st.com
2025-12-18 11:43:47,410 [ERROR] ConfigurationRetriever:142 - IOException on connection: sw-center.st.com
2025-12-18 11:59:35,150 [ERROR] ConfigurationRetriever:142 - IOException on connection: Read timed out
2025-12-18 11:59:39,365 [ERROR] ConfigurationRetriever:142 - IOException on connection: Read timed out
2025-12-18 11:59:41,368 [ERROR] ConfigurationRetriever:142 - IOException on connection: Connect timed out
2025-12-18 11:59:43,398 [ERROR] ConfigurationRetriever:142 - IOException on connection: Connect timed out
2025-12-18 11:59:45,401 [ERROR] ConfigurationRetriever:142 - IOException on connection: Connect timed out
2025-12-18 12:14:42,138 [INFO] NvicIntPanel:101 - NVIC parent = com.st.microxplorer.plugins.ip.nvic.MultiNvicIntPanel[,0,0,0x0,invalid,layout=javax.swing.BoxLayout,alignmentX=0.0,alignmentY=0.0,border=,flags=9,maximumSize=,minimumSize=,preferredSize=]
2025-12-18 12:14:43,356 [INFO] UtilMem:75 - End SaveConfig() Used Memory: 916483024 Bytes (974127104)
2025-12-18 12:14:44,967 [INFO] UtilMem:75 - End SaveConfig() Used Memory: 394686768 Bytes (974127104)
2025-12-18 12:14:45,845 [INFO] UtilMem:75 - End SaveConfig() Used Memory: 484864304 Bytes (974127104)
2025-12-18 12:14:46,318 [INFO] BlockDiagram:2775 - set Specific Code input for plugin: TIM1_8G4
2025-12-18 12:14:46,318 [INFO] BlockDiagram:2775 - set Specific Code input for plugin: TIM1_8G4
2025-12-18 12:14:46,318 [INFO] BlockDiagram:2775 - set Specific Code input for plugin: SYS
2025-12-18 12:14:46,319 [INFO] BlockDiagram:2775 - set Specific Code input for plugin: ADC
2025-12-18 12:14:46,319 [INFO] BlockDiagram:2775 - set Specific Code input for plugin: RCC
2025-12-18 12:14:46,319 [INFO] BlockDiagram:2775 - set Specific Code input for plugin: NVIC
2025-12-18 12:14:46,319 [INFO] BlockDiagram:2775 - set Specific Code input for plugin: USART
2025-12-18 12:14:46,319 [INFO] BlockDiagram:2775 - set Specific Code input for plugin: DMA
2025-12-18 12:14:46,321 [INFO] BlockDiagram:2775 - set Specific Code input for plugin: GPIO
2025-12-18 12:14:46,322 [INFO] CodeGenerator:892 - code generatio: config db path: C:\ST\STM32CubeIDE_1.19.0\STM32CubeIDE\plugins\com.st.stm32cube.common.mx_6.15.0.202507011659\\db\
2025-12-18 12:14:46,332 [INFO] Argument:325 - Argument : hdmavalue: null
2025-12-18 12:14:46,333 [INFO] Argument:327 - 	 sub Args: 
2025-12-18 12:14:46,333 [INFO] Argument:325 - Argument : Instancevalue: DMA1_Channel1
2025-12-18 12:14:46,333 [INFO] Argument:335 - Argument : Instancevalue: DMA1_Channel1
2025-12-18 12:14:46,333 [INFO] Argument:325 - Argument : Initvalue: null
2025-12-18 12:14:46,333 [INFO] Argument:327 - 	 sub Args: 
2025-12-18 12:14:46,333 [INFO] Argument:325 - Argument : Requestvalue: DMA_REQUEST_ADC1
2025-12-18 12:14:46,333 [INFO] Argument:335 - Argument : Requestvalue: DMA_REQUEST_ADC1
2025-12-18 12:14:46,333 [INFO] Argument:325 - Argument : Directionvalue: DMA_PERIPH_TO_MEMORY
2025-12-18 12:14:46,333 [INFO] Argument:335 - Argument : Directionvalue: DMA_PERIPH_TO_MEMORY
2025-12-18 12:14:46,333 [INFO] Argument:325 - Argument : PeriphIncvalue: DMA_PINC_DISABLE
2025-12-18 12:14:46,333 [INFO] Argument:335 - Argument : PeriphIncvalue: DMA_PINC_DISABLE
2025-12-18 12:14:46,333 [INFO] Argument:325 - Argument : MemIncvalue: DMA_MINC_ENABLE
2025-12-18 12:14:46,333 [INFO] Argument:335 - Argument : MemIncvalue: DMA_MINC_ENABLE
2025-12-18 12:14:46,333 [INFO] Argument:325 - Argument : PeriphDataAlignmentvalue: DMA_PDATAALIGN_HALFWORD
2025-12-18 12:14:46,334 [INFO] Argument:335 - Argument : PeriphDataAlignmentvalue: DMA_PDATAALIGN_HALFWORD
2025-12-18 12:14:46,334 [INFO] Argument:325 - Argument : MemDataAlignmentvalue: DMA_MDATAALIGN_WORD
2025-12-18 12:14:46,334 [INFO] Argument:335 - Argument : MemDataAlignmentvalue: DMA_MDATAALIGN_WORD
2025-12-18 12:14:46,334 [INFO] Argument:325 - Argument : Modevalue: DMA_CIRCULAR
2025-12-18 12:14:46,334 [INFO] Argument:335 - Argument : Modevalue: DMA_CIRCULAR
2025-12-18 12:14:46,334 [INFO] Argument:325 - Argument : Priorityvalue: DMA_PRIORITY_LOW
2025-12-18 12:14:46,334 [INFO] Argument:335 - Argument : Priorityvalue: DMA_PRIORITY_LOW
2025-12-18 12:14:46,334 [INFO] Argument:325 - Argument : Lockvalue: null
2025-12-18 12:14:46,334 [INFO] Argument:335 - Argument : Lockvalue: null
2025-12-18 12:14:46,334 [INFO] Argument:325 - Argument : Statevalue: null
2025-12-18 12:14:46,334 [INFO] Argument:335 - Argument : Statevalue: null
2025-12-18 12:14:46,334 [INFO] Argument:325 - Argument : Parentvalue: null
2025-12-18 12:14:46,334 [INFO] Argument:335 - Argument : Parentvalue: null
2025-12-18 12:14:46,334 [INFO] Argument:325 - Argument : XferCpltCallbackvalue: null
2025-12-18 12:14:46,334 [INFO] Argument:335 - Argument : XferCpltCallbackvalue: null
2025-12-18 12:14:46,334 [INFO] Argument:325 - Argument : XferHalfCpltCallbackvalue: null
2025-12-18 12:14:46,335 [INFO] Argument:335 - Argument : XferHalfCpltCallbackvalue: null
2025-12-18 12:14:46,335 [INFO] Argument:325 - Argument : XferErrorCallbackvalue: null
2025-12-18 12:14:46,335 [INFO] Argument:335 - Argument : XferErrorCallbackvalue: null
2025-12-18 12:14:46,335 [INFO] Argument:325 - Argument : XferAbortCallbackvalue: null
2025-12-18 12:14:46,335 [INFO] Argument:335 - Argument : XferAbortCallbackvalue: null
2025-12-18 12:14:46,335 [INFO] Argument:325 - Argument : ErrorCodevalue: null
2025-12-18 12:14:46,335 [INFO] Argument:335 - Argument : ErrorCodevalue: null
2025-12-18 12:14:46,335 [INFO] Argument:325 - Argument : ChannelIndexvalue: null
2025-12-18 12:14:46,335 [INFO] Argument:335 - Argument : ChannelIndexvalue: null
2025-12-18 12:14:46,336 [INFO] Argument:325 - Argument : DMAmuxChannelvalue: null
2025-12-18 12:14:46,336 [INFO] Argument:335 - Argument : DMAmuxChannelvalue: null
2025-12-18 12:14:46,336 [INFO] Argument:325 - Argument : DMAmuxChannelStatusvalue: null
2025-12-18 12:14:46,336 [INFO] Argument:335 - Argument : DMAmuxChannelStatusvalue: null
2025-12-18 12:14:46,336 [INFO] Argument:325 - Argument : DMAmuxChannelStatusMaskvalue: null
2025-12-18 12:14:46,336 [INFO] Argument:335 - Argument : DMAmuxChannelStatusMaskvalue: null
2025-12-18 12:14:46,336 [INFO] Argument:325 - Argument : DMAmuxRequestGenvalue: null
2025-12-18 12:14:46,336 [INFO] Argument:335 - Argument : DMAmuxRequestGenvalue: null
2025-12-18 12:14:46,336 [INFO] Argument:325 - Argument : DMAmuxRequestGenStatusvalue: null
2025-12-18 12:14:46,336 [INFO] Argument:335 - Argument : DMAmuxRequestGenStatusvalue: null
2025-12-18 12:14:46,337 [INFO] Argument:325 - Argument : DMAmuxRequestGenStatusMaskvalue: null
2025-12-18 12:14:46,337 [INFO] Argument:335 - Argument : DMAmuxRequestGenStatusMaskvalue: null
2025-12-18 12:14:46,465 [INFO] CodeEngine:265 - oldGeneratedFile, C:\STM32_projekti\STM32G491-FOC_Motor_Control\STM32G491-FOC_Motor_Control\PWM_output\MXTmpFiles\license.tmp_save
2025-12-18 12:14:46,703 [INFO] CodeEngine:289 - Generated code: C:\STM32_projekti\STM32G491-FOC_Motor_Control\STM32G491-FOC_Motor_Control\PWM_output\MXTmpFiles\license.tmp
2025-12-18 12:14:46,785 [INFO] CodeEngine:265 - oldGeneratedFile, C:\STM32_projekti\STM32G491-FOC_Motor_Control\STM32G491-FOC_Motor_Control\PWM_output\MXTmpFiles\gpio.tmp_save
2025-12-18 12:14:46,912 [INFO] CodeEngine:289 - Generated code: C:\STM32_projekti\STM32G491-FOC_Motor_Control\STM32G491-FOC_Motor_Control\PWM_output\MXTmpFiles\gpio.tmp
2025-12-18 12:14:47,464 [INFO] CodeEngine:265 - oldGeneratedFile, C:\STM32_projekti\STM32G491-FOC_Motor_Control\STM32G491-FOC_Motor_Control\PWM_output\MXTmpFiles\dma.tmp_save
2025-12-18 12:14:47,531 [INFO] CodeEngine:289 - Generated code: C:\STM32_projekti\STM32G491-FOC_Motor_Control\STM32G491-FOC_Motor_Control\PWM_output\MXTmpFiles\dma.tmp
2025-12-18 12:14:47,537 [INFO] CodeEngine:265 - oldGeneratedFile, C:\STM32_projekti\STM32G491-FOC_Motor_Control\STM32G491-FOC_Motor_Control\PWM_output\MXTmpFiles\dma_GV.tmp_save
2025-12-18 12:14:47,591 [INFO] CodeEngine:289 - Generated code: C:\STM32_projekti\STM32G491-FOC_Motor_Control\STM32G491-FOC_Motor_Control\PWM_output\MXTmpFiles\dma_GV.tmp
2025-12-18 12:14:47,613 [INFO] CodeEngine:265 - oldGeneratedFile, C:\STM32_projekti\STM32G491-FOC_Motor_Control\STM32G491-FOC_Motor_Control\PWM_output\Core\Src\stm32g4xx_it.c_save
2025-12-18 12:14:47,849 [INFO] CodeEngine:289 - Generated code: C:\STM32_projekti\STM32G491-FOC_Motor_Control\STM32G491-FOC_Motor_Control\PWM_output\Core\Src\stm32g4xx_it.c
2025-12-18 12:14:47,858 [INFO] CodeEngine:265 - oldGeneratedFile, C:\STM32_projekti\STM32G491-FOC_Motor_Control\STM32G491-FOC_Motor_Control\PWM_output\Core\Inc\stm32g4xx_it.h_save
2025-12-18 12:14:47,916 [INFO] CodeEngine:289 - Generated code: C:\STM32_projekti\STM32G491-FOC_Motor_Control\STM32G491-FOC_Motor_Control\PWM_output\Core\Inc\stm32g4xx_it.h
2025-12-18 12:14:47,938 [INFO] CodeEngine:265 - oldGeneratedFile, C:\STM32_projekti\STM32G491-FOC_Motor_Control\STM32G491-FOC_Motor_Control\PWM_output\Core\Src\stm32g4xx_hal_msp.c_save
2025-12-18 12:14:48,058 [INFO] CodeEngine:289 - Generated code: C:\STM32_projekti\STM32G491-FOC_Motor_Control\STM32G491-FOC_Motor_Control\PWM_output\Core\Src\stm32g4xx_hal_msp.c
2025-12-18 12:14:48,064 [INFO] CodeEngine:265 - oldGeneratedFile, C:\STM32_projekti\STM32G491-FOC_Motor_Control\STM32G491-FOC_Motor_Control\PWM_output\MXTmpFiles\system.tmp_save
2025-12-18 12:14:48,116 [INFO] CodeEngine:289 - Generated code: C:\STM32_projekti\STM32G491-FOC_Motor_Control\STM32G491-FOC_Motor_Control\PWM_output\MXTmpFiles\system.tmp
2025-12-18 12:14:48,130 [INFO] CodeEngine:321 - oldGeneratedFile, C:\STM32_projekti\STM32G491-FOC_Motor_Control\STM32G491-FOC_Motor_Control\PWM_output\Core\Inc\stm32g4xx_hal_conf.h_save
2025-12-18 12:14:48,194 [INFO] CodeEngine:345 - Generated code: C:\STM32_projekti\STM32G491-FOC_Motor_Control\STM32G491-FOC_Motor_Control\PWM_output\Core\Inc\stm32g4xx_hal_conf.h
2025-12-18 12:14:48,213 [WARN] IPConfigManager:3238 - Warning: the RefConfig RCC_CommonPeriphClockConfig is not available in your config.xml file
2025-12-18 12:14:48,216 [WARN] IPConfigManager:3811 - IP not found : TIM
2025-12-18 12:14:48,217 [WARN] CodeGenerator:4259 - IP not found : null
2025-12-18 12:14:48,227 [INFO] CodeEngine:265 - oldGeneratedFile, C:\STM32_projekti\STM32G491-FOC_Motor_Control\STM32G491-FOC_Motor_Control\PWM_output\Core\Inc\main.h_save
2025-12-18 12:14:48,328 [INFO] CodeEngine:289 - Generated code: C:\STM32_projekti\STM32G491-FOC_Motor_Control\STM32G491-FOC_Motor_Control\PWM_output\Core\Inc\main.h
2025-12-18 12:14:48,336 [INFO] CodeEngine:265 - oldGeneratedFile, C:\STM32_projekti\STM32G491-FOC_Motor_Control\STM32G491-FOC_Motor_Control\PWM_output\Core\Src\main.c_save
2025-12-18 12:14:48,456 [INFO] CodeEngine:289 - Generated code: C:\STM32_projekti\STM32G491-FOC_Motor_Control\STM32G491-FOC_Motor_Control\PWM_output\Core\Src\main.c
2025-12-18 12:14:49,034 [INFO] ProjectBuilder:3606 - Time for Copy HAL[1] : 309mS.
2025-12-18 12:14:49,042 [INFO] ProjectBuilder:5216 - Project Generator version: 4.7.0-B52
2025-12-18 12:14:49,178 [INFO] ConfigFileManager:1595 - The Die is : DIE479
2025-12-18 12:14:50,265 [INFO] ProjectBuilder:5496 - Time for Generating toolchain IDE Files: 1223mS.
2025-12-18 12:14:50,266 [INFO] ProjectBuilder:3463 - Time for Copy CMSIS : 1mS.
2025-12-18 12:14:50,271 [INFO] ProjectBuilder:3463 - Time for Copy CMSIS : 0mS.
2025-12-18 12:21:31,863 [ERROR] ConfigurationRetriever:142 - IOException on connection: sw-center.st.com
2025-12-18 12:21:31,864 [ERROR] ConfigurationRetriever:142 - IOException on connection: sw-center.st.com
2025-12-18 12:21:31,864 [ERROR] ConfigurationRetriever:142 - IOException on connection: sw-center.st.com
2025-12-18 13:07:05,625 [INFO] NvicIntPanel:101 - NVIC parent = com.st.microxplorer.plugins.ip.nvic.MultiNvicIntPanel[,0,0,0x0,invalid,layout=javax.swing.BoxLayout,alignmentX=0.0,alignmentY=0.0,border=,flags=9,maximumSize=,minimumSize=,preferredSize=]
2025-12-18 13:07:06,662 [INFO] UtilMem:75 - End SaveConfig() Used Memory: 701597800 Bytes (974127104)
2025-12-18 13:07:08,166 [INFO] UtilMem:75 - End SaveConfig() Used Memory: 727510784 Bytes (974127104)
2025-12-18 13:07:09,112 [INFO] UtilMem:75 - End SaveConfig() Used Memory: 864969328 Bytes (974127104)
2025-12-18 13:07:09,555 [INFO] BlockDiagram:2775 - set Specific Code input for plugin: TIM1_8G4
2025-12-18 13:07:09,556 [INFO] BlockDiagram:2775 - set Specific Code input for plugin: TIM1_8G4
2025-12-18 13:07:09,556 [INFO] BlockDiagram:2775 - set Specific Code input for plugin: SYS
2025-12-18 13:07:09,556 [INFO] BlockDiagram:2775 - set Specific Code input for plugin: ADC
2025-12-18 13:07:09,556 [INFO] BlockDiagram:2775 - set Specific Code input for plugin: RCC
2025-12-18 13:07:09,556 [INFO] BlockDiagram:2775 - set Specific Code input for plugin: NVIC
2025-12-18 13:07:09,556 [INFO] BlockDiagram:2775 - set Specific Code input for plugin: USART
2025-12-18 13:07:09,556 [INFO] BlockDiagram:2775 - set Specific Code input for plugin: DMA
2025-12-18 13:07:09,557 [INFO] BlockDiagram:2775 - set Specific Code input for plugin: GPIO
2025-12-18 13:07:09,559 [INFO] CodeGenerator:892 - code generatio: config db path: C:\ST\STM32CubeIDE_1.19.0\STM32CubeIDE\plugins\com.st.stm32cube.common.mx_6.15.0.202507011659\\db\
2025-12-18 13:07:09,570 [INFO] Argument:325 - Argument : hdmavalue: null
2025-12-18 13:07:09,570 [INFO] Argument:327 - 	 sub Args: 
2025-12-18 13:07:09,570 [INFO] Argument:325 - Argument : Instancevalue: DMA1_Channel1
2025-12-18 13:07:09,570 [INFO] Argument:335 - Argument : Instancevalue: DMA1_Channel1
2025-12-18 13:07:09,570 [INFO] Argument:325 - Argument : Initvalue: null
2025-12-18 13:07:09,570 [INFO] Argument:327 - 	 sub Args: 
2025-12-18 13:07:09,571 [INFO] Argument:325 - Argument : Requestvalue: DMA_REQUEST_ADC1
2025-12-18 13:07:09,571 [INFO] Argument:335 - Argument : Requestvalue: DMA_REQUEST_ADC1
2025-12-18 13:07:09,571 [INFO] Argument:325 - Argument : Directionvalue: DMA_PERIPH_TO_MEMORY
2025-12-18 13:07:09,571 [INFO] Argument:335 - Argument : Directionvalue: DMA_PERIPH_TO_MEMORY
2025-12-18 13:07:09,571 [INFO] Argument:325 - Argument : PeriphIncvalue: DMA_PINC_DISABLE
2025-12-18 13:07:09,571 [INFO] Argument:335 - Argument : PeriphIncvalue: DMA_PINC_DISABLE
2025-12-18 13:07:09,571 [INFO] Argument:325 - Argument : MemIncvalue: DMA_MINC_ENABLE
2025-12-18 13:07:09,571 [INFO] Argument:335 - Argument : MemIncvalue: DMA_MINC_ENABLE
2025-12-18 13:07:09,571 [INFO] Argument:325 - Argument : PeriphDataAlignmentvalue: DMA_PDATAALIGN_HALFWORD
2025-12-18 13:07:09,571 [INFO] Argument:335 - Argument : PeriphDataAlignmentvalue: DMA_PDATAALIGN_HALFWORD
2025-12-18 13:07:09,571 [INFO] Argument:325 - Argument : MemDataAlignmentvalue: DMA_MDATAALIGN_WORD
2025-12-18 13:07:09,572 [INFO] Argument:335 - Argument : MemDataAlignmentvalue: DMA_MDATAALIGN_WORD
2025-12-18 13:07:09,572 [INFO] Argument:325 - Argument : Modevalue: DMA_CIRCULAR
2025-12-18 13:07:09,572 [INFO] Argument:335 - Argument : Modevalue: DMA_CIRCULAR
2025-12-18 13:07:09,572 [INFO] Argument:325 - Argument : Priorityvalue: DMA_PRIORITY_LOW
2025-12-18 13:07:09,572 [INFO] Argument:335 - Argument : Priorityvalue: DMA_PRIORITY_LOW
2025-12-18 13:07:09,572 [INFO] Argument:325 - Argument : Lockvalue: null
2025-12-18 13:07:09,572 [INFO] Argument:335 - Argument : Lockvalue: null
2025-12-18 13:07:09,572 [INFO] Argument:325 - Argument : Statevalue: null
2025-12-18 13:07:09,572 [INFO] Argument:335 - Argument : Statevalue: null
2025-12-18 13:07:09,572 [INFO] Argument:325 - Argument : Parentvalue: null
2025-12-18 13:07:09,572 [INFO] Argument:335 - Argument : Parentvalue: null
2025-12-18 13:07:09,572 [INFO] Argument:325 - Argument : XferCpltCallbackvalue: null
2025-12-18 13:07:09,572 [INFO] Argument:335 - Argument : XferCpltCallbackvalue: null
2025-12-18 13:07:09,572 [INFO] Argument:325 - Argument : XferHalfCpltCallbackvalue: null
2025-12-18 13:07:09,572 [INFO] Argument:335 - Argument : XferHalfCpltCallbackvalue: null
2025-12-18 13:07:09,573 [INFO] Argument:325 - Argument : XferErrorCallbackvalue: null
2025-12-18 13:07:09,573 [INFO] Argument:335 - Argument : XferErrorCallbackvalue: null
2025-12-18 13:07:09,573 [INFO] Argument:325 - Argument : XferAbortCallbackvalue: null
2025-12-18 13:07:09,573 [INFO] Argument:335 - Argument : XferAbortCallbackvalue: null
2025-12-18 13:07:09,573 [INFO] Argument:325 - Argument : ErrorCodevalue: null
2025-12-18 13:07:09,573 [INFO] Argument:335 - Argument : ErrorCodevalue: null
2025-12-18 13:07:09,573 [INFO] Argument:325 - Argument : ChannelIndexvalue: null
2025-12-18 13:07:09,573 [INFO] Argument:335 - Argument : ChannelIndexvalue: null
2025-12-18 13:07:09,573 [INFO] Argument:325 - Argument : DMAmuxChannelvalue: null
2025-12-18 13:07:09,573 [INFO] Argument:335 - Argument : DMAmuxChannelvalue: null
2025-12-18 13:07:09,573 [INFO] Argument:325 - Argument : DMAmuxChannelStatusvalue: null
2025-12-18 13:07:09,573 [INFO] Argument:335 - Argument : DMAmuxChannelStatusvalue: null
2025-12-18 13:07:09,573 [INFO] Argument:325 - Argument : DMAmuxChannelStatusMaskvalue: null
2025-12-18 13:07:09,574 [INFO] Argument:335 - Argument : DMAmuxChannelStatusMaskvalue: null
2025-12-18 13:07:09,574 [INFO] Argument:325 - Argument : DMAmuxRequestGenvalue: null
2025-12-18 13:07:09,574 [INFO] Argument:335 - Argument : DMAmuxRequestGenvalue: null
2025-12-18 13:07:09,574 [INFO] Argument:325 - Argument : DMAmuxRequestGenStatusvalue: null
2025-12-18 13:07:09,574 [INFO] Argument:335 - Argument : DMAmuxRequestGenStatusvalue: null
2025-12-18 13:07:09,574 [INFO] Argument:325 - Argument : DMAmuxRequestGenStatusMaskvalue: null
2025-12-18 13:07:09,574 [INFO] Argument:335 - Argument : DMAmuxRequestGenStatusMaskvalue: null
2025-12-18 13:07:09,781 [INFO] CodeEngine:265 - oldGeneratedFile, C:\STM32_projekti\STM32G491-FOC_Motor_Control\STM32G491-FOC_Motor_Control\PWM_output\MXTmpFiles\license.tmp_save
2025-12-18 13:07:10,196 [INFO] CodeEngine:289 - Generated code: C:\STM32_projekti\STM32G491-FOC_Motor_Control\STM32G491-FOC_Motor_Control\PWM_output\MXTmpFiles\license.tmp
2025-12-18 13:07:10,330 [INFO] CodeEngine:265 - oldGeneratedFile, C:\STM32_projekti\STM32G491-FOC_Motor_Control\STM32G491-FOC_Motor_Control\PWM_output\MXTmpFiles\gpio.tmp_save
2025-12-18 13:07:10,459 [INFO] CodeEngine:289 - Generated code: C:\STM32_projekti\STM32G491-FOC_Motor_Control\STM32G491-FOC_Motor_Control\PWM_output\MXTmpFiles\gpio.tmp
2025-12-18 13:07:11,243 [INFO] CodeEngine:265 - oldGeneratedFile, C:\STM32_projekti\STM32G491-FOC_Motor_Control\STM32G491-FOC_Motor_Control\PWM_output\MXTmpFiles\dma.tmp_save
2025-12-18 13:07:11,306 [INFO] CodeEngine:289 - Generated code: C:\STM32_projekti\STM32G491-FOC_Motor_Control\STM32G491-FOC_Motor_Control\PWM_output\MXTmpFiles\dma.tmp
2025-12-18 13:07:11,313 [INFO] CodeEngine:265 - oldGeneratedFile, C:\STM32_projekti\STM32G491-FOC_Motor_Control\STM32G491-FOC_Motor_Control\PWM_output\MXTmpFiles\dma_GV.tmp_save
2025-12-18 13:07:11,372 [INFO] CodeEngine:289 - Generated code: C:\STM32_projekti\STM32G491-FOC_Motor_Control\STM32G491-FOC_Motor_Control\PWM_output\MXTmpFiles\dma_GV.tmp
2025-12-18 13:07:11,400 [INFO] CodeEngine:265 - oldGeneratedFile, C:\STM32_projekti\STM32G491-FOC_Motor_Control\STM32G491-FOC_Motor_Control\PWM_output\Core\Src\stm32g4xx_it.c_save
2025-12-18 13:07:11,622 [INFO] CodeEngine:289 - Generated code: C:\STM32_projekti\STM32G491-FOC_Motor_Control\STM32G491-FOC_Motor_Control\PWM_output\Core\Src\stm32g4xx_it.c
2025-12-18 13:07:11,632 [INFO] CodeEngine:265 - oldGeneratedFile, C:\STM32_projekti\STM32G491-FOC_Motor_Control\STM32G491-FOC_Motor_Control\PWM_output\Core\Inc\stm32g4xx_it.h_save
2025-12-18 13:07:11,695 [INFO] CodeEngine:289 - Generated code: C:\STM32_projekti\STM32G491-FOC_Motor_Control\STM32G491-FOC_Motor_Control\PWM_output\Core\Inc\stm32g4xx_it.h
2025-12-18 13:07:11,716 [INFO] CodeEngine:265 - oldGeneratedFile, C:\STM32_projekti\STM32G491-FOC_Motor_Control\STM32G491-FOC_Motor_Control\PWM_output\Core\Src\stm32g4xx_hal_msp.c_save
2025-12-18 13:07:11,832 [INFO] CodeEngine:289 - Generated code: C:\STM32_projekti\STM32G491-FOC_Motor_Control\STM32G491-FOC_Motor_Control\PWM_output\Core\Src\stm32g4xx_hal_msp.c
2025-12-18 13:07:11,838 [INFO] CodeEngine:265 - oldGeneratedFile, C:\STM32_projekti\STM32G491-FOC_Motor_Control\STM32G491-FOC_Motor_Control\PWM_output\MXTmpFiles\system.tmp_save
2025-12-18 13:07:11,890 [INFO] CodeEngine:289 - Generated code: C:\STM32_projekti\STM32G491-FOC_Motor_Control\STM32G491-FOC_Motor_Control\PWM_output\MXTmpFiles\system.tmp
2025-12-18 13:07:11,906 [INFO] CodeEngine:321 - oldGeneratedFile, C:\STM32_projekti\STM32G491-FOC_Motor_Control\STM32G491-FOC_Motor_Control\PWM_output\Core\Inc\stm32g4xx_hal_conf.h_save
2025-12-18 13:07:11,968 [INFO] CodeEngine:345 - Generated code: C:\STM32_projekti\STM32G491-FOC_Motor_Control\STM32G491-FOC_Motor_Control\PWM_output\Core\Inc\stm32g4xx_hal_conf.h
2025-12-18 13:07:11,990 [WARN] IPConfigManager:3238 - Warning: the RefConfig RCC_CommonPeriphClockConfig is not available in your config.xml file
2025-12-18 13:07:11,992 [WARN] IPConfigManager:3811 - IP not found : TIM
2025-12-18 13:07:11,993 [WARN] CodeGenerator:4259 - IP not found : null
2025-12-18 13:07:12,002 [INFO] CodeEngine:265 - oldGeneratedFile, C:\STM32_projekti\STM32G491-FOC_Motor_Control\STM32G491-FOC_Motor_Control\PWM_output\Core\Inc\main.h_save
2025-12-18 13:07:12,081 [INFO] CodeEngine:289 - Generated code: C:\STM32_projekti\STM32G491-FOC_Motor_Control\STM32G491-FOC_Motor_Control\PWM_output\Core\Inc\main.h
2025-12-18 13:07:12,090 [INFO] CodeEngine:265 - oldGeneratedFile, C:\STM32_projekti\STM32G491-FOC_Motor_Control\STM32G491-FOC_Motor_Control\PWM_output\Core\Src\main.c_save
2025-12-18 13:07:12,213 [INFO] CodeEngine:289 - Generated code: C:\STM32_projekti\STM32G491-FOC_Motor_Control\STM32G491-FOC_Motor_Control\PWM_output\Core\Src\main.c
2025-12-18 13:07:12,602 [INFO] ProjectBuilder:3606 - Time for Copy HAL[1] : 210mS.
2025-12-18 13:07:12,606 [INFO] ProjectBuilder:5216 - Project Generator version: 4.7.0-B52
2025-12-18 13:07:12,682 [INFO] ConfigFileManager:1595 - The Die is : DIE479
2025-12-18 13:07:13,620 [INFO] ProjectBuilder:5496 - Time for Generating toolchain IDE Files: 1014mS.
2025-12-18 13:07:13,622 [INFO] ProjectBuilder:3463 - Time for Copy CMSIS : 1mS.
2025-12-18 13:07:13,629 [INFO] ProjectBuilder:3463 - Time for Copy CMSIS : 0mS.
2025-12-18 13:07:23,485 [ERROR] ConfigurationRetriever:142 - IOException on connection: Connect timed out
2025-12-18 13:07:25,487 [ERROR] ConfigurationRetriever:142 - IOException on connection: Connect timed out
2025-12-18 13:07:27,489 [ERROR] ConfigurationRetriever:142 - IOException on connection: Connect timed out
2025-12-18 13:07:29,539 [ERROR] ConfigurationRetriever:142 - IOException on connection: Connect timed out
2025-12-18 13:07:31,541 [ERROR] ConfigurationRetriever:142 - IOException on connection: Connect timed out
2025-12-18 13:07:33,543 [ERROR] ConfigurationRetriever:142 - IOException on connection: Connect timed out
2025-12-18 13:07:58,857 [INFO] NvicIntPanel:101 - NVIC parent = com.st.microxplorer.plugins.ip.nvic.MultiNvicIntPanel[,0,0,0x0,invalid,layout=javax.swing.BoxLayout,alignmentX=0.0,alignmentY=0.0,border=,flags=9,maximumSize=,minimumSize=,preferredSize=]
2025-12-18 13:07:59,724 [INFO] UtilMem:75 - End SaveConfig() Used Memory: 449406112 Bytes (974127104)
2025-12-18 13:07:59,794 [ERROR] ConfigurationRetriever:142 - IOException on connection: sw-center.st.com
2025-12-18 13:07:59,795 [ERROR] ConfigurationRetriever:142 - IOException on connection: sw-center.st.com
2025-12-18 13:07:59,795 [ERROR] ConfigurationRetriever:142 - IOException on connection: sw-center.st.com
2025-12-18 13:08:00,956 [INFO] UtilMem:75 - End SaveConfig() Used Memory: 473523360 Bytes (974127104)
2025-12-18 13:08:01,653 [INFO] UtilMem:75 - End SaveConfig() Used Memory: 524377248 Bytes (974127104)
2025-12-18 13:08:01,932 [INFO] BlockDiagram:2775 - set Specific Code input for plugin: TIM1_8G4
2025-12-18 13:08:01,932 [INFO] BlockDiagram:2775 - set Specific Code input for plugin: TIM1_8G4
2025-12-18 13:08:01,932 [INFO] BlockDiagram:2775 - set Specific Code input for plugin: SYS
2025-12-18 13:08:01,932 [INFO] BlockDiagram:2775 - set Specific Code input for plugin: ADC
2025-12-18 13:08:01,932 [INFO] BlockDiagram:2775 - set Specific Code input for plugin: RCC
2025-12-18 13:08:01,932 [INFO] BlockDiagram:2775 - set Specific Code input for plugin: NVIC
2025-12-18 13:08:01,932 [INFO] BlockDiagram:2775 - set Specific Code input for plugin: USART
2025-12-18 13:08:01,932 [INFO] BlockDiagram:2775 - set Specific Code input for plugin: DMA
2025-12-18 13:08:01,933 [INFO] BlockDiagram:2775 - set Specific Code input for plugin: GPIO
2025-12-18 13:08:01,934 [INFO] CodeGenerator:892 - code generatio: config db path: C:\ST\STM32CubeIDE_1.19.0\STM32CubeIDE\plugins\com.st.stm32cube.common.mx_6.15.0.202507011659\\db\
2025-12-18 13:08:01,944 [INFO] Argument:325 - Argument : hdmavalue: null
2025-12-18 13:08:01,944 [INFO] Argument:327 - 	 sub Args: 
2025-12-18 13:08:01,944 [INFO] Argument:325 - Argument : Instancevalue: DMA1_Channel1
2025-12-18 13:08:01,944 [INFO] Argument:335 - Argument : Instancevalue: DMA1_Channel1
2025-12-18 13:08:01,944 [INFO] Argument:325 - Argument : Initvalue: null
2025-12-18 13:08:01,944 [INFO] Argument:327 - 	 sub Args: 
2025-12-18 13:08:01,944 [INFO] Argument:325 - Argument : Requestvalue: DMA_REQUEST_ADC1
2025-12-18 13:08:01,944 [INFO] Argument:335 - Argument : Requestvalue: DMA_REQUEST_ADC1
2025-12-18 13:08:01,944 [INFO] Argument:325 - Argument : Directionvalue: DMA_PERIPH_TO_MEMORY
2025-12-18 13:08:01,944 [INFO] Argument:335 - Argument : Directionvalue: DMA_PERIPH_TO_MEMORY
2025-12-18 13:08:01,944 [INFO] Argument:325 - Argument : PeriphIncvalue: DMA_PINC_DISABLE
2025-12-18 13:08:01,944 [INFO] Argument:335 - Argument : PeriphIncvalue: DMA_PINC_DISABLE
2025-12-18 13:08:01,944 [INFO] Argument:325 - Argument : MemIncvalue: DMA_MINC_ENABLE
2025-12-18 13:08:01,944 [INFO] Argument:335 - Argument : MemIncvalue: DMA_MINC_ENABLE
2025-12-18 13:08:01,944 [INFO] Argument:325 - Argument : PeriphDataAlignmentvalue: DMA_PDATAALIGN_HALFWORD
2025-12-18 13:08:01,944 [INFO] Argument:335 - Argument : PeriphDataAlignmentvalue: DMA_PDATAALIGN_HALFWORD
2025-12-18 13:08:01,945 [INFO] Argument:325 - Argument : MemDataAlignmentvalue: DMA_MDATAALIGN_WORD
2025-12-18 13:08:01,945 [INFO] Argument:335 - Argument : MemDataAlignmentvalue: DMA_MDATAALIGN_WORD
2025-12-18 13:08:01,945 [INFO] Argument:325 - Argument : Modevalue: DMA_CIRCULAR
2025-12-18 13:08:01,945 [INFO] Argument:335 - Argument : Modevalue: DMA_CIRCULAR
2025-12-18 13:08:01,945 [INFO] Argument:325 - Argument : Priorityvalue: DMA_PRIORITY_LOW
2025-12-18 13:08:01,945 [INFO] Argument:335 - Argument : Priorityvalue: DMA_PRIORITY_LOW
2025-12-18 13:08:01,945 [INFO] Argument:325 - Argument : Lockvalue: null
2025-12-18 13:08:01,945 [INFO] Argument:335 - Argument : Lockvalue: null
2025-12-18 13:08:01,945 [INFO] Argument:325 - Argument : Statevalue: null
2025-12-18 13:08:01,945 [INFO] Argument:335 - Argument : Statevalue: null
2025-12-18 13:08:01,945 [INFO] Argument:325 - Argument : Parentvalue: null
2025-12-18 13:08:01,945 [INFO] Argument:335 - Argument : Parentvalue: null
2025-12-18 13:08:01,945 [INFO] Argument:325 - Argument : XferCpltCallbackvalue: null
2025-12-18 13:08:01,945 [INFO] Argument:335 - Argument : XferCpltCallbackvalue: null
2025-12-18 13:08:01,945 [INFO] Argument:325 - Argument : XferHalfCpltCallbackvalue: null
2025-12-18 13:08:01,945 [INFO] Argument:335 - Argument : XferHalfCpltCallbackvalue: null
2025-12-18 13:08:01,945 [INFO] Argument:325 - Argument : XferErrorCallbackvalue: null
2025-12-18 13:08:01,945 [INFO] Argument:335 - Argument : XferErrorCallbackvalue: null
2025-12-18 13:08:01,945 [INFO] Argument:325 - Argument : XferAbortCallbackvalue: null
2025-12-18 13:08:01,945 [INFO] Argument:335 - Argument : XferAbortCallbackvalue: null
2025-12-18 13:08:01,945 [INFO] Argument:325 - Argument : ErrorCodevalue: null
2025-12-18 13:08:01,945 [INFO] Argument:335 - Argument : ErrorCodevalue: null
2025-12-18 13:08:01,945 [INFO] Argument:325 - Argument : ChannelIndexvalue: null
2025-12-18 13:08:01,945 [INFO] Argument:335 - Argument : ChannelIndexvalue: null
2025-12-18 13:08:01,945 [INFO] Argument:325 - Argument : DMAmuxChannelvalue: null
2025-12-18 13:08:01,945 [INFO] Argument:335 - Argument : DMAmuxChannelvalue: null
2025-12-18 13:08:01,945 [INFO] Argument:325 - Argument : DMAmuxChannelStatusvalue: null
2025-12-18 13:08:01,945 [INFO] Argument:335 - Argument : DMAmuxChannelStatusvalue: null
2025-12-18 13:08:01,945 [INFO] Argument:325 - Argument : DMAmuxChannelStatusMaskvalue: null
2025-12-18 13:08:01,946 [INFO] Argument:335 - Argument : DMAmuxChannelStatusMaskvalue: null
2025-12-18 13:08:01,946 [INFO] Argument:325 - Argument : DMAmuxRequestGenvalue: null
2025-12-18 13:08:01,946 [INFO] Argument:335 - Argument : DMAmuxRequestGenvalue: null
2025-12-18 13:08:01,946 [INFO] Argument:325 - Argument : DMAmuxRequestGenStatusvalue: null
2025-12-18 13:08:01,946 [INFO] Argument:335 - Argument : DMAmuxRequestGenStatusvalue: null
2025-12-18 13:08:01,946 [INFO] Argument:325 - Argument : DMAmuxRequestGenStatusMaskvalue: null
2025-12-18 13:08:01,946 [INFO] Argument:335 - Argument : DMAmuxRequestGenStatusMaskvalue: null
2025-12-18 13:08:02,059 [INFO] CodeEngine:265 - oldGeneratedFile, C:\STM32_projekti\STM32G491-FOC_Motor_Control\STM32G491-FOC_Motor_Control\PWM_output\MXTmpFiles\license.tmp_save
2025-12-18 13:08:02,109 [INFO] CodeEngine:289 - Generated code: C:\STM32_projekti\STM32G491-FOC_Motor_Control\STM32G491-FOC_Motor_Control\PWM_output\MXTmpFiles\license.tmp
2025-12-18 13:08:02,170 [INFO] CodeEngine:265 - oldGeneratedFile, C:\STM32_projekti\STM32G491-FOC_Motor_Control\STM32G491-FOC_Motor_Control\PWM_output\MXTmpFiles\gpio.tmp_save
2025-12-18 13:08:02,228 [INFO] CodeEngine:289 - Generated code: C:\STM32_projekti\STM32G491-FOC_Motor_Control\STM32G491-FOC_Motor_Control\PWM_output\MXTmpFiles\gpio.tmp
2025-12-18 13:08:02,669 [INFO] CodeEngine:265 - oldGeneratedFile, C:\STM32_projekti\STM32G491-FOC_Motor_Control\STM32G491-FOC_Motor_Control\PWM_output\MXTmpFiles\dma.tmp_save
2025-12-18 13:08:02,718 [INFO] CodeEngine:289 - Generated code: C:\STM32_projekti\STM32G491-FOC_Motor_Control\STM32G491-FOC_Motor_Control\PWM_output\MXTmpFiles\dma.tmp
2025-12-18 13:08:02,723 [INFO] CodeEngine:265 - oldGeneratedFile, C:\STM32_projekti\STM32G491-FOC_Motor_Control\STM32G491-FOC_Motor_Control\PWM_output\MXTmpFiles\dma_GV.tmp_save
2025-12-18 13:08:02,843 [INFO] CodeEngine:289 - Generated code: C:\STM32_projekti\STM32G491-FOC_Motor_Control\STM32G491-FOC_Motor_Control\PWM_output\MXTmpFiles\dma_GV.tmp
2025-12-18 13:08:02,881 [INFO] CodeEngine:265 - oldGeneratedFile, C:\STM32_projekti\STM32G491-FOC_Motor_Control\STM32G491-FOC_Motor_Control\PWM_output\Core\Src\stm32g4xx_it.c_save
2025-12-18 13:08:03,083 [INFO] CodeEngine:289 - Generated code: C:\STM32_projekti\STM32G491-FOC_Motor_Control\STM32G491-FOC_Motor_Control\PWM_output\Core\Src\stm32g4xx_it.c
2025-12-18 13:08:03,092 [INFO] CodeEngine:265 - oldGeneratedFile, C:\STM32_projekti\STM32G491-FOC_Motor_Control\STM32G491-FOC_Motor_Control\PWM_output\Core\Inc\stm32g4xx_it.h_save
2025-12-18 13:08:03,167 [INFO] CodeEngine:289 - Generated code: C:\STM32_projekti\STM32G491-FOC_Motor_Control\STM32G491-FOC_Motor_Control\PWM_output\Core\Inc\stm32g4xx_it.h
2025-12-18 13:08:03,194 [INFO] CodeEngine:265 - oldGeneratedFile, C:\STM32_projekti\STM32G491-FOC_Motor_Control\STM32G491-FOC_Motor_Control\PWM_output\Core\Src\stm32g4xx_hal_msp.c_save
2025-12-18 13:08:03,304 [INFO] CodeEngine:289 - Generated code: C:\STM32_projekti\STM32G491-FOC_Motor_Control\STM32G491-FOC_Motor_Control\PWM_output\Core\Src\stm32g4xx_hal_msp.c
2025-12-18 13:08:03,312 [INFO] CodeEngine:265 - oldGeneratedFile, C:\STM32_projekti\STM32G491-FOC_Motor_Control\STM32G491-FOC_Motor_Control\PWM_output\MXTmpFiles\system.tmp_save
2025-12-18 13:08:03,362 [INFO] CodeEngine:289 - Generated code: C:\STM32_projekti\STM32G491-FOC_Motor_Control\STM32G491-FOC_Motor_Control\PWM_output\MXTmpFiles\system.tmp
2025-12-18 13:08:03,375 [INFO] CodeEngine:321 - oldGeneratedFile, C:\STM32_projekti\STM32G491-FOC_Motor_Control\STM32G491-FOC_Motor_Control\PWM_output\Core\Inc\stm32g4xx_hal_conf.h_save
2025-12-18 13:08:03,444 [INFO] CodeEngine:345 - Generated code: C:\STM32_projekti\STM32G491-FOC_Motor_Control\STM32G491-FOC_Motor_Control\PWM_output\Core\Inc\stm32g4xx_hal_conf.h
2025-12-18 13:08:03,462 [WARN] IPConfigManager:3238 - Warning: the RefConfig RCC_CommonPeriphClockConfig is not available in your config.xml file
2025-12-18 13:08:03,465 [WARN] IPConfigManager:3811 - IP not found : TIM
2025-12-18 13:08:03,466 [WARN] CodeGenerator:4259 - IP not found : null
2025-12-18 13:08:03,475 [INFO] CodeEngine:265 - oldGeneratedFile, C:\STM32_projekti\STM32G491-FOC_Motor_Control\STM32G491-FOC_Motor_Control\PWM_output\Core\Inc\main.h_save
2025-12-18 13:08:03,538 [INFO] CodeEngine:289 - Generated code: C:\STM32_projekti\STM32G491-FOC_Motor_Control\STM32G491-FOC_Motor_Control\PWM_output\Core\Inc\main.h
2025-12-18 13:08:03,546 [INFO] CodeEngine:265 - oldGeneratedFile, C:\STM32_projekti\STM32G491-FOC_Motor_Control\STM32G491-FOC_Motor_Control\PWM_output\Core\Src\main.c_save
2025-12-18 13:08:03,695 [INFO] CodeEngine:289 - Generated code: C:\STM32_projekti\STM32G491-FOC_Motor_Control\STM32G491-FOC_Motor_Control\PWM_output\Core\Src\main.c
2025-12-18 13:08:04,472 [INFO] ProjectBuilder:3606 - Time for Copy HAL[1] : 370mS.
2025-12-18 13:08:04,479 [INFO] ProjectBuilder:5216 - Project Generator version: 4.7.0-B52
2025-12-18 13:08:04,643 [INFO] ConfigFileManager:1595 - The Die is : DIE479
2025-12-18 13:08:05,974 [INFO] ProjectBuilder:5496 - Time for Generating toolchain IDE Files: 1495mS.
2025-12-18 13:08:05,975 [INFO] ProjectBuilder:3463 - Time for Copy CMSIS : 1mS.
2025-12-18 13:08:05,982 [INFO] ProjectBuilder:3463 - Time for Copy CMSIS : 0mS.
2025-12-18 13:08:23,035 [ERROR] ConfigurationRetriever:142 - IOException on connection: Connect timed out
2025-12-18 13:08:25,060 [ERROR] ConfigurationRetriever:142 - IOException on connection: Connect timed out
2025-12-18 13:08:27,064 [ERROR] ConfigurationRetriever:142 - IOException on connection: Connect timed out
2025-12-18 13:08:29,068 [ERROR] ConfigurationRetriever:142 - IOException on connection: Connect timed out
2025-12-18 13:08:43,569 [INFO] NvicIntPanel:101 - NVIC parent = com.st.microxplorer.plugins.ip.nvic.MultiNvicIntPanel[,0,0,0x0,invalid,layout=javax.swing.BoxLayout,alignmentX=0.0,alignmentY=0.0,border=,flags=9,maximumSize=,minimumSize=,preferredSize=]
2025-12-18 13:08:44,363 [INFO] UtilMem:75 - End SaveConfig() Used Memory: 573900608 Bytes (974127104)
2025-12-18 13:08:45,276 [INFO] UtilMem:75 - End SaveConfig() Used Memory: 596442944 Bytes (974127104)
2025-12-18 13:08:46,006 [INFO] UtilMem:75 - End SaveConfig() Used Memory: 691863360 Bytes (974127104)
2025-12-18 13:08:46,309 [INFO] BlockDiagram:2775 - set Specific Code input for plugin: TIM1_8G4
2025-12-18 13:08:46,309 [INFO] BlockDiagram:2775 - set Specific Code input for plugin: TIM1_8G4
2025-12-18 13:08:46,309 [INFO] BlockDiagram:2775 - set Specific Code input for plugin: SYS
2025-12-18 13:08:46,310 [INFO] BlockDiagram:2775 - set Specific Code input for plugin: ADC
2025-12-18 13:08:46,310 [INFO] BlockDiagram:2775 - set Specific Code input for plugin: RCC
2025-12-18 13:08:46,310 [INFO] BlockDiagram:2775 - set Specific Code input for plugin: NVIC
2025-12-18 13:08:46,310 [INFO] BlockDiagram:2775 - set Specific Code input for plugin: USART
2025-12-18 13:08:46,310 [INFO] BlockDiagram:2775 - set Specific Code input for plugin: DMA
2025-12-18 13:08:46,310 [INFO] BlockDiagram:2775 - set Specific Code input for plugin: GPIO
2025-12-18 13:08:46,312 [INFO] CodeGenerator:892 - code generatio: config db path: C:\ST\STM32CubeIDE_1.19.0\STM32CubeIDE\plugins\com.st.stm32cube.common.mx_6.15.0.202507011659\\db\
2025-12-18 13:08:46,322 [INFO] Argument:325 - Argument : hdmavalue: null
2025-12-18 13:08:46,323 [INFO] Argument:327 - 	 sub Args: 
2025-12-18 13:08:46,323 [INFO] Argument:325 - Argument : Instancevalue: DMA1_Channel1
2025-12-18 13:08:46,323 [INFO] Argument:335 - Argument : Instancevalue: DMA1_Channel1
2025-12-18 13:08:46,323 [INFO] Argument:325 - Argument : Initvalue: null
2025-12-18 13:08:46,323 [INFO] Argument:327 - 	 sub Args: 
2025-12-18 13:08:46,323 [INFO] Argument:325 - Argument : Requestvalue: DMA_REQUEST_ADC1
2025-12-18 13:08:46,323 [INFO] Argument:335 - Argument : Requestvalue: DMA_REQUEST_ADC1
2025-12-18 13:08:46,323 [INFO] Argument:325 - Argument : Directionvalue: DMA_PERIPH_TO_MEMORY
2025-12-18 13:08:46,323 [INFO] Argument:335 - Argument : Directionvalue: DMA_PERIPH_TO_MEMORY
2025-12-18 13:08:46,323 [INFO] Argument:325 - Argument : PeriphIncvalue: DMA_PINC_DISABLE
2025-12-18 13:08:46,323 [INFO] Argument:335 - Argument : PeriphIncvalue: DMA_PINC_DISABLE
2025-12-18 13:08:46,323 [INFO] Argument:325 - Argument : MemIncvalue: DMA_MINC_ENABLE
2025-12-18 13:08:46,323 [INFO] Argument:335 - Argument : MemIncvalue: DMA_MINC_ENABLE
2025-12-18 13:08:46,323 [INFO] Argument:325 - Argument : PeriphDataAlignmentvalue: DMA_PDATAALIGN_HALFWORD
2025-12-18 13:08:46,323 [INFO] Argument:335 - Argument : PeriphDataAlignmentvalue: DMA_PDATAALIGN_HALFWORD
2025-12-18 13:08:46,323 [INFO] Argument:325 - Argument : MemDataAlignmentvalue: DMA_MDATAALIGN_WORD
2025-12-18 13:08:46,323 [INFO] Argument:335 - Argument : MemDataAlignmentvalue: DMA_MDATAALIGN_WORD
2025-12-18 13:08:46,323 [INFO] Argument:325 - Argument : Modevalue: DMA_CIRCULAR
2025-12-18 13:08:46,323 [INFO] Argument:335 - Argument : Modevalue: DMA_CIRCULAR
2025-12-18 13:08:46,323 [INFO] Argument:325 - Argument : Priorityvalue: DMA_PRIORITY_LOW
2025-12-18 13:08:46,323 [INFO] Argument:335 - Argument : Priorityvalue: DMA_PRIORITY_LOW
2025-12-18 13:08:46,323 [INFO] Argument:325 - Argument : Lockvalue: null
2025-12-18 13:08:46,323 [INFO] Argument:335 - Argument : Lockvalue: null
2025-12-18 13:08:46,323 [INFO] Argument:325 - Argument : Statevalue: null
2025-12-18 13:08:46,323 [INFO] Argument:335 - Argument : Statevalue: null
2025-12-18 13:08:46,324 [INFO] Argument:325 - Argument : Parentvalue: null
2025-12-18 13:08:46,324 [INFO] Argument:335 - Argument : Parentvalue: null
2025-12-18 13:08:46,324 [INFO] Argument:325 - Argument : XferCpltCallbackvalue: null
2025-12-18 13:08:46,324 [INFO] Argument:335 - Argument : XferCpltCallbackvalue: null
2025-12-18 13:08:46,324 [INFO] Argument:325 - Argument : XferHalfCpltCallbackvalue: null
2025-12-18 13:08:46,324 [INFO] Argument:335 - Argument : XferHalfCpltCallbackvalue: null
2025-12-18 13:08:46,324 [INFO] Argument:325 - Argument : XferErrorCallbackvalue: null
2025-12-18 13:08:46,324 [INFO] Argument:335 - Argument : XferErrorCallbackvalue: null
2025-12-18 13:08:46,324 [INFO] Argument:325 - Argument : XferAbortCallbackvalue: null
2025-12-18 13:08:46,324 [INFO] Argument:335 - Argument : XferAbortCallbackvalue: null
2025-12-18 13:08:46,324 [INFO] Argument:325 - Argument : ErrorCodevalue: null
2025-12-18 13:08:46,324 [INFO] Argument:335 - Argument : ErrorCodevalue: null
2025-12-18 13:08:46,324 [INFO] Argument:325 - Argument : ChannelIndexvalue: null
2025-12-18 13:08:46,324 [INFO] Argument:335 - Argument : ChannelIndexvalue: null
2025-12-18 13:08:46,324 [INFO] Argument:325 - Argument : DMAmuxChannelvalue: null
2025-12-18 13:08:46,324 [INFO] Argument:335 - Argument : DMAmuxChannelvalue: null
2025-12-18 13:08:46,324 [INFO] Argument:325 - Argument : DMAmuxChannelStatusvalue: null
2025-12-18 13:08:46,324 [INFO] Argument:335 - Argument : DMAmuxChannelStatusvalue: null
2025-12-18 13:08:46,324 [INFO] Argument:325 - Argument : DMAmuxChannelStatusMaskvalue: null
2025-12-18 13:08:46,324 [INFO] Argument:335 - Argument : DMAmuxChannelStatusMaskvalue: null
2025-12-18 13:08:46,324 [INFO] Argument:325 - Argument : DMAmuxRequestGenvalue: null
2025-12-18 13:08:46,324 [INFO] Argument:335 - Argument : DMAmuxRequestGenvalue: null
2025-12-18 13:08:46,324 [INFO] Argument:325 - Argument : DMAmuxRequestGenStatusvalue: null
2025-12-18 13:08:46,324 [INFO] Argument:335 - Argument : DMAmuxRequestGenStatusvalue: null
2025-12-18 13:08:46,324 [INFO] Argument:325 - Argument : DMAmuxRequestGenStatusMaskvalue: null
2025-12-18 13:08:46,324 [INFO] Argument:335 - Argument : DMAmuxRequestGenStatusMaskvalue: null
2025-12-18 13:08:46,438 [INFO] CodeEngine:265 - oldGeneratedFile, C:\STM32_projekti\STM32G491-FOC_Motor_Control\STM32G491-FOC_Motor_Control\PWM_output\MXTmpFiles\license.tmp_save
2025-12-18 13:08:46,491 [INFO] CodeEngine:289 - Generated code: C:\STM32_projekti\STM32G491-FOC_Motor_Control\STM32G491-FOC_Motor_Control\PWM_output\MXTmpFiles\license.tmp
2025-12-18 13:08:46,544 [INFO] CodeEngine:265 - oldGeneratedFile, C:\STM32_projekti\STM32G491-FOC_Motor_Control\STM32G491-FOC_Motor_Control\PWM_output\MXTmpFiles\gpio.tmp_save
2025-12-18 13:08:46,595 [INFO] CodeEngine:289 - Generated code: C:\STM32_projekti\STM32G491-FOC_Motor_Control\STM32G491-FOC_Motor_Control\PWM_output\MXTmpFiles\gpio.tmp
2025-12-18 13:08:46,972 [INFO] CodeEngine:265 - oldGeneratedFile, C:\STM32_projekti\STM32G491-FOC_Motor_Control\STM32G491-FOC_Motor_Control\PWM_output\MXTmpFiles\dma.tmp_save
2025-12-18 13:08:47,022 [INFO] CodeEngine:289 - Generated code: C:\STM32_projekti\STM32G491-FOC_Motor_Control\STM32G491-FOC_Motor_Control\PWM_output\MXTmpFiles\dma.tmp
2025-12-18 13:08:47,027 [INFO] CodeEngine:265 - oldGeneratedFile, C:\STM32_projekti\STM32G491-FOC_Motor_Control\STM32G491-FOC_Motor_Control\PWM_output\MXTmpFiles\dma_GV.tmp_save
2025-12-18 13:08:47,072 [INFO] CodeEngine:289 - Generated code: C:\STM32_projekti\STM32G491-FOC_Motor_Control\STM32G491-FOC_Motor_Control\PWM_output\MXTmpFiles\dma_GV.tmp
2025-12-18 13:08:47,092 [INFO] CodeEngine:265 - oldGeneratedFile, C:\STM32_projekti\STM32G491-FOC_Motor_Control\STM32G491-FOC_Motor_Control\PWM_output\Core\Src\stm32g4xx_it.c_save
2025-12-18 13:08:47,175 [INFO] CodeEngine:289 - Generated code: C:\STM32_projekti\STM32G491-FOC_Motor_Control\STM32G491-FOC_Motor_Control\PWM_output\Core\Src\stm32g4xx_it.c
2025-12-18 13:08:47,182 [INFO] CodeEngine:265 - oldGeneratedFile, C:\STM32_projekti\STM32G491-FOC_Motor_Control\STM32G491-FOC_Motor_Control\PWM_output\Core\Inc\stm32g4xx_it.h_save
2025-12-18 13:08:47,233 [INFO] CodeEngine:289 - Generated code: C:\STM32_projekti\STM32G491-FOC_Motor_Control\STM32G491-FOC_Motor_Control\PWM_output\Core\Inc\stm32g4xx_it.h
2025-12-18 13:08:47,252 [INFO] CodeEngine:265 - oldGeneratedFile, C:\STM32_projekti\STM32G491-FOC_Motor_Control\STM32G491-FOC_Motor_Control\PWM_output\Core\Src\stm32g4xx_hal_msp.c_save
2025-12-18 13:08:47,329 [INFO] CodeEngine:289 - Generated code: C:\STM32_projekti\STM32G491-FOC_Motor_Control\STM32G491-FOC_Motor_Control\PWM_output\Core\Src\stm32g4xx_hal_msp.c
2025-12-18 13:08:47,335 [INFO] CodeEngine:265 - oldGeneratedFile, C:\STM32_projekti\STM32G491-FOC_Motor_Control\STM32G491-FOC_Motor_Control\PWM_output\MXTmpFiles\system.tmp_save
2025-12-18 13:08:47,381 [INFO] CodeEngine:289 - Generated code: C:\STM32_projekti\STM32G491-FOC_Motor_Control\STM32G491-FOC_Motor_Control\PWM_output\MXTmpFiles\system.tmp
2025-12-18 13:08:47,394 [INFO] CodeEngine:321 - oldGeneratedFile, C:\STM32_projekti\STM32G491-FOC_Motor_Control\STM32G491-FOC_Motor_Control\PWM_output\Core\Inc\stm32g4xx_hal_conf.h_save
2025-12-18 13:08:47,447 [INFO] CodeEngine:345 - Generated code: C:\STM32_projekti\STM32G491-FOC_Motor_Control\STM32G491-FOC_Motor_Control\PWM_output\Core\Inc\stm32g4xx_hal_conf.h
2025-12-18 13:08:47,461 [WARN] IPConfigManager:3238 - Warning: the RefConfig RCC_CommonPeriphClockConfig is not available in your config.xml file
2025-12-18 13:08:47,463 [WARN] IPConfigManager:3811 - IP not found : TIM
2025-12-18 13:08:47,464 [WARN] CodeGenerator:4259 - IP not found : null
2025-12-18 13:08:47,472 [INFO] CodeEngine:265 - oldGeneratedFile, C:\STM32_projekti\STM32G491-FOC_Motor_Control\STM32G491-FOC_Motor_Control\PWM_output\Core\Inc\main.h_save
2025-12-18 13:08:47,527 [INFO] CodeEngine:289 - Generated code: C:\STM32_projekti\STM32G491-FOC_Motor_Control\STM32G491-FOC_Motor_Control\PWM_output\Core\Inc\main.h
2025-12-18 13:08:47,534 [INFO] CodeEngine:265 - oldGeneratedFile, C:\STM32_projekti\STM32G491-FOC_Motor_Control\STM32G491-FOC_Motor_Control\PWM_output\Core\Src\main.c_save
2025-12-18 13:08:47,626 [INFO] CodeEngine:289 - Generated code: C:\STM32_projekti\STM32G491-FOC_Motor_Control\STM32G491-FOC_Motor_Control\PWM_output\Core\Src\main.c
2025-12-18 13:08:47,959 [INFO] ProjectBuilder:3606 - Time for Copy HAL[1] : 181mS.
2025-12-18 13:08:47,963 [INFO] ProjectBuilder:5216 - Project Generator version: 4.7.0-B52
2025-12-18 13:08:48,027 [INFO] ConfigFileManager:1595 - The Die is : DIE479
2025-12-18 13:08:48,770 [INFO] ProjectBuilder:5496 - Time for Generating toolchain IDE Files: 806mS.
2025-12-18 13:08:48,770 [INFO] ProjectBuilder:3463 - Time for Copy CMSIS : 0mS.
2025-12-18 13:08:48,777 [INFO] ProjectBuilder:3463 - Time for Copy CMSIS : 0mS.
2025-12-18 13:09:15,863 [INFO] NvicIntPanel:101 - NVIC parent = com.st.microxplorer.plugins.ip.nvic.MultiNvicIntPanel[,0,0,0x0,invalid,layout=javax.swing.BoxLayout,alignmentX=0.0,alignmentY=0.0,border=,flags=9,maximumSize=,minimumSize=,preferredSize=]
2025-12-18 13:09:16,424 [INFO] UtilMem:75 - End SaveConfig() Used Memory: 447318416 Bytes (974127104)
2025-12-18 13:09:17,718 [INFO] UtilMem:75 - End SaveConfig() Used Memory: 472484240 Bytes (974127104)
2025-12-18 13:09:18,390 [INFO] UtilMem:75 - End SaveConfig() Used Memory: 515475856 Bytes (974127104)
2025-12-18 13:09:18,640 [INFO] BlockDiagram:2775 - set Specific Code input for plugin: TIM1_8G4
2025-12-18 13:09:18,640 [INFO] BlockDiagram:2775 - set Specific Code input for plugin: TIM1_8G4
2025-12-18 13:09:18,640 [INFO] BlockDiagram:2775 - set Specific Code input for plugin: SYS
2025-12-18 13:09:18,640 [INFO] BlockDiagram:2775 - set Specific Code input for plugin: ADC
2025-12-18 13:09:18,640 [INFO] BlockDiagram:2775 - set Specific Code input for plugin: RCC
2025-12-18 13:09:18,640 [INFO] BlockDiagram:2775 - set Specific Code input for plugin: NVIC
2025-12-18 13:09:18,640 [INFO] BlockDiagram:2775 - set Specific Code input for plugin: USART
2025-12-18 13:09:18,640 [INFO] BlockDiagram:2775 - set Specific Code input for plugin: DMA
2025-12-18 13:09:18,640 [INFO] BlockDiagram:2775 - set Specific Code input for plugin: GPIO
2025-12-18 13:09:18,641 [INFO] CodeGenerator:892 - code generatio: config db path: C:\ST\STM32CubeIDE_1.19.0\STM32CubeIDE\plugins\com.st.stm32cube.common.mx_6.15.0.202507011659\\db\
2025-12-18 13:09:18,649 [INFO] Argument:325 - Argument : hdmavalue: null
2025-12-18 13:09:18,649 [INFO] Argument:327 - 	 sub Args: 
2025-12-18 13:09:18,649 [INFO] Argument:325 - Argument : Instancevalue: DMA1_Channel1
2025-12-18 13:09:18,649 [INFO] Argument:335 - Argument : Instancevalue: DMA1_Channel1
2025-12-18 13:09:18,649 [INFO] Argument:325 - Argument : Initvalue: null
2025-12-18 13:09:18,649 [INFO] Argument:327 - 	 sub Args: 
2025-12-18 13:09:18,650 [INFO] Argument:325 - Argument : Requestvalue: DMA_REQUEST_ADC1
2025-12-18 13:09:18,650 [INFO] Argument:335 - Argument : Requestvalue: DMA_REQUEST_ADC1
2025-12-18 13:09:18,650 [INFO] Argument:325 - Argument : Directionvalue: DMA_PERIPH_TO_MEMORY
2025-12-18 13:09:18,650 [INFO] Argument:335 - Argument : Directionvalue: DMA_PERIPH_TO_MEMORY
2025-12-18 13:09:18,650 [INFO] Argument:325 - Argument : PeriphIncvalue: DMA_PINC_DISABLE
2025-12-18 13:09:18,650 [INFO] Argument:335 - Argument : PeriphIncvalue: DMA_PINC_DISABLE
2025-12-18 13:09:18,650 [INFO] Argument:325 - Argument : MemIncvalue: DMA_MINC_ENABLE
2025-12-18 13:09:18,650 [INFO] Argument:335 - Argument : MemIncvalue: DMA_MINC_ENABLE
2025-12-18 13:09:18,650 [INFO] Argument:325 - Argument : PeriphDataAlignmentvalue: DMA_PDATAALIGN_HALFWORD
2025-12-18 13:09:18,650 [INFO] Argument:335 - Argument : PeriphDataAlignmentvalue: DMA_PDATAALIGN_HALFWORD
2025-12-18 13:09:18,650 [INFO] Argument:325 - Argument : MemDataAlignmentvalue: DMA_MDATAALIGN_WORD
2025-12-18 13:09:18,650 [INFO] Argument:335 - Argument : MemDataAlignmentvalue: DMA_MDATAALIGN_WORD
2025-12-18 13:09:18,650 [INFO] Argument:325 - Argument : Modevalue: DMA_CIRCULAR
2025-12-18 13:09:18,650 [INFO] Argument:335 - Argument : Modevalue: DMA_CIRCULAR
2025-12-18 13:09:18,650 [INFO] Argument:325 - Argument : Priorityvalue: DMA_PRIORITY_LOW
2025-12-18 13:09:18,650 [INFO] Argument:335 - Argument : Priorityvalue: DMA_PRIORITY_LOW
2025-12-18 13:09:18,650 [INFO] Argument:325 - Argument : Lockvalue: null
2025-12-18 13:09:18,650 [INFO] Argument:335 - Argument : Lockvalue: null
2025-12-18 13:09:18,650 [INFO] Argument:325 - Argument : Statevalue: null
2025-12-18 13:09:18,650 [INFO] Argument:335 - Argument : Statevalue: null
2025-12-18 13:09:18,650 [INFO] Argument:325 - Argument : Parentvalue: null
2025-12-18 13:09:18,650 [INFO] Argument:335 - Argument : Parentvalue: null
2025-12-18 13:09:18,650 [INFO] Argument:325 - Argument : XferCpltCallbackvalue: null
2025-12-18 13:09:18,650 [INFO] Argument:335 - Argument : XferCpltCallbackvalue: null
2025-12-18 13:09:18,650 [INFO] Argument:325 - Argument : XferHalfCpltCallbackvalue: null
2025-12-18 13:09:18,650 [INFO] Argument:335 - Argument : XferHalfCpltCallbackvalue: null
2025-12-18 13:09:18,650 [INFO] Argument:325 - Argument : XferErrorCallbackvalue: null
2025-12-18 13:09:18,650 [INFO] Argument:335 - Argument : XferErrorCallbackvalue: null
2025-12-18 13:09:18,650 [INFO] Argument:325 - Argument : XferAbortCallbackvalue: null
2025-12-18 13:09:18,650 [INFO] Argument:335 - Argument : XferAbortCallbackvalue: null
2025-12-18 13:09:18,650 [INFO] Argument:325 - Argument : ErrorCodevalue: null
2025-12-18 13:09:18,650 [INFO] Argument:335 - Argument : ErrorCodevalue: null
2025-12-18 13:09:18,650 [INFO] Argument:325 - Argument : ChannelIndexvalue: null
2025-12-18 13:09:18,650 [INFO] Argument:335 - Argument : ChannelIndexvalue: null
2025-12-18 13:09:18,651 [INFO] Argument:325 - Argument : DMAmuxChannelvalue: null
2025-12-18 13:09:18,651 [INFO] Argument:335 - Argument : DMAmuxChannelvalue: null
2025-12-18 13:09:18,651 [INFO] Argument:325 - Argument : DMAmuxChannelStatusvalue: null
2025-12-18 13:09:18,651 [INFO] Argument:335 - Argument : DMAmuxChannelStatusvalue: null
2025-12-18 13:09:18,651 [INFO] Argument:325 - Argument : DMAmuxChannelStatusMaskvalue: null
2025-12-18 13:09:18,651 [INFO] Argument:335 - Argument : DMAmuxChannelStatusMaskvalue: null
2025-12-18 13:09:18,651 [INFO] Argument:325 - Argument : DMAmuxRequestGenvalue: null
2025-12-18 13:09:18,651 [INFO] Argument:335 - Argument : DMAmuxRequestGenvalue: null
2025-12-18 13:09:18,651 [INFO] Argument:325 - Argument : DMAmuxRequestGenStatusvalue: null
2025-12-18 13:09:18,651 [INFO] Argument:335 - Argument : DMAmuxRequestGenStatusvalue: null
2025-12-18 13:09:18,651 [INFO] Argument:325 - Argument : DMAmuxRequestGenStatusMaskvalue: null
2025-12-18 13:09:18,651 [INFO] Argument:335 - Argument : DMAmuxRequestGenStatusMaskvalue: null
2025-12-18 13:09:18,755 [INFO] CodeEngine:265 - oldGeneratedFile, C:\STM32_projekti\STM32G491-FOC_Motor_Control\STM32G491-FOC_Motor_Control\PWM_output\MXTmpFiles\license.tmp_save
2025-12-18 13:09:18,802 [INFO] CodeEngine:289 - Generated code: C:\STM32_projekti\STM32G491-FOC_Motor_Control\STM32G491-FOC_Motor_Control\PWM_output\MXTmpFiles\license.tmp
2025-12-18 13:09:18,852 [INFO] CodeEngine:265 - oldGeneratedFile, C:\STM32_projekti\STM32G491-FOC_Motor_Control\STM32G491-FOC_Motor_Control\PWM_output\MXTmpFiles\gpio.tmp_save
2025-12-18 13:09:18,903 [INFO] CodeEngine:289 - Generated code: C:\STM32_projekti\STM32G491-FOC_Motor_Control\STM32G491-FOC_Motor_Control\PWM_output\MXTmpFiles\gpio.tmp
2025-12-18 13:09:19,267 [INFO] CodeEngine:265 - oldGeneratedFile, C:\STM32_projekti\STM32G491-FOC_Motor_Control\STM32G491-FOC_Motor_Control\PWM_output\MXTmpFiles\dma.tmp_save
2025-12-18 13:09:19,318 [INFO] CodeEngine:289 - Generated code: C:\STM32_projekti\STM32G491-FOC_Motor_Control\STM32G491-FOC_Motor_Control\PWM_output\MXTmpFiles\dma.tmp
2025-12-18 13:09:19,323 [INFO] CodeEngine:265 - oldGeneratedFile, C:\STM32_projekti\STM32G491-FOC_Motor_Control\STM32G491-FOC_Motor_Control\PWM_output\MXTmpFiles\dma_GV.tmp_save
2025-12-18 13:09:19,368 [INFO] CodeEngine:289 - Generated code: C:\STM32_projekti\STM32G491-FOC_Motor_Control\STM32G491-FOC_Motor_Control\PWM_output\MXTmpFiles\dma_GV.tmp
2025-12-18 13:09:19,388 [INFO] CodeEngine:265 - oldGeneratedFile, C:\STM32_projekti\STM32G491-FOC_Motor_Control\STM32G491-FOC_Motor_Control\PWM_output\Core\Src\stm32g4xx_it.c_save
2025-12-18 13:09:19,472 [INFO] CodeEngine:289 - Generated code: C:\STM32_projekti\STM32G491-FOC_Motor_Control\STM32G491-FOC_Motor_Control\PWM_output\Core\Src\stm32g4xx_it.c
2025-12-18 13:09:19,480 [INFO] CodeEngine:265 - oldGeneratedFile, C:\STM32_projekti\STM32G491-FOC_Motor_Control\STM32G491-FOC_Motor_Control\PWM_output\Core\Inc\stm32g4xx_it.h_save
2025-12-18 13:09:19,530 [INFO] CodeEngine:289 - Generated code: C:\STM32_projekti\STM32G491-FOC_Motor_Control\STM32G491-FOC_Motor_Control\PWM_output\Core\Inc\stm32g4xx_it.h
2025-12-18 13:09:19,548 [INFO] CodeEngine:265 - oldGeneratedFile, C:\STM32_projekti\STM32G491-FOC_Motor_Control\STM32G491-FOC_Motor_Control\PWM_output\Core\Src\stm32g4xx_hal_msp.c_save
2025-12-18 13:09:19,622 [INFO] CodeEngine:289 - Generated code: C:\STM32_projekti\STM32G491-FOC_Motor_Control\STM32G491-FOC_Motor_Control\PWM_output\Core\Src\stm32g4xx_hal_msp.c
2025-12-18 13:09:19,627 [INFO] CodeEngine:265 - oldGeneratedFile, C:\STM32_projekti\STM32G491-FOC_Motor_Control\STM32G491-FOC_Motor_Control\PWM_output\MXTmpFiles\system.tmp_save
2025-12-18 13:09:19,672 [INFO] CodeEngine:289 - Generated code: C:\STM32_projekti\STM32G491-FOC_Motor_Control\STM32G491-FOC_Motor_Control\PWM_output\MXTmpFiles\system.tmp
2025-12-18 13:09:19,686 [INFO] CodeEngine:321 - oldGeneratedFile, C:\STM32_projekti\STM32G491-FOC_Motor_Control\STM32G491-FOC_Motor_Control\PWM_output\Core\Inc\stm32g4xx_hal_conf.h_save
2025-12-18 13:09:19,740 [INFO] CodeEngine:345 - Generated code: C:\STM32_projekti\STM32G491-FOC_Motor_Control\STM32G491-FOC_Motor_Control\PWM_output\Core\Inc\stm32g4xx_hal_conf.h
2025-12-18 13:09:19,753 [WARN] IPConfigManager:3238 - Warning: the RefConfig RCC_CommonPeriphClockConfig is not available in your config.xml file
2025-12-18 13:09:19,755 [WARN] IPConfigManager:3811 - IP not found : TIM
2025-12-18 13:09:19,756 [WARN] CodeGenerator:4259 - IP not found : null
2025-12-18 13:09:19,765 [INFO] CodeEngine:265 - oldGeneratedFile, C:\STM32_projekti\STM32G491-FOC_Motor_Control\STM32G491-FOC_Motor_Control\PWM_output\Core\Inc\main.h_save
2025-12-18 13:09:19,818 [INFO] CodeEngine:289 - Generated code: C:\STM32_projekti\STM32G491-FOC_Motor_Control\STM32G491-FOC_Motor_Control\PWM_output\Core\Inc\main.h
2025-12-18 13:09:19,826 [INFO] CodeEngine:265 - oldGeneratedFile, C:\STM32_projekti\STM32G491-FOC_Motor_Control\STM32G491-FOC_Motor_Control\PWM_output\Core\Src\main.c_save
2025-12-18 13:09:19,918 [INFO] CodeEngine:289 - Generated code: C:\STM32_projekti\STM32G491-FOC_Motor_Control\STM32G491-FOC_Motor_Control\PWM_output\Core\Src\main.c
2025-12-18 13:09:20,315 [INFO] ProjectBuilder:3606 - Time for Copy HAL[1] : 213mS.
2025-12-18 13:09:20,320 [INFO] ProjectBuilder:5216 - Project Generator version: 4.7.0-B52
2025-12-18 13:09:20,390 [INFO] ConfigFileManager:1595 - The Die is : DIE479
2025-12-18 13:09:21,098 [INFO] ProjectBuilder:5496 - Time for Generating toolchain IDE Files: 778mS.
2025-12-18 13:09:21,098 [INFO] ProjectBuilder:3463 - Time for Copy CMSIS : 0mS.
2025-12-18 13:09:21,102 [INFO] ProjectBuilder:3463 - Time for Copy CMSIS : 0mS.
2025-12-18 13:32:25,679 [INFO] NvicIntPanel:101 - NVIC parent = com.st.microxplorer.plugins.ip.nvic.MultiNvicIntPanel[,0,0,0x0,invalid,layout=javax.swing.BoxLayout,alignmentX=0.0,alignmentY=0.0,border=,flags=9,maximumSize=,minimumSize=,preferredSize=]
2025-12-18 13:33:10,451 [INFO] NvicIntPanel:101 - NVIC parent = com.st.microxplorer.plugins.ip.nvic.MultiNvicIntPanel[,0,0,0x0,invalid,layout=javax.swing.BoxLayout,alignmentX=0.0,alignmentY=0.0,border=,flags=9,maximumSize=,minimumSize=,preferredSize=]
2025-12-18 13:33:12,143 [INFO] UtilMem:75 - End SaveConfig() Used Memory: 578159944 Bytes (974127104)
2025-12-18 13:33:13,991 [INFO] UtilMem:75 - End SaveConfig() Used Memory: 602277192 Bytes (974127104)
2025-12-18 13:33:14,675 [INFO] UtilMem:75 - End SaveConfig() Used Memory: 685636936 Bytes (974127104)
2025-12-18 13:33:15,065 [INFO] BlockDiagram:2775 - set Specific Code input for plugin: TIM1_8G4
2025-12-18 13:33:15,065 [INFO] BlockDiagram:2775 - set Specific Code input for plugin: TIM1_8G4
2025-12-18 13:33:15,065 [INFO] BlockDiagram:2775 - set Specific Code input for plugin: SYS
2025-12-18 13:33:15,065 [INFO] BlockDiagram:2775 - set Specific Code input for plugin: ADC
2025-12-18 13:33:15,065 [INFO] BlockDiagram:2775 - set Specific Code input for plugin: RCC
2025-12-18 13:33:15,065 [INFO] BlockDiagram:2775 - set Specific Code input for plugin: NVIC
2025-12-18 13:33:15,065 [INFO] BlockDiagram:2775 - set Specific Code input for plugin: USART
2025-12-18 13:33:15,065 [INFO] BlockDiagram:2775 - set Specific Code input for plugin: DMA
2025-12-18 13:33:15,066 [INFO] BlockDiagram:2775 - set Specific Code input for plugin: GPIO
2025-12-18 13:33:15,067 [INFO] CodeGenerator:892 - code generatio: config db path: C:\ST\STM32CubeIDE_1.19.0\STM32CubeIDE\plugins\com.st.stm32cube.common.mx_6.15.0.202507011659\\db\
2025-12-18 13:33:15,076 [INFO] Argument:325 - Argument : hdmavalue: null
2025-12-18 13:33:15,076 [INFO] Argument:327 - 	 sub Args: 
2025-12-18 13:33:15,076 [INFO] Argument:325 - Argument : Instancevalue: DMA1_Channel1
2025-12-18 13:33:15,076 [INFO] Argument:335 - Argument : Instancevalue: DMA1_Channel1
2025-12-18 13:33:15,076 [INFO] Argument:325 - Argument : Initvalue: null
2025-12-18 13:33:15,076 [INFO] Argument:327 - 	 sub Args: 
2025-12-18 13:33:15,076 [INFO] Argument:325 - Argument : Requestvalue: DMA_REQUEST_ADC1
2025-12-18 13:33:15,076 [INFO] Argument:335 - Argument : Requestvalue: DMA_REQUEST_ADC1
2025-12-18 13:33:15,076 [INFO] Argument:325 - Argument : Directionvalue: DMA_PERIPH_TO_MEMORY
2025-12-18 13:33:15,076 [INFO] Argument:335 - Argument : Directionvalue: DMA_PERIPH_TO_MEMORY
2025-12-18 13:33:15,076 [INFO] Argument:325 - Argument : PeriphIncvalue: DMA_PINC_DISABLE
2025-12-18 13:33:15,076 [INFO] Argument:335 - Argument : PeriphIncvalue: DMA_PINC_DISABLE
2025-12-18 13:33:15,076 [INFO] Argument:325 - Argument : MemIncvalue: DMA_MINC_ENABLE
2025-12-18 13:33:15,076 [INFO] Argument:335 - Argument : MemIncvalue: DMA_MINC_ENABLE
2025-12-18 13:33:15,076 [INFO] Argument:325 - Argument : PeriphDataAlignmentvalue: DMA_PDATAALIGN_HALFWORD
2025-12-18 13:33:15,076 [INFO] Argument:335 - Argument : PeriphDataAlignmentvalue: DMA_PDATAALIGN_HALFWORD
2025-12-18 13:33:15,076 [INFO] Argument:325 - Argument : MemDataAlignmentvalue: DMA_MDATAALIGN_WORD
2025-12-18 13:33:15,076 [INFO] Argument:335 - Argument : MemDataAlignmentvalue: DMA_MDATAALIGN_WORD
2025-12-18 13:33:15,076 [INFO] Argument:325 - Argument : Modevalue: DMA_CIRCULAR
2025-12-18 13:33:15,076 [INFO] Argument:335 - Argument : Modevalue: DMA_CIRCULAR
2025-12-18 13:33:15,076 [INFO] Argument:325 - Argument : Priorityvalue: DMA_PRIORITY_LOW
2025-12-18 13:33:15,076 [INFO] Argument:335 - Argument : Priorityvalue: DMA_PRIORITY_LOW
2025-12-18 13:33:15,077 [INFO] Argument:325 - Argument : Lockvalue: null
2025-12-18 13:33:15,077 [INFO] Argument:335 - Argument : Lockvalue: null
2025-12-18 13:33:15,077 [INFO] Argument:325 - Argument : Statevalue: null
2025-12-18 13:33:15,077 [INFO] Argument:335 - Argument : Statevalue: null
2025-12-18 13:33:15,077 [INFO] Argument:325 - Argument : Parentvalue: null
2025-12-18 13:33:15,077 [INFO] Argument:335 - Argument : Parentvalue: null
2025-12-18 13:33:15,077 [INFO] Argument:325 - Argument : XferCpltCallbackvalue: null
2025-12-18 13:33:15,077 [INFO] Argument:335 - Argument : XferCpltCallbackvalue: null
2025-12-18 13:33:15,077 [INFO] Argument:325 - Argument : XferHalfCpltCallbackvalue: null
2025-12-18 13:33:15,077 [INFO] Argument:335 - Argument : XferHalfCpltCallbackvalue: null
2025-12-18 13:33:15,077 [INFO] Argument:325 - Argument : XferErrorCallbackvalue: null
2025-12-18 13:33:15,077 [INFO] Argument:335 - Argument : XferErrorCallbackvalue: null
2025-12-18 13:33:15,077 [INFO] Argument:325 - Argument : XferAbortCallbackvalue: null
2025-12-18 13:33:15,077 [INFO] Argument:335 - Argument : XferAbortCallbackvalue: null
2025-12-18 13:33:15,077 [INFO] Argument:325 - Argument : ErrorCodevalue: null
2025-12-18 13:33:15,077 [INFO] Argument:335 - Argument : ErrorCodevalue: null
2025-12-18 13:33:15,077 [INFO] Argument:325 - Argument : ChannelIndexvalue: null
2025-12-18 13:33:15,077 [INFO] Argument:335 - Argument : ChannelIndexvalue: null
2025-12-18 13:33:15,077 [INFO] Argument:325 - Argument : DMAmuxChannelvalue: null
2025-12-18 13:33:15,077 [INFO] Argument:335 - Argument : DMAmuxChannelvalue: null
2025-12-18 13:33:15,077 [INFO] Argument:325 - Argument : DMAmuxChannelStatusvalue: null
2025-12-18 13:33:15,077 [INFO] Argument:335 - Argument : DMAmuxChannelStatusvalue: null
2025-12-18 13:33:15,077 [INFO] Argument:325 - Argument : DMAmuxChannelStatusMaskvalue: null
2025-12-18 13:33:15,077 [INFO] Argument:335 - Argument : DMAmuxChannelStatusMaskvalue: null
2025-12-18 13:33:15,077 [INFO] Argument:325 - Argument : DMAmuxRequestGenvalue: null
2025-12-18 13:33:15,077 [INFO] Argument:335 - Argument : DMAmuxRequestGenvalue: null
2025-12-18 13:33:15,077 [INFO] Argument:325 - Argument : DMAmuxRequestGenStatusvalue: null
2025-12-18 13:33:15,077 [INFO] Argument:335 - Argument : DMAmuxRequestGenStatusvalue: null
2025-12-18 13:33:15,077 [INFO] Argument:325 - Argument : DMAmuxRequestGenStatusMaskvalue: null
2025-12-18 13:33:15,077 [INFO] Argument:335 - Argument : DMAmuxRequestGenStatusMaskvalue: null
2025-12-18 13:33:15,187 [INFO] CodeEngine:265 - oldGeneratedFile, C:\STM32_projekti\STM32G491-FOC_Motor_Control\STM32G491-FOC_Motor_Control\PWM_output\MXTmpFiles\license.tmp_save
2025-12-18 13:33:15,473 [INFO] CodeEngine:289 - Generated code: C:\STM32_projekti\STM32G491-FOC_Motor_Control\STM32G491-FOC_Motor_Control\PWM_output\MXTmpFiles\license.tmp
2025-12-18 13:33:15,566 [INFO] CodeEngine:265 - oldGeneratedFile, C:\STM32_projekti\STM32G491-FOC_Motor_Control\STM32G491-FOC_Motor_Control\PWM_output\MXTmpFiles\gpio.tmp_save
2025-12-18 13:33:15,705 [INFO] CodeEngine:289 - Generated code: C:\STM32_projekti\STM32G491-FOC_Motor_Control\STM32G491-FOC_Motor_Control\PWM_output\MXTmpFiles\gpio.tmp
2025-12-18 13:33:16,461 [INFO] CodeEngine:265 - oldGeneratedFile, C:\STM32_projekti\STM32G491-FOC_Motor_Control\STM32G491-FOC_Motor_Control\PWM_output\MXTmpFiles\dma.tmp_save
2025-12-18 13:33:16,560 [INFO] CodeEngine:289 - Generated code: C:\STM32_projekti\STM32G491-FOC_Motor_Control\STM32G491-FOC_Motor_Control\PWM_output\MXTmpFiles\dma.tmp
2025-12-18 13:33:16,569 [INFO] CodeEngine:265 - oldGeneratedFile, C:\STM32_projekti\STM32G491-FOC_Motor_Control\STM32G491-FOC_Motor_Control\PWM_output\MXTmpFiles\dma_GV.tmp_save
2025-12-18 13:33:16,667 [INFO] CodeEngine:289 - Generated code: C:\STM32_projekti\STM32G491-FOC_Motor_Control\STM32G491-FOC_Motor_Control\PWM_output\MXTmpFiles\dma_GV.tmp
2025-12-18 13:33:16,689 [INFO] CodeEngine:265 - oldGeneratedFile, C:\STM32_projekti\STM32G491-FOC_Motor_Control\STM32G491-FOC_Motor_Control\PWM_output\Core\Src\stm32g4xx_it.c_save
2025-12-18 13:33:16,982 [INFO] CodeEngine:289 - Generated code: C:\STM32_projekti\STM32G491-FOC_Motor_Control\STM32G491-FOC_Motor_Control\PWM_output\Core\Src\stm32g4xx_it.c
2025-12-18 13:33:16,990 [INFO] CodeEngine:265 - oldGeneratedFile, C:\STM32_projekti\STM32G491-FOC_Motor_Control\STM32G491-FOC_Motor_Control\PWM_output\Core\Inc\stm32g4xx_it.h_save
2025-12-18 13:33:17,074 [INFO] CodeEngine:289 - Generated code: C:\STM32_projekti\STM32G491-FOC_Motor_Control\STM32G491-FOC_Motor_Control\PWM_output\Core\Inc\stm32g4xx_it.h
2025-12-18 13:33:17,114 [INFO] CodeEngine:265 - oldGeneratedFile, C:\STM32_projekti\STM32G491-FOC_Motor_Control\STM32G491-FOC_Motor_Control\PWM_output\Core\Src\stm32g4xx_hal_msp.c_save
2025-12-18 13:33:17,245 [INFO] CodeEngine:289 - Generated code: C:\STM32_projekti\STM32G491-FOC_Motor_Control\STM32G491-FOC_Motor_Control\PWM_output\Core\Src\stm32g4xx_hal_msp.c
2025-12-18 13:33:17,253 [INFO] CodeEngine:265 - oldGeneratedFile, C:\STM32_projekti\STM32G491-FOC_Motor_Control\STM32G491-FOC_Motor_Control\PWM_output\MXTmpFiles\system.tmp_save
2025-12-18 13:33:17,312 [INFO] CodeEngine:289 - Generated code: C:\STM32_projekti\STM32G491-FOC_Motor_Control\STM32G491-FOC_Motor_Control\PWM_output\MXTmpFiles\system.tmp
2025-12-18 13:33:17,326 [INFO] CodeEngine:321 - oldGeneratedFile, C:\STM32_projekti\STM32G491-FOC_Motor_Control\STM32G491-FOC_Motor_Control\PWM_output\Core\Inc\stm32g4xx_hal_conf.h_save
2025-12-18 13:33:17,389 [INFO] CodeEngine:345 - Generated code: C:\STM32_projekti\STM32G491-FOC_Motor_Control\STM32G491-FOC_Motor_Control\PWM_output\Core\Inc\stm32g4xx_hal_conf.h
2025-12-18 13:33:17,410 [WARN] IPConfigManager:3238 - Warning: the RefConfig RCC_CommonPeriphClockConfig is not available in your config.xml file
2025-12-18 13:33:17,412 [WARN] IPConfigManager:3811 - IP not found : TIM
2025-12-18 13:33:17,413 [WARN] CodeGenerator:4259 - IP not found : null
2025-12-18 13:33:17,423 [INFO] CodeEngine:265 - oldGeneratedFile, C:\STM32_projekti\STM32G491-FOC_Motor_Control\STM32G491-FOC_Motor_Control\PWM_output\Core\Inc\main.h_save
2025-12-18 13:33:17,512 [INFO] CodeEngine:289 - Generated code: C:\STM32_projekti\STM32G491-FOC_Motor_Control\STM32G491-FOC_Motor_Control\PWM_output\Core\Inc\main.h
2025-12-18 13:33:17,522 [INFO] CodeEngine:265 - oldGeneratedFile, C:\STM32_projekti\STM32G491-FOC_Motor_Control\STM32G491-FOC_Motor_Control\PWM_output\Core\Src\main.c_save
2025-12-18 13:33:17,641 [INFO] CodeEngine:289 - Generated code: C:\STM32_projekti\STM32G491-FOC_Motor_Control\STM32G491-FOC_Motor_Control\PWM_output\Core\Src\main.c
2025-12-18 13:33:18,216 [INFO] ProjectBuilder:3606 - Time for Copy HAL[1] : 295mS.
2025-12-18 13:33:18,222 [INFO] ProjectBuilder:5216 - Project Generator version: 4.7.0-B52
2025-12-18 13:33:18,336 [INFO] ConfigFileManager:1595 - The Die is : DIE479
2025-12-18 13:33:19,397 [INFO] ProjectBuilder:5496 - Time for Generating toolchain IDE Files: 1175mS.
2025-12-18 13:33:19,399 [INFO] ProjectBuilder:3463 - Time for Copy CMSIS : 0mS.
2025-12-18 13:33:19,404 [INFO] ProjectBuilder:3463 - Time for Copy CMSIS : 0mS.
2025-12-18 13:33:21,038 [ERROR] ConfigurationRetriever:142 - IOException on connection: Read timed out
2025-12-18 13:33:26,041 [ERROR] ConfigurationRetriever:142 - IOException on connection: Connect timed out
2025-12-18 13:33:36,299 [ERROR] ConfigurationRetriever:142 - IOException on connection: Connect timed out
2025-12-18 13:33:38,301 [ERROR] ConfigurationRetriever:142 - IOException on connection: Connect timed out
2025-12-18 13:33:40,304 [ERROR] ConfigurationRetriever:142 - IOException on connection: Connect timed out
2025-12-18 13:36:26,536 [INFO] NvicIntPanel:101 - NVIC parent = com.st.microxplorer.plugins.ip.nvic.MultiNvicIntPanel[,0,0,0x0,invalid,layout=javax.swing.BoxLayout,alignmentX=0.0,alignmentY=0.0,border=,flags=9,maximumSize=,minimumSize=,preferredSize=]
2025-12-18 13:36:27,121 [INFO] UtilMem:75 - End SaveConfig() Used Memory: 705073064 Bytes (974127104)
2025-12-18 13:36:28,507 [INFO] UtilMem:75 - End SaveConfig() Used Memory: 728668072 Bytes (974127104)
2025-12-18 13:36:29,190 [INFO] UtilMem:75 - End SaveConfig() Used Memory: 775853992 Bytes (974127104)
2025-12-18 13:36:29,455 [INFO] BlockDiagram:2775 - set Specific Code input for plugin: TIM1_8G4
2025-12-18 13:36:29,455 [INFO] BlockDiagram:2775 - set Specific Code input for plugin: TIM1_8G4
2025-12-18 13:36:29,455 [INFO] BlockDiagram:2775 - set Specific Code input for plugin: SYS
2025-12-18 13:36:29,455 [INFO] BlockDiagram:2775 - set Specific Code input for plugin: ADC
2025-12-18 13:36:29,456 [INFO] BlockDiagram:2775 - set Specific Code input for plugin: RCC
2025-12-18 13:36:29,456 [INFO] BlockDiagram:2775 - set Specific Code input for plugin: NVIC
2025-12-18 13:36:29,456 [INFO] BlockDiagram:2775 - set Specific Code input for plugin: USART
2025-12-18 13:36:29,456 [INFO] BlockDiagram:2775 - set Specific Code input for plugin: DMA
2025-12-18 13:36:29,456 [INFO] BlockDiagram:2775 - set Specific Code input for plugin: GPIO
2025-12-18 13:36:29,457 [INFO] CodeGenerator:892 - code generatio: config db path: C:\ST\STM32CubeIDE_1.19.0\STM32CubeIDE\plugins\com.st.stm32cube.common.mx_6.15.0.202507011659\\db\
2025-12-18 13:36:29,463 [INFO] Argument:325 - Argument : hdmavalue: null
2025-12-18 13:36:29,463 [INFO] Argument:327 - 	 sub Args: 
2025-12-18 13:36:29,463 [INFO] Argument:325 - Argument : Instancevalue: DMA1_Channel1
2025-12-18 13:36:29,463 [INFO] Argument:335 - Argument : Instancevalue: DMA1_Channel1
2025-12-18 13:36:29,463 [INFO] Argument:325 - Argument : Initvalue: null
2025-12-18 13:36:29,463 [INFO] Argument:327 - 	 sub Args: 
2025-12-18 13:36:29,463 [INFO] Argument:325 - Argument : Requestvalue: DMA_REQUEST_ADC1
2025-12-18 13:36:29,463 [INFO] Argument:335 - Argument : Requestvalue: DMA_REQUEST_ADC1
2025-12-18 13:36:29,463 [INFO] Argument:325 - Argument : Directionvalue: DMA_PERIPH_TO_MEMORY
2025-12-18 13:36:29,463 [INFO] Argument:335 - Argument : Directionvalue: DMA_PERIPH_TO_MEMORY
2025-12-18 13:36:29,463 [INFO] Argument:325 - Argument : PeriphIncvalue: DMA_PINC_DISABLE
2025-12-18 13:36:29,463 [INFO] Argument:335 - Argument : PeriphIncvalue: DMA_PINC_DISABLE
2025-12-18 13:36:29,463 [INFO] Argument:325 - Argument : MemIncvalue: DMA_MINC_ENABLE
2025-12-18 13:36:29,463 [INFO] Argument:335 - Argument : MemIncvalue: DMA_MINC_ENABLE
2025-12-18 13:36:29,463 [INFO] Argument:325 - Argument : PeriphDataAlignmentvalue: DMA_PDATAALIGN_HALFWORD
2025-12-18 13:36:29,463 [INFO] Argument:335 - Argument : PeriphDataAlignmentvalue: DMA_PDATAALIGN_HALFWORD
2025-12-18 13:36:29,464 [INFO] Argument:325 - Argument : MemDataAlignmentvalue: DMA_MDATAALIGN_WORD
2025-12-18 13:36:29,464 [INFO] Argument:335 - Argument : MemDataAlignmentvalue: DMA_MDATAALIGN_WORD
2025-12-18 13:36:29,464 [INFO] Argument:325 - Argument : Modevalue: DMA_CIRCULAR
2025-12-18 13:36:29,464 [INFO] Argument:335 - Argument : Modevalue: DMA_CIRCULAR
2025-12-18 13:36:29,464 [INFO] Argument:325 - Argument : Priorityvalue: DMA_PRIORITY_LOW
2025-12-18 13:36:29,464 [INFO] Argument:335 - Argument : Priorityvalue: DMA_PRIORITY_LOW
2025-12-18 13:36:29,464 [INFO] Argument:325 - Argument : Lockvalue: null
2025-12-18 13:36:29,464 [INFO] Argument:335 - Argument : Lockvalue: null
2025-12-18 13:36:29,464 [INFO] Argument:325 - Argument : Statevalue: null
2025-12-18 13:36:29,464 [INFO] Argument:335 - Argument : Statevalue: null
2025-12-18 13:36:29,464 [INFO] Argument:325 - Argument : Parentvalue: null
2025-12-18 13:36:29,464 [INFO] Argument:335 - Argument : Parentvalue: null
2025-12-18 13:36:29,464 [INFO] Argument:325 - Argument : XferCpltCallbackvalue: null
2025-12-18 13:36:29,464 [INFO] Argument:335 - Argument : XferCpltCallbackvalue: null
2025-12-18 13:36:29,464 [INFO] Argument:325 - Argument : XferHalfCpltCallbackvalue: null
2025-12-18 13:36:29,464 [INFO] Argument:335 - Argument : XferHalfCpltCallbackvalue: null
2025-12-18 13:36:29,464 [INFO] Argument:325 - Argument : XferErrorCallbackvalue: null
2025-12-18 13:36:29,464 [INFO] Argument:335 - Argument : XferErrorCallbackvalue: null
2025-12-18 13:36:29,464 [INFO] Argument:325 - Argument : XferAbortCallbackvalue: null
2025-12-18 13:36:29,464 [INFO] Argument:335 - Argument : XferAbortCallbackvalue: null
2025-12-18 13:36:29,464 [INFO] Argument:325 - Argument : ErrorCodevalue: null
2025-12-18 13:36:29,464 [INFO] Argument:335 - Argument : ErrorCodevalue: null
2025-12-18 13:36:29,464 [INFO] Argument:325 - Argument : ChannelIndexvalue: null
2025-12-18 13:36:29,464 [INFO] Argument:335 - Argument : ChannelIndexvalue: null
2025-12-18 13:36:29,464 [INFO] Argument:325 - Argument : DMAmuxChannelvalue: null
2025-12-18 13:36:29,464 [INFO] Argument:335 - Argument : DMAmuxChannelvalue: null
2025-12-18 13:36:29,464 [INFO] Argument:325 - Argument : DMAmuxChannelStatusvalue: null
2025-12-18 13:36:29,464 [INFO] Argument:335 - Argument : DMAmuxChannelStatusvalue: null
2025-12-18 13:36:29,464 [INFO] Argument:325 - Argument : DMAmuxChannelStatusMaskvalue: null
2025-12-18 13:36:29,464 [INFO] Argument:335 - Argument : DMAmuxChannelStatusMaskvalue: null
2025-12-18 13:36:29,464 [INFO] Argument:325 - Argument : DMAmuxRequestGenvalue: null
2025-12-18 13:36:29,464 [INFO] Argument:335 - Argument : DMAmuxRequestGenvalue: null
2025-12-18 13:36:29,464 [INFO] Argument:325 - Argument : DMAmuxRequestGenStatusvalue: null
2025-12-18 13:36:29,464 [INFO] Argument:335 - Argument : DMAmuxRequestGenStatusvalue: null
2025-12-18 13:36:29,464 [INFO] Argument:325 - Argument : DMAmuxRequestGenStatusMaskvalue: null
2025-12-18 13:36:29,464 [INFO] Argument:335 - Argument : DMAmuxRequestGenStatusMaskvalue: null
2025-12-18 13:36:29,570 [INFO] CodeEngine:265 - oldGeneratedFile, C:\STM32_projekti\STM32G491-FOC_Motor_Control\STM32G491-FOC_Motor_Control\PWM_output\MXTmpFiles\license.tmp_save
2025-12-18 13:36:29,620 [INFO] CodeEngine:289 - Generated code: C:\STM32_projekti\STM32G491-FOC_Motor_Control\STM32G491-FOC_Motor_Control\PWM_output\MXTmpFiles\license.tmp
2025-12-18 13:36:29,681 [INFO] CodeEngine:265 - oldGeneratedFile, C:\STM32_projekti\STM32G491-FOC_Motor_Control\STM32G491-FOC_Motor_Control\PWM_output\MXTmpFiles\gpio.tmp_save
2025-12-18 13:36:29,733 [INFO] CodeEngine:289 - Generated code: C:\STM32_projekti\STM32G491-FOC_Motor_Control\STM32G491-FOC_Motor_Control\PWM_output\MXTmpFiles\gpio.tmp
2025-12-18 13:36:30,116 [INFO] CodeEngine:265 - oldGeneratedFile, C:\STM32_projekti\STM32G491-FOC_Motor_Control\STM32G491-FOC_Motor_Control\PWM_output\MXTmpFiles\dma.tmp_save
2025-12-18 13:36:30,183 [INFO] CodeEngine:289 - Generated code: C:\STM32_projekti\STM32G491-FOC_Motor_Control\STM32G491-FOC_Motor_Control\PWM_output\MXTmpFiles\dma.tmp
2025-12-18 13:36:30,189 [INFO] CodeEngine:265 - oldGeneratedFile, C:\STM32_projekti\STM32G491-FOC_Motor_Control\STM32G491-FOC_Motor_Control\PWM_output\MXTmpFiles\dma_GV.tmp_save
2025-12-18 13:36:30,234 [INFO] CodeEngine:289 - Generated code: C:\STM32_projekti\STM32G491-FOC_Motor_Control\STM32G491-FOC_Motor_Control\PWM_output\MXTmpFiles\dma_GV.tmp
2025-12-18 13:36:30,255 [INFO] CodeEngine:265 - oldGeneratedFile, C:\STM32_projekti\STM32G491-FOC_Motor_Control\STM32G491-FOC_Motor_Control\PWM_output\Core\Src\stm32g4xx_it.c_save
2025-12-18 13:36:30,343 [INFO] CodeEngine:289 - Generated code: C:\STM32_projekti\STM32G491-FOC_Motor_Control\STM32G491-FOC_Motor_Control\PWM_output\Core\Src\stm32g4xx_it.c
2025-12-18 13:36:30,350 [INFO] CodeEngine:265 - oldGeneratedFile, C:\STM32_projekti\STM32G491-FOC_Motor_Control\STM32G491-FOC_Motor_Control\PWM_output\Core\Inc\stm32g4xx_it.h_save
2025-12-18 13:36:30,402 [INFO] CodeEngine:289 - Generated code: C:\STM32_projekti\STM32G491-FOC_Motor_Control\STM32G491-FOC_Motor_Control\PWM_output\Core\Inc\stm32g4xx_it.h
2025-12-18 13:36:30,421 [INFO] CodeEngine:265 - oldGeneratedFile, C:\STM32_projekti\STM32G491-FOC_Motor_Control\STM32G491-FOC_Motor_Control\PWM_output\Core\Src\stm32g4xx_hal_msp.c_save
2025-12-18 13:36:30,500 [INFO] CodeEngine:289 - Generated code: C:\STM32_projekti\STM32G491-FOC_Motor_Control\STM32G491-FOC_Motor_Control\PWM_output\Core\Src\stm32g4xx_hal_msp.c
2025-12-18 13:36:30,506 [INFO] CodeEngine:265 - oldGeneratedFile, C:\STM32_projekti\STM32G491-FOC_Motor_Control\STM32G491-FOC_Motor_Control\PWM_output\MXTmpFiles\system.tmp_save
2025-12-18 13:36:30,553 [INFO] CodeEngine:289 - Generated code: C:\STM32_projekti\STM32G491-FOC_Motor_Control\STM32G491-FOC_Motor_Control\PWM_output\MXTmpFiles\system.tmp
2025-12-18 13:36:30,565 [INFO] CodeEngine:321 - oldGeneratedFile, C:\STM32_projekti\STM32G491-FOC_Motor_Control\STM32G491-FOC_Motor_Control\PWM_output\Core\Inc\stm32g4xx_hal_conf.h_save
2025-12-18 13:36:30,617 [INFO] CodeEngine:345 - Generated code: C:\STM32_projekti\STM32G491-FOC_Motor_Control\STM32G491-FOC_Motor_Control\PWM_output\Core\Inc\stm32g4xx_hal_conf.h
2025-12-18 13:36:30,633 [WARN] IPConfigManager:3238 - Warning: the RefConfig RCC_CommonPeriphClockConfig is not available in your config.xml file
2025-12-18 13:36:30,635 [WARN] IPConfigManager:3811 - IP not found : TIM
2025-12-18 13:36:30,635 [WARN] CodeGenerator:4259 - IP not found : null
2025-12-18 13:36:30,644 [INFO] CodeEngine:265 - oldGeneratedFile, C:\STM32_projekti\STM32G491-FOC_Motor_Control\STM32G491-FOC_Motor_Control\PWM_output\Core\Inc\main.h_save
2025-12-18 13:36:30,699 [INFO] CodeEngine:289 - Generated code: C:\STM32_projekti\STM32G491-FOC_Motor_Control\STM32G491-FOC_Motor_Control\PWM_output\Core\Inc\main.h
2025-12-18 13:36:30,707 [INFO] CodeEngine:265 - oldGeneratedFile, C:\STM32_projekti\STM32G491-FOC_Motor_Control\STM32G491-FOC_Motor_Control\PWM_output\Core\Src\main.c_save
2025-12-18 13:36:30,824 [INFO] CodeEngine:289 - Generated code: C:\STM32_projekti\STM32G491-FOC_Motor_Control\STM32G491-FOC_Motor_Control\PWM_output\Core\Src\main.c
2025-12-18 13:36:31,249 [INFO] ProjectBuilder:3606 - Time for Copy HAL[1] : 242mS.
2025-12-18 13:36:31,253 [INFO] ProjectBuilder:5216 - Project Generator version: 4.7.0-B52
2025-12-18 13:36:31,323 [INFO] ConfigFileManager:1595 - The Die is : DIE479
2025-12-18 13:36:32,119 [INFO] ProjectBuilder:5496 - Time for Generating toolchain IDE Files: 865mS.
2025-12-18 13:36:32,119 [INFO] ProjectBuilder:3463 - Time for Copy CMSIS : 0mS.
2025-12-18 13:36:32,124 [INFO] ProjectBuilder:3463 - Time for Copy CMSIS : 0mS.
2025-12-18 14:03:07,641 [INFO] NvicIntPanel:101 - NVIC parent = com.st.microxplorer.plugins.ip.nvic.MultiNvicIntPanel[,0,0,0x0,invalid,layout=javax.swing.BoxLayout,alignmentX=0.0,alignmentY=0.0,border=,flags=9,maximumSize=,minimumSize=,preferredSize=]
2025-12-18 14:03:51,647 [INFO] UtilMem:75 - End SaveConfig() Used Memory: 760594376 Bytes (974127104)
2025-12-18 14:03:53,474 [INFO] UtilMem:75 - End SaveConfig() Used Memory: 786282440 Bytes (974127104)
2025-12-18 14:03:53,714 [INFO] UtilMem:75 - End SaveConfig() Used Memory: 848674760 Bytes (974127104)
2025-12-18 14:03:53,883 [INFO] BlockDiagram:2775 - set Specific Code input for plugin: TIM1_8G4
2025-12-18 14:03:53,883 [INFO] BlockDiagram:2775 - set Specific Code input for plugin: TIM1_8G4
2025-12-18 14:03:53,883 [INFO] BlockDiagram:2775 - set Specific Code input for plugin: SYS
2025-12-18 14:03:53,883 [INFO] BlockDiagram:2775 - set Specific Code input for plugin: ADC
2025-12-18 14:03:53,883 [INFO] BlockDiagram:2775 - set Specific Code input for plugin: RCC
2025-12-18 14:03:53,883 [INFO] BlockDiagram:2775 - set Specific Code input for plugin: NVIC
2025-12-18 14:03:53,883 [INFO] BlockDiagram:2775 - set Specific Code input for plugin: USART
2025-12-18 14:03:53,883 [INFO] BlockDiagram:2775 - set Specific Code input for plugin: DMA
2025-12-18 14:03:53,884 [INFO] BlockDiagram:2775 - set Specific Code input for plugin: GPIO
2025-12-18 14:03:53,884 [INFO] CodeGenerator:892 - code generatio: config db path: C:\ST\STM32CubeIDE_1.19.0\STM32CubeIDE\plugins\com.st.stm32cube.common.mx_6.15.0.202507011659\\db\
2025-12-18 14:03:53,890 [INFO] Argument:325 - Argument : hdmavalue: null
2025-12-18 14:03:53,890 [INFO] Argument:327 - 	 sub Args: 
2025-12-18 14:03:53,890 [INFO] Argument:325 - Argument : Instancevalue: DMA1_Channel1
2025-12-18 14:03:53,890 [INFO] Argument:335 - Argument : Instancevalue: DMA1_Channel1
2025-12-18 14:03:53,890 [INFO] Argument:325 - Argument : Initvalue: null
2025-12-18 14:03:53,890 [INFO] Argument:327 - 	 sub Args: 
2025-12-18 14:03:53,890 [INFO] Argument:325 - Argument : Requestvalue: DMA_REQUEST_ADC1
2025-12-18 14:03:53,890 [INFO] Argument:335 - Argument : Requestvalue: DMA_REQUEST_ADC1
2025-12-18 14:03:53,890 [INFO] Argument:325 - Argument : Directionvalue: DMA_PERIPH_TO_MEMORY
2025-12-18 14:03:53,890 [INFO] Argument:335 - Argument : Directionvalue: DMA_PERIPH_TO_MEMORY
2025-12-18 14:03:53,890 [INFO] Argument:325 - Argument : PeriphIncvalue: DMA_PINC_DISABLE
2025-12-18 14:03:53,890 [INFO] Argument:335 - Argument : PeriphIncvalue: DMA_PINC_DISABLE
2025-12-18 14:03:53,890 [INFO] Argument:325 - Argument : MemIncvalue: DMA_MINC_ENABLE
2025-12-18 14:03:53,890 [INFO] Argument:335 - Argument : MemIncvalue: DMA_MINC_ENABLE
2025-12-18 14:03:53,890 [INFO] Argument:325 - Argument : PeriphDataAlignmentvalue: DMA_PDATAALIGN_HALFWORD
2025-12-18 14:03:53,890 [INFO] Argument:335 - Argument : PeriphDataAlignmentvalue: DMA_PDATAALIGN_HALFWORD
2025-12-18 14:03:53,890 [INFO] Argument:325 - Argument : MemDataAlignmentvalue: DMA_MDATAALIGN_WORD
2025-12-18 14:03:53,890 [INFO] Argument:335 - Argument : MemDataAlignmentvalue: DMA_MDATAALIGN_WORD
2025-12-18 14:03:53,890 [INFO] Argument:325 - Argument : Modevalue: DMA_CIRCULAR
2025-12-18 14:03:53,890 [INFO] Argument:335 - Argument : Modevalue: DMA_CIRCULAR
2025-12-18 14:03:53,890 [INFO] Argument:325 - Argument : Priorityvalue: DMA_PRIORITY_LOW
2025-12-18 14:03:53,890 [INFO] Argument:335 - Argument : Priorityvalue: DMA_PRIORITY_LOW
2025-12-18 14:03:53,890 [INFO] Argument:325 - Argument : Lockvalue: null
2025-12-18 14:03:53,890 [INFO] Argument:335 - Argument : Lockvalue: null
2025-12-18 14:03:53,890 [INFO] Argument:325 - Argument : Statevalue: null
2025-12-18 14:03:53,890 [INFO] Argument:335 - Argument : Statevalue: null
2025-12-18 14:03:53,890 [INFO] Argument:325 - Argument : Parentvalue: null
2025-12-18 14:03:53,890 [INFO] Argument:335 - Argument : Parentvalue: null
2025-12-18 14:03:53,891 [INFO] Argument:325 - Argument : XferCpltCallbackvalue: null
2025-12-18 14:03:53,891 [INFO] Argument:335 - Argument : XferCpltCallbackvalue: null
2025-12-18 14:03:53,891 [INFO] Argument:325 - Argument : XferHalfCpltCallbackvalue: null
2025-12-18 14:03:53,891 [INFO] Argument:335 - Argument : XferHalfCpltCallbackvalue: null
2025-12-18 14:03:53,891 [INFO] Argument:325 - Argument : XferErrorCallbackvalue: null
2025-12-18 14:03:53,891 [INFO] Argument:335 - Argument : XferErrorCallbackvalue: null
2025-12-18 14:03:53,891 [INFO] Argument:325 - Argument : XferAbortCallbackvalue: null
2025-12-18 14:03:53,891 [INFO] Argument:335 - Argument : XferAbortCallbackvalue: null
2025-12-18 14:03:53,891 [INFO] Argument:325 - Argument : ErrorCodevalue: null
2025-12-18 14:03:53,891 [INFO] Argument:335 - Argument : ErrorCodevalue: null
2025-12-18 14:03:53,891 [INFO] Argument:325 - Argument : ChannelIndexvalue: null
2025-12-18 14:03:53,891 [INFO] Argument:335 - Argument : ChannelIndexvalue: null
2025-12-18 14:03:53,891 [INFO] Argument:325 - Argument : DMAmuxChannelvalue: null
2025-12-18 14:03:53,891 [INFO] Argument:335 - Argument : DMAmuxChannelvalue: null
2025-12-18 14:03:53,891 [INFO] Argument:325 - Argument : DMAmuxChannelStatusvalue: null
2025-12-18 14:03:53,891 [INFO] Argument:335 - Argument : DMAmuxChannelStatusvalue: null
2025-12-18 14:03:53,891 [INFO] Argument:325 - Argument : DMAmuxChannelStatusMaskvalue: null
2025-12-18 14:03:53,891 [INFO] Argument:335 - Argument : DMAmuxChannelStatusMaskvalue: null
2025-12-18 14:03:53,891 [INFO] Argument:325 - Argument : DMAmuxRequestGenvalue: null
2025-12-18 14:03:53,891 [INFO] Argument:335 - Argument : DMAmuxRequestGenvalue: null
2025-12-18 14:03:53,891 [INFO] Argument:325 - Argument : DMAmuxRequestGenStatusvalue: null
2025-12-18 14:03:53,891 [INFO] Argument:335 - Argument : DMAmuxRequestGenStatusvalue: null
2025-12-18 14:03:53,891 [INFO] Argument:325 - Argument : DMAmuxRequestGenStatusMaskvalue: null
2025-12-18 14:03:53,891 [INFO] Argument:335 - Argument : DMAmuxRequestGenStatusMaskvalue: null
2025-12-18 14:03:54,016 [INFO] CodeEngine:265 - oldGeneratedFile, C:\STM32_projekti\STM32G491-FOC_Motor_Control\STM32G491-FOC_Motor_Control\PWM_output\MXTmpFiles\license.tmp_save
2025-12-18 14:03:54,098 [INFO] CodeEngine:289 - Generated code: C:\STM32_projekti\STM32G491-FOC_Motor_Control\STM32G491-FOC_Motor_Control\PWM_output\MXTmpFiles\license.tmp
2025-12-18 14:03:54,165 [INFO] CodeEngine:265 - oldGeneratedFile, C:\STM32_projekti\STM32G491-FOC_Motor_Control\STM32G491-FOC_Motor_Control\PWM_output\MXTmpFiles\gpio.tmp_save
2025-12-18 14:03:54,264 [INFO] CodeEngine:289 - Generated code: C:\STM32_projekti\STM32G491-FOC_Motor_Control\STM32G491-FOC_Motor_Control\PWM_output\MXTmpFiles\gpio.tmp
2025-12-18 14:03:54,712 [INFO] CodeEngine:265 - oldGeneratedFile, C:\STM32_projekti\STM32G491-FOC_Motor_Control\STM32G491-FOC_Motor_Control\PWM_output\MXTmpFiles\dma.tmp_save
2025-12-18 14:03:54,759 [INFO] CodeEngine:289 - Generated code: C:\STM32_projekti\STM32G491-FOC_Motor_Control\STM32G491-FOC_Motor_Control\PWM_output\MXTmpFiles\dma.tmp
2025-12-18 14:03:54,764 [INFO] CodeEngine:265 - oldGeneratedFile, C:\STM32_projekti\STM32G491-FOC_Motor_Control\STM32G491-FOC_Motor_Control\PWM_output\MXTmpFiles\dma_GV.tmp_save
2025-12-18 14:03:54,810 [INFO] CodeEngine:289 - Generated code: C:\STM32_projekti\STM32G491-FOC_Motor_Control\STM32G491-FOC_Motor_Control\PWM_output\MXTmpFiles\dma_GV.tmp
2025-12-18 14:03:54,831 [INFO] CodeEngine:265 - oldGeneratedFile, C:\STM32_projekti\STM32G491-FOC_Motor_Control\STM32G491-FOC_Motor_Control\PWM_output\Core\Src\stm32g4xx_it.c_save
2025-12-18 14:03:55,001 [INFO] CodeEngine:289 - Generated code: C:\STM32_projekti\STM32G491-FOC_Motor_Control\STM32G491-FOC_Motor_Control\PWM_output\Core\Src\stm32g4xx_it.c
2025-12-18 14:03:55,009 [INFO] CodeEngine:265 - oldGeneratedFile, C:\STM32_projekti\STM32G491-FOC_Motor_Control\STM32G491-FOC_Motor_Control\PWM_output\Core\Inc\stm32g4xx_it.h_save
2025-12-18 14:03:55,061 [INFO] CodeEngine:289 - Generated code: C:\STM32_projekti\STM32G491-FOC_Motor_Control\STM32G491-FOC_Motor_Control\PWM_output\Core\Inc\stm32g4xx_it.h
2025-12-18 14:03:55,080 [INFO] CodeEngine:265 - oldGeneratedFile, C:\STM32_projekti\STM32G491-FOC_Motor_Control\STM32G491-FOC_Motor_Control\PWM_output\Core\Src\stm32g4xx_hal_msp.c_save
2025-12-18 14:03:55,166 [INFO] CodeEngine:289 - Generated code: C:\STM32_projekti\STM32G491-FOC_Motor_Control\STM32G491-FOC_Motor_Control\PWM_output\Core\Src\stm32g4xx_hal_msp.c
2025-12-18 14:03:55,173 [INFO] CodeEngine:265 - oldGeneratedFile, C:\STM32_projekti\STM32G491-FOC_Motor_Control\STM32G491-FOC_Motor_Control\PWM_output\MXTmpFiles\system.tmp_save
2025-12-18 14:03:55,220 [INFO] CodeEngine:289 - Generated code: C:\STM32_projekti\STM32G491-FOC_Motor_Control\STM32G491-FOC_Motor_Control\PWM_output\MXTmpFiles\system.tmp
2025-12-18 14:03:55,233 [INFO] CodeEngine:321 - oldGeneratedFile, C:\STM32_projekti\STM32G491-FOC_Motor_Control\STM32G491-FOC_Motor_Control\PWM_output\Core\Inc\stm32g4xx_hal_conf.h_save
2025-12-18 14:03:55,285 [INFO] CodeEngine:345 - Generated code: C:\STM32_projekti\STM32G491-FOC_Motor_Control\STM32G491-FOC_Motor_Control\PWM_output\Core\Inc\stm32g4xx_hal_conf.h
2025-12-18 14:03:55,303 [WARN] IPConfigManager:3238 - Warning: the RefConfig RCC_CommonPeriphClockConfig is not available in your config.xml file
2025-12-18 14:03:55,305 [WARN] IPConfigManager:3811 - IP not found : TIM
2025-12-18 14:03:55,306 [WARN] CodeGenerator:4259 - IP not found : null
2025-12-18 14:03:55,315 [INFO] CodeEngine:265 - oldGeneratedFile, C:\STM32_projekti\STM32G491-FOC_Motor_Control\STM32G491-FOC_Motor_Control\PWM_output\Core\Inc\main.h_save
2025-12-18 14:03:55,386 [INFO] CodeEngine:289 - Generated code: C:\STM32_projekti\STM32G491-FOC_Motor_Control\STM32G491-FOC_Motor_Control\PWM_output\Core\Inc\main.h
2025-12-18 14:03:55,394 [INFO] CodeEngine:265 - oldGeneratedFile, C:\STM32_projekti\STM32G491-FOC_Motor_Control\STM32G491-FOC_Motor_Control\PWM_output\Core\Src\main.c_save
2025-12-18 14:03:55,498 [INFO] CodeEngine:289 - Generated code: C:\STM32_projekti\STM32G491-FOC_Motor_Control\STM32G491-FOC_Motor_Control\PWM_output\Core\Src\main.c
2025-12-18 14:03:55,841 [INFO] ProjectBuilder:3606 - Time for Copy HAL[1] : 190mS.
2025-12-18 14:03:55,845 [INFO] ProjectBuilder:5216 - Project Generator version: 4.7.0-B52
2025-12-18 14:03:55,910 [INFO] ConfigFileManager:1595 - The Die is : DIE479
2025-12-18 14:03:56,697 [INFO] ProjectBuilder:5496 - Time for Generating toolchain IDE Files: 851mS.
2025-12-18 14:03:56,698 [INFO] ProjectBuilder:3463 - Time for Copy CMSIS : 1mS.
2025-12-18 14:03:56,703 [INFO] ProjectBuilder:3463 - Time for Copy CMSIS : 0mS.
2025-12-18 14:04:03,733 [ERROR] ConfigurationRetriever:142 - IOException on connection: sw-center.st.com
2025-12-18 14:04:03,733 [ERROR] ConfigurationRetriever:142 - IOException on connection: sw-center.st.com
2025-12-18 14:04:03,733 [ERROR] ConfigurationRetriever:142 - IOException on connection: sw-center.st.com
2025-12-18 14:04:03,734 [ERROR] ConfigurationRetriever:142 - IOException on connection: sw-center.st.com
2025-12-18 14:04:03,734 [ERROR] ConfigurationRetriever:142 - IOException on connection: sw-center.st.com
2025-12-18 14:04:03,734 [ERROR] ConfigurationRetriever:142 - IOException on connection: sw-center.st.com
2025-12-18 14:04:03,734 [ERROR] ConfigurationRetriever:142 - IOException on connection: sw-center.st.com
2025-12-18 14:04:03,734 [ERROR] ConfigurationRetriever:142 - IOException on connection: sw-center.st.com
2025-12-18 14:04:03,734 [ERROR] ConfigurationRetriever:142 - IOException on connection: sw-center.st.com
2025-12-18 14:04:03,767 [ERROR] ConfigurationRetriever:142 - IOException on connection: sw-center.st.com
2025-12-18 14:04:03,767 [ERROR] ConfigurationRetriever:142 - IOException on connection: sw-center.st.com
2025-12-18 14:04:03,768 [ERROR] ConfigurationRetriever:142 - IOException on connection: sw-center.st.com
2025-12-18 14:41:11,240 [ERROR] ConfigurationRetriever:142 - IOException on connection: sw-center.st.com
2025-12-18 14:41:11,240 [ERROR] ConfigurationRetriever:142 - IOException on connection: sw-center.st.com
2025-12-18 14:41:11,240 [ERROR] ConfigurationRetriever:142 - IOException on connection: sw-center.st.com
2025-12-18 14:41:11,264 [ERROR] ConfigurationRetriever:142 - IOException on connection: sw-center.st.com
2025-12-18 14:41:11,264 [ERROR] ConfigurationRetriever:142 - IOException on connection: sw-center.st.com
2025-12-18 14:41:11,265 [ERROR] ConfigurationRetriever:142 - IOException on connection: sw-center.st.com
2025-12-18 19:19:03,782 [INFO] Activator:176 - 


2025-12-18 19:19:03,788 [INFO] Activator:177 - !SESSION log4j initialized
2025-12-18 19:19:10,675 [INFO] LogOutputStream:77 - [STDOUT_REDIRECT] 
2025-12-18 19:19:12,447 [INFO] ApplicationProperties:184 - Using Application install path: C:\ST\STM32CubeIDE_1.19.0\STM32CubeIDE\plugins\com.st.stm32cube.common.mx_6.15.0.202507011659
2025-12-18 19:19:12,471 [INFO] DbMcusXml:78 - Set database path to: C:\ST\STM32CubeIDE_1.19.0\STM32CubeIDE\plugins\com.st.stm32cube.common.mx_6.15.0.202507011659\\db\/mcu/
2025-12-18 19:19:12,471 [INFO] ApiDb:274 - Set plugin database path to: C:\ST\STM32CubeIDE_1.19.0\STM32CubeIDE\plugins\com.st.stm32cube.common.mx_6.15.0.202507011659\\db\/plugins/boardmanager/
2025-12-18 19:19:12,471 [WARN] ApiDb:259 - Overriding images path with different value:  => C:\ST\STM32CubeIDE_1.19.0\STM32CubeIDE\plugins\com.st.stm32cube.common.mx_6.15.0.202507011659\\db\/plugins/mcufinder/images/
2025-12-18 19:19:12,495 [INFO] ApiDb:250 - Set database path to: C:\Users\ivanp\.stmcufinder\plugins\mcufinder//mcu/
2025-12-18 19:19:12,498 [INFO] DbMcusAds:125 - Set database path to: C:\Users\ivanp\.stmcufinder\plugins\mcufinder//mcu/
2025-12-18 19:19:12,502 [INFO] CrossReferenceDbSqlite:203 - Set database path to: C:\Users\ivanp\.stmcufinder\plugins\mcufinder//mcu/cs/
2025-12-18 19:19:12,649 [INFO] RulesReader:64 - Compatibility file has been processed (317 Rules)
2025-12-18 19:19:12,781 [INFO] DbMcusXml:78 - Set database path to: C:\ST\STM32CubeIDE_1.19.0\STM32CubeIDE\plugins\com.st.stm32cube.common.mx_6.15.0.202507011659\\db\/mcu/
2025-12-18 19:19:12,781 [INFO] ApiDb:274 - Set plugin database path to: C:\ST\STM32CubeIDE_1.19.0\STM32CubeIDE\plugins\com.st.stm32cube.common.mx_6.15.0.202507011659\\db\/plugins/boardmanager/
2025-12-18 19:19:12,781 [INFO] ApiDb:261 - Set plugin images path to: C:\ST\STM32CubeIDE_1.19.0\STM32CubeIDE\plugins\com.st.stm32cube.common.mx_6.15.0.202507011659\\db\/plugins/mcufinder/images/
2025-12-18 19:19:12,781 [WARN] DbFile:41 - Overriding database path with different value: C:\Users\ivanp\.stmcufinder\plugins\mcufinder/ => C:\Users\ivanp\.stmcufinder\plugins\mcufinder
2025-12-18 19:19:12,782 [INFO] ApiDb:250 - Set database path to: C:\Users\ivanp\.stmcufinder\plugins\mcufinder//mcu/
2025-12-18 19:19:12,782 [WARN] DbFile:41 - Overriding database path with different value: C:\Users\ivanp\.stmcufinder\plugins\mcufinder/ => C:\Users\ivanp\.stmcufinder\plugins\mcufinder
2025-12-18 19:19:12,782 [INFO] DbMcusAds:125 - Set database path to: C:\Users\ivanp\.stmcufinder\plugins\mcufinder//mcu/
2025-12-18 19:19:12,782 [WARN] DbFile:41 - Overriding database path with different value: C:\Users\ivanp\.stmcufinder\plugins\mcufinder/ => C:\Users\ivanp\.stmcufinder\plugins\mcufinder
2025-12-18 19:19:12,782 [WARN] DbFile:41 - Overriding database path with different value: C:\Users\ivanp\.stmcufinder\plugins\mcufinder/ => C:\Users\ivanp\.stmcufinder\plugins\mcufinder
2025-12-18 19:19:12,782 [INFO] CrossReferenceDbSqlite:203 - Set database path to: C:\Users\ivanp\.stmcufinder\plugins\mcufinder//mcu/cs/
2025-12-18 19:19:12,881 [INFO] MainPanel:274 - HeapMemory: 268435456
2025-12-18 19:19:13,016 [INFO] DbMcusXml:78 - Set database path to: C:\ST\STM32CubeIDE_1.19.0\STM32CubeIDE\plugins\com.st.stm32cube.common.mx_6.15.0.202507011659\\db\/mcu/
2025-12-18 19:19:13,016 [INFO] ApiDb:274 - Set plugin database path to: C:\ST\STM32CubeIDE_1.19.0\STM32CubeIDE\plugins\com.st.stm32cube.common.mx_6.15.0.202507011659\\db\/plugins/boardmanager/
2025-12-18 19:19:13,016 [INFO] ApiDb:261 - Set plugin images path to: C:\ST\STM32CubeIDE_1.19.0\STM32CubeIDE\plugins\com.st.stm32cube.common.mx_6.15.0.202507011659\\db\/plugins/mcufinder/images/
2025-12-18 19:19:13,017 [WARN] DbFile:41 - Overriding database path with different value: C:\Users\ivanp\.stmcufinder\plugins\mcufinder/ => C:\Users\ivanp\.stmcufinder\plugins\mcufinder
2025-12-18 19:19:13,017 [INFO] ApiDb:250 - Set database path to: C:\Users\ivanp\.stmcufinder\plugins\mcufinder//mcu/
2025-12-18 19:19:13,017 [WARN] DbFile:41 - Overriding database path with different value: C:\Users\ivanp\.stmcufinder\plugins\mcufinder/ => C:\Users\ivanp\.stmcufinder\plugins\mcufinder
2025-12-18 19:19:13,017 [INFO] DbMcusAds:125 - Set database path to: C:\Users\ivanp\.stmcufinder\plugins\mcufinder//mcu/
2025-12-18 19:19:13,017 [WARN] DbFile:41 - Overriding database path with different value: C:\Users\ivanp\.stmcufinder\plugins\mcufinder/ => C:\Users\ivanp\.stmcufinder\plugins\mcufinder
2025-12-18 19:19:13,017 [WARN] DbFile:41 - Overriding database path with different value: C:\Users\ivanp\.stmcufinder\plugins\mcufinder/ => C:\Users\ivanp\.stmcufinder\plugins\mcufinder
2025-12-18 19:19:13,018 [INFO] CrossReferenceDbSqlite:203 - Set database path to: C:\Users\ivanp\.stmcufinder\plugins\mcufinder//mcu/cs/
2025-12-18 19:19:13,038 [INFO] ApplicationProperties:184 - Using Application install path: C:\ST\STM32CubeIDE_1.19.0\STM32CubeIDE\plugins\com.st.stm32cube.common.mx_6.15.0.202507011659
2025-12-18 19:19:13,039 [INFO] PluginManage:196 - Search for loadable plugins [exclusion list=, ]
2025-12-18 19:19:13,040 [INFO] PluginManage:310 - Check plugin analytics
2025-12-18 19:19:13,309 [INFO] AnalyticsPlugin:253 - Accepted Software Licenses: 
2025-12-18 19:19:13,309 [INFO] AnalyticsPlugin:255 - Accepted CMSIS Pack Licenses: 
2025-12-18 19:19:13,309 [INFO] AnalyticsPlugin:257 - Accepted Firmware Licenses: FW.F4.1.28.0,FW.G4.1.6.0
2025-12-18 19:19:13,314 [INFO] PluginManage:359 - Loaded plugin analytics (category:tool,tabindex:-1)
2025-12-18 19:19:13,315 [INFO] PluginManage:310 - Check plugin cadmodel
2025-12-18 19:19:13,323 [INFO] CADModel:105 - Init CAD model plugin
2025-12-18 19:19:13,324 [INFO] PluginManage:359 - Loaded plugin cadmodel (category:power,tabindex:5)
2025-12-18 19:19:13,324 [INFO] PluginManage:310 - Check plugin clock
2025-12-18 19:19:13,338 [INFO] PluginManage:359 - Loaded plugin clock (category:base,tabindex:2)
2025-12-18 19:19:13,338 [INFO] PluginManage:310 - Check plugin ddr
2025-12-18 19:19:13,341 [INFO] PluginManage:359 - Loaded plugin ddr (category:tool,tabindex:6)
2025-12-18 19:19:13,341 [INFO] PluginManage:310 - Check plugin filemanager
2025-12-18 19:19:13,523 [INFO] PluginManage:359 - Loaded plugin filemanager (category:base,tabindex:10)
2025-12-18 19:19:13,524 [INFO] PluginManage:310 - Check plugin ipmanager
2025-12-18 19:19:13,533 [INFO] PluginManage:359 - Loaded plugin ipmanager (category:base,tabindex:5)
2025-12-18 19:19:13,533 [INFO] PluginManage:310 - Check plugin lpbam
2025-12-18 19:19:13,546 [INFO] PluginManage:359 - Loaded plugin lpbam (category:base,tabindex:0)
2025-12-18 19:19:13,546 [INFO] PluginManage:310 - Check plugin memorymap
2025-12-18 19:19:13,565 [INFO] PluginManage:359 - Loaded plugin memorymap (category:base,tabindex:4)
2025-12-18 19:19:13,565 [INFO] PluginManage:310 - Check plugin pinoutandconfiguration
2025-12-18 19:19:13,578 [INFO] PluginManage:359 - Loaded plugin pinoutandconfiguration (category:base,tabindex:1)
2025-12-18 19:19:13,578 [INFO] PluginManage:310 - Check plugin pinoutconfig
2025-12-18 19:19:13,711 [WARN] SupportedApi:132 - Cannot load RTOS API schema: s4s-elt-must-match.1: The content of 'definitions' must match (annotation?, (simpleType | complexType)?, (unique | key | keyref)*)). A problem was found starting at: attribute.
2025-12-18 19:19:13,885 [INFO] PluginManage:359 - Loaded plugin pinoutconfig (category:base,tabindex:0)
2025-12-18 19:19:13,886 [INFO] PluginManage:310 - Check plugin power
2025-12-18 19:19:13,905 [INFO] PluginManage:359 - Loaded plugin power (category:power,tabindex:4)
2025-12-18 19:19:13,905 [INFO] PluginManage:310 - Check plugin projectmanager
2025-12-18 19:19:13,921 [INFO] PluginManage:359 - Loaded plugin projectmanager (category:projectmanager,tabindex:4)
2025-12-18 19:19:13,922 [INFO] PluginManage:310 - Check plugin rif
2025-12-18 19:19:13,936 [INFO] PluginManage:359 - Loaded plugin rif (category:base,tabindex:3)
2025-12-18 19:19:13,936 [INFO] PluginManage:310 - Check plugin thirdparty
2025-12-18 19:19:14,134 [WARN] IntegrityCheckThread:84 - waiting for thirdparty lock release [integrity check]
2025-12-18 19:19:14,135 [INFO] IntegrityCheckThread:86 - entering critical section [integrity check]
2025-12-18 19:19:14,135 [INFO] ThirdPartyUpdaterWithRetryManager:70 - Updater plugin not ready yet. [1/15]
2025-12-18 19:19:14,135 [INFO] PluginManage:359 - Loaded plugin thirdparty (category:base,tabindex:-1)
2025-12-18 19:19:14,135 [INFO] PluginManage:310 - Check plugin tools
2025-12-18 19:19:14,142 [INFO] PluginManage:359 - Loaded plugin tools (category:base,tabindex:7)
2025-12-18 19:19:14,142 [INFO] PluginManage:310 - Check plugin tutovideos
2025-12-18 19:19:14,375 [INFO] PluginManage:359 - Loaded plugin tutovideos (category:base,tabindex:-1)
2025-12-18 19:19:14,375 [INFO] PluginManage:310 - Check plugin updater
2025-12-18 19:19:14,404 [INFO] PluginManage:359 - Loaded plugin updater (category:base,tabindex:12)
2025-12-18 19:19:14,404 [INFO] PluginManage:310 - Check plugin userauth
2025-12-18 19:19:14,409 [INFO] UserAuth:118 - Init User Auth plugin
2025-12-18 19:19:14,410 [INFO] PluginManage:359 - Loaded plugin userauth (category:base,tabindex:14)
2025-12-18 19:19:14,410 [INFO] PluginManage:283 - PluginManage : Loaded plugins [18]
2025-12-18 19:19:14,751 [INFO] PinOutPanel:1589 - setPackage(No Configuration,No Configuration)
2025-12-18 19:19:14,848 [INFO] CADModel:165 - CPN selected for project level
2025-12-18 19:19:14,848 [INFO] CADModel:114 - Register for checkConnection events
2025-12-18 19:19:14,870 [INFO] IPUIPlugin:80 - create IPUIPlugin
2025-12-18 19:19:14,871 [INFO] PluginManager:220 - loadIPPluginJar : add adc
2025-12-18 19:19:14,874 [INFO] IPUIPlugin:80 - create IPUIPlugin
2025-12-18 19:19:14,874 [INFO] PluginManager:220 - loadIPPluginJar : add aes
2025-12-18 19:19:14,878 [INFO] IPUIPlugin:80 - create IPUIPlugin
2025-12-18 19:19:14,878 [INFO] PluginManager:220 - loadIPPluginJar : add can
2025-12-18 19:19:14,880 [INFO] IPUIPlugin:80 - create IPUIPlugin
2025-12-18 19:19:14,881 [INFO] PluginManager:220 - loadIPPluginJar : add comp
2025-12-18 19:19:14,884 [INFO] IPUIPlugin:80 - create IPUIPlugin
2025-12-18 19:19:14,884 [INFO] PluginManager:220 - loadIPPluginJar : add cryp
2025-12-18 19:19:14,889 [INFO] IPUIPlugin:80 - create IPUIPlugin
2025-12-18 19:19:14,889 [INFO] PluginManager:220 - loadIPPluginJar : add ddr_ctrl_phy
2025-12-18 19:19:14,893 [INFO] IPUIPlugin:80 - create IPUIPlugin
2025-12-18 19:19:14,893 [INFO] PluginManager:220 - loadIPPluginJar : add dfsdm
2025-12-18 19:19:14,902 [INFO] IPUIPlugin:80 - create IPUIPlugin
2025-12-18 19:19:14,903 [INFO] PluginManager:220 - loadIPPluginJar : add dma
2025-12-18 19:19:14,908 [INFO] IPUIPlugin:80 - create IPUIPlugin
2025-12-18 19:19:14,909 [INFO] PluginManager:220 - loadIPPluginJar : add dma3
2025-12-18 19:19:14,913 [INFO] IPUIPlugin:80 - create IPUIPlugin
2025-12-18 19:19:14,913 [INFO] PluginManager:220 - loadIPPluginJar : add extmemmanager
2025-12-18 19:19:14,916 [INFO] IPUIPlugin:80 - create IPUIPlugin
2025-12-18 19:19:14,916 [INFO] PluginManager:220 - loadIPPluginJar : add fatfs
2025-12-18 19:19:14,922 [INFO] IPUIPlugin:80 - create IPUIPlugin
2025-12-18 19:19:14,922 [INFO] PluginManager:220 - loadIPPluginJar : add fmc
2025-12-18 19:19:14,931 [INFO] IPUIPlugin:80 - create IPUIPlugin
2025-12-18 19:19:14,932 [INFO] PluginManager:220 - loadIPPluginJar : add freertos
2025-12-18 19:19:14,935 [INFO] IPUIPlugin:80 - create IPUIPlugin
2025-12-18 19:19:14,935 [INFO] PluginManager:220 - loadIPPluginJar : add genericplugin
2025-12-18 19:19:14,938 [INFO] IPUIPlugin:80 - create IPUIPlugin
2025-12-18 19:19:14,939 [INFO] PluginManager:220 - loadIPPluginJar : add gfxmmu
2025-12-18 19:19:14,944 [INFO] IPUIPlugin:80 - create IPUIPlugin
2025-12-18 19:19:14,944 [INFO] PluginManager:220 - loadIPPluginJar : add gic
2025-12-18 19:19:14,948 [INFO] IPUIPlugin:80 - create IPUIPlugin
2025-12-18 19:19:14,948 [INFO] PluginManager:220 - loadIPPluginJar : add gpio
2025-12-18 19:19:14,952 [INFO] IPUIPlugin:80 - create IPUIPlugin
2025-12-18 19:19:14,952 [INFO] PluginManager:220 - loadIPPluginJar : add gtzc
2025-12-18 19:19:14,955 [INFO] IPUIPlugin:80 - create IPUIPlugin
2025-12-18 19:19:14,955 [INFO] PluginManager:220 - loadIPPluginJar : add hash
2025-12-18 19:19:14,958 [INFO] IPUIPlugin:80 - create IPUIPlugin
2025-12-18 19:19:14,959 [INFO] PluginManager:220 - loadIPPluginJar : add i2c
2025-12-18 19:19:14,962 [INFO] IPUIPlugin:80 - create IPUIPlugin
2025-12-18 19:19:14,962 [INFO] PluginManager:220 - loadIPPluginJar : add i2s
2025-12-18 19:19:14,966 [INFO] IPUIPlugin:80 - create IPUIPlugin
2025-12-18 19:19:14,966 [INFO] PluginManager:220 - loadIPPluginJar : add i3c
2025-12-18 19:19:14,970 [INFO] IPUIPlugin:80 - create IPUIPlugin
2025-12-18 19:19:14,971 [INFO] PluginManager:220 - loadIPPluginJar : add ipddr
2025-12-18 19:19:14,978 [INFO] IPUIPlugin:80 - create IPUIPlugin
2025-12-18 19:19:14,979 [INFO] PluginManager:220 - loadIPPluginJar : add linkedlist
2025-12-18 19:19:14,982 [INFO] IPUIPlugin:80 - create IPUIPlugin
2025-12-18 19:19:14,983 [INFO] PluginManager:220 - loadIPPluginJar : add lorawan
2025-12-18 19:19:14,985 [INFO] IPUIPlugin:80 - create IPUIPlugin
2025-12-18 19:19:14,985 [INFO] PluginManager:220 - loadIPPluginJar : add ltdc
2025-12-18 19:19:14,992 [INFO] IPUIPlugin:80 - create IPUIPlugin
2025-12-18 19:19:14,992 [INFO] PluginManager:220 - loadIPPluginJar : add mdma
2025-12-18 19:19:14,997 [INFO] IPUIPlugin:80 - create IPUIPlugin
2025-12-18 19:19:14,997 [INFO] PluginManager:220 - loadIPPluginJar : add nvic
2025-12-18 19:19:15,003 [INFO] IPUIPlugin:80 - create IPUIPlugin
2025-12-18 19:19:15,003 [INFO] PluginManager:220 - loadIPPluginJar : add opamp
2025-12-18 19:19:15,006 [INFO] IPUIPlugin:80 - create IPUIPlugin
2025-12-18 19:19:15,007 [INFO] PluginManager:220 - loadIPPluginJar : add openamp
2025-12-18 19:19:15,010 [INFO] IPUIPlugin:80 - create IPUIPlugin
2025-12-18 19:19:15,011 [INFO] PluginManager:220 - loadIPPluginJar : add pdm2pcm
2025-12-18 19:19:15,018 [INFO] IPUIPlugin:80 - create IPUIPlugin
2025-12-18 19:19:15,021 [INFO] PluginManager:220 - loadIPPluginJar : add plateformsettings
2025-12-18 19:19:15,024 [INFO] IPUIPlugin:80 - create IPUIPlugin
2025-12-18 19:19:15,024 [INFO] PluginManager:220 - loadIPPluginJar : add quadspi
2025-12-18 19:19:15,027 [INFO] IPUIPlugin:80 - create IPUIPlugin
2025-12-18 19:19:15,028 [INFO] PluginManager:220 - loadIPPluginJar : add radio
2025-12-18 19:19:15,032 [INFO] IPUIPlugin:80 - create IPUIPlugin
2025-12-18 19:19:15,032 [INFO] PluginManager:220 - loadIPPluginJar : add resmgrutility
2025-12-18 19:19:15,036 [INFO] IPUIPlugin:80 - create IPUIPlugin
2025-12-18 19:19:15,036 [INFO] PluginManager:220 - loadIPPluginJar : add sai
2025-12-18 19:19:15,039 [INFO] IPUIPlugin:80 - create IPUIPlugin
2025-12-18 19:19:15,040 [INFO] PluginManager:220 - loadIPPluginJar : add spi
2025-12-18 19:19:15,047 [INFO] IPUIPlugin:80 - create IPUIPlugin
2025-12-18 19:19:15,047 [INFO] PluginManager:220 - loadIPPluginJar : add stm32_wpan
2025-12-18 19:19:15,050 [INFO] IPUIPlugin:80 - create IPUIPlugin
2025-12-18 19:19:15,050 [INFO] PluginManager:220 - loadIPPluginJar : add tim
2025-12-18 19:19:15,054 [INFO] IPUIPlugin:80 - create IPUIPlugin
2025-12-18 19:19:15,054 [INFO] PluginManager:220 - loadIPPluginJar : add touchsensing
2025-12-18 19:19:15,056 [INFO] IPUIPlugin:80 - create IPUIPlugin
2025-12-18 19:19:15,057 [INFO] PluginManager:220 - loadIPPluginJar : add tracer_emb
2025-12-18 19:19:15,059 [INFO] IPUIPlugin:80 - create IPUIPlugin
2025-12-18 19:19:15,059 [INFO] PluginManager:220 - loadIPPluginJar : add ts
2025-12-18 19:19:15,062 [INFO] IPUIPlugin:80 - create IPUIPlugin
2025-12-18 19:19:15,062 [INFO] PluginManager:220 - loadIPPluginJar : add tsc
2025-12-18 19:19:15,065 [INFO] IPUIPlugin:80 - create IPUIPlugin
2025-12-18 19:19:15,065 [INFO] PluginManager:220 - loadIPPluginJar : add ucpd
2025-12-18 19:19:15,070 [INFO] IPUIPlugin:80 - create IPUIPlugin
2025-12-18 19:19:15,070 [INFO] PluginManager:220 - loadIPPluginJar : add usart
2025-12-18 19:19:15,074 [INFO] IPUIPlugin:80 - create IPUIPlugin
2025-12-18 19:19:15,075 [INFO] PluginManager:220 - loadIPPluginJar : add usbx
2025-12-18 19:19:15,235 [FATAL] Updater:351 - Updater called before beeing initialized
2025-12-18 19:19:15,298 [INFO] RulesReader:64 - Compatibility file has been processed (317 Rules)
2025-12-18 19:19:15,315 [INFO] RulesReader:64 - Compatibility file has been processed (317 Rules)
2025-12-18 19:19:15,328 [INFO] CADModel:165 - CPN selected for project level
2025-12-18 19:19:15,328 [INFO] CADModel:114 - Register for checkConnection events
2025-12-18 19:19:15,328 [FATAL] Updater:351 - Updater called before beeing initialized
2025-12-18 19:19:15,328 [ERROR] CADModel:125 - Updater not yet initialized, retry later 
2025-12-18 19:19:15,548 [FATAL] Updater:351 - Updater called before beeing initialized
2025-12-18 19:19:15,551 [INFO] CADModel:165 - CPN selected for project level
2025-12-18 19:19:15,551 [INFO] CADModel:114 - Register for checkConnection events
2025-12-18 19:19:15,551 [FATAL] Updater:351 - Updater called before beeing initialized
2025-12-18 19:19:15,551 [ERROR] CADModel:125 - Updater not yet initialized, retry later 
2025-12-18 19:19:15,554 [FATAL] Updater:351 - Updater called before beeing initialized
2025-12-18 19:19:15,703 [FATAL] Updater:351 - Updater called before beeing initialized
2025-12-18 19:19:15,711 [INFO] DbMcusAds:53 - JSON generation date=Mon Nov 10 11:43:01 CET 2025 (1762771381096)
2025-12-18 19:19:15,711 [FATAL] Updater:351 - Updater called before beeing initialized
2025-12-18 19:19:15,777 [WARN] DetailPanel:346 - Failed to get advertising image, set to default
2025-12-18 19:19:15,969 [FATAL] Updater:351 - Updater called before beeing initialized
2025-12-18 19:19:15,971 [FATAL] Updater:351 - Updater called before beeing initialized
2025-12-18 19:19:15,972 [FATAL] Updater:351 - Updater called before beeing initialized
2025-12-18 19:19:15,972 [WARN] DetailPanel:346 - Failed to get advertising image, set to default
2025-12-18 19:19:15,973 [FATAL] Updater:351 - Updater called before beeing initialized
2025-12-18 19:19:16,064 [ERROR] Updater:1198 - MainUpdater not yet initialized. External WinMGr cannot be set.
2025-12-18 19:19:16,066 [INFO] Updater:1134 - Updater Version found : 6.15.0
2025-12-18 19:19:16,093 [INFO] ApplicationProperties:184 - Using Application install path: C:\ST\STM32CubeIDE_1.19.0\STM32CubeIDE\plugins\com.st.stm32cube.common.mx_6.15.0.202507011659
2025-12-18 19:19:16,748 [INFO] MainUpdater:2872 - connection check result : 10
2025-12-18 19:19:16,749 [INFO] MainUpdater:3604 - Updater definition file requires update
2025-12-18 19:19:16,750 [INFO] MainUpdater:289 - Updater Check For Update Now.
2025-12-18 19:19:16,751 [INFO] MicroXplorer:498 - Change Database Version : DB.6.0.150
2025-12-18 19:19:16,761 [INFO] McuFinderGlobals:63 - Set McuFinder mode to 2 (CubeIDE integrated)
2025-12-18 19:19:16,763 [INFO] UserAuth:487 - Internet connection configuration mode: 1
2025-12-18 19:19:16,790 [INFO] JxBrowserEngine:152 - Initiate JxBrowser Engine with user profile folder
2025-12-18 19:19:16,830 [INFO] ServerAccessManage:452 - Complete download http(s) 200
2025-12-18 19:19:16,832 [INFO] ServerAccessManage:509 - Download File updaters.zip
2025-12-18 19:19:17,029 [INFO] FileExtend:248 - Unzip File : updaters.zip
2025-12-18 19:19:17,029 [INFO] FileExtend:263 - Standard Zip Deflate
2025-12-18 19:19:17,137 [WARN] MainUpdater:1193 - Updater busy. Cannot search thirdparties
2025-12-18 19:19:17,137 [INFO] ThirdPartyUpdaterWithRetryManager:96 - Updater plugin is busy. [1/15]
2025-12-18 19:19:17,748 [INFO] ServerAccessManage:452 - Complete download http(s) 200
2025-12-18 19:19:17,749 [INFO] ServerAccessManage:509 - Download File PacksControlFlags.xml
2025-12-18 19:19:17,940 [INFO] ServerAccessManage:452 - Complete download http(s) 200
2025-12-18 19:19:17,940 [INFO] ServerAccessManage:509 - Download File cubemx.pidx
2025-12-18 19:19:18,115 [INFO] LoadServerUpdatesThread:375 - End of LoadServerUpdate Thread
2025-12-18 19:19:18,652 [INFO] CheckServerUpdateThread:120 - End of CheckServer Thread
2025-12-18 19:19:19,495 [INFO] WebApp:169 - Instantiating new browser for Auth
2025-12-18 19:19:21,073 [WARN] PackLoader:240 - Cannot read IP mode file for STMicroelectronics.FP-SNS-MOTENVWB1.1.4.0
2025-12-18 19:19:21,111 [WARN] PackLoader:240 - Cannot read IP mode file for STMicroelectronics.FP-ATR-ASTRA1.2.0.2
2025-12-18 19:19:21,121 [WARN] PackLoader:240 - Cannot read IP mode file for STMicroelectronics.FP-ATR-ASTRA1.2.0.1
2025-12-18 19:19:21,138 [WARN] PackLoader:240 - Cannot read IP mode file for STMicroelectronics.X-CUBE-SMBUS.2.1.0
2025-12-18 19:19:21,144 [INFO] WebApp:463 - Apply proxy settings
2025-12-18 19:19:21,145 [INFO] WebApp:548 - Chromium requires no authentication
2025-12-18 19:19:21,152 [WARN] PackLoader:240 - Cannot read IP mode file for STMicroelectronics.X-CUBE-WB05N.1.1.0
2025-12-18 19:19:21,161 [WARN] PackLoader:240 - Cannot read IP mode file for STMicroelectronics.X-CUBE-TOUCHGFX.4.23.0
2025-12-18 19:19:21,161 [INFO] WebApp:491 - Direct internet connection detected
2025-12-18 19:19:21,167 [WARN] PackLoader:240 - Cannot read IP mode file for STMicroelectronics.X-CUBE-TOUCHGFX.4.23.2
2025-12-18 19:19:21,216 [INFO] WebApp:900 - Register for checkConnection events
2025-12-18 19:19:21,216 [INFO] WebApp:463 - Apply proxy settings
2025-12-18 19:19:21,216 [INFO] WebApp:548 - Chromium requires no authentication
2025-12-18 19:19:21,217 [INFO] WebApp:491 - Direct internet connection detected
2025-12-18 19:19:21,233 [WARN] PackLoader:240 - Cannot read IP mode file for STMicroelectronics.X-CUBE-AZRTOS-F7.1.1.0
2025-12-18 19:19:21,253 [WARN] PackLoader:240 - Cannot read IP mode file for STMicroelectronics.FP-SNS-MOTENV1.4.3.2
2025-12-18 19:19:21,267 [ERROR] RealEvaluatedCondition:428 - Found unsupported composite condition: CLASS='Data Exchange' GROUP='STM32_MetaDataManager'
2025-12-18 19:19:21,267 [ERROR] RealEvaluatedCondition:428 - Found unsupported composite condition: GROUP='STM32_MetaDataManager' CLASS='Data Exchange'
2025-12-18 19:19:21,269 [WARN] PackLoader:240 - Cannot read IP mode file for STMicroelectronics.FP-SNS-MOTENV1.4.3.1
2025-12-18 19:19:21,289 [WARN] PackLoader:240 - Cannot read IP mode file for STMicroelectronics.FP-SNS-FLIGHT1.5.0.1
2025-12-18 19:19:21,298 [WARN] PackLoader:240 - Cannot read IP mode file for STMicroelectronics.X-CUBE-BLE1.6.2.3
2025-12-18 19:19:21,428 [WARN] PackLoader:240 - Cannot read IP mode file for STMicroelectronics.X-CUBE-MEMS1.11.0.0
2025-12-18 19:19:21,519 [INFO] WebApp:191 - Connection restablished
2025-12-18 19:19:21,985 [INFO] WebApp:225 - Starting web application
2025-12-18 19:19:21,986 [INFO] WebApp:593 - Web application path used C:\ST\STM32CubeIDE_1.19.0\STM32CubeIDE\plugins\com.st.stm32cube.common.mx_6.15.0.202507011659\db\plugins\mcufinder\reactClient1\index.html
2025-12-18 19:19:22,039 [WARN] PackLoader:240 - Cannot read IP mode file for STMicroelectronics.X-CUBE-BLE1.6.2.4
2025-12-18 19:19:22,052 [WARN] PackLoader:240 - Cannot read IP mode file for STMicroelectronics.FP-SNS-MOTENV1.5.1.0
2025-12-18 19:19:22,074 [WARN] PackLoader:240 - Cannot read IP mode file for STMicroelectronics.X-CUBE-BLE1.6.2.2
2025-12-18 19:19:22,081 [WARN] PackLoader:240 - Cannot read IP mode file for STMicroelectronics.FP-SNS-FLIGHT1.5.0.2
2025-12-18 19:19:22,104 [WARN] PackLoader:240 - Cannot read IP mode file for STMicroelectronics.X-CUBE-BLE2.3.2.2
2025-12-18 19:19:22,238 [WARN] PackLoader:240 - Cannot read IP mode file for STMicroelectronics.X-CUBE-AZRTOS-H7.3.4.0
2025-12-18 19:19:22,290 [WARN] PackLoader:240 - Cannot read IP mode file for STMicroelectronics.X-CUBE-DISPLAY.3.0.0
2025-12-18 19:19:22,340 [WARN] PackLoader:240 - Cannot read IP mode file for STMicroelectronics.X-CUBE-BLE1.7.0.0
2025-12-18 19:19:22,351 [INFO] UserAuth:487 - Internet connection configuration mode: 1
2025-12-18 19:19:22,356 [WARN] PackLoader:240 - Cannot read IP mode file for STMicroelectronics.X-CUBE-NFC10.1.0.0
2025-12-18 19:19:22,379 [WARN] PackLoader:240 - Cannot read IP mode file for STMicroelectronics.X-CUBE-BLEMGR.4.0.0
2025-12-18 19:19:22,427 [WARN] PackLoader:240 - Cannot read IP mode file for STMicroelectronics.X-CUBE-ST60.1.1.0
2025-12-18 19:19:22,446 [WARN] PackLoader:240 - Cannot read IP mode file for STMicroelectronics.X-CUBE-TOUCHGFX.4.22.0
2025-12-18 19:19:22,468 [WARN] PackLoader:240 - Cannot read IP mode file for STMicroelectronics.X-CUBE-GNSS1.7.1.0
2025-12-18 19:19:22,477 [WARN] PackLoader:240 - Cannot read IP mode file for STMicroelectronics.X-CUBE-TOUCHGFX.4.22.1
2025-12-18 19:19:22,502 [WARN] PackLoader:240 - Cannot read IP mode file for STMicroelectronics.X-CUBE-SUBG2.4.2.0
2025-12-18 19:19:22,729 [WARN] PackLoader:240 - Cannot read IP mode file for STMicroelectronics.X-CUBE-MEMS1.9.3.0
2025-12-18 19:19:23,126 [WARN] PackLoader:240 - Cannot read IP mode file for STMicroelectronics.X-CUBE-AI.7.2.0
2025-12-18 19:19:23,146 [WARN] PackLoader:240 - Cannot read IP mode file for STMicroelectronics.X-CUBE-BLEMGR.3.1.0
2025-12-18 19:19:23,162 [WARN] PackLoader:240 - Cannot read IP mode file for STMicroelectronics.X-CUBE-AI.10.0.0
2025-12-18 19:19:23,177 [WARN] PackLoader:240 - Cannot read IP mode file for STMicroelectronics.FP-SNS-STBOX1.2.1.0
2025-12-18 19:19:23,195 [WARN] PackLoader:240 - Cannot read IP mode file for STMicroelectronics.FP-SNS-SMARTAG2.1.2.0
2025-12-18 19:19:23,204 [WARN] PackLoader:240 - Cannot read IP mode file for STMicroelectronics.FP-SNS-FLIGHT1.5.1.0
2025-12-18 19:19:23,333 [WARN] PackLoader:240 - Cannot read IP mode file for STMicroelectronics.X-CUBE-MEMS1.11.1.0
2025-12-18 19:19:23,643 [INFO] LogOutputStream:77 - [STDOUT_REDIRECT] 1 : Invalid condition id : UX_CORESTACK_Condition cause : null
2025-12-18 19:19:23,645 [INFO] LogOutputStream:77 - [STDOUT_REDIRECT] 1 : Invalid condition id : UX_CORESTACK_Condition cause : null
2025-12-18 19:19:23,649 [INFO] LogOutputStream:77 - [STDOUT_REDIRECT] 1 : Invalid condition id : UX_CORESTACK_Condition cause : null
2025-12-18 19:19:23,655 [INFO] LogOutputStream:77 - [STDOUT_REDIRECT] 1 : Invalid condition id : UX_CORESTACK_Condition cause : null
2025-12-18 19:19:23,660 [INFO] LogOutputStream:77 - [STDOUT_REDIRECT] 1 : Invalid condition id : UX_CORESTACK_Condition cause : null
2025-12-18 19:19:23,669 [WARN] PackLoader:240 - Cannot read IP mode file for STMicroelectronics.X-CUBE-AZRTOS-WL.2.0.0
2025-12-18 19:19:23,684 [WARN] PackLoader:240 - Cannot read IP mode file for STMicroelectronics.X-CUBE-ALGOBUILD.1.2.1
2025-12-18 19:19:23,691 [WARN] PackLoader:240 - Cannot read IP mode file for STMicroelectronics.FP-SNS-MOTENV1.5.0.0
2025-12-18 19:19:23,732 [WARN] PackLoader:240 - Cannot read IP mode file for STMicroelectronics.X-CUBE-AZRTOS-H7RS.1.2.0
2025-12-18 19:19:23,750 [WARN] PackLoader:240 - Cannot read IP mode file for wolfSSL.I-CUBE-wolfMQTT.1.19.0
2025-12-18 19:19:23,768 [WARN] PackLoader:240 - Cannot read IP mode file for WES.I-CUBE-Cesium.1.3.0
2025-12-18 19:19:23,775 [WARN] PackLoader:240 - Cannot read IP mode file for STMicroelectronics.X-CUBE-BLE2.3.3.0
2025-12-18 19:19:23,819 [WARN] PackLoader:240 - Cannot read IP mode file for STMicroelectronics.X-CUBE-DISPLAY.2.2.0
2025-12-18 19:19:23,842 [WARN] PackLoader:240 - Cannot read IP mode file for STMicroelectronics.X-CUBE-TOF1.3.2.0
2025-12-18 19:19:23,854 [WARN] PackLoader:240 - Cannot read IP mode file for STMicroelectronics.X-CUBE-TOUCHGFX.4.18.1
2025-12-18 19:19:23,862 [WARN] PackLoader:240 - Cannot read IP mode file for STMicroelectronics.X-CUBE-ISPU.1.0.0
2025-12-18 19:19:23,871 [WARN] PackLoader:240 - Cannot read IP mode file for wolfSSL.I-CUBE-wolfSSL.5.0.0
2025-12-18 19:19:23,882 [WARN] PackLoader:240 - Cannot read IP mode file for STMicroelectronics.X-CUBE-NFC9.1.0.0
2025-12-18 19:19:23,911 [WARN] PackLoader:240 - Cannot read IP mode file for STMicroelectronics.X-CUBE-AZRTOS-H7.2.1.0
2025-12-18 19:19:23,923 [WARN] PackLoader:240 - Cannot read IP mode file for STMicroelectronics.X-CUBE-BLE1.7.1.0
2025-12-18 19:19:23,933 [WARN] PackLoader:240 - Cannot read IP mode file for STMicroelectronics.X-CUBE-TCPP.4.1.0
2025-12-18 19:19:23,956 [WARN] PackLoader:240 - Cannot read IP mode file for STMicroelectronics.X-CUBE-FREERTOS.1.4.0
2025-12-18 19:19:23,982 [WARN] PackLoader:240 - Cannot read IP mode file for STMicroelectronics.X-CUBE-EEPRMA1.5.2.0
2025-12-18 19:19:23,988 [WARN] PackLoader:240 - Cannot read IP mode file for STMicroelectronics.X-CUBE-TOUCHGFX.4.21.1
2025-12-18 19:19:23,993 [WARN] PackLoader:240 - Cannot read IP mode file for STMicroelectronics.X-CUBE-TOUCHGFX.4.21.0
2025-12-18 19:19:24,002 [WARN] PackLoader:240 - Cannot read IP mode file for STMicroelectronics.X-CUBE-TOUCHGFX.4.21.3
2025-12-18 19:19:24,008 [WARN] PackLoader:240 - Cannot read IP mode file for STMicroelectronics.X-CUBE-TOUCHGFX.4.21.4
2025-12-18 19:19:24,077 [WARN] PackLoader:240 - Cannot read IP mode file for STMicroelectronics.X-CUBE-MEMS1.9.4.0
2025-12-18 19:19:24,414 [WARN] PackLoader:240 - Cannot read IP mode file for STMicroelectronics.X-CUBE-AI.7.3.0
2025-12-18 19:19:24,425 [WARN] PackLoader:240 - Cannot read IP mode file for STMicroelectronics.X-CUBE-ST67W61.1.1.0
2025-12-18 19:19:24,497 [WARN] PackLoader:240 - Cannot read IP mode file for STMicroelectronics.X-CUBE-MEMS1.12.0.0
2025-12-18 19:19:24,632 [WARN] PackLoader:240 - Cannot read IP mode file for STMicroelectronics.X-CUBE-ALGOBUILD.1.3.0
2025-12-18 19:19:24,671 [WARN] PackLoader:240 - Cannot read IP mode file for STMicroelectronics.X-CUBE-AZRTOS-G0.1.1.0
2025-12-18 19:19:24,687 [WARN] PackLoader:240 - Cannot read IP mode file for STMicroelectronics.X-CUBE-SAFEA1.1.2.2
2025-12-18 19:19:24,698 [WARN] PackLoader:240 - Cannot read IP mode file for STMicroelectronics.X-CUBE-NFC4.3.0.0
2025-12-18 19:19:24,752 [WARN] PackLoader:240 - Cannot read IP mode file for SEGGER.I-CUBE-embOS.1.2.0
2025-12-18 19:19:24,802 [WARN] PackLoader:240 - Cannot read IP mode file for wolfSSL.I-CUBE-wolfMQTT.1.18.0
2025-12-18 19:19:24,815 [WARN] PackLoader:240 - Cannot read IP mode file for EmbeddedOffice.I-CUBE-FS-RTOS.1.0.1
2025-12-18 19:19:24,831 [WARN] PackLoader:240 - Cannot read IP mode file for STMicroelectronics.X-CUBE-WB05N.2.0.0
2025-12-18 19:19:24,843 [WARN] PackLoader:240 - Cannot read IP mode file for STMicroelectronics.X-CUBE-BLEMGR.3.0.0
2025-12-18 19:19:24,860 [WARN] PackLoader:240 - Cannot read IP mode file for STMicroelectronics.X-CUBE-BLEMGR.1.3.0
2025-12-18 19:19:24,870 [WARN] PackLoader:240 - Cannot read IP mode file for STMicroelectronics.X-CUBE-TCPP.4.2.0
2025-12-18 19:19:24,882 [WARN] PackLoader:240 - Cannot read IP mode file for RealThread.X-CUBE-RT-Thread_Nano.4.1.1
2025-12-18 19:19:24,916 [WARN] PackLoader:240 - Cannot read IP mode file for STMicroelectronics.X-CUBE-AZRTOS-H7.2.0.0
2025-12-18 19:19:24,934 [WARN] PackLoader:240 - Cannot read IP mode file for STMicroelectronics.FP-ATR-SIGFOX1.3.2.0
2025-12-18 19:19:24,947 [WARN] ConditionMgr:438 - getConditionDescription Invalid condition id : Cortex-A Device cause : null
2025-12-18 19:19:24,965 [WARN] ConditionMgr:1044 - genDependencies : Invalid condition id : Cortex-A Device cause : null
2025-12-18 19:19:24,965 [WARN] ConditionMgr:1044 - genDependencies : Invalid condition id : Cortex-A Device cause : null
2025-12-18 19:19:24,965 [WARN] ConditionMgr:1044 - genDependencies : Invalid condition id : Cortex-A Device cause : null
2025-12-18 19:19:24,976 [WARN] PackLoader:240 - Cannot read IP mode file for STMicroelectronics.X-CUBE-EEPRMA1.5.1.0
2025-12-18 19:19:25,011 [WARN] PackLoader:240 - Cannot read IP mode file for emotas.I-CUBE-CANOPEN.1.1.2
2025-12-18 19:19:25,025 [WARN] PackLoader:240 - Cannot read IP mode file for STMicroelectronics.X-CUBE-TOUCHGFX.4.20.0
2025-12-18 19:19:25,113 [WARN] PackLoader:240 - Cannot read IP mode file for STMicroelectronics.X-CUBE-MEMS1.9.5.0
2025-12-18 19:19:25,410 [WARN] PackLoader:240 - Cannot read IP mode file for STMicroelectronics.X-CUBE-AI.10.2.0
2025-12-18 19:19:25,513 [WARN] PackLoader:240 - Cannot read IP mode file for SEGGER.I-CUBE-embOS.1.3.1
2025-12-18 19:19:25,562 [WARN] PackLoader:240 - Cannot read IP mode file for STMicroelectronics.X-CUBE-ALGOBUILD.1.4.0
2025-12-18 19:19:25,627 [WARN] PackLoader:240 - Cannot read IP mode file for STMicroelectronics.X-CUBE-MEMS1.11.3.0
2025-12-18 19:19:25,777 [WARN] PackLoader:240 - Cannot read IP mode file for STMicroelectronics.X-CUBE-DISPLAY.2.0.0
2025-12-18 19:19:25,786 [WARN] PackLoader:240 - Cannot read IP mode file for STMicroelectronics.X-CUBE-AI.9.1.0
2025-12-18 19:19:25,792 [WARN] PackLoader:240 - Cannot read IP mode file for STMicroelectronics.X-CUBE-PM33A1.1.0.0
2025-12-18 19:19:25,806 [WARN] PackLoader:240 - Cannot read IP mode file for STMicroelectronics.X-CUBE-GNSS1.6.0.0
2025-12-18 19:19:25,823 [WARN] PackLoader:240 - Cannot read IP mode file for STMicroelectronics.X-CUBE-AZRTOS-F4.1.1.0
2025-12-18 19:19:25,834 [WARN] PackLoader:240 - Cannot read IP mode file for STMicroelectronics.X-CUBE-ISPU.2.1.0
2025-12-18 19:19:25,849 [WARN] PackLoader:240 - Cannot read IP mode file for STMicroelectronics.X-CUBE-IPS.3.2.0
2025-12-18 19:19:25,860 [WARN] PackLoader:240 - Cannot read IP mode file for STMicroelectronics.X-CUBE-FREERTOS.1.2.0
2025-12-18 19:19:25,870 [WARN] PackLoader:240 - Cannot read IP mode file for STMicroelectronics.X-CUBE-NFC12.1.0.0
2025-12-18 19:19:25,890 [WARN] PackLoader:240 - Cannot read IP mode file for STMicroelectronics.X-CUBE-BLEMGR.1.2.0
2025-12-18 19:19:25,922 [WARN] PackLoader:240 - Cannot read IP mode file for STMicroelectronics.X-CUBE-AZRTOS-L5.2.0.0
2025-12-18 19:19:25,976 [WARN] PackLoader:240 - Cannot read IP mode file for STMicroelectronics.X-CUBE-MEMS1.9.6.0
2025-12-18 19:19:26,148 [WARN] PackLoader:240 - Cannot read IP mode file for STMicroelectronics.X-CUBE-EEPRMA1.4.2.0
2025-12-18 19:19:26,159 [WARN] PackLoader:240 - Cannot read IP mode file for STMicroelectronics.X-CUBE-NFC6.3.1.0
2025-12-18 19:19:26,172 [WARN] PackLoader:240 - Cannot read IP mode file for ITTIA_DB.I-CUBE-ITTIADB.8.8.0
2025-12-18 19:19:26,183 [WARN] PackLoader:240 - Cannot read IP mode file for STMicroelectronics.X-CUBE-BLEMGR.2.0.0
2025-12-18 19:19:26,194 [WARN] PackLoader:240 - Cannot read IP mode file for STMicroelectronics.X-CUBE-DPower.1.2.0
2025-12-18 19:19:26,203 [WARN] PackLoader:240 - Cannot read IP mode file for STMicroelectronics.X-CUBE-NFC4.2.0.5
2025-12-18 19:19:26,209 [WARN] PackLoader:240 - Cannot read IP mode file for STMicroelectronics.X-CUBE-NFC4.2.0.4
2025-12-18 19:19:26,218 [WARN] PackLoader:240 - Cannot read IP mode file for STMicroelectronics.X-CUBE-NFC4.2.0.3
2025-12-18 19:19:26,222 [WARN] PackLoader:240 - Cannot read IP mode file for STMicroelectronics.X-CUBE-AI.9.0.0
2025-12-18 19:19:26,242 [WARN] ConditionMgr:438 - getConditionDescription Invalid condition id : UX DEVICE CLASS RTOS Condition cause : null
2025-12-18 19:19:26,242 [WARN] ConditionMgr:438 - getConditionDescription Invalid condition id : UX DEVICE CLASS RTOS Condition cause : null
2025-12-18 19:19:26,247 [WARN] PackLoader:240 - Cannot read IP mode file for STMicroelectronics.X-CUBE-AZRTOS-H7.3.1.0
2025-12-18 19:19:26,250 [WARN] ConditionMgr:1044 - genDependencies : Invalid condition id : UX DEVICE CLASS RTOS Condition cause : null
2025-12-18 19:19:26,251 [WARN] ConditionMgr:1044 - genDependencies : Invalid condition id : UX DEVICE CLASS RTOS Condition cause : null
2025-12-18 19:19:26,251 [WARN] ConditionMgr:1044 - genDependencies : Invalid condition id : UX DEVICE CLASS RTOS Condition cause : null
2025-12-18 19:19:26,252 [WARN] ConditionMgr:1044 - genDependencies : Invalid condition id : UX DEVICE CLASS RTOS Condition cause : null
2025-12-18 19:19:26,252 [WARN] ConditionMgr:1044 - genDependencies : Invalid condition id : UX DEVICE CLASS RTOS Condition cause : null
2025-12-18 19:19:26,264 [WARN] PackLoader:240 - Cannot read IP mode file for STMicroelectronics.X-CUBE-SFXS2LP1.3.1.0
2025-12-18 19:19:26,289 [WARN] PackLoader:240 - Cannot read IP mode file for STMicroelectronics.X-CUBE-AZRTOS-F4.1.0.0
2025-12-18 19:19:26,297 [WARN] PackLoader:240 - Cannot read IP mode file for STMicroelectronics.X-CUBE-TOF1.2.0.0
2025-12-18 19:19:26,303 [WARN] PackLoader:240 - Cannot read IP mode file for STMicroelectronics.X-CUBE-FREERTOS.1.3.1
2025-12-18 19:19:26,307 [WARN] PackLoader:240 - Cannot read IP mode file for STMicroelectronics.X-CUBE-FREERTOS.1.3.0
2025-12-18 19:19:26,313 [WARN] PackLoader:240 - Cannot read IP mode file for STMicroelectronics.X-CUBE-NFC7.1.0.1
2025-12-18 19:19:26,319 [WARN] PackLoader:240 - Cannot read IP mode file for STMicroelectronics.X-CUBE-NFC7.1.0.0
2025-12-18 19:19:26,324 [WARN] PackLoader:240 - Cannot read IP mode file for wolfSSL.I-CUBE-wolfTPM.3.2.0
2025-12-18 19:19:26,327 [WARN] PackLoader:240 - Cannot read IP mode file for STMicroelectronics.X-CUBE-TOUCHGFX.4.26.0
2025-12-18 19:19:26,335 [WARN] PackLoader:240 - Cannot read IP mode file for STMicroelectronics.X-CUBE-NFC6.3.0.0
2025-12-18 19:19:26,354 [WARN] PackLoader:240 - Cannot read IP mode file for STMicroelectronics.X-CUBE-EEPRMA1.4.1.0
2025-12-18 19:19:26,366 [WARN] PackLoader:240 - Cannot read IP mode file for STMicroelectronics.FP-SNS-STAIOTCFT.1.0.0
2025-12-18 19:19:26,371 [WARN] PackLoader:240 - Cannot read IP mode file for STMicroelectronics.X-CUBE-DPower.1.3.0
2025-12-18 19:19:26,375 [WARN] PackLoader:240 - Cannot read IP mode file for STMicroelectronics.X-CUBE-AI.8.1.0
2025-12-18 19:19:26,393 [WARN] ConditionMgr:438 - getConditionDescription Invalid condition id : LAN8742 Phy interface Condition cause : null
2025-12-18 19:19:26,394 [WARN] PackLoader:240 - Cannot read IP mode file for STMicroelectronics.X-CUBE-AZRTOS-L4.2.0.0
2025-12-18 19:19:26,396 [WARN] ConditionMgr:1044 - genDependencies : Invalid condition id : LAN8742 Phy interface Condition cause : null
2025-12-18 19:19:26,397 [WARN] ConditionMgr:1044 - genDependencies : Invalid condition id : LAN8742 Phy interface Condition cause : null
2025-12-18 19:19:26,398 [WARN] ConditionMgr:1044 - genDependencies : Invalid condition id : LAN8742 Phy interface Condition cause : null
2025-12-18 19:19:26,405 [WARN] PackLoader:240 - Cannot read IP mode file for STMicroelectronics.X-CUBE-SFXS2LP1.4.0.0
2025-12-18 19:19:26,425 [WARN] PackLoader:240 - Cannot read IP mode file for STMicroelectronics.X-CUBE-AZRTOS-H7.3.0.0
2025-12-18 19:19:26,432 [WARN] PackLoader:240 - Cannot read IP mode file for STMicroelectronics.X-CUBE-ISPU.1.1.0
2025-12-18 19:19:26,451 [WARN] PackLoader:240 - Cannot read IP mode file for STMicroelectronics.X-CUBE-AZRTOS-H7.3.3.0
2025-12-18 19:19:26,468 [WARN] PackLoader:240 - Cannot read IP mode file for RoweBots.I-CUBE-UNISONRTOS.5.5.0-4
2025-12-18 19:19:26,480 [WARN] PackLoader:240 - Cannot read IP mode file for STMicroelectronics.X-CUBE-BLEMGR.4.1.0
2025-12-18 19:19:26,490 [WARN] PackLoader:240 - Cannot read IP mode file for STMicroelectronics.X-CUBE-AI.8.0.0
2025-12-18 19:19:26,505 [WARN] PackLoader:240 - Cannot read IP mode file for STMicroelectronics.X-CUBE-IPS.3.0.0
2025-12-18 19:19:26,530 [WARN] ConditionMgr:438 - getConditionDescription Invalid condition id : UX DEVICE CLASS RTOS Condition cause : null
2025-12-18 19:19:26,531 [WARN] ConditionMgr:438 - getConditionDescription Invalid condition id : UX DEVICE CLASS RTOS Condition cause : null
2025-12-18 19:19:26,534 [WARN] PackLoader:240 - Cannot read IP mode file for STMicroelectronics.X-CUBE-AZRTOS-WB.2.0.0
2025-12-18 19:19:26,534 [WARN] ConditionMgr:1044 - genDependencies : Invalid condition id : UX DEVICE CLASS RTOS Condition cause : null
2025-12-18 19:19:26,534 [WARN] ConditionMgr:1044 - genDependencies : Invalid condition id : UX DEVICE CLASS RTOS Condition cause : null
2025-12-18 19:19:26,535 [WARN] ConditionMgr:1044 - genDependencies : Invalid condition id : UX DEVICE CLASS RTOS Condition cause : null
2025-12-18 19:19:26,535 [WARN] ConditionMgr:1044 - genDependencies : Invalid condition id : UX DEVICE CLASS RTOS Condition cause : null
2025-12-18 19:19:26,535 [WARN] ConditionMgr:1044 - genDependencies : Invalid condition id : UX DEVICE CLASS RTOS Condition cause : null
2025-12-18 19:19:26,541 [WARN] PackLoader:240 - Cannot read IP mode file for STMicroelectronics.X-CUBE-FREERTOS.1.0.0
2025-12-18 19:19:26,546 [WARN] PackLoader:240 - Cannot read IP mode file for STMicroelectronics.X-CUBE-FREERTOS.1.0.1
2025-12-18 19:19:26,554 [WARN] PackLoader:240 - Cannot read IP mode file for STMicroelectronics.X-CUBE-GNSS1.7.0.0
2025-12-18 19:19:26,563 [WARN] PackLoader:240 - Cannot read IP mode file for STMicroelectronics.X-CUBE-GNSS1.7.0.1
2025-12-18 19:19:26,572 [WARN] PackLoader:240 - Cannot read IP mode file for STMicroelectronics.FP-SNS-STBOX1.2.0.0
2025-12-18 19:19:26,593 [WARN] PackLoader:240 - Cannot read IP mode file for STMicroelectronics.X-CUBE-AZRTOS-L5.1.1.0
2025-12-18 19:19:26,603 [WARN] PackLoader:240 - Cannot read IP mode file for STMicroelectronics.X-CUBE-AI.8.0.1
2025-12-18 19:19:26,623 [WARN] PackLoader:240 - Cannot read IP mode file for STMicroelectronics.X-CUBE-SUBG2.5.0.0
2025-12-18 19:19:26,663 [WARN] PackLoader:240 - Cannot read IP mode file for STMicroelectronics.X-CUBE-AZRTOS-H7RS.1.1.0
2025-12-18 19:19:26,685 [WARN] PackLoader:240 - Cannot read IP mode file for STMicroelectronics.X-CUBE-AZRTOS-G4.2.0.0
2025-12-18 19:19:26,701 [WARN] PackLoader:240 - Cannot read IP mode file for STMicroelectronics.X-CUBE-TOF1.3.3.0
2025-12-18 19:19:26,712 [WARN] PackLoader:240 - Cannot read IP mode file for STMicroelectronics.FP-ATR-ASTRA1.1.1.1
2025-12-18 19:19:26,728 [WARN] PackLoader:240 - Cannot read IP mode file for Infineon.AIROC-Wi-Fi-Bluetooth-STM32.1.5.1
2025-12-18 19:19:26,736 [WARN] PackLoader:240 - Cannot read IP mode file for STMicroelectronics.X-CUBE-NFC7.2.0.0
2025-12-18 19:19:26,741 [WARN] PackLoader:240 - Cannot read IP mode file for STMicroelectronics.FP-SNS-MOTENVWB1.1.3.1
2025-12-18 19:19:26,759 [WARN] PackLoader:240 - Cannot read IP mode file for STMicroelectronics.X-CUBE-AZRTOS-G4.1.0.0
2025-12-18 19:19:26,784 [WARN] PackLoader:240 - Cannot read IP mode file for STMicroelectronics.X-CUBE-AZRTOS-L4.1.0.0
2025-12-18 19:19:26,789 [WARN] PackLoader:240 - Cannot read IP mode file for STMicroelectronics.X-CUBE-ISPU.2.0.0
2025-12-18 19:19:26,800 [WARN] PackLoader:240 - Cannot read IP mode file for STMicroelectronics.X-CUBE-IPS.3.1.0
2025-12-18 19:19:26,814 [WARN] PackLoader:240 - Cannot read IP mode file for STMicroelectronics.X-CUBE-ALS.1.0.2
2025-12-18 19:19:26,859 [WARN] PackLoader:240 - Cannot read IP mode file for STMicroelectronics.X-CUBE-MEMS1.10.0.0
2025-12-18 19:19:27,081 [WARN] PackLoader:240 - Cannot read IP mode file for STMicroelectronics.X-CUBE-FREERTOS.1.1.0
2025-12-18 19:19:27,086 [WARN] PackLoader:240 - Cannot read IP mode file for STMicroelectronics.X-CUBE-TOUCHGFX.4.24.0
2025-12-18 19:19:27,108 [WARN] PackLoader:240 - Cannot read IP mode file for STMicroelectronics.X-CUBE-AZRTOS-F7.1.0.0
2025-12-18 19:19:27,116 [WARN] PackLoader:240 - Cannot read IP mode file for STMicroelectronics.X-CUBE-TOUCHGFX.4.24.2
2025-12-18 19:19:27,130 [WARN] PackLoader:240 - Cannot read IP mode file for STMicroelectronics.X-CUBE-AZRTOS-WL.1.0.0
2025-12-18 19:19:27,134 [WARN] PackLoader:240 - Cannot read IP mode file for STMicroelectronics.X-CUBE-TOUCHGFX.4.24.1
2025-12-18 19:19:27,143 [WARN] PackLoader:240 - Cannot read IP mode file for STMicroelectronics.X-CUBE-STSE01.1.0.0
2025-12-18 19:19:27,196 [WARN] PackLoader:240 - Cannot read IP mode file for STMicroelectronics.X-CUBE-MEMS1.9.1.0
2025-12-18 19:19:27,310 [WARN] PackLoader:240 - Cannot read IP mode file for portGmbH.I-Cube-SoM-uGOAL.1.1.0
2025-12-18 19:19:27,316 [WARN] PackLoader:240 - Cannot read IP mode file for STMicroelectronics.X-CUBE-ALS.1.0.1
2025-12-18 19:19:27,320 [WARN] PackLoader:240 - Cannot read IP mode file for STMicroelectronics.X-CUBE-AI.7.0.0
2025-12-18 19:19:27,339 [WARN] PackLoader:240 - Cannot read IP mode file for STMicroelectronics.X-CUBE-AZRTOS-WB.1.1.0
2025-12-18 19:19:27,360 [WARN] PackLoader:240 - Cannot read IP mode file for STMicroelectronics.X-CUBE-AZRTOS-L5.1.0.0
2025-12-18 19:19:27,369 [WARN] PackLoader:240 - Cannot read IP mode file for STMicroelectronics.X-CUBE-EEPRMA1.3.1.0
2025-12-18 19:19:27,377 [WARN] PackLoader:240 - Cannot read IP mode file for STMicroelectronics.X-CUBE-EEPRMA1.3.1.1
2025-12-18 19:19:27,403 [WARN] PackLoader:240 - Cannot read IP mode file for STMicroelectronics.X-CUBE-AZRTOS-H7RS.1.0.0
2025-12-18 19:19:27,413 [WARN] PackLoader:240 - Cannot read IP mode file for STMicroelectronics.X-CUBE-GNSS1.5.2.0
2025-12-18 19:19:27,419 [WARN] PackLoader:240 - Cannot read IP mode file for STMicroelectronics.FP-ATR-ASTRA1.2.0.0
2025-12-18 19:19:27,430 [WARN] PackLoader:240 - Cannot read IP mode file for STMicroelectronics.X-CUBE-TOF1.3.4.2
2025-12-18 19:19:27,452 [WARN] PackLoader:240 - Cannot read IP mode file for STMicroelectronics.X-CUBE-TOF1.3.4.3
2025-12-18 19:19:27,474 [WARN] PackLoader:240 - Cannot read IP mode file for STMicroelectronics.X-CUBE-TOF1.3.4.0
2025-12-18 19:19:27,496 [WARN] PackLoader:240 - Cannot read IP mode file for STMicroelectronics.X-CUBE-TOF1.3.4.1
2025-12-18 19:19:27,525 [WARN] PackLoader:240 - Cannot read IP mode file for STMicroelectronics.X-CUBE-AZRTOS-H7.3.2.0
2025-12-18 19:19:27,535 [WARN] PackLoader:240 - Cannot read IP mode file for wolfSSL.I-CUBE-wolfSSH.1.4.17
2025-12-18 19:19:27,537 [INFO] ThirdParty:978 - Integrity check success = true
2025-12-18 19:19:27,537 [INFO] IntegrityCheckThread:100 - exiting critical section [integrity check]
2025-12-18 19:19:27,537 [INFO] IntegrityCheckThread:103 - End integrity checks thread
2025-12-18 19:41:23,408 [ERROR] LogOutputStream:75 - [STDERR_REDIRECT] 
