2026-01-16 09:54:12,928 [INFO] Activator:176 - 


2026-01-16 09:54:12,939 [INFO] Activator:177 - !SESSION log4j initialized
2026-01-16 09:54:25,290 [INFO] LogOutputStream:77 - [STDOUT_REDIRECT] 
2026-01-16 09:54:33,098 [INFO] ApplicationProperties:184 - Using Application install path: C:\ST\STM32CubeIDE_1.19.0\STM32CubeIDE\plugins\com.st.stm32cube.common.mx_6.15.0.202507011659
2026-01-16 09:54:33,134 [INFO] DbMcusXml:78 - Set database path to: C:\ST\STM32CubeIDE_1.19.0\STM32CubeIDE\plugins\com.st.stm32cube.common.mx_6.15.0.202507011659\\db\/mcu/
2026-01-16 09:54:33,135 [INFO] ApiDb:274 - Set plugin database path to: C:\ST\STM32CubeIDE_1.19.0\STM32CubeIDE\plugins\com.st.stm32cube.common.mx_6.15.0.202507011659\\db\/plugins/boardmanager/
2026-01-16 09:54:33,135 [WARN] ApiDb:259 - Overriding images path with different value:  => C:\ST\STM32CubeIDE_1.19.0\STM32CubeIDE\plugins\com.st.stm32cube.common.mx_6.15.0.202507011659\\db\/plugins/mcufinder/images/
2026-01-16 09:54:33,150 [INFO] ApiDb:250 - Set database path to: C:\Users\ivanp\.stmcufinder\plugins\mcufinder//mcu/
2026-01-16 09:54:33,151 [INFO] DbMcusAds:125 - Set database path to: C:\Users\ivanp\.stmcufinder\plugins\mcufinder//mcu/
2026-01-16 09:54:33,156 [INFO] CrossReferenceDbSqlite:203 - Set database path to: C:\Users\ivanp\.stmcufinder\plugins\mcufinder//mcu/cs/
2026-01-16 09:54:33,435 [INFO] RulesReader:64 - Compatibility file has been processed (317 Rules)
2026-01-16 09:54:33,600 [INFO] DbMcusXml:78 - Set database path to: C:\ST\STM32CubeIDE_1.19.0\STM32CubeIDE\plugins\com.st.stm32cube.common.mx_6.15.0.202507011659\\db\/mcu/
2026-01-16 09:54:33,600 [INFO] ApiDb:274 - Set plugin database path to: C:\ST\STM32CubeIDE_1.19.0\STM32CubeIDE\plugins\com.st.stm32cube.common.mx_6.15.0.202507011659\\db\/plugins/boardmanager/
2026-01-16 09:54:33,600 [INFO] ApiDb:261 - Set plugin images path to: C:\ST\STM32CubeIDE_1.19.0\STM32CubeIDE\plugins\com.st.stm32cube.common.mx_6.15.0.202507011659\\db\/plugins/mcufinder/images/
2026-01-16 09:54:33,600 [WARN] DbFile:41 - Overriding database path with different value: C:\Users\ivanp\.stmcufinder\plugins\mcufinder/ => C:\Users\ivanp\.stmcufinder\plugins\mcufinder
2026-01-16 09:54:33,601 [INFO] ApiDb:250 - Set database path to: C:\Users\ivanp\.stmcufinder\plugins\mcufinder//mcu/
2026-01-16 09:54:33,601 [WARN] DbFile:41 - Overriding database path with different value: C:\Users\ivanp\.stmcufinder\plugins\mcufinder/ => C:\Users\ivanp\.stmcufinder\plugins\mcufinder
2026-01-16 09:54:33,601 [INFO] DbMcusAds:125 - Set database path to: C:\Users\ivanp\.stmcufinder\plugins\mcufinder//mcu/
2026-01-16 09:54:33,601 [WARN] DbFile:41 - Overriding database path with different value: C:\Users\ivanp\.stmcufinder\plugins\mcufinder/ => C:\Users\ivanp\.stmcufinder\plugins\mcufinder
2026-01-16 09:54:33,601 [WARN] DbFile:41 - Overriding database path with different value: C:\Users\ivanp\.stmcufinder\plugins\mcufinder/ => C:\Users\ivanp\.stmcufinder\plugins\mcufinder
2026-01-16 09:54:33,601 [INFO] CrossReferenceDbSqlite:203 - Set database path to: C:\Users\ivanp\.stmcufinder\plugins\mcufinder//mcu/cs/
2026-01-16 09:54:33,732 [INFO] MainPanel:274 - HeapMemory: 268435456
2026-01-16 09:54:33,898 [INFO] DbMcusXml:78 - Set database path to: C:\ST\STM32CubeIDE_1.19.0\STM32CubeIDE\plugins\com.st.stm32cube.common.mx_6.15.0.202507011659\\db\/mcu/
2026-01-16 09:54:33,898 [INFO] ApiDb:274 - Set plugin database path to: C:\ST\STM32CubeIDE_1.19.0\STM32CubeIDE\plugins\com.st.stm32cube.common.mx_6.15.0.202507011659\\db\/plugins/boardmanager/
2026-01-16 09:54:33,898 [INFO] ApiDb:261 - Set plugin images path to: C:\ST\STM32CubeIDE_1.19.0\STM32CubeIDE\plugins\com.st.stm32cube.common.mx_6.15.0.202507011659\\db\/plugins/mcufinder/images/
2026-01-16 09:54:33,900 [WARN] DbFile:41 - Overriding database path with different value: C:\Users\ivanp\.stmcufinder\plugins\mcufinder/ => C:\Users\ivanp\.stmcufinder\plugins\mcufinder
2026-01-16 09:54:33,901 [INFO] ApiDb:250 - Set database path to: C:\Users\ivanp\.stmcufinder\plugins\mcufinder//mcu/
2026-01-16 09:54:33,901 [WARN] DbFile:41 - Overriding database path with different value: C:\Users\ivanp\.stmcufinder\plugins\mcufinder/ => C:\Users\ivanp\.stmcufinder\plugins\mcufinder
2026-01-16 09:54:33,901 [INFO] DbMcusAds:125 - Set database path to: C:\Users\ivanp\.stmcufinder\plugins\mcufinder//mcu/
2026-01-16 09:54:33,901 [WARN] DbFile:41 - Overriding database path with different value: C:\Users\ivanp\.stmcufinder\plugins\mcufinder/ => C:\Users\ivanp\.stmcufinder\plugins\mcufinder
2026-01-16 09:54:33,901 [WARN] DbFile:41 - Overriding database path with different value: C:\Users\ivanp\.stmcufinder\plugins\mcufinder/ => C:\Users\ivanp\.stmcufinder\plugins\mcufinder
2026-01-16 09:54:33,901 [INFO] CrossReferenceDbSqlite:203 - Set database path to: C:\Users\ivanp\.stmcufinder\plugins\mcufinder//mcu/cs/
2026-01-16 09:54:33,930 [INFO] ApplicationProperties:184 - Using Application install path: C:\ST\STM32CubeIDE_1.19.0\STM32CubeIDE\plugins\com.st.stm32cube.common.mx_6.15.0.202507011659
2026-01-16 09:54:33,931 [INFO] PluginManage:196 - Search for loadable plugins [exclusion list=, ]
2026-01-16 09:54:33,933 [INFO] PluginManage:310 - Check plugin analytics
2026-01-16 09:54:37,361 [INFO] McuFinderGlobals:63 - Set McuFinder mode to 2 (CubeIDE integrated)
2026-01-16 09:54:39,289 [INFO] AnalyticsPlugin:253 - Accepted Software Licenses: 
2026-01-16 09:54:39,291 [INFO] AnalyticsPlugin:255 - Accepted CMSIS Pack Licenses: 
2026-01-16 09:54:39,291 [INFO] AnalyticsPlugin:257 - Accepted Firmware Licenses: FW.F4.1.28.0,FW.G4.1.6.0
2026-01-16 09:54:39,296 [INFO] PluginManage:359 - Loaded plugin analytics (category:tool,tabindex:-1)
2026-01-16 09:54:39,297 [INFO] PluginManage:310 - Check plugin cadmodel
2026-01-16 09:54:39,309 [INFO] CADModel:105 - Init CAD model plugin
2026-01-16 09:54:39,309 [INFO] PluginManage:359 - Loaded plugin cadmodel (category:power,tabindex:5)
2026-01-16 09:54:39,310 [INFO] PluginManage:310 - Check plugin clock
2026-01-16 09:54:39,335 [INFO] PluginManage:359 - Loaded plugin clock (category:base,tabindex:2)
2026-01-16 09:54:39,335 [INFO] PluginManage:310 - Check plugin ddr
2026-01-16 09:54:39,339 [INFO] PluginManage:359 - Loaded plugin ddr (category:tool,tabindex:6)
2026-01-16 09:54:39,340 [INFO] PluginManage:310 - Check plugin filemanager
2026-01-16 09:54:39,674 [INFO] PluginManage:359 - Loaded plugin filemanager (category:base,tabindex:10)
2026-01-16 09:54:39,674 [INFO] PluginManage:310 - Check plugin ipmanager
2026-01-16 09:54:39,690 [INFO] PluginManage:359 - Loaded plugin ipmanager (category:base,tabindex:5)
2026-01-16 09:54:39,691 [INFO] PluginManage:310 - Check plugin lpbam
2026-01-16 09:54:39,712 [INFO] PluginManage:359 - Loaded plugin lpbam (category:base,tabindex:0)
2026-01-16 09:54:39,712 [INFO] PluginManage:310 - Check plugin memorymap
2026-01-16 09:54:39,754 [INFO] PluginManage:359 - Loaded plugin memorymap (category:base,tabindex:4)
2026-01-16 09:54:39,754 [INFO] PluginManage:310 - Check plugin pinoutandconfiguration
2026-01-16 09:54:39,782 [INFO] PluginManage:359 - Loaded plugin pinoutandconfiguration (category:base,tabindex:1)
2026-01-16 09:54:39,783 [INFO] PluginManage:310 - Check plugin pinoutconfig
2026-01-16 09:54:39,971 [WARN] SupportedApi:132 - Cannot load RTOS API schema: s4s-elt-must-match.1: The content of 'definitions' must match (annotation?, (simpleType | complexType)?, (unique | key | keyref)*)). A problem was found starting at: attribute.
2026-01-16 09:54:40,244 [INFO] PluginManage:359 - Loaded plugin pinoutconfig (category:base,tabindex:0)
2026-01-16 09:54:40,244 [INFO] PluginManage:310 - Check plugin power
2026-01-16 09:54:40,271 [INFO] PluginManage:359 - Loaded plugin power (category:power,tabindex:4)
2026-01-16 09:54:40,271 [INFO] PluginManage:310 - Check plugin projectmanager
2026-01-16 09:54:40,305 [INFO] PluginManage:359 - Loaded plugin projectmanager (category:projectmanager,tabindex:4)
2026-01-16 09:54:40,305 [INFO] PluginManage:310 - Check plugin rif
2026-01-16 09:54:40,323 [INFO] PluginManage:359 - Loaded plugin rif (category:base,tabindex:3)
2026-01-16 09:54:40,323 [INFO] PluginManage:310 - Check plugin thirdparty
2026-01-16 09:54:40,585 [INFO] PluginManage:359 - Loaded plugin thirdparty (category:base,tabindex:-1)
2026-01-16 09:54:40,585 [WARN] IntegrityCheckThread:84 - waiting for thirdparty lock release [integrity check]
2026-01-16 09:54:40,586 [INFO] PluginManage:310 - Check plugin tools
2026-01-16 09:54:40,586 [INFO] IntegrityCheckThread:86 - entering critical section [integrity check]
2026-01-16 09:54:40,586 [INFO] ThirdPartyUpdaterWithRetryManager:70 - Updater plugin not ready yet. [1/15]
2026-01-16 09:54:40,591 [INFO] PluginManage:359 - Loaded plugin tools (category:base,tabindex:7)
2026-01-16 09:54:40,592 [INFO] PluginManage:310 - Check plugin tutovideos
2026-01-16 09:54:40,979 [INFO] PluginManage:359 - Loaded plugin tutovideos (category:base,tabindex:-1)
2026-01-16 09:54:40,979 [INFO] PluginManage:310 - Check plugin updater
2026-01-16 09:54:41,016 [INFO] PluginManage:359 - Loaded plugin updater (category:base,tabindex:12)
2026-01-16 09:54:41,016 [INFO] PluginManage:310 - Check plugin userauth
2026-01-16 09:54:41,023 [INFO] UserAuth:118 - Init User Auth plugin
2026-01-16 09:54:41,024 [INFO] PluginManage:359 - Loaded plugin userauth (category:base,tabindex:14)
2026-01-16 09:54:41,024 [INFO] PluginManage:283 - PluginManage : Loaded plugins [18]
2026-01-16 09:54:41,384 [INFO] PinOutPanel:1589 - setPackage(No Configuration,No Configuration)
2026-01-16 09:54:41,549 [INFO] CADModel:165 - CPN selected for project level
2026-01-16 09:54:41,549 [INFO] CADModel:114 - Register for checkConnection events
2026-01-16 09:54:41,582 [INFO] IPUIPlugin:80 - create IPUIPlugin
2026-01-16 09:54:41,582 [INFO] PluginManager:220 - loadIPPluginJar : add adc
2026-01-16 09:54:41,588 [INFO] IPUIPlugin:80 - create IPUIPlugin
2026-01-16 09:54:41,588 [INFO] PluginManager:220 - loadIPPluginJar : add aes
2026-01-16 09:54:41,593 [INFO] IPUIPlugin:80 - create IPUIPlugin
2026-01-16 09:54:41,594 [INFO] PluginManager:220 - loadIPPluginJar : add can
2026-01-16 09:54:41,597 [INFO] IPUIPlugin:80 - create IPUIPlugin
2026-01-16 09:54:41,598 [INFO] PluginManager:220 - loadIPPluginJar : add comp
2026-01-16 09:54:41,602 [INFO] IPUIPlugin:80 - create IPUIPlugin
2026-01-16 09:54:41,603 [INFO] PluginManager:220 - loadIPPluginJar : add cryp
2026-01-16 09:54:41,608 [INFO] IPUIPlugin:80 - create IPUIPlugin
2026-01-16 09:54:41,608 [INFO] PluginManager:220 - loadIPPluginJar : add ddr_ctrl_phy
2026-01-16 09:54:41,613 [INFO] IPUIPlugin:80 - create IPUIPlugin
2026-01-16 09:54:41,613 [INFO] PluginManager:220 - loadIPPluginJar : add dfsdm
2026-01-16 09:54:41,622 [INFO] IPUIPlugin:80 - create IPUIPlugin
2026-01-16 09:54:41,623 [INFO] PluginManager:220 - loadIPPluginJar : add dma
2026-01-16 09:54:41,628 [INFO] IPUIPlugin:80 - create IPUIPlugin
2026-01-16 09:54:41,628 [INFO] PluginManager:220 - loadIPPluginJar : add dma3
2026-01-16 09:54:41,633 [INFO] IPUIPlugin:80 - create IPUIPlugin
2026-01-16 09:54:41,633 [INFO] PluginManager:220 - loadIPPluginJar : add extmemmanager
2026-01-16 09:54:41,636 [INFO] IPUIPlugin:80 - create IPUIPlugin
2026-01-16 09:54:41,636 [INFO] PluginManager:220 - loadIPPluginJar : add fatfs
2026-01-16 09:54:41,646 [INFO] IPUIPlugin:80 - create IPUIPlugin
2026-01-16 09:54:41,646 [INFO] PluginManager:220 - loadIPPluginJar : add fmc
2026-01-16 09:54:41,670 [INFO] IPUIPlugin:80 - create IPUIPlugin
2026-01-16 09:54:41,671 [INFO] PluginManager:220 - loadIPPluginJar : add freertos
2026-01-16 09:54:41,675 [INFO] IPUIPlugin:80 - create IPUIPlugin
2026-01-16 09:54:41,675 [INFO] PluginManager:220 - loadIPPluginJar : add genericplugin
2026-01-16 09:54:41,680 [INFO] IPUIPlugin:80 - create IPUIPlugin
2026-01-16 09:54:41,680 [INFO] PluginManager:220 - loadIPPluginJar : add gfxmmu
2026-01-16 09:54:41,687 [INFO] IPUIPlugin:80 - create IPUIPlugin
2026-01-16 09:54:41,688 [INFO] PluginManager:220 - loadIPPluginJar : add gic
2026-01-16 09:54:41,695 [INFO] IPUIPlugin:80 - create IPUIPlugin
2026-01-16 09:54:41,695 [INFO] PluginManager:220 - loadIPPluginJar : add gpio
2026-01-16 09:54:41,701 [INFO] IPUIPlugin:80 - create IPUIPlugin
2026-01-16 09:54:41,701 [INFO] PluginManager:220 - loadIPPluginJar : add gtzc
2026-01-16 09:54:41,706 [INFO] IPUIPlugin:80 - create IPUIPlugin
2026-01-16 09:54:41,707 [INFO] PluginManager:220 - loadIPPluginJar : add hash
2026-01-16 09:54:41,712 [INFO] IPUIPlugin:80 - create IPUIPlugin
2026-01-16 09:54:41,713 [INFO] PluginManager:220 - loadIPPluginJar : add i2c
2026-01-16 09:54:41,717 [INFO] IPUIPlugin:80 - create IPUIPlugin
2026-01-16 09:54:41,717 [INFO] PluginManager:220 - loadIPPluginJar : add i2s
2026-01-16 09:54:41,723 [INFO] IPUIPlugin:80 - create IPUIPlugin
2026-01-16 09:54:41,723 [INFO] PluginManager:220 - loadIPPluginJar : add i3c
2026-01-16 09:54:41,733 [INFO] IPUIPlugin:80 - create IPUIPlugin
2026-01-16 09:54:41,733 [INFO] PluginManager:220 - loadIPPluginJar : add ipddr
2026-01-16 09:54:41,746 [INFO] IPUIPlugin:80 - create IPUIPlugin
2026-01-16 09:54:41,747 [INFO] PluginManager:220 - loadIPPluginJar : add linkedlist
2026-01-16 09:54:41,755 [INFO] IPUIPlugin:80 - create IPUIPlugin
2026-01-16 09:54:41,755 [INFO] PluginManager:220 - loadIPPluginJar : add lorawan
2026-01-16 09:54:41,760 [INFO] IPUIPlugin:80 - create IPUIPlugin
2026-01-16 09:54:41,761 [INFO] PluginManager:220 - loadIPPluginJar : add ltdc
2026-01-16 09:54:41,774 [INFO] IPUIPlugin:80 - create IPUIPlugin
2026-01-16 09:54:41,774 [INFO] PluginManager:220 - loadIPPluginJar : add mdma
2026-01-16 09:54:41,782 [INFO] IPUIPlugin:80 - create IPUIPlugin
2026-01-16 09:54:41,782 [INFO] PluginManager:220 - loadIPPluginJar : add nvic
2026-01-16 09:54:41,789 [INFO] IPUIPlugin:80 - create IPUIPlugin
2026-01-16 09:54:41,790 [INFO] PluginManager:220 - loadIPPluginJar : add opamp
2026-01-16 09:54:41,794 [INFO] IPUIPlugin:80 - create IPUIPlugin
2026-01-16 09:54:41,794 [INFO] PluginManager:220 - loadIPPluginJar : add openamp
2026-01-16 09:54:41,801 [INFO] IPUIPlugin:80 - create IPUIPlugin
2026-01-16 09:54:41,801 [INFO] PluginManager:220 - loadIPPluginJar : add pdm2pcm
2026-01-16 09:54:41,810 [INFO] IPUIPlugin:80 - create IPUIPlugin
2026-01-16 09:54:41,814 [INFO] PluginManager:220 - loadIPPluginJar : add plateformsettings
2026-01-16 09:54:41,817 [INFO] IPUIPlugin:80 - create IPUIPlugin
2026-01-16 09:54:41,817 [INFO] PluginManager:220 - loadIPPluginJar : add quadspi
2026-01-16 09:54:41,820 [INFO] IPUIPlugin:80 - create IPUIPlugin
2026-01-16 09:54:41,821 [INFO] PluginManager:220 - loadIPPluginJar : add radio
2026-01-16 09:54:41,829 [INFO] IPUIPlugin:80 - create IPUIPlugin
2026-01-16 09:54:41,829 [INFO] PluginManager:220 - loadIPPluginJar : add resmgrutility
2026-01-16 09:54:41,836 [INFO] IPUIPlugin:80 - create IPUIPlugin
2026-01-16 09:54:41,836 [INFO] PluginManager:220 - loadIPPluginJar : add sai
2026-01-16 09:54:41,841 [INFO] IPUIPlugin:80 - create IPUIPlugin
2026-01-16 09:54:41,842 [INFO] PluginManager:220 - loadIPPluginJar : add spi
2026-01-16 09:54:41,853 [INFO] IPUIPlugin:80 - create IPUIPlugin
2026-01-16 09:54:41,853 [INFO] PluginManager:220 - loadIPPluginJar : add stm32_wpan
2026-01-16 09:54:41,856 [INFO] IPUIPlugin:80 - create IPUIPlugin
2026-01-16 09:54:41,857 [INFO] PluginManager:220 - loadIPPluginJar : add tim
2026-01-16 09:54:41,862 [INFO] IPUIPlugin:80 - create IPUIPlugin
2026-01-16 09:54:41,863 [INFO] PluginManager:220 - loadIPPluginJar : add touchsensing
2026-01-16 09:54:41,866 [INFO] IPUIPlugin:80 - create IPUIPlugin
2026-01-16 09:54:41,867 [INFO] PluginManager:220 - loadIPPluginJar : add tracer_emb
2026-01-16 09:54:41,870 [INFO] IPUIPlugin:80 - create IPUIPlugin
2026-01-16 09:54:41,871 [INFO] PluginManager:220 - loadIPPluginJar : add ts
2026-01-16 09:54:41,877 [INFO] IPUIPlugin:80 - create IPUIPlugin
2026-01-16 09:54:41,877 [INFO] PluginManager:220 - loadIPPluginJar : add tsc
2026-01-16 09:54:41,883 [INFO] IPUIPlugin:80 - create IPUIPlugin
2026-01-16 09:54:41,883 [INFO] PluginManager:220 - loadIPPluginJar : add ucpd
2026-01-16 09:54:41,887 [INFO] IPUIPlugin:80 - create IPUIPlugin
2026-01-16 09:54:41,888 [INFO] PluginManager:220 - loadIPPluginJar : add usart
2026-01-16 09:54:41,893 [INFO] IPUIPlugin:80 - create IPUIPlugin
2026-01-16 09:54:41,893 [INFO] PluginManager:220 - loadIPPluginJar : add usbx
2026-01-16 09:54:42,075 [FATAL] Updater:351 - Updater called before beeing initialized
2026-01-16 09:54:42,156 [INFO] RulesReader:64 - Compatibility file has been processed (317 Rules)
2026-01-16 09:54:42,194 [INFO] RulesReader:64 - Compatibility file has been processed (317 Rules)
2026-01-16 09:54:42,213 [INFO] CADModel:165 - CPN selected for project level
2026-01-16 09:54:42,214 [INFO] CADModel:114 - Register for checkConnection events
2026-01-16 09:54:42,214 [FATAL] Updater:351 - Updater called before beeing initialized
2026-01-16 09:54:42,214 [ERROR] CADModel:125 - Updater not yet initialized, retry later 
2026-01-16 09:54:42,525 [FATAL] Updater:351 - Updater called before beeing initialized
2026-01-16 09:54:42,529 [INFO] CADModel:165 - CPN selected for project level
2026-01-16 09:54:42,529 [INFO] CADModel:114 - Register for checkConnection events
2026-01-16 09:54:42,529 [FATAL] Updater:351 - Updater called before beeing initialized
2026-01-16 09:54:42,530 [ERROR] CADModel:125 - Updater not yet initialized, retry later 
2026-01-16 09:54:42,536 [FATAL] Updater:351 - Updater called before beeing initialized
2026-01-16 09:54:42,796 [FATAL] Updater:351 - Updater called before beeing initialized
2026-01-16 09:54:42,802 [INFO] DbMcusAds:53 - JSON generation date=Mon Nov 10 11:43:01 CET 2025 (1762771381096)
2026-01-16 09:54:42,802 [FATAL] Updater:351 - Updater called before beeing initialized
2026-01-16 09:54:42,869 [WARN] DetailPanel:346 - Failed to get advertising image, set to default
2026-01-16 09:54:43,030 [FATAL] Updater:351 - Updater called before beeing initialized
2026-01-16 09:54:43,033 [FATAL] Updater:351 - Updater called before beeing initialized
2026-01-16 09:54:43,034 [FATAL] Updater:351 - Updater called before beeing initialized
2026-01-16 09:54:43,034 [WARN] DetailPanel:346 - Failed to get advertising image, set to default
2026-01-16 09:54:43,036 [FATAL] Updater:351 - Updater called before beeing initialized
2026-01-16 09:54:43,147 [ERROR] Updater:1198 - MainUpdater not yet initialized. External WinMGr cannot be set.
2026-01-16 09:54:43,152 [INFO] Updater:1134 - Updater Version found : 6.15.0
2026-01-16 09:54:43,193 [INFO] ApplicationProperties:184 - Using Application install path: C:\ST\STM32CubeIDE_1.19.0\STM32CubeIDE\plugins\com.st.stm32cube.common.mx_6.15.0.202507011659
2026-01-16 09:54:43,588 [INFO] ThirdPartyUpdaterWithRetryManager:70 - Updater plugin not ready yet. [2/15]
2026-01-16 09:54:43,882 [INFO] MainUpdater:2872 - connection check result : 10
2026-01-16 09:54:43,884 [INFO] MainUpdater:289 - Updater Check For Update Now.
2026-01-16 09:54:43,884 [INFO] MicroXplorer:498 - Change Database Version : DB.6.0.150
2026-01-16 09:54:43,904 [INFO] McuFinderGlobals:63 - Set McuFinder mode to 2 (CubeIDE integrated)
2026-01-16 09:54:43,907 [INFO] UserAuth:487 - Internet connection configuration mode: 1
2026-01-16 09:54:43,964 [INFO] JxBrowserEngine:152 - Initiate JxBrowser Engine with user profile folder
2026-01-16 09:54:44,217 [INFO] CheckServerUpdateThread:120 - End of CheckServer Thread
2026-01-16 09:54:44,310 [INFO] MainUpdater:2872 - connection check result : 10
2026-01-16 09:54:44,313 [INFO] MainUpdater:2872 - connection check result : 10
2026-01-16 09:54:44,406 [INFO] MicroXplorer:468 - Change Database Path : 
2026-01-16 09:54:44,407 [INFO] MicroXplorer:498 - Change Database Version : DB.6.0.150
2026-01-16 09:54:44,451 [WARN] ThirdParty:871 - waiting for thirdparty lock release [close project]
2026-01-16 09:54:47,552 [WARN] PackLoader:240 - Cannot read IP mode file for STMicroelectronics.FP-SNS-MOTENVWB1.1.4.0
2026-01-16 09:54:47,573 [WARN] PackLoader:240 - Cannot read IP mode file for STMicroelectronics.FP-ATR-ASTRA1.2.0.2
2026-01-16 09:54:47,582 [WARN] PackLoader:240 - Cannot read IP mode file for STMicroelectronics.FP-ATR-ASTRA1.2.0.1
2026-01-16 09:54:47,607 [WARN] PackLoader:240 - Cannot read IP mode file for STMicroelectronics.X-CUBE-SMBUS.2.1.0
2026-01-16 09:54:47,625 [WARN] PackLoader:240 - Cannot read IP mode file for STMicroelectronics.X-CUBE-WB05N.1.1.0
2026-01-16 09:54:47,641 [WARN] PackLoader:240 - Cannot read IP mode file for STMicroelectronics.X-CUBE-TOUCHGFX.4.23.0
2026-01-16 09:54:47,647 [WARN] PackLoader:240 - Cannot read IP mode file for STMicroelectronics.X-CUBE-TOUCHGFX.4.23.2
2026-01-16 09:54:47,753 [WARN] PackLoader:240 - Cannot read IP mode file for STMicroelectronics.X-CUBE-AZRTOS-F7.1.1.0
2026-01-16 09:54:47,775 [WARN] PackLoader:240 - Cannot read IP mode file for STMicroelectronics.FP-SNS-MOTENV1.4.3.2
2026-01-16 09:54:47,788 [ERROR] RealEvaluatedCondition:428 - Found unsupported composite condition: CLASS='Data Exchange' GROUP='STM32_MetaDataManager'
2026-01-16 09:54:47,789 [ERROR] RealEvaluatedCondition:428 - Found unsupported composite condition: CLASS='Data Exchange' GROUP='STM32_MetaDataManager'
2026-01-16 09:54:47,792 [WARN] PackLoader:240 - Cannot read IP mode file for STMicroelectronics.FP-SNS-MOTENV1.4.3.1
2026-01-16 09:54:47,812 [WARN] PackLoader:240 - Cannot read IP mode file for STMicroelectronics.FP-SNS-FLIGHT1.5.0.1
2026-01-16 09:54:47,827 [WARN] PackLoader:240 - Cannot read IP mode file for STMicroelectronics.X-CUBE-BLE1.6.2.3
2026-01-16 09:54:47,895 [INFO] WebApp:169 - Instantiating new browser for Auth
2026-01-16 09:54:47,979 [WARN] PackLoader:240 - Cannot read IP mode file for STMicroelectronics.X-CUBE-MEMS1.11.0.0
2026-01-16 09:54:48,355 [WARN] PackLoader:240 - Cannot read IP mode file for STMicroelectronics.X-CUBE-BLE1.6.2.4
2026-01-16 09:54:48,364 [WARN] PackLoader:240 - Cannot read IP mode file for STMicroelectronics.FP-SNS-MOTENV1.5.1.0
2026-01-16 09:54:48,373 [WARN] PackLoader:240 - Cannot read IP mode file for STMicroelectronics.X-CUBE-BLE1.6.2.2
2026-01-16 09:54:48,380 [WARN] PackLoader:240 - Cannot read IP mode file for STMicroelectronics.FP-SNS-FLIGHT1.5.0.2
2026-01-16 09:54:48,391 [WARN] PackLoader:240 - Cannot read IP mode file for STMicroelectronics.X-CUBE-BLE2.3.2.2
2026-01-16 09:54:48,432 [WARN] PackLoader:240 - Cannot read IP mode file for STMicroelectronics.X-CUBE-AZRTOS-H7.3.4.0
2026-01-16 09:54:48,457 [WARN] PackLoader:240 - Cannot read IP mode file for STMicroelectronics.X-CUBE-DISPLAY.3.0.0
2026-01-16 09:54:48,472 [WARN] PackLoader:240 - Cannot read IP mode file for STMicroelectronics.X-CUBE-BLE1.7.0.0
2026-01-16 09:54:48,484 [WARN] PackLoader:240 - Cannot read IP mode file for STMicroelectronics.X-CUBE-NFC10.1.0.0
2026-01-16 09:54:48,509 [WARN] PackLoader:240 - Cannot read IP mode file for STMicroelectronics.X-CUBE-BLEMGR.4.0.0
2026-01-16 09:54:48,525 [WARN] PackLoader:240 - Cannot read IP mode file for STMicroelectronics.X-CUBE-ST60.1.1.0
2026-01-16 09:54:48,533 [WARN] PackLoader:240 - Cannot read IP mode file for STMicroelectronics.X-CUBE-TOUCHGFX.4.22.0
2026-01-16 09:54:48,546 [WARN] PackLoader:240 - Cannot read IP mode file for STMicroelectronics.X-CUBE-GNSS1.7.1.0
2026-01-16 09:54:48,554 [WARN] PackLoader:240 - Cannot read IP mode file for STMicroelectronics.X-CUBE-TOUCHGFX.4.22.1
2026-01-16 09:54:48,572 [WARN] PackLoader:240 - Cannot read IP mode file for STMicroelectronics.X-CUBE-SUBG2.4.2.0
2026-01-16 09:54:48,691 [WARN] PackLoader:240 - Cannot read IP mode file for STMicroelectronics.X-CUBE-MEMS1.9.3.0
2026-01-16 09:54:49,146 [WARN] PackLoader:240 - Cannot read IP mode file for STMicroelectronics.X-CUBE-AI.7.2.0
2026-01-16 09:54:49,165 [WARN] PackLoader:240 - Cannot read IP mode file for STMicroelectronics.X-CUBE-BLEMGR.3.1.0
2026-01-16 09:54:49,176 [WARN] PackLoader:240 - Cannot read IP mode file for STMicroelectronics.X-CUBE-AI.10.0.0
2026-01-16 09:54:49,192 [WARN] PackLoader:240 - Cannot read IP mode file for STMicroelectronics.FP-SNS-STBOX1.2.1.0
2026-01-16 09:54:49,204 [WARN] PackLoader:240 - Cannot read IP mode file for STMicroelectronics.FP-SNS-SMARTAG2.1.2.0
2026-01-16 09:54:49,212 [WARN] PackLoader:240 - Cannot read IP mode file for STMicroelectronics.FP-SNS-FLIGHT1.5.1.0
2026-01-16 09:54:49,324 [WARN] PackLoader:240 - Cannot read IP mode file for STMicroelectronics.X-CUBE-MEMS1.11.1.0
2026-01-16 09:54:49,550 [INFO] LogOutputStream:77 - [STDOUT_REDIRECT] 1 : Invalid condition id : UX_CORESTACK_Condition cause : null
2026-01-16 09:54:49,552 [INFO] LogOutputStream:77 - [STDOUT_REDIRECT] 1 : Invalid condition id : UX_CORESTACK_Condition cause : null
2026-01-16 09:54:49,556 [INFO] LogOutputStream:77 - [STDOUT_REDIRECT] 1 : Invalid condition id : UX_CORESTACK_Condition cause : null
2026-01-16 09:54:49,560 [INFO] LogOutputStream:77 - [STDOUT_REDIRECT] 1 : Invalid condition id : UX_CORESTACK_Condition cause : null
2026-01-16 09:54:49,563 [INFO] LogOutputStream:77 - [STDOUT_REDIRECT] 1 : Invalid condition id : UX_CORESTACK_Condition cause : null
2026-01-16 09:54:49,569 [WARN] PackLoader:240 - Cannot read IP mode file for STMicroelectronics.X-CUBE-AZRTOS-WL.2.0.0
2026-01-16 09:54:49,582 [WARN] PackLoader:240 - Cannot read IP mode file for STMicroelectronics.X-CUBE-ALGOBUILD.1.2.1
2026-01-16 09:54:49,590 [WARN] PackLoader:240 - Cannot read IP mode file for STMicroelectronics.FP-SNS-MOTENV1.5.0.0
2026-01-16 09:54:49,629 [WARN] PackLoader:240 - Cannot read IP mode file for STMicroelectronics.X-CUBE-AZRTOS-H7RS.1.2.0
2026-01-16 09:54:49,643 [WARN] PackLoader:240 - Cannot read IP mode file for wolfSSL.I-CUBE-wolfMQTT.1.19.0
2026-01-16 09:54:49,662 [WARN] PackLoader:240 - Cannot read IP mode file for WES.I-CUBE-Cesium.1.3.0
2026-01-16 09:54:49,670 [WARN] PackLoader:240 - Cannot read IP mode file for STMicroelectronics.X-CUBE-BLE2.3.3.0
2026-01-16 09:54:49,726 [WARN] PackLoader:240 - Cannot read IP mode file for STMicroelectronics.X-CUBE-DISPLAY.2.2.0
2026-01-16 09:54:49,750 [WARN] PackLoader:240 - Cannot read IP mode file for STMicroelectronics.X-CUBE-TOF1.3.2.0
2026-01-16 09:54:49,764 [WARN] PackLoader:240 - Cannot read IP mode file for STMicroelectronics.X-CUBE-TOUCHGFX.4.18.1
2026-01-16 09:54:49,772 [WARN] PackLoader:240 - Cannot read IP mode file for STMicroelectronics.X-CUBE-ISPU.1.0.0
2026-01-16 09:54:49,781 [WARN] PackLoader:240 - Cannot read IP mode file for wolfSSL.I-CUBE-wolfSSL.5.0.0
2026-01-16 09:54:49,794 [WARN] PackLoader:240 - Cannot read IP mode file for STMicroelectronics.X-CUBE-NFC9.1.0.0
2026-01-16 09:54:49,829 [WARN] PackLoader:240 - Cannot read IP mode file for STMicroelectronics.X-CUBE-AZRTOS-H7.2.1.0
2026-01-16 09:54:49,843 [WARN] PackLoader:240 - Cannot read IP mode file for STMicroelectronics.X-CUBE-BLE1.7.1.0
2026-01-16 09:54:49,855 [WARN] PackLoader:240 - Cannot read IP mode file for STMicroelectronics.X-CUBE-TCPP.4.1.0
2026-01-16 09:54:49,868 [WARN] PackLoader:240 - Cannot read IP mode file for STMicroelectronics.X-CUBE-FREERTOS.1.4.0
2026-01-16 09:54:49,880 [WARN] PackLoader:240 - Cannot read IP mode file for STMicroelectronics.X-CUBE-EEPRMA1.5.2.0
2026-01-16 09:54:49,888 [WARN] PackLoader:240 - Cannot read IP mode file for STMicroelectronics.X-CUBE-TOUCHGFX.4.21.1
2026-01-16 09:54:49,892 [WARN] PackLoader:240 - Cannot read IP mode file for STMicroelectronics.X-CUBE-TOUCHGFX.4.21.0
2026-01-16 09:54:49,897 [WARN] PackLoader:240 - Cannot read IP mode file for STMicroelectronics.X-CUBE-TOUCHGFX.4.21.3
2026-01-16 09:54:49,902 [WARN] PackLoader:240 - Cannot read IP mode file for STMicroelectronics.X-CUBE-TOUCHGFX.4.21.4
2026-01-16 09:54:49,968 [WARN] PackLoader:240 - Cannot read IP mode file for STMicroelectronics.X-CUBE-MEMS1.9.4.0
2026-01-16 09:54:50,236 [WARN] PackLoader:240 - Cannot read IP mode file for STMicroelectronics.X-CUBE-AI.7.3.0
2026-01-16 09:54:50,248 [WARN] PackLoader:240 - Cannot read IP mode file for STMicroelectronics.X-CUBE-ST67W61.1.1.0
2026-01-16 09:54:50,412 [WARN] PackLoader:240 - Cannot read IP mode file for STMicroelectronics.X-CUBE-MEMS1.12.0.0
2026-01-16 09:54:50,603 [WARN] PackLoader:240 - Cannot read IP mode file for STMicroelectronics.X-CUBE-ALGOBUILD.1.3.0
2026-01-16 09:54:50,634 [WARN] PackLoader:240 - Cannot read IP mode file for STMicroelectronics.X-CUBE-AZRTOS-G0.1.1.0
2026-01-16 09:54:50,648 [WARN] PackLoader:240 - Cannot read IP mode file for STMicroelectronics.X-CUBE-SAFEA1.1.2.2
2026-01-16 09:54:50,661 [WARN] PackLoader:240 - Cannot read IP mode file for STMicroelectronics.X-CUBE-NFC4.3.0.0
2026-01-16 09:54:50,736 [WARN] PackLoader:240 - Cannot read IP mode file for SEGGER.I-CUBE-embOS.1.2.0
2026-01-16 09:54:50,800 [WARN] PackLoader:240 - Cannot read IP mode file for wolfSSL.I-CUBE-wolfMQTT.1.18.0
2026-01-16 09:54:50,819 [WARN] PackLoader:240 - Cannot read IP mode file for EmbeddedOffice.I-CUBE-FS-RTOS.1.0.1
2026-01-16 09:54:50,828 [WARN] PackLoader:240 - Cannot read IP mode file for STMicroelectronics.X-CUBE-WB05N.2.0.0
2026-01-16 09:54:50,846 [WARN] PackLoader:240 - Cannot read IP mode file for STMicroelectronics.X-CUBE-BLEMGR.3.0.0
2026-01-16 09:54:50,864 [WARN] PackLoader:240 - Cannot read IP mode file for STMicroelectronics.X-CUBE-BLEMGR.1.3.0
2026-01-16 09:54:50,876 [WARN] PackLoader:240 - Cannot read IP mode file for STMicroelectronics.X-CUBE-TCPP.4.2.0
2026-01-16 09:54:50,888 [WARN] PackLoader:240 - Cannot read IP mode file for RealThread.X-CUBE-RT-Thread_Nano.4.1.1
2026-01-16 09:54:50,923 [WARN] PackLoader:240 - Cannot read IP mode file for STMicroelectronics.X-CUBE-AZRTOS-H7.2.0.0
2026-01-16 09:54:50,938 [WARN] PackLoader:240 - Cannot read IP mode file for STMicroelectronics.FP-ATR-SIGFOX1.3.2.0
2026-01-16 09:54:50,947 [WARN] ConditionMgr:438 - getConditionDescription Invalid condition id : Cortex-A Device cause : null
2026-01-16 09:54:50,967 [WARN] ConditionMgr:1044 - genDependencies : Invalid condition id : Cortex-A Device cause : null
2026-01-16 09:54:50,968 [WARN] ConditionMgr:1044 - genDependencies : Invalid condition id : Cortex-A Device cause : null
2026-01-16 09:54:50,968 [WARN] ConditionMgr:1044 - genDependencies : Invalid condition id : Cortex-A Device cause : null
2026-01-16 09:54:50,977 [WARN] PackLoader:240 - Cannot read IP mode file for STMicroelectronics.X-CUBE-EEPRMA1.5.1.0
2026-01-16 09:54:50,992 [WARN] PackLoader:240 - Cannot read IP mode file for emotas.I-CUBE-CANOPEN.1.1.2
2026-01-16 09:54:50,998 [WARN] PackLoader:240 - Cannot read IP mode file for STMicroelectronics.X-CUBE-TOUCHGFX.4.20.0
2026-01-16 09:54:51,082 [WARN] PackLoader:240 - Cannot read IP mode file for STMicroelectronics.X-CUBE-MEMS1.9.5.0
2026-01-16 09:54:51,423 [WARN] PackLoader:240 - Cannot read IP mode file for STMicroelectronics.X-CUBE-AI.10.2.0
2026-01-16 09:54:51,476 [WARN] PackLoader:240 - Cannot read IP mode file for SEGGER.I-CUBE-embOS.1.3.1
2026-01-16 09:54:51,576 [WARN] PackLoader:240 - Cannot read IP mode file for STMicroelectronics.X-CUBE-ALGOBUILD.1.4.0
2026-01-16 09:54:51,738 [WARN] PackLoader:240 - Cannot read IP mode file for STMicroelectronics.X-CUBE-MEMS1.11.3.0
2026-01-16 09:54:52,247 [INFO] WebApp:463 - Apply proxy settings
2026-01-16 09:54:52,258 [INFO] WebApp:548 - Chromium requires no authentication
2026-01-16 09:54:52,358 [INFO] WebApp:491 - Direct internet connection detected
2026-01-16 09:54:52,426 [WARN] PackLoader:240 - Cannot read IP mode file for STMicroelectronics.X-CUBE-DISPLAY.2.0.0
2026-01-16 09:54:52,437 [WARN] PackLoader:240 - Cannot read IP mode file for STMicroelectronics.X-CUBE-AI.9.1.0
2026-01-16 09:54:52,448 [WARN] PackLoader:240 - Cannot read IP mode file for STMicroelectronics.X-CUBE-PM33A1.1.0.0
2026-01-16 09:54:52,461 [WARN] PackLoader:240 - Cannot read IP mode file for STMicroelectronics.X-CUBE-GNSS1.6.0.0
2026-01-16 09:54:52,507 [WARN] PackLoader:240 - Cannot read IP mode file for STMicroelectronics.X-CUBE-AZRTOS-F4.1.1.0
2026-01-16 09:54:52,511 [INFO] WebApp:900 - Register for checkConnection events
2026-01-16 09:54:52,511 [INFO] WebApp:463 - Apply proxy settings
2026-01-16 09:54:52,511 [INFO] WebApp:548 - Chromium requires no authentication
2026-01-16 09:54:52,512 [INFO] WebApp:491 - Direct internet connection detected
2026-01-16 09:54:52,517 [WARN] PackLoader:240 - Cannot read IP mode file for STMicroelectronics.X-CUBE-ISPU.2.1.0
2026-01-16 09:54:52,546 [WARN] PackLoader:240 - Cannot read IP mode file for STMicroelectronics.X-CUBE-IPS.3.2.0
2026-01-16 09:54:52,567 [WARN] PackLoader:240 - Cannot read IP mode file for STMicroelectronics.X-CUBE-FREERTOS.1.2.0
2026-01-16 09:54:52,590 [WARN] PackLoader:240 - Cannot read IP mode file for STMicroelectronics.X-CUBE-NFC12.1.0.0
2026-01-16 09:54:52,616 [WARN] PackLoader:240 - Cannot read IP mode file for STMicroelectronics.X-CUBE-BLEMGR.1.2.0
2026-01-16 09:54:52,656 [WARN] PackLoader:240 - Cannot read IP mode file for STMicroelectronics.X-CUBE-AZRTOS-L5.2.0.0
2026-01-16 09:54:52,773 [WARN] PackLoader:240 - Cannot read IP mode file for STMicroelectronics.X-CUBE-MEMS1.9.6.0
2026-01-16 09:54:52,857 [ERROR] LogOutputStream:75 - [STDERR_REDIRECT] 
2026-01-16 09:55:53,491 [INFO] Activator:176 - 


2026-01-16 09:55:53,495 [INFO] Activator:177 - !SESSION log4j initialized
2026-01-16 09:56:05,504 [INFO] LogOutputStream:77 - [STDOUT_REDIRECT] 
2026-01-16 09:56:13,497 [INFO] ApplicationProperties:184 - Using Application install path: C:\ST\STM32CubeIDE_1.19.0\STM32CubeIDE\plugins\com.st.stm32cube.common.mx_6.15.0.202507011659
2026-01-16 09:56:13,527 [INFO] DbMcusXml:78 - Set database path to: C:\ST\STM32CubeIDE_1.19.0\STM32CubeIDE\plugins\com.st.stm32cube.common.mx_6.15.0.202507011659\\db\/mcu/
2026-01-16 09:56:13,528 [INFO] ApiDb:274 - Set plugin database path to: C:\ST\STM32CubeIDE_1.19.0\STM32CubeIDE\plugins\com.st.stm32cube.common.mx_6.15.0.202507011659\\db\/plugins/boardmanager/
2026-01-16 09:56:13,528 [WARN] ApiDb:259 - Overriding images path with different value:  => C:\ST\STM32CubeIDE_1.19.0\STM32CubeIDE\plugins\com.st.stm32cube.common.mx_6.15.0.202507011659\\db\/plugins/mcufinder/images/
2026-01-16 09:56:13,539 [INFO] ApiDb:250 - Set database path to: C:\Users\ivanp\.stmcufinder\plugins\mcufinder//mcu/
2026-01-16 09:56:13,542 [INFO] DbMcusAds:125 - Set database path to: C:\Users\ivanp\.stmcufinder\plugins\mcufinder//mcu/
2026-01-16 09:56:13,547 [INFO] CrossReferenceDbSqlite:203 - Set database path to: C:\Users\ivanp\.stmcufinder\plugins\mcufinder//mcu/cs/
2026-01-16 09:56:13,837 [INFO] RulesReader:64 - Compatibility file has been processed (317 Rules)
2026-01-16 09:56:13,984 [INFO] DbMcusXml:78 - Set database path to: C:\ST\STM32CubeIDE_1.19.0\STM32CubeIDE\plugins\com.st.stm32cube.common.mx_6.15.0.202507011659\\db\/mcu/
2026-01-16 09:56:13,984 [INFO] ApiDb:274 - Set plugin database path to: C:\ST\STM32CubeIDE_1.19.0\STM32CubeIDE\plugins\com.st.stm32cube.common.mx_6.15.0.202507011659\\db\/plugins/boardmanager/
2026-01-16 09:56:13,984 [INFO] ApiDb:261 - Set plugin images path to: C:\ST\STM32CubeIDE_1.19.0\STM32CubeIDE\plugins\com.st.stm32cube.common.mx_6.15.0.202507011659\\db\/plugins/mcufinder/images/
2026-01-16 09:56:13,984 [WARN] DbFile:41 - Overriding database path with different value: C:\Users\ivanp\.stmcufinder\plugins\mcufinder/ => C:\Users\ivanp\.stmcufinder\plugins\mcufinder
2026-01-16 09:56:13,985 [INFO] ApiDb:250 - Set database path to: C:\Users\ivanp\.stmcufinder\plugins\mcufinder//mcu/
2026-01-16 09:56:13,985 [WARN] DbFile:41 - Overriding database path with different value: C:\Users\ivanp\.stmcufinder\plugins\mcufinder/ => C:\Users\ivanp\.stmcufinder\plugins\mcufinder
2026-01-16 09:56:13,985 [INFO] DbMcusAds:125 - Set database path to: C:\Users\ivanp\.stmcufinder\plugins\mcufinder//mcu/
2026-01-16 09:56:13,985 [WARN] DbFile:41 - Overriding database path with different value: C:\Users\ivanp\.stmcufinder\plugins\mcufinder/ => C:\Users\ivanp\.stmcufinder\plugins\mcufinder
2026-01-16 09:56:13,985 [WARN] DbFile:41 - Overriding database path with different value: C:\Users\ivanp\.stmcufinder\plugins\mcufinder/ => C:\Users\ivanp\.stmcufinder\plugins\mcufinder
2026-01-16 09:56:13,986 [INFO] CrossReferenceDbSqlite:203 - Set database path to: C:\Users\ivanp\.stmcufinder\plugins\mcufinder//mcu/cs/
2026-01-16 09:56:14,144 [INFO] MainPanel:274 - HeapMemory: 268435456
2026-01-16 09:56:14,327 [INFO] DbMcusXml:78 - Set database path to: C:\ST\STM32CubeIDE_1.19.0\STM32CubeIDE\plugins\com.st.stm32cube.common.mx_6.15.0.202507011659\\db\/mcu/
2026-01-16 09:56:14,327 [INFO] ApiDb:274 - Set plugin database path to: C:\ST\STM32CubeIDE_1.19.0\STM32CubeIDE\plugins\com.st.stm32cube.common.mx_6.15.0.202507011659\\db\/plugins/boardmanager/
2026-01-16 09:56:14,328 [INFO] ApiDb:261 - Set plugin images path to: C:\ST\STM32CubeIDE_1.19.0\STM32CubeIDE\plugins\com.st.stm32cube.common.mx_6.15.0.202507011659\\db\/plugins/mcufinder/images/
2026-01-16 09:56:14,328 [WARN] DbFile:41 - Overriding database path with different value: C:\Users\ivanp\.stmcufinder\plugins\mcufinder/ => C:\Users\ivanp\.stmcufinder\plugins\mcufinder
2026-01-16 09:56:14,328 [INFO] ApiDb:250 - Set database path to: C:\Users\ivanp\.stmcufinder\plugins\mcufinder//mcu/
2026-01-16 09:56:14,329 [WARN] DbFile:41 - Overriding database path with different value: C:\Users\ivanp\.stmcufinder\plugins\mcufinder/ => C:\Users\ivanp\.stmcufinder\plugins\mcufinder
2026-01-16 09:56:14,329 [INFO] DbMcusAds:125 - Set database path to: C:\Users\ivanp\.stmcufinder\plugins\mcufinder//mcu/
2026-01-16 09:56:14,329 [WARN] DbFile:41 - Overriding database path with different value: C:\Users\ivanp\.stmcufinder\plugins\mcufinder/ => C:\Users\ivanp\.stmcufinder\plugins\mcufinder
2026-01-16 09:56:14,329 [WARN] DbFile:41 - Overriding database path with different value: C:\Users\ivanp\.stmcufinder\plugins\mcufinder/ => C:\Users\ivanp\.stmcufinder\plugins\mcufinder
2026-01-16 09:56:14,331 [INFO] CrossReferenceDbSqlite:203 - Set database path to: C:\Users\ivanp\.stmcufinder\plugins\mcufinder//mcu/cs/
2026-01-16 09:56:14,371 [INFO] ApplicationProperties:184 - Using Application install path: C:\ST\STM32CubeIDE_1.19.0\STM32CubeIDE\plugins\com.st.stm32cube.common.mx_6.15.0.202507011659
2026-01-16 09:56:14,374 [INFO] PluginManage:196 - Search for loadable plugins [exclusion list=, ]
2026-01-16 09:56:14,376 [INFO] PluginManage:310 - Check plugin analytics
2026-01-16 09:56:19,827 [INFO] AnalyticsPlugin:253 - Accepted Software Licenses: 
2026-01-16 09:56:19,828 [INFO] AnalyticsPlugin:255 - Accepted CMSIS Pack Licenses: 
2026-01-16 09:56:19,828 [INFO] AnalyticsPlugin:257 - Accepted Firmware Licenses: FW.F4.1.28.0,FW.G4.1.6.0
2026-01-16 09:56:19,833 [INFO] PluginManage:359 - Loaded plugin analytics (category:tool,tabindex:-1)
2026-01-16 09:56:19,834 [INFO] PluginManage:310 - Check plugin cadmodel
2026-01-16 09:56:19,841 [INFO] CADModel:105 - Init CAD model plugin
2026-01-16 09:56:19,842 [INFO] PluginManage:359 - Loaded plugin cadmodel (category:power,tabindex:5)
2026-01-16 09:56:19,842 [INFO] PluginManage:310 - Check plugin clock
2026-01-16 09:56:19,859 [INFO] PluginManage:359 - Loaded plugin clock (category:base,tabindex:2)
2026-01-16 09:56:19,860 [INFO] PluginManage:310 - Check plugin ddr
2026-01-16 09:56:19,863 [INFO] PluginManage:359 - Loaded plugin ddr (category:tool,tabindex:6)
2026-01-16 09:56:19,865 [INFO] PluginManage:310 - Check plugin filemanager
2026-01-16 09:56:20,255 [INFO] PluginManage:359 - Loaded plugin filemanager (category:base,tabindex:10)
2026-01-16 09:56:20,256 [INFO] PluginManage:310 - Check plugin ipmanager
2026-01-16 09:56:20,277 [INFO] PluginManage:359 - Loaded plugin ipmanager (category:base,tabindex:5)
2026-01-16 09:56:20,278 [INFO] PluginManage:310 - Check plugin lpbam
2026-01-16 09:56:20,301 [INFO] PluginManage:359 - Loaded plugin lpbam (category:base,tabindex:0)
2026-01-16 09:56:20,302 [INFO] PluginManage:310 - Check plugin memorymap
2026-01-16 09:56:20,336 [INFO] PluginManage:359 - Loaded plugin memorymap (category:base,tabindex:4)
2026-01-16 09:56:20,337 [INFO] PluginManage:310 - Check plugin pinoutandconfiguration
2026-01-16 09:56:20,359 [INFO] PluginManage:359 - Loaded plugin pinoutandconfiguration (category:base,tabindex:1)
2026-01-16 09:56:20,360 [INFO] PluginManage:310 - Check plugin pinoutconfig
2026-01-16 09:56:20,635 [WARN] SupportedApi:132 - Cannot load RTOS API schema: s4s-elt-must-match.1: The content of 'definitions' must match (annotation?, (simpleType | complexType)?, (unique | key | keyref)*)). A problem was found starting at: attribute.
2026-01-16 09:56:21,085 [INFO] PluginManage:359 - Loaded plugin pinoutconfig (category:base,tabindex:0)
2026-01-16 09:56:21,086 [INFO] PluginManage:310 - Check plugin power
2026-01-16 09:56:21,111 [INFO] PluginManage:359 - Loaded plugin power (category:power,tabindex:4)
2026-01-16 09:56:21,112 [INFO] PluginManage:310 - Check plugin projectmanager
2026-01-16 09:56:21,170 [INFO] PluginManage:359 - Loaded plugin projectmanager (category:projectmanager,tabindex:4)
2026-01-16 09:56:21,171 [INFO] PluginManage:310 - Check plugin rif
2026-01-16 09:56:21,210 [INFO] PluginManage:359 - Loaded plugin rif (category:base,tabindex:3)
2026-01-16 09:56:21,211 [INFO] PluginManage:310 - Check plugin thirdparty
2026-01-16 09:56:21,633 [WARN] IntegrityCheckThread:84 - waiting for thirdparty lock release [integrity check]
2026-01-16 09:56:21,634 [INFO] IntegrityCheckThread:86 - entering critical section [integrity check]
2026-01-16 09:56:21,635 [INFO] ThirdPartyUpdaterWithRetryManager:70 - Updater plugin not ready yet. [1/15]
2026-01-16 09:56:21,636 [INFO] PluginManage:359 - Loaded plugin thirdparty (category:base,tabindex:-1)
2026-01-16 09:56:21,637 [INFO] PluginManage:310 - Check plugin tools
2026-01-16 09:56:21,646 [INFO] PluginManage:359 - Loaded plugin tools (category:base,tabindex:7)
2026-01-16 09:56:21,647 [INFO] PluginManage:310 - Check plugin tutovideos
2026-01-16 09:56:22,294 [INFO] PluginManage:359 - Loaded plugin tutovideos (category:base,tabindex:-1)
2026-01-16 09:56:22,295 [INFO] PluginManage:310 - Check plugin updater
2026-01-16 09:56:22,380 [INFO] PluginManage:359 - Loaded plugin updater (category:base,tabindex:12)
2026-01-16 09:56:22,380 [INFO] PluginManage:310 - Check plugin userauth
2026-01-16 09:56:22,391 [INFO] UserAuth:118 - Init User Auth plugin
2026-01-16 09:56:22,394 [INFO] PluginManage:359 - Loaded plugin userauth (category:base,tabindex:14)
2026-01-16 09:56:22,395 [INFO] PluginManage:283 - PluginManage : Loaded plugins [18]
2026-01-16 09:56:22,999 [INFO] PinOutPanel:1589 - setPackage(No Configuration,No Configuration)
2026-01-16 09:56:23,279 [INFO] CADModel:165 - CPN selected for project level
2026-01-16 09:56:23,279 [INFO] CADModel:114 - Register for checkConnection events
2026-01-16 09:56:23,322 [INFO] IPUIPlugin:80 - create IPUIPlugin
2026-01-16 09:56:23,325 [INFO] PluginManager:220 - loadIPPluginJar : add adc
2026-01-16 09:56:23,335 [INFO] IPUIPlugin:80 - create IPUIPlugin
2026-01-16 09:56:23,335 [INFO] PluginManager:220 - loadIPPluginJar : add aes
2026-01-16 09:56:23,344 [INFO] IPUIPlugin:80 - create IPUIPlugin
2026-01-16 09:56:23,345 [INFO] PluginManager:220 - loadIPPluginJar : add can
2026-01-16 09:56:23,356 [INFO] IPUIPlugin:80 - create IPUIPlugin
2026-01-16 09:56:23,356 [INFO] PluginManager:220 - loadIPPluginJar : add comp
2026-01-16 09:56:23,363 [INFO] IPUIPlugin:80 - create IPUIPlugin
2026-01-16 09:56:23,363 [INFO] PluginManager:220 - loadIPPluginJar : add cryp
2026-01-16 09:56:23,372 [INFO] IPUIPlugin:80 - create IPUIPlugin
2026-01-16 09:56:23,372 [INFO] PluginManager:220 - loadIPPluginJar : add ddr_ctrl_phy
2026-01-16 09:56:23,379 [INFO] IPUIPlugin:80 - create IPUIPlugin
2026-01-16 09:56:23,379 [INFO] PluginManager:220 - loadIPPluginJar : add dfsdm
2026-01-16 09:56:23,395 [INFO] IPUIPlugin:80 - create IPUIPlugin
2026-01-16 09:56:23,398 [INFO] PluginManager:220 - loadIPPluginJar : add dma
2026-01-16 09:56:23,404 [INFO] IPUIPlugin:80 - create IPUIPlugin
2026-01-16 09:56:23,405 [INFO] PluginManager:220 - loadIPPluginJar : add dma3
2026-01-16 09:56:23,413 [INFO] IPUIPlugin:80 - create IPUIPlugin
2026-01-16 09:56:23,414 [INFO] PluginManager:220 - loadIPPluginJar : add extmemmanager
2026-01-16 09:56:23,418 [INFO] IPUIPlugin:80 - create IPUIPlugin
2026-01-16 09:56:23,419 [INFO] PluginManager:220 - loadIPPluginJar : add fatfs
2026-01-16 09:56:23,432 [INFO] IPUIPlugin:80 - create IPUIPlugin
2026-01-16 09:56:23,433 [INFO] PluginManager:220 - loadIPPluginJar : add fmc
2026-01-16 09:56:23,448 [INFO] IPUIPlugin:80 - create IPUIPlugin
2026-01-16 09:56:23,448 [INFO] PluginManager:220 - loadIPPluginJar : add freertos
2026-01-16 09:56:23,453 [INFO] IPUIPlugin:80 - create IPUIPlugin
2026-01-16 09:56:23,453 [INFO] PluginManager:220 - loadIPPluginJar : add genericplugin
2026-01-16 09:56:23,459 [INFO] IPUIPlugin:80 - create IPUIPlugin
2026-01-16 09:56:23,459 [INFO] PluginManager:220 - loadIPPluginJar : add gfxmmu
2026-01-16 09:56:23,472 [INFO] IPUIPlugin:80 - create IPUIPlugin
2026-01-16 09:56:23,472 [INFO] PluginManager:220 - loadIPPluginJar : add gic
2026-01-16 09:56:23,482 [INFO] IPUIPlugin:80 - create IPUIPlugin
2026-01-16 09:56:23,482 [INFO] PluginManager:220 - loadIPPluginJar : add gpio
2026-01-16 09:56:23,492 [INFO] IPUIPlugin:80 - create IPUIPlugin
2026-01-16 09:56:23,492 [INFO] PluginManager:220 - loadIPPluginJar : add gtzc
2026-01-16 09:56:23,498 [INFO] IPUIPlugin:80 - create IPUIPlugin
2026-01-16 09:56:23,499 [INFO] PluginManager:220 - loadIPPluginJar : add hash
2026-01-16 09:56:23,507 [INFO] IPUIPlugin:80 - create IPUIPlugin
2026-01-16 09:56:23,508 [INFO] PluginManager:220 - loadIPPluginJar : add i2c
2026-01-16 09:56:23,515 [INFO] IPUIPlugin:80 - create IPUIPlugin
2026-01-16 09:56:23,516 [INFO] PluginManager:220 - loadIPPluginJar : add i2s
2026-01-16 09:56:23,524 [INFO] IPUIPlugin:80 - create IPUIPlugin
2026-01-16 09:56:23,525 [INFO] PluginManager:220 - loadIPPluginJar : add i3c
2026-01-16 09:56:23,532 [INFO] IPUIPlugin:80 - create IPUIPlugin
2026-01-16 09:56:23,533 [INFO] PluginManager:220 - loadIPPluginJar : add ipddr
2026-01-16 09:56:23,554 [INFO] IPUIPlugin:80 - create IPUIPlugin
2026-01-16 09:56:23,554 [INFO] PluginManager:220 - loadIPPluginJar : add linkedlist
2026-01-16 09:56:23,563 [INFO] IPUIPlugin:80 - create IPUIPlugin
2026-01-16 09:56:23,563 [INFO] PluginManager:220 - loadIPPluginJar : add lorawan
2026-01-16 09:56:23,568 [INFO] IPUIPlugin:80 - create IPUIPlugin
2026-01-16 09:56:23,568 [INFO] PluginManager:220 - loadIPPluginJar : add ltdc
2026-01-16 09:56:23,596 [INFO] IPUIPlugin:80 - create IPUIPlugin
2026-01-16 09:56:23,597 [INFO] PluginManager:220 - loadIPPluginJar : add mdma
2026-01-16 09:56:23,605 [INFO] IPUIPlugin:80 - create IPUIPlugin
2026-01-16 09:56:23,606 [INFO] PluginManager:220 - loadIPPluginJar : add nvic
2026-01-16 09:56:23,615 [INFO] IPUIPlugin:80 - create IPUIPlugin
2026-01-16 09:56:23,616 [INFO] PluginManager:220 - loadIPPluginJar : add opamp
2026-01-16 09:56:23,624 [INFO] IPUIPlugin:80 - create IPUIPlugin
2026-01-16 09:56:23,624 [INFO] PluginManager:220 - loadIPPluginJar : add openamp
2026-01-16 09:56:23,633 [INFO] IPUIPlugin:80 - create IPUIPlugin
2026-01-16 09:56:23,633 [INFO] PluginManager:220 - loadIPPluginJar : add pdm2pcm
2026-01-16 09:56:23,655 [INFO] IPUIPlugin:80 - create IPUIPlugin
2026-01-16 09:56:23,665 [INFO] PluginManager:220 - loadIPPluginJar : add plateformsettings
2026-01-16 09:56:23,671 [INFO] IPUIPlugin:80 - create IPUIPlugin
2026-01-16 09:56:23,671 [INFO] PluginManager:220 - loadIPPluginJar : add quadspi
2026-01-16 09:56:23,677 [INFO] IPUIPlugin:80 - create IPUIPlugin
2026-01-16 09:56:23,679 [INFO] PluginManager:220 - loadIPPluginJar : add radio
2026-01-16 09:56:23,690 [INFO] IPUIPlugin:80 - create IPUIPlugin
2026-01-16 09:56:23,690 [INFO] PluginManager:220 - loadIPPluginJar : add resmgrutility
2026-01-16 09:56:23,699 [INFO] IPUIPlugin:80 - create IPUIPlugin
2026-01-16 09:56:23,700 [INFO] PluginManager:220 - loadIPPluginJar : add sai
2026-01-16 09:56:23,710 [INFO] IPUIPlugin:80 - create IPUIPlugin
2026-01-16 09:56:23,710 [INFO] PluginManager:220 - loadIPPluginJar : add spi
2026-01-16 09:56:23,728 [INFO] IPUIPlugin:80 - create IPUIPlugin
2026-01-16 09:56:23,728 [INFO] PluginManager:220 - loadIPPluginJar : add stm32_wpan
2026-01-16 09:56:23,733 [INFO] IPUIPlugin:80 - create IPUIPlugin
2026-01-16 09:56:23,733 [INFO] PluginManager:220 - loadIPPluginJar : add tim
2026-01-16 09:56:23,743 [INFO] IPUIPlugin:80 - create IPUIPlugin
2026-01-16 09:56:23,744 [INFO] PluginManager:220 - loadIPPluginJar : add touchsensing
2026-01-16 09:56:23,748 [INFO] IPUIPlugin:80 - create IPUIPlugin
2026-01-16 09:56:23,748 [INFO] PluginManager:220 - loadIPPluginJar : add tracer_emb
2026-01-16 09:56:23,754 [INFO] IPUIPlugin:80 - create IPUIPlugin
2026-01-16 09:56:23,755 [INFO] PluginManager:220 - loadIPPluginJar : add ts
2026-01-16 09:56:23,760 [INFO] IPUIPlugin:80 - create IPUIPlugin
2026-01-16 09:56:23,761 [INFO] PluginManager:220 - loadIPPluginJar : add tsc
2026-01-16 09:56:23,766 [INFO] IPUIPlugin:80 - create IPUIPlugin
2026-01-16 09:56:23,766 [INFO] PluginManager:220 - loadIPPluginJar : add ucpd
2026-01-16 09:56:23,773 [INFO] IPUIPlugin:80 - create IPUIPlugin
2026-01-16 09:56:23,773 [INFO] PluginManager:220 - loadIPPluginJar : add usart
2026-01-16 09:56:23,781 [INFO] IPUIPlugin:80 - create IPUIPlugin
2026-01-16 09:56:23,781 [INFO] PluginManager:220 - loadIPPluginJar : add usbx
2026-01-16 09:56:24,040 [FATAL] Updater:351 - Updater called before beeing initialized
2026-01-16 09:56:24,145 [INFO] RulesReader:64 - Compatibility file has been processed (317 Rules)
2026-01-16 09:56:24,193 [INFO] RulesReader:64 - Compatibility file has been processed (317 Rules)
2026-01-16 09:56:24,218 [INFO] CADModel:165 - CPN selected for project level
2026-01-16 09:56:24,218 [INFO] CADModel:114 - Register for checkConnection events
2026-01-16 09:56:24,218 [FATAL] Updater:351 - Updater called before beeing initialized
2026-01-16 09:56:24,218 [ERROR] CADModel:125 - Updater not yet initialized, retry later 
2026-01-16 09:56:24,657 [INFO] ThirdPartyUpdaterWithRetryManager:70 - Updater plugin not ready yet. [2/15]
2026-01-16 09:56:24,727 [FATAL] Updater:351 - Updater called before beeing initialized
2026-01-16 09:56:24,732 [INFO] CADModel:165 - CPN selected for project level
2026-01-16 09:56:24,733 [INFO] CADModel:114 - Register for checkConnection events
2026-01-16 09:56:24,733 [FATAL] Updater:351 - Updater called before beeing initialized
2026-01-16 09:56:24,733 [ERROR] CADModel:125 - Updater not yet initialized, retry later 
2026-01-16 09:56:24,744 [FATAL] Updater:351 - Updater called before beeing initialized
2026-01-16 09:56:25,165 [FATAL] Updater:351 - Updater called before beeing initialized
2026-01-16 09:56:25,174 [INFO] DbMcusAds:53 - JSON generation date=Mon Nov 10 11:43:01 CET 2025 (1762771381096)
2026-01-16 09:56:25,174 [FATAL] Updater:351 - Updater called before beeing initialized
2026-01-16 09:56:25,241 [WARN] DetailPanel:346 - Failed to get advertising image, set to default
2026-01-16 09:56:25,429 [FATAL] Updater:351 - Updater called before beeing initialized
2026-01-16 09:56:25,433 [FATAL] Updater:351 - Updater called before beeing initialized
2026-01-16 09:56:25,433 [FATAL] Updater:351 - Updater called before beeing initialized
2026-01-16 09:56:25,433 [WARN] DetailPanel:346 - Failed to get advertising image, set to default
2026-01-16 09:56:25,435 [FATAL] Updater:351 - Updater called before beeing initialized
2026-01-16 09:56:25,515 [ERROR] Updater:1198 - MainUpdater not yet initialized. External WinMGr cannot be set.
2026-01-16 09:56:25,517 [INFO] Updater:1134 - Updater Version found : 6.15.0
2026-01-16 09:56:25,545 [INFO] ApplicationProperties:184 - Using Application install path: C:\ST\STM32CubeIDE_1.19.0\STM32CubeIDE\plugins\com.st.stm32cube.common.mx_6.15.0.202507011659
2026-01-16 09:56:26,198 [INFO] MainUpdater:2872 - connection check result : 10
2026-01-16 09:56:26,200 [INFO] MainUpdater:289 - Updater Check For Update Now.
2026-01-16 09:56:26,201 [INFO] MicroXplorer:498 - Change Database Version : DB.6.0.150
2026-01-16 09:56:26,251 [INFO] McuFinderGlobals:63 - Set McuFinder mode to 2 (CubeIDE integrated)
2026-01-16 09:56:26,252 [INFO] UserAuth:487 - Internet connection configuration mode: 1
2026-01-16 09:56:26,303 [INFO] JxBrowserEngine:152 - Initiate JxBrowser Engine with user profile folder
2026-01-16 09:56:26,524 [INFO] CheckServerUpdateThread:120 - End of CheckServer Thread
2026-01-16 09:56:27,646 [INFO] WebApp:169 - Instantiating new browser for Auth
2026-01-16 09:56:28,462 [WARN] PackLoader:240 - Cannot read IP mode file for STMicroelectronics.FP-SNS-MOTENVWB1.1.4.0
2026-01-16 09:56:28,485 [WARN] PackLoader:240 - Cannot read IP mode file for STMicroelectronics.FP-ATR-ASTRA1.2.0.2
2026-01-16 09:56:28,495 [WARN] PackLoader:240 - Cannot read IP mode file for STMicroelectronics.FP-ATR-ASTRA1.2.0.1
2026-01-16 09:56:28,526 [WARN] PackLoader:240 - Cannot read IP mode file for STMicroelectronics.X-CUBE-SMBUS.2.1.0
2026-01-16 09:56:28,565 [WARN] PackLoader:240 - Cannot read IP mode file for STMicroelectronics.X-CUBE-WB05N.1.1.0
2026-01-16 09:56:28,578 [WARN] PackLoader:240 - Cannot read IP mode file for STMicroelectronics.X-CUBE-TOUCHGFX.4.23.0
2026-01-16 09:56:28,584 [WARN] PackLoader:240 - Cannot read IP mode file for STMicroelectronics.X-CUBE-TOUCHGFX.4.23.2
2026-01-16 09:56:28,674 [WARN] PackLoader:240 - Cannot read IP mode file for STMicroelectronics.X-CUBE-AZRTOS-F7.1.1.0
2026-01-16 09:56:28,701 [WARN] PackLoader:240 - Cannot read IP mode file for STMicroelectronics.FP-SNS-MOTENV1.4.3.2
2026-01-16 09:56:28,714 [ERROR] RealEvaluatedCondition:428 - Found unsupported composite condition: CLASS='Data Exchange' GROUP='STM32_MetaDataManager'
2026-01-16 09:56:28,716 [ERROR] RealEvaluatedCondition:428 - Found unsupported composite condition: CLASS='Data Exchange' GROUP='STM32_MetaDataManager'
2026-01-16 09:56:28,719 [WARN] PackLoader:240 - Cannot read IP mode file for STMicroelectronics.FP-SNS-MOTENV1.4.3.1
2026-01-16 09:56:28,733 [WARN] PackLoader:240 - Cannot read IP mode file for STMicroelectronics.FP-SNS-FLIGHT1.5.0.1
2026-01-16 09:56:28,745 [WARN] PackLoader:240 - Cannot read IP mode file for STMicroelectronics.X-CUBE-BLE1.6.2.3
2026-01-16 09:56:28,873 [WARN] PackLoader:240 - Cannot read IP mode file for STMicroelectronics.X-CUBE-MEMS1.11.0.0
2026-01-16 09:56:29,263 [WARN] PackLoader:240 - Cannot read IP mode file for STMicroelectronics.X-CUBE-BLE1.6.2.4
2026-01-16 09:56:29,275 [WARN] PackLoader:240 - Cannot read IP mode file for STMicroelectronics.FP-SNS-MOTENV1.5.1.0
2026-01-16 09:56:29,285 [WARN] PackLoader:240 - Cannot read IP mode file for STMicroelectronics.X-CUBE-BLE1.6.2.2
2026-01-16 09:56:29,292 [WARN] PackLoader:240 - Cannot read IP mode file for STMicroelectronics.FP-SNS-FLIGHT1.5.0.2
2026-01-16 09:56:29,301 [WARN] PackLoader:240 - Cannot read IP mode file for STMicroelectronics.X-CUBE-BLE2.3.2.2
2026-01-16 09:56:29,355 [WARN] PackLoader:240 - Cannot read IP mode file for STMicroelectronics.X-CUBE-AZRTOS-H7.3.4.0
2026-01-16 09:56:29,376 [WARN] PackLoader:240 - Cannot read IP mode file for STMicroelectronics.X-CUBE-DISPLAY.3.0.0
2026-01-16 09:56:29,394 [WARN] PackLoader:240 - Cannot read IP mode file for STMicroelectronics.X-CUBE-BLE1.7.0.0
2026-01-16 09:56:29,422 [WARN] PackLoader:240 - Cannot read IP mode file for STMicroelectronics.X-CUBE-NFC10.1.0.0
2026-01-16 09:56:29,476 [WARN] PackLoader:240 - Cannot read IP mode file for STMicroelectronics.X-CUBE-BLEMGR.4.0.0
2026-01-16 09:56:29,499 [WARN] PackLoader:240 - Cannot read IP mode file for STMicroelectronics.X-CUBE-ST60.1.1.0
2026-01-16 09:56:29,516 [WARN] PackLoader:240 - Cannot read IP mode file for STMicroelectronics.X-CUBE-TOUCHGFX.4.22.0
2026-01-16 09:56:29,528 [WARN] PackLoader:240 - Cannot read IP mode file for STMicroelectronics.X-CUBE-GNSS1.7.1.0
2026-01-16 09:56:29,536 [WARN] PackLoader:240 - Cannot read IP mode file for STMicroelectronics.X-CUBE-TOUCHGFX.4.22.1
2026-01-16 09:56:29,554 [WARN] PackLoader:240 - Cannot read IP mode file for STMicroelectronics.X-CUBE-SUBG2.4.2.0
2026-01-16 09:56:29,688 [WARN] PackLoader:240 - Cannot read IP mode file for STMicroelectronics.X-CUBE-MEMS1.9.3.0
2026-01-16 09:56:29,994 [WARN] PackLoader:240 - Cannot read IP mode file for STMicroelectronics.X-CUBE-AI.7.2.0
2026-01-16 09:56:30,012 [WARN] PackLoader:240 - Cannot read IP mode file for STMicroelectronics.X-CUBE-BLEMGR.3.1.0
2026-01-16 09:56:30,023 [WARN] PackLoader:240 - Cannot read IP mode file for STMicroelectronics.X-CUBE-AI.10.0.0
2026-01-16 09:56:30,040 [WARN] PackLoader:240 - Cannot read IP mode file for STMicroelectronics.FP-SNS-STBOX1.2.1.0
2026-01-16 09:56:30,054 [WARN] PackLoader:240 - Cannot read IP mode file for STMicroelectronics.FP-SNS-SMARTAG2.1.2.0
2026-01-16 09:56:30,062 [WARN] PackLoader:240 - Cannot read IP mode file for STMicroelectronics.FP-SNS-FLIGHT1.5.1.0
2026-01-16 09:56:30,164 [WARN] PackLoader:240 - Cannot read IP mode file for STMicroelectronics.X-CUBE-MEMS1.11.1.0
2026-01-16 09:56:30,427 [INFO] LogOutputStream:77 - [STDOUT_REDIRECT] 1 : Invalid condition id : UX_CORESTACK_Condition cause : null
2026-01-16 09:56:30,428 [INFO] LogOutputStream:77 - [STDOUT_REDIRECT] 1 : Invalid condition id : UX_CORESTACK_Condition cause : null
2026-01-16 09:56:30,432 [INFO] LogOutputStream:77 - [STDOUT_REDIRECT] 1 : Invalid condition id : UX_CORESTACK_Condition cause : null
2026-01-16 09:56:30,436 [INFO] LogOutputStream:77 - [STDOUT_REDIRECT] 1 : Invalid condition id : UX_CORESTACK_Condition cause : null
2026-01-16 09:56:30,441 [INFO] LogOutputStream:77 - [STDOUT_REDIRECT] 1 : Invalid condition id : UX_CORESTACK_Condition cause : null
2026-01-16 09:56:30,446 [WARN] PackLoader:240 - Cannot read IP mode file for STMicroelectronics.X-CUBE-AZRTOS-WL.2.0.0
2026-01-16 09:56:30,471 [WARN] PackLoader:240 - Cannot read IP mode file for STMicroelectronics.X-CUBE-ALGOBUILD.1.2.1
2026-01-16 09:56:30,477 [WARN] PackLoader:240 - Cannot read IP mode file for STMicroelectronics.FP-SNS-MOTENV1.5.0.0
2026-01-16 09:56:30,499 [INFO] WebApp:463 - Apply proxy settings
2026-01-16 09:56:30,500 [INFO] WebApp:548 - Chromium requires no authentication
2026-01-16 09:56:30,519 [WARN] PackLoader:240 - Cannot read IP mode file for STMicroelectronics.X-CUBE-AZRTOS-H7RS.1.2.0
2026-01-16 09:56:30,525 [INFO] WebApp:491 - Direct internet connection detected
2026-01-16 09:56:30,534 [WARN] PackLoader:240 - Cannot read IP mode file for wolfSSL.I-CUBE-wolfMQTT.1.19.0
2026-01-16 09:56:30,552 [WARN] PackLoader:240 - Cannot read IP mode file for WES.I-CUBE-Cesium.1.3.0
2026-01-16 09:56:30,559 [WARN] PackLoader:240 - Cannot read IP mode file for STMicroelectronics.X-CUBE-BLE2.3.3.0
2026-01-16 09:56:30,593 [INFO] WebApp:900 - Register for checkConnection events
2026-01-16 09:56:30,594 [INFO] WebApp:463 - Apply proxy settings
2026-01-16 09:56:30,594 [INFO] WebApp:548 - Chromium requires no authentication
2026-01-16 09:56:30,595 [INFO] WebApp:491 - Direct internet connection detected
2026-01-16 09:56:30,609 [WARN] PackLoader:240 - Cannot read IP mode file for STMicroelectronics.X-CUBE-DISPLAY.2.2.0
2026-01-16 09:56:30,629 [WARN] PackLoader:240 - Cannot read IP mode file for STMicroelectronics.X-CUBE-TOF1.3.2.0
2026-01-16 09:56:30,641 [WARN] PackLoader:240 - Cannot read IP mode file for STMicroelectronics.X-CUBE-TOUCHGFX.4.18.1
2026-01-16 09:56:30,648 [WARN] PackLoader:240 - Cannot read IP mode file for STMicroelectronics.X-CUBE-ISPU.1.0.0
2026-01-16 09:56:30,657 [WARN] PackLoader:240 - Cannot read IP mode file for wolfSSL.I-CUBE-wolfSSL.5.0.0
2026-01-16 09:56:30,667 [WARN] PackLoader:240 - Cannot read IP mode file for STMicroelectronics.X-CUBE-NFC9.1.0.0
2026-01-16 09:56:30,702 [WARN] PackLoader:240 - Cannot read IP mode file for STMicroelectronics.X-CUBE-AZRTOS-H7.2.1.0
2026-01-16 09:56:30,755 [WARN] PackLoader:240 - Cannot read IP mode file for STMicroelectronics.X-CUBE-BLE1.7.1.0
2026-01-16 09:56:30,768 [WARN] PackLoader:240 - Cannot read IP mode file for STMicroelectronics.X-CUBE-TCPP.4.1.0
2026-01-16 09:56:30,782 [WARN] PackLoader:240 - Cannot read IP mode file for STMicroelectronics.X-CUBE-FREERTOS.1.4.0
2026-01-16 09:56:30,795 [WARN] PackLoader:240 - Cannot read IP mode file for STMicroelectronics.X-CUBE-EEPRMA1.5.2.0
2026-01-16 09:56:30,804 [WARN] PackLoader:240 - Cannot read IP mode file for STMicroelectronics.X-CUBE-TOUCHGFX.4.21.1
2026-01-16 09:56:30,808 [WARN] PackLoader:240 - Cannot read IP mode file for STMicroelectronics.X-CUBE-TOUCHGFX.4.21.0
2026-01-16 09:56:30,813 [WARN] PackLoader:240 - Cannot read IP mode file for STMicroelectronics.X-CUBE-TOUCHGFX.4.21.3
2026-01-16 09:56:30,819 [WARN] PackLoader:240 - Cannot read IP mode file for STMicroelectronics.X-CUBE-TOUCHGFX.4.21.4
2026-01-16 09:56:30,889 [WARN] PackLoader:240 - Cannot read IP mode file for STMicroelectronics.X-CUBE-MEMS1.9.4.0
2026-01-16 09:56:31,111 [WARN] PackLoader:240 - Cannot read IP mode file for STMicroelectronics.X-CUBE-AI.7.3.0
2026-01-16 09:56:31,122 [WARN] PackLoader:240 - Cannot read IP mode file for STMicroelectronics.X-CUBE-ST67W61.1.1.0
2026-01-16 09:56:31,154 [INFO] WebApp:225 - Starting web application
2026-01-16 09:56:31,154 [INFO] WebApp:593 - Web application path used C:\ST\STM32CubeIDE_1.19.0\STM32CubeIDE\plugins\com.st.stm32cube.common.mx_6.15.0.202507011659\db\plugins\mcufinder\reactClient1\index.html
2026-01-16 09:56:31,239 [WARN] PackLoader:240 - Cannot read IP mode file for STMicroelectronics.X-CUBE-MEMS1.12.0.0
2026-01-16 09:56:31,238 [INFO] WebApp:191 - Connection restablished
2026-01-16 09:56:31,457 [WARN] PackLoader:240 - Cannot read IP mode file for STMicroelectronics.X-CUBE-ALGOBUILD.1.3.0
2026-01-16 09:56:31,491 [WARN] PackLoader:240 - Cannot read IP mode file for STMicroelectronics.X-CUBE-AZRTOS-G0.1.1.0
2026-01-16 09:56:31,505 [WARN] PackLoader:240 - Cannot read IP mode file for STMicroelectronics.X-CUBE-SAFEA1.1.2.2
2026-01-16 09:56:31,520 [WARN] PackLoader:240 - Cannot read IP mode file for STMicroelectronics.X-CUBE-NFC4.3.0.0
2026-01-16 09:56:31,599 [WARN] PackLoader:240 - Cannot read IP mode file for SEGGER.I-CUBE-embOS.1.2.0
2026-01-16 09:56:31,695 [WARN] PackLoader:240 - Cannot read IP mode file for wolfSSL.I-CUBE-wolfMQTT.1.18.0
2026-01-16 09:56:31,715 [WARN] PackLoader:240 - Cannot read IP mode file for EmbeddedOffice.I-CUBE-FS-RTOS.1.0.1
2026-01-16 09:56:31,731 [WARN] PackLoader:240 - Cannot read IP mode file for STMicroelectronics.X-CUBE-WB05N.2.0.0
2026-01-16 09:56:31,782 [WARN] PackLoader:240 - Cannot read IP mode file for STMicroelectronics.X-CUBE-BLEMGR.3.0.0
2026-01-16 09:56:31,808 [WARN] PackLoader:240 - Cannot read IP mode file for STMicroelectronics.X-CUBE-BLEMGR.1.3.0
2026-01-16 09:56:31,819 [WARN] PackLoader:240 - Cannot read IP mode file for STMicroelectronics.X-CUBE-TCPP.4.2.0
2026-01-16 09:56:31,833 [WARN] PackLoader:240 - Cannot read IP mode file for RealThread.X-CUBE-RT-Thread_Nano.4.1.1
2026-01-16 09:56:31,877 [WARN] PackLoader:240 - Cannot read IP mode file for STMicroelectronics.X-CUBE-AZRTOS-H7.2.0.0
2026-01-16 09:56:31,896 [WARN] PackLoader:240 - Cannot read IP mode file for STMicroelectronics.FP-ATR-SIGFOX1.3.2.0
2026-01-16 09:56:31,905 [WARN] ConditionMgr:438 - getConditionDescription Invalid condition id : Cortex-A Device cause : null
2026-01-16 09:56:31,939 [WARN] ConditionMgr:1044 - genDependencies : Invalid condition id : Cortex-A Device cause : null
2026-01-16 09:56:31,940 [WARN] ConditionMgr:1044 - genDependencies : Invalid condition id : Cortex-A Device cause : null
2026-01-16 09:56:31,940 [WARN] ConditionMgr:1044 - genDependencies : Invalid condition id : Cortex-A Device cause : null
2026-01-16 09:56:31,963 [WARN] PackLoader:240 - Cannot read IP mode file for STMicroelectronics.X-CUBE-EEPRMA1.5.1.0
2026-01-16 09:56:31,982 [WARN] PackLoader:240 - Cannot read IP mode file for emotas.I-CUBE-CANOPEN.1.1.2
2026-01-16 09:56:31,989 [WARN] PackLoader:240 - Cannot read IP mode file for STMicroelectronics.X-CUBE-TOUCHGFX.4.20.0
2026-01-16 09:56:32,166 [WARN] PackLoader:240 - Cannot read IP mode file for STMicroelectronics.X-CUBE-MEMS1.9.5.0
2026-01-16 09:56:32,386 [WARN] PackLoader:240 - Cannot read IP mode file for STMicroelectronics.X-CUBE-AI.10.2.0
2026-01-16 09:56:32,440 [WARN] PackLoader:240 - Cannot read IP mode file for SEGGER.I-CUBE-embOS.1.3.1
2026-01-16 09:56:32,499 [WARN] PackLoader:240 - Cannot read IP mode file for STMicroelectronics.X-CUBE-ALGOBUILD.1.4.0
2026-01-16 09:56:32,602 [WARN] PackLoader:240 - Cannot read IP mode file for STMicroelectronics.X-CUBE-MEMS1.11.3.0
2026-01-16 09:56:32,826 [WARN] PackLoader:240 - Cannot read IP mode file for STMicroelectronics.X-CUBE-DISPLAY.2.0.0
2026-01-16 09:56:32,833 [WARN] PackLoader:240 - Cannot read IP mode file for STMicroelectronics.X-CUBE-AI.9.1.0
2026-01-16 09:56:32,841 [WARN] PackLoader:240 - Cannot read IP mode file for STMicroelectronics.X-CUBE-PM33A1.1.0.0
2026-01-16 09:56:32,850 [WARN] PackLoader:240 - Cannot read IP mode file for STMicroelectronics.X-CUBE-GNSS1.6.0.0
2026-01-16 09:56:32,880 [WARN] PackLoader:240 - Cannot read IP mode file for STMicroelectronics.X-CUBE-AZRTOS-F4.1.1.0
2026-01-16 09:56:32,889 [WARN] PackLoader:240 - Cannot read IP mode file for STMicroelectronics.X-CUBE-ISPU.2.1.0
2026-01-16 09:56:32,914 [WARN] PackLoader:240 - Cannot read IP mode file for STMicroelectronics.X-CUBE-IPS.3.2.0
2026-01-16 09:56:32,938 [WARN] PackLoader:240 - Cannot read IP mode file for STMicroelectronics.X-CUBE-FREERTOS.1.2.0
2026-01-16 09:56:32,967 [WARN] PackLoader:240 - Cannot read IP mode file for STMicroelectronics.X-CUBE-NFC12.1.0.0
2026-01-16 09:56:32,990 [WARN] PackLoader:240 - Cannot read IP mode file for STMicroelectronics.X-CUBE-BLEMGR.1.2.0
2026-01-16 09:56:33,033 [WARN] PackLoader:240 - Cannot read IP mode file for STMicroelectronics.X-CUBE-AZRTOS-L5.2.0.0
2026-01-16 09:56:33,106 [WARN] PackLoader:240 - Cannot read IP mode file for STMicroelectronics.X-CUBE-MEMS1.9.6.0
2026-01-16 09:56:33,331 [WARN] PackLoader:240 - Cannot read IP mode file for STMicroelectronics.X-CUBE-EEPRMA1.4.2.0
2026-01-16 09:56:33,345 [WARN] PackLoader:240 - Cannot read IP mode file for STMicroelectronics.X-CUBE-NFC6.3.1.0
2026-01-16 09:56:33,361 [WARN] PackLoader:240 - Cannot read IP mode file for ITTIA_DB.I-CUBE-ITTIADB.8.8.0
2026-01-16 09:56:33,373 [WARN] PackLoader:240 - Cannot read IP mode file for STMicroelectronics.X-CUBE-BLEMGR.2.0.0
2026-01-16 09:56:33,385 [WARN] PackLoader:240 - Cannot read IP mode file for STMicroelectronics.X-CUBE-DPower.1.2.0
2026-01-16 09:56:33,394 [WARN] PackLoader:240 - Cannot read IP mode file for STMicroelectronics.X-CUBE-NFC4.2.0.5
2026-01-16 09:56:33,404 [WARN] PackLoader:240 - Cannot read IP mode file for STMicroelectronics.X-CUBE-NFC4.2.0.4
2026-01-16 09:56:33,414 [WARN] PackLoader:240 - Cannot read IP mode file for STMicroelectronics.X-CUBE-NFC4.2.0.3
2026-01-16 09:56:33,424 [WARN] PackLoader:240 - Cannot read IP mode file for STMicroelectronics.X-CUBE-AI.9.0.0
2026-01-16 09:56:33,465 [WARN] ConditionMgr:438 - getConditionDescription Invalid condition id : UX DEVICE CLASS RTOS Condition cause : null
2026-01-16 09:56:33,465 [WARN] ConditionMgr:438 - getConditionDescription Invalid condition id : UX DEVICE CLASS RTOS Condition cause : null
2026-01-16 09:56:33,471 [WARN] PackLoader:240 - Cannot read IP mode file for STMicroelectronics.X-CUBE-AZRTOS-H7.3.1.0
2026-01-16 09:56:33,473 [WARN] ConditionMgr:1044 - genDependencies : Invalid condition id : UX DEVICE CLASS RTOS Condition cause : null
2026-01-16 09:56:33,473 [WARN] ConditionMgr:1044 - genDependencies : Invalid condition id : UX DEVICE CLASS RTOS Condition cause : null
2026-01-16 09:56:33,474 [WARN] ConditionMgr:1044 - genDependencies : Invalid condition id : UX DEVICE CLASS RTOS Condition cause : null
2026-01-16 09:56:33,475 [WARN] ConditionMgr:1044 - genDependencies : Invalid condition id : UX DEVICE CLASS RTOS Condition cause : null
2026-01-16 09:56:33,475 [WARN] ConditionMgr:1044 - genDependencies : Invalid condition id : UX DEVICE CLASS RTOS Condition cause : null
2026-01-16 09:56:33,489 [WARN] PackLoader:240 - Cannot read IP mode file for STMicroelectronics.X-CUBE-SFXS2LP1.3.1.0
2026-01-16 09:56:33,518 [WARN] PackLoader:240 - Cannot read IP mode file for STMicroelectronics.X-CUBE-AZRTOS-F4.1.0.0
2026-01-16 09:56:33,529 [WARN] PackLoader:240 - Cannot read IP mode file for STMicroelectronics.X-CUBE-TOF1.2.0.0
2026-01-16 09:56:33,530 [INFO] UserAuth:487 - Internet connection configuration mode: 1
2026-01-16 09:56:33,540 [WARN] PackLoader:240 - Cannot read IP mode file for STMicroelectronics.X-CUBE-FREERTOS.1.3.1
2026-01-16 09:56:33,550 [WARN] PackLoader:240 - Cannot read IP mode file for STMicroelectronics.X-CUBE-FREERTOS.1.3.0
2026-01-16 09:56:33,562 [WARN] PackLoader:240 - Cannot read IP mode file for STMicroelectronics.X-CUBE-NFC7.1.0.1
2026-01-16 09:56:33,572 [WARN] PackLoader:240 - Cannot read IP mode file for STMicroelectronics.X-CUBE-NFC7.1.0.0
2026-01-16 09:56:33,587 [WARN] PackLoader:240 - Cannot read IP mode file for wolfSSL.I-CUBE-wolfTPM.3.2.0
2026-01-16 09:56:33,594 [WARN] PackLoader:240 - Cannot read IP mode file for STMicroelectronics.X-CUBE-TOUCHGFX.4.26.0
2026-01-16 09:56:33,606 [WARN] PackLoader:240 - Cannot read IP mode file for STMicroelectronics.X-CUBE-NFC6.3.0.0
2026-01-16 09:56:33,623 [WARN] PackLoader:240 - Cannot read IP mode file for STMicroelectronics.X-CUBE-EEPRMA1.4.1.0
2026-01-16 09:56:33,637 [WARN] PackLoader:240 - Cannot read IP mode file for STMicroelectronics.FP-SNS-STAIOTCFT.1.0.0
2026-01-16 09:56:33,650 [WARN] PackLoader:240 - Cannot read IP mode file for STMicroelectronics.X-CUBE-DPower.1.3.0
2026-01-16 09:56:33,657 [WARN] PackLoader:240 - Cannot read IP mode file for STMicroelectronics.X-CUBE-AI.8.1.0
2026-01-16 09:56:33,689 [WARN] ConditionMgr:438 - getConditionDescription Invalid condition id : LAN8742 Phy interface Condition cause : null
2026-01-16 09:56:33,690 [WARN] PackLoader:240 - Cannot read IP mode file for STMicroelectronics.X-CUBE-AZRTOS-L4.2.0.0
2026-01-16 09:56:33,694 [WARN] ConditionMgr:1044 - genDependencies : Invalid condition id : LAN8742 Phy interface Condition cause : null
2026-01-16 09:56:33,694 [WARN] ConditionMgr:1044 - genDependencies : Invalid condition id : LAN8742 Phy interface Condition cause : null
2026-01-16 09:56:33,695 [WARN] ConditionMgr:1044 - genDependencies : Invalid condition id : LAN8742 Phy interface Condition cause : null
2026-01-16 09:56:33,715 [WARN] PackLoader:240 - Cannot read IP mode file for STMicroelectronics.X-CUBE-SFXS2LP1.4.0.0
2026-01-16 09:56:33,750 [WARN] PackLoader:240 - Cannot read IP mode file for STMicroelectronics.X-CUBE-AZRTOS-H7.3.0.0
2026-01-16 09:56:33,764 [WARN] PackLoader:240 - Cannot read IP mode file for STMicroelectronics.X-CUBE-ST67W61.1.2.0
2026-01-16 09:56:33,772 [WARN] PackLoader:240 - Cannot read IP mode file for STMicroelectronics.X-CUBE-ISPU.1.1.0
2026-01-16 09:56:33,805 [WARN] PackLoader:240 - Cannot read IP mode file for STMicroelectronics.X-CUBE-AZRTOS-H7.3.3.0
2026-01-16 09:56:33,822 [WARN] PackLoader:240 - Cannot read IP mode file for RoweBots.I-CUBE-UNISONRTOS.5.5.0-4
2026-01-16 09:56:33,839 [WARN] PackLoader:240 - Cannot read IP mode file for STMicroelectronics.X-CUBE-BLEMGR.4.1.0
2026-01-16 09:56:33,849 [WARN] PackLoader:240 - Cannot read IP mode file for STMicroelectronics.X-CUBE-AI.8.0.0
2026-01-16 09:56:33,862 [WARN] PackLoader:240 - Cannot read IP mode file for STMicroelectronics.X-CUBE-IPS.3.0.0
2026-01-16 09:56:33,887 [WARN] ConditionMgr:438 - getConditionDescription Invalid condition id : UX DEVICE CLASS RTOS Condition cause : null
2026-01-16 09:56:33,888 [WARN] ConditionMgr:438 - getConditionDescription Invalid condition id : UX DEVICE CLASS RTOS Condition cause : null
2026-01-16 09:56:33,891 [WARN] PackLoader:240 - Cannot read IP mode file for STMicroelectronics.X-CUBE-AZRTOS-WB.2.0.0
2026-01-16 09:56:33,892 [WARN] ConditionMgr:1044 - genDependencies : Invalid condition id : UX DEVICE CLASS RTOS Condition cause : null
2026-01-16 09:56:33,892 [WARN] ConditionMgr:1044 - genDependencies : Invalid condition id : UX DEVICE CLASS RTOS Condition cause : null
2026-01-16 09:56:33,893 [WARN] ConditionMgr:1044 - genDependencies : Invalid condition id : UX DEVICE CLASS RTOS Condition cause : null
2026-01-16 09:56:33,893 [WARN] ConditionMgr:1044 - genDependencies : Invalid condition id : UX DEVICE CLASS RTOS Condition cause : null
2026-01-16 09:56:33,893 [WARN] ConditionMgr:1044 - genDependencies : Invalid condition id : UX DEVICE CLASS RTOS Condition cause : null
2026-01-16 09:56:33,901 [WARN] PackLoader:240 - Cannot read IP mode file for STMicroelectronics.X-CUBE-FREERTOS.1.0.0
2026-01-16 09:56:33,908 [WARN] PackLoader:240 - Cannot read IP mode file for STMicroelectronics.X-CUBE-FREERTOS.1.0.1
2026-01-16 09:56:33,915 [WARN] PackLoader:240 - Cannot read IP mode file for STMicroelectronics.X-CUBE-GNSS1.7.0.0
2026-01-16 09:56:33,925 [WARN] PackLoader:240 - Cannot read IP mode file for STMicroelectronics.X-CUBE-GNSS1.7.0.1
2026-01-16 09:56:33,937 [WARN] PackLoader:240 - Cannot read IP mode file for STMicroelectronics.FP-SNS-STBOX1.2.0.0
2026-01-16 09:56:33,963 [WARN] PackLoader:240 - Cannot read IP mode file for STMicroelectronics.X-CUBE-AZRTOS-L5.1.1.0
2026-01-16 09:56:33,971 [WARN] PackLoader:240 - Cannot read IP mode file for STMicroelectronics.X-CUBE-AI.8.0.1
2026-01-16 09:56:33,987 [WARN] PackLoader:240 - Cannot read IP mode file for STMicroelectronics.X-CUBE-SUBG2.5.0.0
2026-01-16 09:56:34,026 [WARN] PackLoader:240 - Cannot read IP mode file for STMicroelectronics.X-CUBE-AZRTOS-H7RS.1.1.0
2026-01-16 09:56:34,053 [WARN] PackLoader:240 - Cannot read IP mode file for STMicroelectronics.X-CUBE-AZRTOS-G4.2.0.0
2026-01-16 09:56:34,071 [WARN] PackLoader:240 - Cannot read IP mode file for STMicroelectronics.X-CUBE-TOF1.3.3.0
2026-01-16 09:56:34,088 [WARN] PackLoader:240 - Cannot read IP mode file for STMicroelectronics.FP-ATR-ASTRA1.1.1.1
2026-01-16 09:56:34,110 [WARN] PackLoader:240 - Cannot read IP mode file for Infineon.AIROC-Wi-Fi-Bluetooth-STM32.1.5.1
2026-01-16 09:56:34,121 [WARN] PackLoader:240 - Cannot read IP mode file for STMicroelectronics.X-CUBE-NFC7.2.0.0
2026-01-16 09:56:34,128 [WARN] PackLoader:240 - Cannot read IP mode file for STMicroelectronics.FP-SNS-MOTENVWB1.1.3.1
2026-01-16 09:56:34,150 [WARN] PackLoader:240 - Cannot read IP mode file for STMicroelectronics.X-CUBE-AZRTOS-G4.1.0.0
2026-01-16 09:56:34,191 [WARN] PackLoader:240 - Cannot read IP mode file for STMicroelectronics.X-CUBE-AZRTOS-L4.1.0.0
2026-01-16 09:56:34,204 [WARN] PackLoader:240 - Cannot read IP mode file for STMicroelectronics.X-CUBE-ISPU.2.0.0
2026-01-16 09:56:34,223 [WARN] PackLoader:240 - Cannot read IP mode file for STMicroelectronics.X-CUBE-IPS.3.1.0
2026-01-16 09:56:34,241 [WARN] PackLoader:240 - Cannot read IP mode file for STMicroelectronics.X-CUBE-ALS.1.0.2
2026-01-16 09:56:34,301 [WARN] PackLoader:240 - Cannot read IP mode file for STMicroelectronics.X-CUBE-MEMS1.10.0.0
2026-01-16 09:56:34,527 [WARN] PackLoader:240 - Cannot read IP mode file for STMicroelectronics.X-CUBE-FREERTOS.1.1.0
2026-01-16 09:56:34,533 [WARN] PackLoader:240 - Cannot read IP mode file for STMicroelectronics.X-CUBE-TOUCHGFX.4.24.0
2026-01-16 09:56:34,558 [WARN] PackLoader:240 - Cannot read IP mode file for STMicroelectronics.X-CUBE-AZRTOS-F7.1.0.0
2026-01-16 09:56:34,568 [WARN] PackLoader:240 - Cannot read IP mode file for STMicroelectronics.X-CUBE-TOUCHGFX.4.24.2
2026-01-16 09:56:34,584 [WARN] PackLoader:240 - Cannot read IP mode file for STMicroelectronics.X-CUBE-AZRTOS-WL.1.0.0
2026-01-16 09:56:34,590 [WARN] PackLoader:240 - Cannot read IP mode file for STMicroelectronics.X-CUBE-TOUCHGFX.4.24.1
2026-01-16 09:56:34,600 [WARN] PackLoader:240 - Cannot read IP mode file for STMicroelectronics.X-CUBE-STSE01.1.0.0
2026-01-16 09:56:34,651 [WARN] PackLoader:240 - Cannot read IP mode file for STMicroelectronics.X-CUBE-MEMS1.9.1.0
2026-01-16 09:56:34,821 [WARN] PackLoader:240 - Cannot read IP mode file for portGmbH.I-Cube-SoM-uGOAL.1.1.0
2026-01-16 09:56:34,828 [WARN] PackLoader:240 - Cannot read IP mode file for STMicroelectronics.X-CUBE-ALS.1.0.1
2026-01-16 09:56:34,834 [WARN] PackLoader:240 - Cannot read IP mode file for STMicroelectronics.X-CUBE-AI.7.0.0
2026-01-16 09:56:34,866 [WARN] PackLoader:240 - Cannot read IP mode file for STMicroelectronics.X-CUBE-AZRTOS-WB.1.1.0
2026-01-16 09:56:34,890 [WARN] PackLoader:240 - Cannot read IP mode file for STMicroelectronics.X-CUBE-AZRTOS-L5.1.0.0
2026-01-16 09:56:34,899 [WARN] PackLoader:240 - Cannot read IP mode file for STMicroelectronics.X-CUBE-EEPRMA1.3.1.0
2026-01-16 09:56:34,908 [WARN] PackLoader:240 - Cannot read IP mode file for STMicroelectronics.X-CUBE-EEPRMA1.3.1.1
2026-01-16 09:56:34,938 [WARN] PackLoader:240 - Cannot read IP mode file for STMicroelectronics.X-CUBE-AZRTOS-H7RS.1.0.0
2026-01-16 09:56:34,953 [WARN] PackLoader:240 - Cannot read IP mode file for STMicroelectronics.X-CUBE-GNSS1.5.2.0
2026-01-16 09:56:34,959 [WARN] PackLoader:240 - Cannot read IP mode file for STMicroelectronics.FP-ATR-ASTRA1.2.0.0
2026-01-16 09:56:34,976 [WARN] PackLoader:240 - Cannot read IP mode file for STMicroelectronics.X-CUBE-TOF1.3.4.2
2026-01-16 09:56:35,011 [WARN] PackLoader:240 - Cannot read IP mode file for STMicroelectronics.X-CUBE-TOF1.3.4.3
2026-01-16 09:56:35,047 [WARN] PackLoader:240 - Cannot read IP mode file for STMicroelectronics.X-CUBE-TOF1.3.4.0
2026-01-16 09:56:35,081 [WARN] PackLoader:240 - Cannot read IP mode file for STMicroelectronics.X-CUBE-TOF1.3.4.1
2026-01-16 09:56:35,122 [WARN] PackLoader:240 - Cannot read IP mode file for STMicroelectronics.X-CUBE-AZRTOS-H7.3.2.0
2026-01-16 09:56:35,159 [WARN] PackLoader:240 - Cannot read IP mode file for wolfSSL.I-CUBE-wolfSSH.1.4.17
2026-01-16 09:56:35,160 [INFO] ThirdParty:978 - Integrity check success = true
2026-01-16 09:56:35,161 [INFO] IntegrityCheckThread:100 - exiting critical section [integrity check]
2026-01-16 09:56:35,161 [INFO] IntegrityCheckThread:103 - End integrity checks thread
2026-01-16 10:00:31,314 [INFO] McuFinderGlobals:63 - Set McuFinder mode to 2 (CubeIDE integrated)
2026-01-16 10:00:31,322 [INFO] MainUpdater:2872 - connection check result : 10
2026-01-16 10:00:31,324 [INFO] MainUpdater:2872 - connection check result : 10
2026-01-16 10:00:31,383 [INFO] MicroXplorer:468 - Change Database Path : 
2026-01-16 10:00:31,383 [INFO] MicroXplorer:498 - Change Database Version : DB.6.0.150
2026-01-16 10:00:31,391 [WARN] ThirdParty:871 - waiting for thirdparty lock release [close project]
2026-01-16 10:00:31,391 [INFO] ThirdParty:873 - entering critical section [close project]
2026-01-16 10:00:31,392 [INFO] ThirdParty:883 - exiting critical section [close project]
2026-01-16 10:00:31,397 [INFO] PinOutPanel:1589 - setPackage(No Configuration,No Configuration)
2026-01-16 10:00:31,399 [INFO] UtilMem:75 - Begin LoadConfig() Used Memory: 932476112 Bytes (1073741824)
2026-01-16 10:00:31,402 [INFO] MicroXplorer:468 - Change Database Path : 
2026-01-16 10:00:31,403 [INFO] MicroXplorer:498 - Change Database Version : DB.6.0.150
2026-01-16 10:00:31,403 [INFO] OpenFileManager:355 - Change cursor
2026-01-16 10:00:31,528 [INFO] Mcu:2029 - Initializing MCU STM32G491R(C-E)Tx STM32G491RETx STM32G491RET3
2026-01-16 10:00:39,602 [INFO] Context:786 - Trying to add GPIOservice into a context  which must be forbidden
2026-01-16 10:00:41,449 [INFO] ImportTextPane:234 - (OptionalMessage_ERROR) Pin28 (VP_RIF_VS_RIF1) cannot be retrieved for this MCU
2026-01-16 10:00:41,918 [INFO] RtosManager:558 - Registered RTOS mode: class=CMSIS, group=RTOS, mode=CMSIS_V1, owner=FREERTOS
2026-01-16 10:00:41,918 [INFO] RtosManager:558 - Registered RTOS mode: class=CMSIS, group=RTOS2, mode=CMSIS_V2, owner=FREERTOS
2026-01-16 10:00:41,919 [INFO] RtosManager:558 - Registered RTOS mode: class=RTOS, group=Core, mode=CMSIS_V1, owner=FREERTOS
2026-01-16 10:00:41,919 [INFO] RtosManager:558 - Registered RTOS mode: class=RTOS, group=Core, mode=CMSIS_V2, owner=FREERTOS
2026-01-16 10:00:41,919 [WARN] ModelIntegratedComponent:184 - Missing modes for component STMicroelectronics:FreeRTOS:0.0.1:STMicroelectronics:RTOS:FreeRTOS:Core:::10.2.0:
2026-01-16 10:00:41,931 [WARN] ModelIntegratedComponent:63 - No mode defined for component null
2026-01-16 10:00:41,931 [WARN] ModelIntegratedComponent:63 - No mode defined for component null
2026-01-16 10:00:41,931 [WARN] ModelIntegratedComponent:63 - No mode defined for component null
2026-01-16 10:00:41,932 [WARN] ModelIntegratedComponent:63 - No mode defined for component null
2026-01-16 10:00:41,932 [WARN] ModelIntegratedComponent:63 - No mode defined for component null
2026-01-16 10:00:41,932 [WARN] ModelIntegratedComponent:63 - No mode defined for component null
2026-01-16 10:00:41,932 [WARN] ModelIntegratedComponent:63 - No mode defined for component null
2026-01-16 10:00:41,932 [WARN] ModelIntegratedComponent:63 - No mode defined for component null
2026-01-16 10:00:41,932 [WARN] ModelIntegratedComponent:63 - No mode defined for component null
2026-01-16 10:00:41,932 [WARN] ModelIntegratedComponent:63 - No mode defined for component null
2026-01-16 10:00:41,932 [WARN] ModelIntegratedComponent:63 - No mode defined for component null
2026-01-16 10:00:41,932 [WARN] ModelIntegratedComponent:63 - No mode defined for component null
2026-01-16 10:00:41,932 [WARN] ModelIntegratedComponent:63 - No mode defined for component null
2026-01-16 10:00:41,933 [WARN] ModelIntegratedComponent:63 - No mode defined for component null
2026-01-16 10:00:41,933 [WARN] ModelIntegratedComponent:63 - No mode defined for component null
2026-01-16 10:00:41,933 [WARN] ModelIntegratedComponent:63 - No mode defined for component null
2026-01-16 10:00:41,933 [WARN] ModelIntegratedComponent:63 - No mode defined for component null
2026-01-16 10:00:41,933 [WARN] ModelIntegratedComponent:63 - No mode defined for component null
2026-01-16 10:00:41,933 [WARN] ModelIntegratedComponent:63 - No mode defined for component null
2026-01-16 10:00:41,933 [WARN] ModelIntegratedComponent:63 - No mode defined for component null
2026-01-16 10:00:41,933 [WARN] ModelIntegratedComponent:63 - No mode defined for component null
2026-01-16 10:00:41,933 [WARN] ModelIntegratedComponent:63 - No mode defined for component null
2026-01-16 10:00:41,934 [WARN] ModelIntegratedComponent:63 - No mode defined for component null
2026-01-16 10:00:41,934 [WARN] ModelIntegratedComponent:63 - No mode defined for component null
2026-01-16 10:00:41,934 [WARN] ModelIntegratedComponent:63 - No mode defined for component null
2026-01-16 10:00:41,934 [WARN] ModelIntegratedComponent:63 - No mode defined for component null
2026-01-16 10:00:41,934 [WARN] ModelIntegratedComponent:63 - No mode defined for component null
2026-01-16 10:00:41,934 [WARN] ModelIntegratedComponent:63 - No mode defined for component null
2026-01-16 10:00:41,934 [WARN] ModelIntegratedComponent:63 - No mode defined for component null
2026-01-16 10:00:41,935 [WARN] ModelIntegratedComponent:63 - No mode defined for component null
2026-01-16 10:00:41,935 [WARN] ModelIntegratedComponent:63 - No mode defined for component null
2026-01-16 10:00:41,935 [WARN] ModelIntegratedComponent:63 - No mode defined for component null
2026-01-16 10:00:41,935 [WARN] ModelIntegratedComponent:63 - No mode defined for component null
2026-01-16 10:00:41,935 [WARN] ModelIntegratedComponent:63 - No mode defined for component null
2026-01-16 10:00:41,935 [WARN] ModelIntegratedComponent:63 - No mode defined for component null
2026-01-16 10:00:41,935 [WARN] ModelPack:524 - Component already loaded: STMicroelectronics:HAL Drivers:0.0.0:STMicroelectronics:Device:STMicro_Driver:XSPI:HAL::0.0.1:HAL_XSPI
2026-01-16 10:00:43,107 [INFO] ThirdPartyModel:298 - Start build external matchings
2026-01-16 10:01:16,888 [INFO] ThirdPartyModel:316 - End build external matchings
2026-01-16 10:01:17,683 [INFO] ImportTextPane:234 - (OptionalMessage_ERROR) IP (ADC1) : Parameter (CommonPathInternal) has invalid value (null|null|null|null)
2026-01-16 10:01:17,683 [INFO] ImportTextPane:234 - (OptionalMessage_ERROR) IP (DMA) : Parameter (Instance) has Id (ADC1) currently not set
2026-01-16 10:01:17,684 [INFO] ImportTextPane:234 - (OptionalMessage_ERROR) IP (DMA) : Parameter (Request) has Id (ADC1) currently not set
2026-01-16 10:01:17,684 [INFO] ImportTextPane:234 - (OptionalMessage_ERROR) IP (DMA) : Parameter (Direction) has Id (ADC1) currently not set
2026-01-16 10:01:17,685 [INFO] ImportTextPane:234 - (OptionalMessage_ERROR) IP (DMA) : Parameter (PeriphInc) has Id (ADC1) currently not set
2026-01-16 10:01:17,685 [INFO] ImportTextPane:234 - (OptionalMessage_ERROR) IP (DMA) : Parameter (MemInc) has Id (ADC1) currently not set
2026-01-16 10:01:17,688 [INFO] ImportTextPane:234 - (OptionalMessage_ERROR) IP (DMA) : Parameter (PeriphDataAlignment) has Id (ADC1) currently not set
2026-01-16 10:01:17,691 [INFO] ImportTextPane:234 - (OptionalMessage_ERROR) IP (DMA) : Parameter (MemDataAlignment) has Id (ADC1) currently not set
2026-01-16 10:01:17,691 [INFO] ImportTextPane:234 - (OptionalMessage_ERROR) IP (DMA) : Parameter (Mode) has Id (ADC1) currently not set
2026-01-16 10:01:17,692 [INFO] ImportTextPane:234 - (OptionalMessage_ERROR) IP (DMA) : Parameter (Priority) has Id (ADC1) currently not set
2026-01-16 10:01:17,693 [INFO] ImportTextPane:234 - (OptionalMessage_ERROR) IP (DMA) : Parameter (SignalID) has Id (ADC1) currently not set
2026-01-16 10:01:17,693 [INFO] ImportTextPane:234 - (OptionalMessage_ERROR) IP (DMA) : Parameter (Polarity) has Id (ADC1) currently not set
2026-01-16 10:01:17,694 [INFO] ImportTextPane:234 - (OptionalMessage_ERROR) IP (DMA) : Parameter (RequestNumber) has Id (ADC1) currently not set
2026-01-16 10:01:17,694 [INFO] ImportTextPane:234 - (OptionalMessage_ERROR) IP (DMA) : Parameter (SyncSignalID) has Id (ADC1) currently not set
2026-01-16 10:01:17,694 [INFO] ImportTextPane:234 - (OptionalMessage_ERROR) IP (DMA) : Parameter (SyncPolarity) has Id (ADC1) currently not set
2026-01-16 10:01:17,695 [INFO] ImportTextPane:234 - (OptionalMessage_ERROR) IP (DMA) : Parameter (SyncEnable) has Id (ADC1) currently not set
2026-01-16 10:01:17,695 [INFO] ImportTextPane:234 - (OptionalMessage_ERROR) IP (DMA) : Parameter (EventEnable) has Id (ADC1) currently not set
2026-01-16 10:01:17,696 [INFO] ImportTextPane:234 - (OptionalMessage_ERROR) IP (DMA) : Parameter (SyncRequestNumber) has Id (ADC1) currently not set
2026-01-16 10:01:17,700 [INFO] ImportTextPane:234 - (OptionalMessage_ERROR) IP (RCC) : Invalid parameter (FamilyName)
2026-01-16 10:01:20,226 [INFO] ApiDb:581 - Connected to CubeFinder SQLite database (C:\Users\ivanp\.stmcufinder\plugins\mcufinder\mcu\cube-finder-db.db)
2026-01-16 10:01:20,669 [INFO] ApiDb:668 - CubeFinder database Data Model version=2.1
2026-01-16 10:01:20,670 [INFO] ApiDb:669 - CubeFinder database Configuration version=3.0.39
2026-01-16 10:01:20,675 [INFO] ApiDb:670 - CubeFinder database generation date=2025-10-27 (1761571959)
2026-01-16 10:01:20,676 [INFO] ApiDb:671 - CubeFinder database FW Pack versions=[FP-ATR-ASTRA1_V2.0.0, FP-SNS-FLIGHT1_V5.1.0, FP-SNS-MOTENV1_V5.0.0, FP-SNS-MOTENVWB1_V1.4.0, FP-SNS-SMARTAG2_V1.2.0, FP-SNS-STBOX1_V2.1.0, STM32Cube_FW_C0_V1.4.0, STM32Cube_FW_F4_V1.28.3, STM32Cube_FW_F7_V1.17.4, STM32Cube_FW_G0_V1.6.2, STM32Cube_FW_G4_V1.6.1, STM32Cube_FW_H5_V1.5.0, STM32Cube_FW_H7RS_V1.2.0, STM32Cube_FW_H7_V1.12.1, STM32Cube_FW_L0_V1.12.2, STM32Cube_FW_L4_V1.18.1, STM32Cube_FW_L5_V1.5.1, STM32Cube_FW_N6_V1.2.0, STM32Cube_FW_U0_V1.3.0, STM32Cube_FW_U3_V1.2.1, STM32Cube_FW_U5_V1.8.0, STM32Cube_FW_WB0_V1.3.0, STM32Cube_FW_WBA_V1.7.0, STM32Cube_FW_WB_V1.23.0, STM32Cube_FW_WL3_V1.2.0, STM32Cube_FW_WL_V1.3.1, X-CUBE-ALGOBUILD_V1.4.0, X-CUBE-ALS_V1.0.2, X-CUBE-AZRTOS-F4_V1.1.0, X-CUBE-AZRTOS-F7_V1.1.0, X-CUBE-AZRTOS-G0_V1.1.0, X-CUBE-AZRTOS-G4_V2.0.0, X-CUBE-AZRTOS-H7RS_V1.1.0, X-CUBE-AZRTOS-H7_V3.4.0, X-CUBE-AZRTOS-L4_V2.0.0, X-CUBE-AZRTOS-L5_V2.0.0, X-CUBE-AZRTOS-WB_V2.0.0, X-CUBE-AZRTOS-WL_V2.0.0, X-CUBE-BLE1_V7.1.0, X-CUBE-BLE2_V3.3.0, X-CUBE-BLEMGR_V4.1.0, X-CUBE-EEPRMA1_V5.2.0, X-CUBE-FREERTOS_V1.3.1, X-CUBE-GNSS1_V6.0.0, X-CUBE-MEMS1_V11.3.0, X-CUBE-NFC4_V3.0.0, X-CUBE-NFC7_V2.0.0, X-CUBE-SFXS2LP1_V4.0.0, X-CUBE-ST67W61_V1.1.0, X-CUBE-SUBG2_V5.0.0, X-CUBE-TOF1_V3.4.3]
2026-01-16 10:01:21,102 [INFO] DbBoardsSqlite:226 - include board P-NUCLEO-WB55-NUCLEO as a kit item of type 'Nucleo-64'
2026-01-16 10:01:21,103 [INFO] DbBoardsSqlite:226 - include board P-NUCLEO-WB55-USBDONGLE as a kit item of type 'Nucleo USB Dongle'
2026-01-16 10:01:21,105 [INFO] DbBoardsSqlite:226 - include board STEVAL-IDP005V1 as a kit item of type 'Evaluation Board'
2026-01-16 10:01:21,107 [INFO] DbBoardsSqlite:226 - include board STEVAL-IDP005V2 as a kit item of type 'Evaluation Board'
2026-01-16 10:01:23,150 [INFO] ApiDb:240 - Found 880 in-development CPN: [B-G473E-ZEST1S, B-WB1M-WPAN1, B-WBA5M-WPAN, B-WL5M-SUBG1, NUCLEO-C031C6, NUCLEO-C051C8, NUCLEO-C071RB, NUCLEO-C092RC, NUCLEO-H503RB, NUCLEO-H533RE, NUCLEO-H563ZI, NUCLEO-H7S3L8, NUCLEO-N657X0-Q, NUCLEO-U031R8, NUCLEO-U083RC, NUCLEO-U385RG-Q, NUCLEO-U545RE-Q, NUCLEO-U5A5ZJ-Q, NUCLEO-WB05KZ, NUCLEO-WB07CC, NUCLEO-WB09KE, NUCLEO-WBA52CG, NUCLEO-WBA55CG, NUCLEO-WL33CC1, NUCLEO-WL33CC2, STEVAL-PROTEUS1, STEVAL-SMARTAG2, STEVAL-STWINBX1, STM320518-EVAL, STM32C0116-DK, STM32C011D6Y3TR, STM32C011D6Y6TR, STM32C011F4P3, STM32C011F4P6, STM32C011F4U3, STM32C011F4U6TR, STM32C011F6P3, STM32C011F6P6, STM32C011F6U3, STM32C011F6U6TR, STM32C011J4M3, STM32C011J4M6, STM32C011J6M3, STM32C011J6M6, STM32C0316-DK, STM32C031C4T3, STM32C031C4T6, STM32C031C4U3, STM32C031C4U6, STM32C031C6T3, STM32C031C6T6, STM32C031C6U3, STM32C031C6U6, STM32C031F4P3, STM32C031F4P6, STM32C031F6P3, STM32C031F6P6, STM32C031G4U3, STM32C031G4U6, STM32C031G6U3, STM32C031G6U6, STM32C031K4T3, STM32C031K4T6, STM32C031K4U3, STM32C031K4U6, STM32C031K6T3, STM32C031K6T6, STM32C031K6U3, STM32C031K6U6, STM32C051C6T6, STM32C051C6U6, STM32C051C8T6, STM32C051C8U6, STM32C051D8Y6TR, STM32C051F6P6, STM32C051F8P6, STM32C051G6U6, STM32C051G8U6, STM32C051K6T6, STM32C051K6U6, STM32C051K8T6, STM32C071C8T6, STM32C071C8T6N, STM32C071C8U6, STM32C071C8U6N, STM32C071CBT6, STM32C071CBT6N, STM32C071CBU6, STM32C071CBU6N, STM32C071F8P6, STM32C071F8P6N, STM32C071FBP6, STM32C071FBP6N, STM32C071FBY6TR, STM32C071G8U6, STM32C071G8U6N, STM32C071GBU6, STM32C071GBU6N, STM32C071K8T6, STM32C071K8T6N, STM32C071K8U6, STM32C071K8U6N, STM32C071KBT6, STM32C071KBT6N, STM32C071KBU6, STM32C071KBU6N, STM32C071R8T6, STM32C071R8T6N, STM32C071RBI6N, STM32C071RBT6, STM32C071RBT6N, STM32C091CBT6, STM32C091CBU6, STM32C091CCT6, STM32C091CCU6, STM32C091ECY6TR, STM32C091FBP6, STM32C091FCP6, STM32C091GBU6, STM32C091GCU6, STM32C091KBT6, STM32C091KBU6, STM32C091KCT6, STM32C091KCU6, STM32C091RBT6, STM32C091RCI6, STM32C091RCT6, STM32C092CBT6, STM32C092CBU6, STM32C092CCT6, STM32C092CCU6, STM32C092ECY6TR, STM32C092FBP6, STM32C092FCP6, STM32C092GBU6, STM32C092GCU6, STM32C092KBT6, STM32C092KBU6, STM32C092KCT6, STM32C092KCU6, STM32C092RBT6, STM32C092RCI6, STM32C092RCT6, STM32G071K8TXN, STM32G071K8UXN, STM32G081GBU6N, STM32G081KBT6N, STM32G081KBUXN, STM32G0B1CCT6N, STM32G0B1KCT6, STM32G0B1NEY6TR, STM32G0B1RCT6N, STM32G0C1CCT6, STM32G0C1CCT6N, STM32G0C1CCU6N, STM32G0C1CET6N, STM32G0C1CEU6N, STM32G0C1KCT6, STM32G0C1NEY6TR, STM32G0C1RCI6N, STM32G0C1RCT6N, STM32G0C1REI6N, STM32G0C1RET6N, STM32G0C1VCI6, STM32G0C1VEI6, STM32G411C6T3, STM32G411C6T6, STM32G411C6U3, STM32G411C6U6, STM32G411C8T3, STM32G411C8T6, STM32G411C8U3, STM32G411C8U6, STM32G411CBT3, STM32G411CBT6, STM32G411CBU3, STM32G411CBU6, STM32G411K6T3, STM32G411K6T6, STM32G411K6U3, STM32G411K6U6, STM32G411K8T3, STM32G411K8T6, STM32G411K8U3, STM32G411K8U6, STM32G411KBT3, STM32G411KBT6, STM32G411KBU3, STM32G411KBU6, STM32G411M6T3, STM32G411M6T6, STM32G411M8T3, STM32G411M8T6, STM32G411MBT3, STM32G411MBT6, STM32G411R6T3, STM32G411R6T6, STM32G411R8T3, STM32G411R8T6, STM32G411RBT3, STM32G411RBT6, STM32G414CBT3, STM32G414CBT6, STM32G414CBU3, STM32G414CBU6, STM32G414CCT3, STM32G414CCT6, STM32G414CCU3, STM32G414CCU6, STM32G414MBT3, STM32G414MBT6, STM32G414MCT3, STM32G414MCT6, STM32G414RBT3, STM32G414RBT6, STM32G414RCT3, STM32G414RCT6, STM32G414VBT3, STM32G414VBT6, STM32G414VCT3, STM32G414VCT6, STM32G431CBT3Z, STM32G431RBT3Z, STM32G471CCT6, STM32G471CCU6, STM32G471CET3, STM32G471CET6, STM32G471CEU3, STM32G471CEU6, STM32G471MCT6, STM32G471MET3, STM32G471MET6, STM32G471MEY6TR, STM32G471QCT6, STM32G471QET3, STM32G471RCT6, STM32G471RET3, STM32G471RET6, STM32G471VCH6, STM32G471VCI6, STM32G471VCT6, STM32G471VEH3, STM32G471VEH6, STM32G471VEI3, STM32G471VEI6, STM32G471VET3, STM32G471VET6, STM32G473QET3Z, STM32G473RET3Z, STM32G474CCT6, STM32G491RET3Z, STM32H503CBT6, STM32H503CBU6, STM32H503EBY6TR, STM32H503KBU6, STM32H503RBT6, STM32H523CCT6, STM32H523CCU6, STM32H523CET6, STM32H523CEU6, STM32H523HEY6TR, STM32H523RCT6, STM32H523RET6, STM32H523VCI6, STM32H523VCT6, STM32H523VEI6, STM32H523VET6, STM32H523ZCJ6, STM32H523ZCT6, STM32H523ZEJ6, STM32H523ZET6, STM32H533CET6, STM32H533CEU6, STM32H533HEY6TR, STM32H533RET6, STM32H533VEI6, STM32H533VET6, STM32H533ZEJ6, STM32H533ZET6, STM32H562AGI6, STM32H562AII6, STM32H562IGK6, STM32H562IGT6, STM32H562IIK6, STM32H562IIT6, STM32H562RGT6, STM32H562RGV6, STM32H562RIT6, STM32H562RIV6, STM32H562VGT6, STM32H562VIT6, STM32H562ZGT6, STM32H562ZIT6, STM32H563AGI6, STM32H563AII3Q, STM32H563AII6, STM32H563IGK6, STM32H563IGT6, STM32H563IIK3Q, STM32H563IIK6, STM32H563IIT3Q, STM32H563IIT6, STM32H563MIY3QTR, STM32H563RGT6, STM32H563RGV6, STM32H563RIT6, STM32H563RIV6, STM32H563VGT6, STM32H563VIT3Q, STM32H563VIT6, STM32H563ZGT6, STM32H563ZIT3Q, STM32H563ZIT6, STM32H573AII3Q, STM32H573AII6, STM32H573I-DK, STM32H573IIK3Q, STM32H573IIK6, STM32H573IIT3Q, STM32H573IIT6, STM32H573MIY3QTR, STM32H573RIT6, STM32H573RIV6, STM32H573VIT3Q, STM32H573VIT6, STM32H573ZIT3Q, STM32H573ZIT6, STM32H7R3A8I6, STM32H7R3I8K6, STM32H7R3I8T6, STM32H7R3L8H6, STM32H7R3L8H6H, STM32H7R3R8V6, STM32H7R3V8H6, STM32H7R3V8T6, STM32H7R3V8Y6TR, STM32H7R3Z8J6, STM32H7R3Z8T6, STM32H7R7A8I6, STM32H7R7I8K6, STM32H7R7I8T6, STM32H7R7L8H6, STM32H7R7L8H6H, STM32H7R7Z8J6, STM32H7S3A8I6, STM32H7S3I8K6, STM32H7S3I8T6, STM32H7S3L8H6, STM32H7S3L8H6H, STM32H7S3R8V6, STM32H7S3V8H6, STM32H7S3V8T6, STM32H7S3V8Y6TR, STM32H7S3Z8J6, STM32H7S3Z8T6, STM32H7S78-DK, STM32H7S7A8I6, STM32H7S7I8K6, STM32H7S7I8T6, STM32H7S7L8H6, STM32H7S7L8H6H, STM32H7S7Z8J6, STM32L4R5QGI6STR, STM32MP131AAE3, STM32MP131AAF3, STM32MP131AAG3, STM32MP131CAE3, STM32MP131CAF3, STM32MP131CAG3, STM32MP131DAE7, STM32MP131DAF7, STM32MP131DAG7, STM32MP131FAE7, STM32MP131FAF7, STM32MP131FAG7, STM32MP133AAE3, STM32MP133AAF3, STM32MP133AAG3, STM32MP133CAE3, STM32MP133CAF3, STM32MP133CAG3, STM32MP133DAE7, STM32MP133DAF7, STM32MP133DAG7, STM32MP133FAE7, STM32MP133FAF7, STM32MP133FAG7, STM32MP135AAE3, STM32MP135AAF3, STM32MP135AAG3, STM32MP135CAE3, STM32MP135CAF3, STM32MP135CAG3, STM32MP135DAE7, STM32MP135DAF7, STM32MP135DAG7, STM32MP135F-DK, STM32MP135FAE7, STM32MP135FAF7, STM32MP135FAF7T, STM32MP135FAF7U, STM32MP135FAG7, STM32MP211AAL3, STM32MP211AAM3, STM32MP211AAN3, STM32MP211AAO3, STM32MP211CAL3, STM32MP211CAM3, STM32MP211CAN3, STM32MP211CAO3, STM32MP211DAL3, STM32MP211DAM3, STM32MP211DAN3, STM32MP211DAO3, STM32MP211FAL3, STM32MP211FAM3, STM32MP211FAN3, STM32MP211FAO3, STM32MP213AAL3, STM32MP213AAM3, STM32MP213AAN3, STM32MP213AAO3, STM32MP213CAL3, STM32MP213CAM3, STM32MP213CAN3, STM32MP213CAO3, STM32MP213DAL3, STM32MP213DAM3, STM32MP213DAN3, STM32MP213DAO3, STM32MP213FAL3, STM32MP213FAM3, STM32MP213FAN3, STM32MP213FAO3, STM32MP215AAL3, STM32MP215AAM3, STM32MP215AAN3, STM32MP215AAO3, STM32MP215CAL3, STM32MP215CAM3, STM32MP215CAN3, STM32MP215CAO3, STM32MP215DAL3, STM32MP215DAM3, STM32MP215DAN3, STM32MP215DAO3, STM32MP215F-DK, STM32MP215FAL3, STM32MP215FAM3, STM32MP215FAN3, STM32MP215FAO3, STM32MP231AAJ3, STM32MP231AAK3, STM32MP231AAL3, STM32MP231CAJ3, STM32MP231CAK3, STM32MP231CAL3, STM32MP231DAJ3, STM32MP231DAK3, STM32MP231DAL3, STM32MP231FAJ3, STM32MP231FAK3, STM32MP231FAL3, STM32MP233AAJ3, STM32MP233AAK3, STM32MP233AAL3, STM32MP233CAJ3, STM32MP233CAK3, STM32MP233CAL3, STM32MP233DAJ3, STM32MP233DAK3, STM32MP233DAL3, STM32MP233FAJ3, STM32MP233FAK3, STM32MP233FAL3, STM32MP235AAJ3, STM32MP235AAK3, STM32MP235AAL3, STM32MP235CAJ3, STM32MP235CAK3, STM32MP235CAL3, STM32MP235DAJ3, STM32MP235DAK3, STM32MP235DAL3, STM32MP235FAJ3, STM32MP235FAK3, STM32MP235FAL3, STM32MP251AAI3, STM32MP251AAK3, STM32MP251AAL3, STM32MP251CAI3, STM32MP251CAK3, STM32MP251CAL3, STM32MP251DAI3, STM32MP251DAK3, STM32MP251DAL3, STM32MP251FAI3, STM32MP251FAK3, STM32MP251FAL3, STM32MP253AAI3, STM32MP253AAK3, STM32MP253AAL3, STM32MP253CAI3, STM32MP253CAK3, STM32MP253CAL3, STM32MP253DAI3, STM32MP253DAK3, STM32MP253DAL3, STM32MP253FAI3, STM32MP253FAK3, STM32MP253FAL3, STM32MP255AAI3, STM32MP255AAK3, STM32MP255AAL3, STM32MP255CAI3, STM32MP255CAK3, STM32MP255CAL3, STM32MP255DAI3, STM32MP255DAK3, STM32MP255DAL3, STM32MP255FAI3, STM32MP255FAK3, STM32MP255FAL3, STM32MP257AAI3, STM32MP257AAK3, STM32MP257AAL3, STM32MP257CAI3, STM32MP257CAK3, STM32MP257CAL3, STM32MP257DAI3, STM32MP257DAK3, STM32MP257DAL3, STM32MP257F-DK, STM32MP257F-EV1, STM32MP257FAI3, STM32MP257FAK3, STM32MP257FAL3, STM32N645A0H3Q, STM32N645B0H3Q, STM32N645I0H3Q, STM32N645L0H3Q, STM32N645X0H3Q, STM32N645Z0H3Q, STM32N647A0H3Q, STM32N647B0H3Q, STM32N647I0H3Q, STM32N647L0H3Q, STM32N647X0H3Q, STM32N647Z0H3Q, STM32N655A0H3Q, STM32N655B0H3Q, STM32N655I0H3Q, STM32N655L0H3Q, STM32N655X0H3Q, STM32N655Z0H3Q, STM32N6570-DK, STM32N657A0H3Q, STM32N657B0H3Q, STM32N657I0H3Q, STM32N657L0H3Q, STM32N657X0H3Q, STM32N657Z0H3Q, STM32U031C6T6, STM32U031C6U6, STM32U031C8T6, STM32U031C8U6, STM32U031F4P6, STM32U031F6P6, STM32U031F8P6, STM32U031G6Y6TR, STM32U031G8Y6TR, STM32U031K4U6, STM32U031K6U6, STM32U031K8U6, STM32U031R6I6, STM32U031R6T6, STM32U031R8I6, STM32U031R8T6, STM32U073C8T6, STM32U073C8U6, STM32U073CBT6, STM32U073CBU6, STM32U073CCT6, STM32U073CCU6, STM32U073H8Y6TR, STM32U073HBY6TR, STM32U073HCY6TR, STM32U073K8U6, STM32U073KBU6, STM32U073KCU6, STM32U073M8I6, STM32U073M8T6, STM32U073MBI6, STM32U073MBT6, STM32U073MCI6, STM32U073MCT6, STM32U073R8I6, STM32U073R8T6, STM32U073RBI6, STM32U073RBT6, STM32U073RCI6, STM32U073RCT6, STM32U083C-DK, STM32U083CCT6, STM32U083CCU6, STM32U083HCY6TR, STM32U083KCU6, STM32U083MCI6, STM32U083MCT6, STM32U083RCI6, STM32U083RCT6, STM32U375CET6, STM32U375CET6Q, STM32U375CEU6, STM32U375CEU6Q, STM32U375CEY6QTR, STM32U375CGT6, STM32U375CGT6Q, STM32U375CGU6, STM32U375CGU6Q, STM32U375CGY6QTR, STM32U375KEU6, STM32U375KGU6, STM32U375REI6, STM32U375REI6Q, STM32U375RET6, STM32U375RET6Q, STM32U375REY6GTR, STM32U375REY6QTR, STM32U375RGI6, STM32U375RGI6Q, STM32U375RGT6, STM32U375RGT6Q, STM32U375RGY6GTR, STM32U375RGY6QTR, STM32U375VEI6, STM32U375VEI6Q, STM32U375VET6, STM32U375VET6Q, STM32U375VGI6, STM32U375VGI6Q, STM32U375VGT6, STM32U375VGT6Q, STM32U385CGT6, STM32U385CGT6Q, STM32U385CGU6, STM32U385CGU6Q, STM32U385CGY6QTR, STM32U385KGU6, STM32U385RGI6, STM32U385RGI6Q, STM32U385RGT6, STM32U385RGT6Q, STM32U385RGY6GTR, STM32U385RGY6QTR, STM32U385VGI6, STM32U385VGI6Q, STM32U385VGT6, STM32U385VGT6Q, STM32U535CBT6, STM32U535CBT6Q, STM32U535CBU6, STM32U535CBU6Q, STM32U535CCT6, STM32U535CCT6Q, STM32U535CCU6, STM32U535CCU6Q, STM32U535CET6, STM32U535CET6Q, STM32U535CEU6, STM32U535CEU6Q, STM32U535JEY6QTR, STM32U535NCY6QTR, STM32U535NEY6QTR, STM32U535RBI6, STM32U535RBI6Q, STM32U535RBT6, STM32U535RBT6Q, STM32U535RCI6, STM32U535RCI6Q, STM32U535RCT6, STM32U535RCT6Q, STM32U535REI6, STM32U535REI6Q, STM32U535RET6, STM32U535RET6Q, STM32U535VCI6, STM32U535VCI6Q, STM32U535VCT6, STM32U535VCT6Q, STM32U535VEI6, STM32U535VEI6Q, STM32U535VET6, STM32U535VET6Q, STM32U545CET6, STM32U545CET6Q, STM32U545CEU6, STM32U545CEU6Q, STM32U545JEY6QTR, STM32U545NEY6QTR, STM32U545REI6, STM32U545REI6Q, STM32U545RET6, STM32U545RET6Q, STM32U545VEI6, STM32U545VEI6Q, STM32U545VET6, STM32U545VET6Q, STM32U595AIH6, STM32U595AIH6Q, STM32U595AJH6, STM32U595AJH6Q, STM32U595QII6, STM32U595QII6Q, STM32U595QJI6, STM32U595QJI6Q, STM32U595RIT6, STM32U595RIT6Q, STM32U595RJT6, STM32U595RJT6Q, STM32U595VIT6, STM32U595VIT6Q, STM32U595VJT6, STM32U595VJT6Q, STM32U595ZIT6, STM32U595ZIT6Q, STM32U595ZIY6QTR, STM32U595ZJT6, STM32U595ZJT6Q, STM32U595ZJY6QTR, STM32U599BJY6QTR, STM32U599NIH6Q, STM32U599NJH6Q, STM32U599VIT6Q, STM32U599VJT6, STM32U599VJT6Q, STM32U599ZIT6Q, STM32U599ZIY6QTR, STM32U599ZJT6Q, STM32U599ZJY6QTR, STM32U5A5AJH6, STM32U5A5AJH6Q, STM32U5A5QII3Q , STM32U5A5QJI6, STM32U5A5QJI6Q, STM32U5A5RJT6, STM32U5A5RJT6Q, STM32U5A5VJT6, STM32U5A5VJT6Q, STM32U5A5ZJT6, STM32U5A5ZJT6Q, STM32U5A5ZJY6QTR, STM32U5A9BJY6QTR, STM32U5A9J-DK, STM32U5A9NJH6Q, STM32U5A9VJT6Q, STM32U5A9ZJT6Q, STM32U5A9ZJY6QTR, STM32U5F7VIT6, STM32U5F7VIT6Q, STM32U5F7VJT6, STM32U5F7VJT6Q, STM32U5F9BJY6QTR, STM32U5F9NJH6Q, STM32U5F9VIT6Q, STM32U5F9VJT6Q, STM32U5F9ZIJ6QTR, STM32U5F9ZIT6Q, STM32U5F9ZJJ6QTR, STM32U5F9ZJT6Q, STM32U5G7VJT6, STM32U5G7VJT6Q, STM32U5G9BJY6QTR, STM32U5G9J-DK1, STM32U5G9J-DK2, STM32U5G9NJH6Q, STM32U5G9VJT6Q, STM32U5G9ZJJ6QTR, STM32U5G9ZJT6Q, STM32WB05KZV6TR, STM32WB05KZV7TR, STM32WB05TZF6TR, STM32WB05TZF7TR, STM32WB06CCF6TR, STM32WB06CCF7TR, STM32WB06CCV6TR, STM32WB06CCV7TR, STM32WB06KCV6TR, STM32WB06KCV7TR, STM32WB07CCF6TR, STM32WB07CCF7TR, STM32WB07CCV6TR, STM32WB07CCV7TR, STM32WB07KCV6TR, STM32WB07KCV7TR, STM32WB09KEV6TR, STM32WB09KEV7TR, STM32WB09TEF6TR, STM32WB09TEF7TR, STM32WB1MMCH6, STM32WBA50KGU6, STM32WBA50KGU6TR, STM32WBA52CEU6, STM32WBA52CEU6TR, STM32WBA52CEU7, STM32WBA52CEU7TR, STM32WBA52CGU6, STM32WBA52CGU6TR, STM32WBA52CGU6U, STM32WBA52CGU7, STM32WBA52CGU7TR, STM32WBA52KEU6, STM32WBA52KEU6TR, STM32WBA52KGU6, STM32WBA52KGU6TR, STM32WBA54CEU6, STM32WBA54CEU6TR, STM32WBA54CEU7, STM32WBA54CEU7TR, STM32WBA54CGU6, STM32WBA54CGU6TR, STM32WBA54CGU7, STM32WBA54CGU7TR, STM32WBA54KEU6, STM32WBA54KEU6TR, STM32WBA54KEU7, STM32WBA54KEU7TR, STM32WBA54KGU6, STM32WBA54KGU6TR, STM32WBA54KGU7, STM32WBA54KGU7TR, STM32WBA55CEU6, STM32WBA55CEU6TR, STM32WBA55CEU7, STM32WBA55CEU7TR, STM32WBA55CGU6, STM32WBA55CGU6TR, STM32WBA55CGU6U, STM32WBA55CGU7, STM32WBA55CGU7TR, STM32WBA55G-DK1, STM32WBA55HEF6, STM32WBA55HEF7, STM32WBA55HGF6, STM32WBA55HGF7, STM32WBA55UEI6, STM32WBA55UEI6TR, STM32WBA55UEI7, STM32WBA55UEI7TR, STM32WBA55UGI6, STM32WBA55UGI6TR, STM32WBA55UGI7, STM32WBA55UGI7TR, STM32WBA5MMGH6TR, STM32WBA62MGF6, STM32WBA62MIF6, STM32WBA65MGF7, STM32WBA65MIF6, STM32WBA65MIF7, STM32WL30K8V6, STM32WL30KBV6, STM32WL31C8V6, STM32WL31CBV6, STM32WL31K8V6, STM32WL31KBV6, STM32WL33C8V6, STM32WL33C8V6X, STM32WL33CBV6, STM32WL33CBV6X, STM32WL33CCV6, STM32WL33CCV6A, STM32WL33CCV6X, STM32WL33K8V7, STM32WL33K8V7X, STM32WL33KBV7 , STM32WL33KBV7X, STM32WL33KCV7, STM32WL33KCV7X, STM32WL5MOCH6, STM32WL5MOCH6TR]
2026-01-16 10:01:24,927 [INFO] BoardInfo:889 - No configuration file found for board P-NUCLEO-WB55
2026-01-16 10:01:24,939 [INFO] DbBoards:161 - Kit is not supported: P-NUCLEO-WB55
2026-01-16 10:01:25,000 [INFO] BoardInfo:889 - No configuration file found for board STEVAL-BFA001V1B
2026-01-16 10:01:25,013 [INFO] DbBoards:161 - Kit is not supported: STEVAL-BFA001V1B
2026-01-16 10:01:25,020 [INFO] BoardInfo:889 - No configuration file found for board STEVAL-BFA001V2B
2026-01-16 10:01:25,033 [INFO] DbBoards:161 - Kit is not supported: STEVAL-BFA001V2B
2026-01-16 10:01:26,612 [INFO] DbBoards:168 - Found 212 boards, 209 are supported
2026-01-16 10:01:26,613 [INFO] DbBoards:169 - Found 212 boards, 43 of them is supported for  Bsp
2026-01-16 10:01:26,633 [INFO] ApiDb:668 - CubeFinder database Data Model version=2.1
2026-01-16 10:01:26,633 [INFO] ApiDb:669 - CubeFinder database Configuration version=3.0.39
2026-01-16 10:01:26,633 [INFO] ApiDb:670 - CubeFinder database generation date=2025-10-27 (1761571959)
2026-01-16 10:01:26,634 [INFO] ApiDb:671 - CubeFinder database FW Pack versions=[FP-ATR-ASTRA1_V2.0.0, FP-SNS-FLIGHT1_V5.1.0, FP-SNS-MOTENV1_V5.0.0, FP-SNS-MOTENVWB1_V1.4.0, FP-SNS-SMARTAG2_V1.2.0, FP-SNS-STBOX1_V2.1.0, STM32Cube_FW_C0_V1.4.0, STM32Cube_FW_F4_V1.28.3, STM32Cube_FW_F7_V1.17.4, STM32Cube_FW_G0_V1.6.2, STM32Cube_FW_G4_V1.6.1, STM32Cube_FW_H5_V1.5.0, STM32Cube_FW_H7RS_V1.2.0, STM32Cube_FW_H7_V1.12.1, STM32Cube_FW_L0_V1.12.2, STM32Cube_FW_L4_V1.18.1, STM32Cube_FW_L5_V1.5.1, STM32Cube_FW_N6_V1.2.0, STM32Cube_FW_U0_V1.3.0, STM32Cube_FW_U3_V1.2.1, STM32Cube_FW_U5_V1.8.0, STM32Cube_FW_WB0_V1.3.0, STM32Cube_FW_WBA_V1.7.0, STM32Cube_FW_WB_V1.23.0, STM32Cube_FW_WL3_V1.2.0, STM32Cube_FW_WL_V1.3.1, X-CUBE-ALGOBUILD_V1.4.0, X-CUBE-ALS_V1.0.2, X-CUBE-AZRTOS-F4_V1.1.0, X-CUBE-AZRTOS-F7_V1.1.0, X-CUBE-AZRTOS-G0_V1.1.0, X-CUBE-AZRTOS-G4_V2.0.0, X-CUBE-AZRTOS-H7RS_V1.1.0, X-CUBE-AZRTOS-H7_V3.4.0, X-CUBE-AZRTOS-L4_V2.0.0, X-CUBE-AZRTOS-L5_V2.0.0, X-CUBE-AZRTOS-WB_V2.0.0, X-CUBE-AZRTOS-WL_V2.0.0, X-CUBE-BLE1_V7.1.0, X-CUBE-BLE2_V3.3.0, X-CUBE-BLEMGR_V4.1.0, X-CUBE-EEPRMA1_V5.2.0, X-CUBE-FREERTOS_V1.3.1, X-CUBE-GNSS1_V6.0.0, X-CUBE-MEMS1_V11.3.0, X-CUBE-NFC4_V3.0.0, X-CUBE-NFC7_V2.0.0, X-CUBE-SFXS2LP1_V4.0.0, X-CUBE-ST67W61_V1.1.0, X-CUBE-SUBG2_V5.0.0, X-CUBE-TOF1_V3.4.3]
2026-01-16 10:01:36,786 [INFO] ApiDb:240 - Found 880 in-development CPN: [B-G473E-ZEST1S, B-WB1M-WPAN1, B-WBA5M-WPAN, B-WL5M-SUBG1, NUCLEO-C031C6, NUCLEO-C051C8, NUCLEO-C071RB, NUCLEO-C092RC, NUCLEO-H503RB, NUCLEO-H533RE, NUCLEO-H563ZI, NUCLEO-H7S3L8, NUCLEO-N657X0-Q, NUCLEO-U031R8, NUCLEO-U083RC, NUCLEO-U385RG-Q, NUCLEO-U545RE-Q, NUCLEO-U5A5ZJ-Q, NUCLEO-WB05KZ, NUCLEO-WB07CC, NUCLEO-WB09KE, NUCLEO-WBA52CG, NUCLEO-WBA55CG, NUCLEO-WL33CC1, NUCLEO-WL33CC2, STEVAL-PROTEUS1, STEVAL-SMARTAG2, STEVAL-STWINBX1, STM320518-EVAL, STM32C0116-DK, STM32C011D6Y3TR, STM32C011D6Y6TR, STM32C011F4P3, STM32C011F4P6, STM32C011F4U3, STM32C011F4U6TR, STM32C011F6P3, STM32C011F6P6, STM32C011F6U3, STM32C011F6U6TR, STM32C011J4M3, STM32C011J4M6, STM32C011J6M3, STM32C011J6M6, STM32C0316-DK, STM32C031C4T3, STM32C031C4T6, STM32C031C4U3, STM32C031C4U6, STM32C031C6T3, STM32C031C6T6, STM32C031C6U3, STM32C031C6U6, STM32C031F4P3, STM32C031F4P6, STM32C031F6P3, STM32C031F6P6, STM32C031G4U3, STM32C031G4U6, STM32C031G6U3, STM32C031G6U6, STM32C031K4T3, STM32C031K4T6, STM32C031K4U3, STM32C031K4U6, STM32C031K6T3, STM32C031K6T6, STM32C031K6U3, STM32C031K6U6, STM32C051C6T6, STM32C051C6U6, STM32C051C8T6, STM32C051C8U6, STM32C051D8Y6TR, STM32C051F6P6, STM32C051F8P6, STM32C051G6U6, STM32C051G8U6, STM32C051K6T6, STM32C051K6U6, STM32C051K8T6, STM32C071C8T6, STM32C071C8T6N, STM32C071C8U6, STM32C071C8U6N, STM32C071CBT6, STM32C071CBT6N, STM32C071CBU6, STM32C071CBU6N, STM32C071F8P6, STM32C071F8P6N, STM32C071FBP6, STM32C071FBP6N, STM32C071FBY6TR, STM32C071G8U6, STM32C071G8U6N, STM32C071GBU6, STM32C071GBU6N, STM32C071K8T6, STM32C071K8T6N, STM32C071K8U6, STM32C071K8U6N, STM32C071KBT6, STM32C071KBT6N, STM32C071KBU6, STM32C071KBU6N, STM32C071R8T6, STM32C071R8T6N, STM32C071RBI6N, STM32C071RBT6, STM32C071RBT6N, STM32C091CBT6, STM32C091CBU6, STM32C091CCT6, STM32C091CCU6, STM32C091ECY6TR, STM32C091FBP6, STM32C091FCP6, STM32C091GBU6, STM32C091GCU6, STM32C091KBT6, STM32C091KBU6, STM32C091KCT6, STM32C091KCU6, STM32C091RBT6, STM32C091RCI6, STM32C091RCT6, STM32C092CBT6, STM32C092CBU6, STM32C092CCT6, STM32C092CCU6, STM32C092ECY6TR, STM32C092FBP6, STM32C092FCP6, STM32C092GBU6, STM32C092GCU6, STM32C092KBT6, STM32C092KBU6, STM32C092KCT6, STM32C092KCU6, STM32C092RBT6, STM32C092RCI6, STM32C092RCT6, STM32G071K8TXN, STM32G071K8UXN, STM32G081GBU6N, STM32G081KBT6N, STM32G081KBUXN, STM32G0B1CCT6N, STM32G0B1KCT6, STM32G0B1NEY6TR, STM32G0B1RCT6N, STM32G0C1CCT6, STM32G0C1CCT6N, STM32G0C1CCU6N, STM32G0C1CET6N, STM32G0C1CEU6N, STM32G0C1KCT6, STM32G0C1NEY6TR, STM32G0C1RCI6N, STM32G0C1RCT6N, STM32G0C1REI6N, STM32G0C1RET6N, STM32G0C1VCI6, STM32G0C1VEI6, STM32G411C6T3, STM32G411C6T6, STM32G411C6U3, STM32G411C6U6, STM32G411C8T3, STM32G411C8T6, STM32G411C8U3, STM32G411C8U6, STM32G411CBT3, STM32G411CBT6, STM32G411CBU3, STM32G411CBU6, STM32G411K6T3, STM32G411K6T6, STM32G411K6U3, STM32G411K6U6, STM32G411K8T3, STM32G411K8T6, STM32G411K8U3, STM32G411K8U6, STM32G411KBT3, STM32G411KBT6, STM32G411KBU3, STM32G411KBU6, STM32G411M6T3, STM32G411M6T6, STM32G411M8T3, STM32G411M8T6, STM32G411MBT3, STM32G411MBT6, STM32G411R6T3, STM32G411R6T6, STM32G411R8T3, STM32G411R8T6, STM32G411RBT3, STM32G411RBT6, STM32G414CBT3, STM32G414CBT6, STM32G414CBU3, STM32G414CBU6, STM32G414CCT3, STM32G414CCT6, STM32G414CCU3, STM32G414CCU6, STM32G414MBT3, STM32G414MBT6, STM32G414MCT3, STM32G414MCT6, STM32G414RBT3, STM32G414RBT6, STM32G414RCT3, STM32G414RCT6, STM32G414VBT3, STM32G414VBT6, STM32G414VCT3, STM32G414VCT6, STM32G431CBT3Z, STM32G431RBT3Z, STM32G471CCT6, STM32G471CCU6, STM32G471CET3, STM32G471CET6, STM32G471CEU3, STM32G471CEU6, STM32G471MCT6, STM32G471MET3, STM32G471MET6, STM32G471MEY6TR, STM32G471QCT6, STM32G471QET3, STM32G471RCT6, STM32G471RET3, STM32G471RET6, STM32G471VCH6, STM32G471VCI6, STM32G471VCT6, STM32G471VEH3, STM32G471VEH6, STM32G471VEI3, STM32G471VEI6, STM32G471VET3, STM32G471VET6, STM32G473QET3Z, STM32G473RET3Z, STM32G474CCT6, STM32G491RET3Z, STM32H503CBT6, STM32H503CBU6, STM32H503EBY6TR, STM32H503KBU6, STM32H503RBT6, STM32H523CCT6, STM32H523CCU6, STM32H523CET6, STM32H523CEU6, STM32H523HEY6TR, STM32H523RCT6, STM32H523RET6, STM32H523VCI6, STM32H523VCT6, STM32H523VEI6, STM32H523VET6, STM32H523ZCJ6, STM32H523ZCT6, STM32H523ZEJ6, STM32H523ZET6, STM32H533CET6, STM32H533CEU6, STM32H533HEY6TR, STM32H533RET6, STM32H533VEI6, STM32H533VET6, STM32H533ZEJ6, STM32H533ZET6, STM32H562AGI6, STM32H562AII6, STM32H562IGK6, STM32H562IGT6, STM32H562IIK6, STM32H562IIT6, STM32H562RGT6, STM32H562RGV6, STM32H562RIT6, STM32H562RIV6, STM32H562VGT6, STM32H562VIT6, STM32H562ZGT6, STM32H562ZIT6, STM32H563AGI6, STM32H563AII3Q, STM32H563AII6, STM32H563IGK6, STM32H563IGT6, STM32H563IIK3Q, STM32H563IIK6, STM32H563IIT3Q, STM32H563IIT6, STM32H563MIY3QTR, STM32H563RGT6, STM32H563RGV6, STM32H563RIT6, STM32H563RIV6, STM32H563VGT6, STM32H563VIT3Q, STM32H563VIT6, STM32H563ZGT6, STM32H563ZIT3Q, STM32H563ZIT6, STM32H573AII3Q, STM32H573AII6, STM32H573I-DK, STM32H573IIK3Q, STM32H573IIK6, STM32H573IIT3Q, STM32H573IIT6, STM32H573MIY3QTR, STM32H573RIT6, STM32H573RIV6, STM32H573VIT3Q, STM32H573VIT6, STM32H573ZIT3Q, STM32H573ZIT6, STM32H7R3A8I6, STM32H7R3I8K6, STM32H7R3I8T6, STM32H7R3L8H6, STM32H7R3L8H6H, STM32H7R3R8V6, STM32H7R3V8H6, STM32H7R3V8T6, STM32H7R3V8Y6TR, STM32H7R3Z8J6, STM32H7R3Z8T6, STM32H7R7A8I6, STM32H7R7I8K6, STM32H7R7I8T6, STM32H7R7L8H6, STM32H7R7L8H6H, STM32H7R7Z8J6, STM32H7S3A8I6, STM32H7S3I8K6, STM32H7S3I8T6, STM32H7S3L8H6, STM32H7S3L8H6H, STM32H7S3R8V6, STM32H7S3V8H6, STM32H7S3V8T6, STM32H7S3V8Y6TR, STM32H7S3Z8J6, STM32H7S3Z8T6, STM32H7S78-DK, STM32H7S7A8I6, STM32H7S7I8K6, STM32H7S7I8T6, STM32H7S7L8H6, STM32H7S7L8H6H, STM32H7S7Z8J6, STM32L4R5QGI6STR, STM32MP131AAE3, STM32MP131AAF3, STM32MP131AAG3, STM32MP131CAE3, STM32MP131CAF3, STM32MP131CAG3, STM32MP131DAE7, STM32MP131DAF7, STM32MP131DAG7, STM32MP131FAE7, STM32MP131FAF7, STM32MP131FAG7, STM32MP133AAE3, STM32MP133AAF3, STM32MP133AAG3, STM32MP133CAE3, STM32MP133CAF3, STM32MP133CAG3, STM32MP133DAE7, STM32MP133DAF7, STM32MP133DAG7, STM32MP133FAE7, STM32MP133FAF7, STM32MP133FAG7, STM32MP135AAE3, STM32MP135AAF3, STM32MP135AAG3, STM32MP135CAE3, STM32MP135CAF3, STM32MP135CAG3, STM32MP135DAE7, STM32MP135DAF7, STM32MP135DAG7, STM32MP135F-DK, STM32MP135FAE7, STM32MP135FAF7, STM32MP135FAF7T, STM32MP135FAF7U, STM32MP135FAG7, STM32MP211AAL3, STM32MP211AAM3, STM32MP211AAN3, STM32MP211AAO3, STM32MP211CAL3, STM32MP211CAM3, STM32MP211CAN3, STM32MP211CAO3, STM32MP211DAL3, STM32MP211DAM3, STM32MP211DAN3, STM32MP211DAO3, STM32MP211FAL3, STM32MP211FAM3, STM32MP211FAN3, STM32MP211FAO3, STM32MP213AAL3, STM32MP213AAM3, STM32MP213AAN3, STM32MP213AAO3, STM32MP213CAL3, STM32MP213CAM3, STM32MP213CAN3, STM32MP213CAO3, STM32MP213DAL3, STM32MP213DAM3, STM32MP213DAN3, STM32MP213DAO3, STM32MP213FAL3, STM32MP213FAM3, STM32MP213FAN3, STM32MP213FAO3, STM32MP215AAL3, STM32MP215AAM3, STM32MP215AAN3, STM32MP215AAO3, STM32MP215CAL3, STM32MP215CAM3, STM32MP215CAN3, STM32MP215CAO3, STM32MP215DAL3, STM32MP215DAM3, STM32MP215DAN3, STM32MP215DAO3, STM32MP215F-DK, STM32MP215FAL3, STM32MP215FAM3, STM32MP215FAN3, STM32MP215FAO3, STM32MP231AAJ3, STM32MP231AAK3, STM32MP231AAL3, STM32MP231CAJ3, STM32MP231CAK3, STM32MP231CAL3, STM32MP231DAJ3, STM32MP231DAK3, STM32MP231DAL3, STM32MP231FAJ3, STM32MP231FAK3, STM32MP231FAL3, STM32MP233AAJ3, STM32MP233AAK3, STM32MP233AAL3, STM32MP233CAJ3, STM32MP233CAK3, STM32MP233CAL3, STM32MP233DAJ3, STM32MP233DAK3, STM32MP233DAL3, STM32MP233FAJ3, STM32MP233FAK3, STM32MP233FAL3, STM32MP235AAJ3, STM32MP235AAK3, STM32MP235AAL3, STM32MP235CAJ3, STM32MP235CAK3, STM32MP235CAL3, STM32MP235DAJ3, STM32MP235DAK3, STM32MP235DAL3, STM32MP235FAJ3, STM32MP235FAK3, STM32MP235FAL3, STM32MP251AAI3, STM32MP251AAK3, STM32MP251AAL3, STM32MP251CAI3, STM32MP251CAK3, STM32MP251CAL3, STM32MP251DAI3, STM32MP251DAK3, STM32MP251DAL3, STM32MP251FAI3, STM32MP251FAK3, STM32MP251FAL3, STM32MP253AAI3, STM32MP253AAK3, STM32MP253AAL3, STM32MP253CAI3, STM32MP253CAK3, STM32MP253CAL3, STM32MP253DAI3, STM32MP253DAK3, STM32MP253DAL3, STM32MP253FAI3, STM32MP253FAK3, STM32MP253FAL3, STM32MP255AAI3, STM32MP255AAK3, STM32MP255AAL3, STM32MP255CAI3, STM32MP255CAK3, STM32MP255CAL3, STM32MP255DAI3, STM32MP255DAK3, STM32MP255DAL3, STM32MP255FAI3, STM32MP255FAK3, STM32MP255FAL3, STM32MP257AAI3, STM32MP257AAK3, STM32MP257AAL3, STM32MP257CAI3, STM32MP257CAK3, STM32MP257CAL3, STM32MP257DAI3, STM32MP257DAK3, STM32MP257DAL3, STM32MP257F-DK, STM32MP257F-EV1, STM32MP257FAI3, STM32MP257FAK3, STM32MP257FAL3, STM32N645A0H3Q, STM32N645B0H3Q, STM32N645I0H3Q, STM32N645L0H3Q, STM32N645X0H3Q, STM32N645Z0H3Q, STM32N647A0H3Q, STM32N647B0H3Q, STM32N647I0H3Q, STM32N647L0H3Q, STM32N647X0H3Q, STM32N647Z0H3Q, STM32N655A0H3Q, STM32N655B0H3Q, STM32N655I0H3Q, STM32N655L0H3Q, STM32N655X0H3Q, STM32N655Z0H3Q, STM32N6570-DK, STM32N657A0H3Q, STM32N657B0H3Q, STM32N657I0H3Q, STM32N657L0H3Q, STM32N657X0H3Q, STM32N657Z0H3Q, STM32U031C6T6, STM32U031C6U6, STM32U031C8T6, STM32U031C8U6, STM32U031F4P6, STM32U031F6P6, STM32U031F8P6, STM32U031G6Y6TR, STM32U031G8Y6TR, STM32U031K4U6, STM32U031K6U6, STM32U031K8U6, STM32U031R6I6, STM32U031R6T6, STM32U031R8I6, STM32U031R8T6, STM32U073C8T6, STM32U073C8U6, STM32U073CBT6, STM32U073CBU6, STM32U073CCT6, STM32U073CCU6, STM32U073H8Y6TR, STM32U073HBY6TR, STM32U073HCY6TR, STM32U073K8U6, STM32U073KBU6, STM32U073KCU6, STM32U073M8I6, STM32U073M8T6, STM32U073MBI6, STM32U073MBT6, STM32U073MCI6, STM32U073MCT6, STM32U073R8I6, STM32U073R8T6, STM32U073RBI6, STM32U073RBT6, STM32U073RCI6, STM32U073RCT6, STM32U083C-DK, STM32U083CCT6, STM32U083CCU6, STM32U083HCY6TR, STM32U083KCU6, STM32U083MCI6, STM32U083MCT6, STM32U083RCI6, STM32U083RCT6, STM32U375CET6, STM32U375CET6Q, STM32U375CEU6, STM32U375CEU6Q, STM32U375CEY6QTR, STM32U375CGT6, STM32U375CGT6Q, STM32U375CGU6, STM32U375CGU6Q, STM32U375CGY6QTR, STM32U375KEU6, STM32U375KGU6, STM32U375REI6, STM32U375REI6Q, STM32U375RET6, STM32U375RET6Q, STM32U375REY6GTR, STM32U375REY6QTR, STM32U375RGI6, STM32U375RGI6Q, STM32U375RGT6, STM32U375RGT6Q, STM32U375RGY6GTR, STM32U375RGY6QTR, STM32U375VEI6, STM32U375VEI6Q, STM32U375VET6, STM32U375VET6Q, STM32U375VGI6, STM32U375VGI6Q, STM32U375VGT6, STM32U375VGT6Q, STM32U385CGT6, STM32U385CGT6Q, STM32U385CGU6, STM32U385CGU6Q, STM32U385CGY6QTR, STM32U385KGU6, STM32U385RGI6, STM32U385RGI6Q, STM32U385RGT6, STM32U385RGT6Q, STM32U385RGY6GTR, STM32U385RGY6QTR, STM32U385VGI6, STM32U385VGI6Q, STM32U385VGT6, STM32U385VGT6Q, STM32U535CBT6, STM32U535CBT6Q, STM32U535CBU6, STM32U535CBU6Q, STM32U535CCT6, STM32U535CCT6Q, STM32U535CCU6, STM32U535CCU6Q, STM32U535CET6, STM32U535CET6Q, STM32U535CEU6, STM32U535CEU6Q, STM32U535JEY6QTR, STM32U535NCY6QTR, STM32U535NEY6QTR, STM32U535RBI6, STM32U535RBI6Q, STM32U535RBT6, STM32U535RBT6Q, STM32U535RCI6, STM32U535RCI6Q, STM32U535RCT6, STM32U535RCT6Q, STM32U535REI6, STM32U535REI6Q, STM32U535RET6, STM32U535RET6Q, STM32U535VCI6, STM32U535VCI6Q, STM32U535VCT6, STM32U535VCT6Q, STM32U535VEI6, STM32U535VEI6Q, STM32U535VET6, STM32U535VET6Q, STM32U545CET6, STM32U545CET6Q, STM32U545CEU6, STM32U545CEU6Q, STM32U545JEY6QTR, STM32U545NEY6QTR, STM32U545REI6, STM32U545REI6Q, STM32U545RET6, STM32U545RET6Q, STM32U545VEI6, STM32U545VEI6Q, STM32U545VET6, STM32U545VET6Q, STM32U595AIH6, STM32U595AIH6Q, STM32U595AJH6, STM32U595AJH6Q, STM32U595QII6, STM32U595QII6Q, STM32U595QJI6, STM32U595QJI6Q, STM32U595RIT6, STM32U595RIT6Q, STM32U595RJT6, STM32U595RJT6Q, STM32U595VIT6, STM32U595VIT6Q, STM32U595VJT6, STM32U595VJT6Q, STM32U595ZIT6, STM32U595ZIT6Q, STM32U595ZIY6QTR, STM32U595ZJT6, STM32U595ZJT6Q, STM32U595ZJY6QTR, STM32U599BJY6QTR, STM32U599NIH6Q, STM32U599NJH6Q, STM32U599VIT6Q, STM32U599VJT6, STM32U599VJT6Q, STM32U599ZIT6Q, STM32U599ZIY6QTR, STM32U599ZJT6Q, STM32U599ZJY6QTR, STM32U5A5AJH6, STM32U5A5AJH6Q, STM32U5A5QII3Q , STM32U5A5QJI6, STM32U5A5QJI6Q, STM32U5A5RJT6, STM32U5A5RJT6Q, STM32U5A5VJT6, STM32U5A5VJT6Q, STM32U5A5ZJT6, STM32U5A5ZJT6Q, STM32U5A5ZJY6QTR, STM32U5A9BJY6QTR, STM32U5A9J-DK, STM32U5A9NJH6Q, STM32U5A9VJT6Q, STM32U5A9ZJT6Q, STM32U5A9ZJY6QTR, STM32U5F7VIT6, STM32U5F7VIT6Q, STM32U5F7VJT6, STM32U5F7VJT6Q, STM32U5F9BJY6QTR, STM32U5F9NJH6Q, STM32U5F9VIT6Q, STM32U5F9VJT6Q, STM32U5F9ZIJ6QTR, STM32U5F9ZIT6Q, STM32U5F9ZJJ6QTR, STM32U5F9ZJT6Q, STM32U5G7VJT6, STM32U5G7VJT6Q, STM32U5G9BJY6QTR, STM32U5G9J-DK1, STM32U5G9J-DK2, STM32U5G9NJH6Q, STM32U5G9VJT6Q, STM32U5G9ZJJ6QTR, STM32U5G9ZJT6Q, STM32WB05KZV6TR, STM32WB05KZV7TR, STM32WB05TZF6TR, STM32WB05TZF7TR, STM32WB06CCF6TR, STM32WB06CCF7TR, STM32WB06CCV6TR, STM32WB06CCV7TR, STM32WB06KCV6TR, STM32WB06KCV7TR, STM32WB07CCF6TR, STM32WB07CCF7TR, STM32WB07CCV6TR, STM32WB07CCV7TR, STM32WB07KCV6TR, STM32WB07KCV7TR, STM32WB09KEV6TR, STM32WB09KEV7TR, STM32WB09TEF6TR, STM32WB09TEF7TR, STM32WB1MMCH6, STM32WBA50KGU6, STM32WBA50KGU6TR, STM32WBA52CEU6, STM32WBA52CEU6TR, STM32WBA52CEU7, STM32WBA52CEU7TR, STM32WBA52CGU6, STM32WBA52CGU6TR, STM32WBA52CGU6U, STM32WBA52CGU7, STM32WBA52CGU7TR, STM32WBA52KEU6, STM32WBA52KEU6TR, STM32WBA52KGU6, STM32WBA52KGU6TR, STM32WBA54CEU6, STM32WBA54CEU6TR, STM32WBA54CEU7, STM32WBA54CEU7TR, STM32WBA54CGU6, STM32WBA54CGU6TR, STM32WBA54CGU7, STM32WBA54CGU7TR, STM32WBA54KEU6, STM32WBA54KEU6TR, STM32WBA54KEU7, STM32WBA54KEU7TR, STM32WBA54KGU6, STM32WBA54KGU6TR, STM32WBA54KGU7, STM32WBA54KGU7TR, STM32WBA55CEU6, STM32WBA55CEU6TR, STM32WBA55CEU7, STM32WBA55CEU7TR, STM32WBA55CGU6, STM32WBA55CGU6TR, STM32WBA55CGU6U, STM32WBA55CGU7, STM32WBA55CGU7TR, STM32WBA55G-DK1, STM32WBA55HEF6, STM32WBA55HEF7, STM32WBA55HGF6, STM32WBA55HGF7, STM32WBA55UEI6, STM32WBA55UEI6TR, STM32WBA55UEI7, STM32WBA55UEI7TR, STM32WBA55UGI6, STM32WBA55UGI6TR, STM32WBA55UGI7, STM32WBA55UGI7TR, STM32WBA5MMGH6TR, STM32WBA62MGF6, STM32WBA62MIF6, STM32WBA65MGF7, STM32WBA65MIF6, STM32WBA65MIF7, STM32WL30K8V6, STM32WL30KBV6, STM32WL31C8V6, STM32WL31CBV6, STM32WL31K8V6, STM32WL31KBV6, STM32WL33C8V6, STM32WL33C8V6X, STM32WL33CBV6, STM32WL33CBV6X, STM32WL33CCV6, STM32WL33CCV6A, STM32WL33CCV6X, STM32WL33K8V7, STM32WL33K8V7X, STM32WL33KBV7 , STM32WL33KBV7X, STM32WL33KCV7, STM32WL33KCV7X, STM32WL5MOCH6, STM32WL5MOCH6TR]
2026-01-16 10:01:36,801 [INFO] DbMcus:218 - Found 4801 MCUs, 4801 are supported
2026-01-16 10:01:36,804 [INFO] ApiDb:423 - Load user favorites file C:\Users\ivanp/.stm32cubeide/favorites.mcus.txt: 0 item(s)
2026-01-16 10:01:36,805 [INFO] ApiDb:427 - User favorites MCUs=[]
2026-01-16 10:01:36,805 [INFO] DbMcus:224 - Set 0 / 0 favorites MCUs
2026-01-16 10:01:38,883 [INFO] ApiDb:423 - Load user favorites file C:\Users\ivanp/.stm32cubeide/favorites.boards.txt: 0 item(s)
2026-01-16 10:01:38,884 [INFO] ApiDb:427 - User favorites Boards=[]
2026-01-16 10:01:38,884 [INFO] DbBoards:198 - Set 0 / 0 favorites Boards
2026-01-16 10:01:38,941 [INFO] UtilMem:75 - End LoadConfig() Used Memory: 888353728 Bytes (1073741824)
2026-01-16 10:01:39,529 [WARN] ThirdParty:833 - waiting for thirdparty lock release [change project]
2026-01-16 10:01:39,530 [INFO] ThirdParty:835 - entering critical section [change project]
2026-01-16 10:01:39,530 [INFO] ThirdParty:1030 - CMSIS Pack Vendor :STMicroelectronics USBPD 4.1
2026-01-16 10:01:39,530 [INFO] ThirdParty:1030 - CMSIS Pack Vendor :STMicroelectronics USB_HOST 2.0.0
2026-01-16 10:01:39,531 [INFO] ThirdParty:1030 - CMSIS Pack Vendor :STMicroelectronics FP-SNS-MOTENVWB1 1.4.0
2026-01-16 10:01:39,531 [INFO] ThirdParty:1030 - CMSIS Pack Vendor :STMicroelectronics FP-ATR-ASTRA1 2.0.2
2026-01-16 10:01:39,532 [INFO] ThirdParty:1030 - CMSIS Pack Vendor :STMicroelectronics FP-ATR-ASTRA1 2.0.1
2026-01-16 10:01:39,532 [INFO] ThirdParty:1030 - CMSIS Pack Vendor :STMicroelectronics X-CUBE-SMBUS 2.1.0
2026-01-16 10:01:39,533 [INFO] ThirdParty:1030 - CMSIS Pack Vendor :STMicroelectronics X-CUBE-WB05N 1.1.0
2026-01-16 10:01:39,533 [INFO] ThirdParty:1030 - CMSIS Pack Vendor :STMicroelectronics X-CUBE-TOUCHGFX 4.23.0
2026-01-16 10:01:39,533 [INFO] ThirdParty:1030 - CMSIS Pack Vendor :STMicroelectronics X-CUBE-TOUCHGFX 4.23.2
2026-01-16 10:01:39,533 [INFO] ThirdParty:1030 - CMSIS Pack Vendor :STMicroelectronics X-CUBE-AZRTOS-F7 1.1.0
2026-01-16 10:01:39,533 [INFO] ThirdParty:1030 - CMSIS Pack Vendor :STMicroelectronics USB_DEVICE 2.0.0
2026-01-16 10:01:39,534 [INFO] ThirdParty:1030 - CMSIS Pack Vendor :STMicroelectronics FP-SNS-MOTENV1 4.3.2
2026-01-16 10:01:39,534 [INFO] ThirdParty:1030 - CMSIS Pack Vendor :STMicroelectronics FP-SNS-MOTENV1 4.3.1
2026-01-16 10:01:39,534 [INFO] ThirdParty:1030 - CMSIS Pack Vendor :STMicroelectronics FP-SNS-FLIGHT1 5.0.1
2026-01-16 10:01:39,534 [INFO] ThirdParty:1030 - CMSIS Pack Vendor :STMicroelectronics X-CUBE-BLE1 6.2.3
2026-01-16 10:01:39,534 [INFO] ThirdParty:1030 - CMSIS Pack Vendor :STMicroelectronics X-CUBE-MEMS1 11.0.0
2026-01-16 10:01:39,535 [INFO] ThirdParty:1030 - CMSIS Pack Vendor :STMicroelectronics X-CUBE-BLE1 6.2.4
2026-01-16 10:01:39,535 [INFO] ThirdParty:1030 - CMSIS Pack Vendor :STMicroelectronics FP-SNS-MOTENV1 5.1.0
2026-01-16 10:01:39,535 [INFO] ThirdParty:1030 - CMSIS Pack Vendor :STMicroelectronics FreeRTOS 0.0.1
2026-01-16 10:01:39,535 [INFO] ThirdParty:1030 - CMSIS Pack Vendor :STMicroelectronics X-CUBE-BLE1 6.2.2
2026-01-16 10:01:39,535 [INFO] ThirdParty:1030 - CMSIS Pack Vendor :STMicroelectronics FP-SNS-FLIGHT1 5.0.2
2026-01-16 10:01:39,536 [INFO] ThirdParty:1030 - CMSIS Pack Vendor :STMicroelectronics X-CUBE-BLE2 3.2.2
2026-01-16 10:01:39,536 [INFO] ThirdParty:1030 - CMSIS Pack Vendor :STMicroelectronics X-CUBE-AZRTOS-H7 3.4.0
2026-01-16 10:01:39,536 [INFO] ThirdParty:1030 - CMSIS Pack Vendor :STMicroelectronics X-CUBE-DISPLAY 3.0.0
2026-01-16 10:01:39,537 [INFO] ThirdParty:1030 - CMSIS Pack Vendor :STMicroelectronics X-CUBE-BLE1 7.0.0
2026-01-16 10:01:39,537 [INFO] ThirdParty:1030 - CMSIS Pack Vendor :STMicroelectronics X-CUBE-NFC10 1.0.0
2026-01-16 10:01:39,537 [INFO] ThirdParty:1030 - CMSIS Pack Vendor :STMicroelectronics X-CUBE-BLEMGR 4.0.0
2026-01-16 10:01:39,537 [INFO] ThirdParty:1030 - CMSIS Pack Vendor :STMicroelectronics HAL Drivers 0.0.0
2026-01-16 10:01:39,537 [INFO] ThirdParty:1030 - CMSIS Pack Vendor :STMicroelectronics X-CUBE-ST60 1.1.0
2026-01-16 10:01:39,537 [INFO] ThirdParty:1030 - CMSIS Pack Vendor :STMicroelectronics X-CUBE-TOUCHGFX 4.22.0
2026-01-16 10:01:39,538 [INFO] ThirdParty:1030 - CMSIS Pack Vendor :STMicroelectronics X-CUBE-GNSS1 7.1.0
2026-01-16 10:01:39,538 [INFO] ThirdParty:1030 - CMSIS Pack Vendor :STMicroelectronics X-CUBE-TOUCHGFX 4.22.1
2026-01-16 10:01:39,538 [INFO] ThirdParty:1030 - CMSIS Pack Vendor :STMicroelectronics X-CUBE-SUBG2 4.2.0
2026-01-16 10:01:39,538 [INFO] ThirdParty:1030 - CMSIS Pack Vendor :STMicroelectronics X-CUBE-MEMS1 9.3.0
2026-01-16 10:01:39,538 [INFO] ThirdParty:1030 - CMSIS Pack Vendor :STMicroelectronics X-CUBE-AI 7.2.0
2026-01-16 10:01:39,538 [INFO] ThirdParty:1030 - CMSIS Pack Vendor :STMicroelectronics X-CUBE-BLEMGR 3.1.0
2026-01-16 10:01:39,538 [INFO] ThirdParty:1030 - CMSIS Pack Vendor :STMicroelectronics X-CUBE-AI 10.0.0
2026-01-16 10:01:39,539 [INFO] ThirdParty:1030 - CMSIS Pack Vendor :STMicroelectronics FP-SNS-STBOX1 2.1.0
2026-01-16 10:01:39,539 [INFO] ThirdParty:1030 - CMSIS Pack Vendor :STMicroelectronics FP-SNS-SMARTAG2 1.2.0
2026-01-16 10:01:39,539 [INFO] ThirdParty:1030 - CMSIS Pack Vendor :STMicroelectronics FP-SNS-FLIGHT1 5.1.0
2026-01-16 10:01:39,539 [INFO] ThirdParty:1030 - CMSIS Pack Vendor :STMicroelectronics X-CUBE-MEMS1 11.1.0
2026-01-16 10:01:39,540 [INFO] ThirdParty:1030 - CMSIS Pack Vendor :STMicroelectronics X-CUBE-AZRTOS-WL 2.0.0
2026-01-16 10:01:39,540 [INFO] ThirdParty:1030 - CMSIS Pack Vendor :STMicroelectronics X-CUBE-ALGOBUILD 1.2.1
2026-01-16 10:01:39,540 [INFO] ThirdParty:1030 - CMSIS Pack Vendor :STMicroelectronics FP-SNS-MOTENV1 5.0.0
2026-01-16 10:01:39,540 [INFO] ThirdParty:1030 - CMSIS Pack Vendor :STMicroelectronics X-CUBE-AZRTOS-H7RS 1.2.0
2026-01-16 10:01:39,540 [INFO] ThirdParty:1030 - CMSIS Pack Vendor :wolfSSL I-CUBE-wolfMQTT 1.19.0
2026-01-16 10:01:39,541 [INFO] ThirdParty:1030 - CMSIS Pack Vendor :STMicroelectronics ThreadX 0.0.2
2026-01-16 10:01:39,541 [INFO] ThirdParty:1030 - CMSIS Pack Vendor :WES I-CUBE-Cesium 1.3.0
2026-01-16 10:01:39,541 [INFO] ThirdParty:1030 - CMSIS Pack Vendor :STMicroelectronics X-CUBE-BLE2 3.3.0
2026-01-16 10:01:39,541 [INFO] ThirdParty:1030 - CMSIS Pack Vendor :Avnet-IOTCONNECT X-CUBE-iotc-st67-sdk 1.0.0
2026-01-16 10:01:39,541 [INFO] ThirdParty:1030 - CMSIS Pack Vendor :STMicroelectronics X-CUBE-DISPLAY 2.2.0
2026-01-16 10:01:39,541 [INFO] ThirdParty:1030 - CMSIS Pack Vendor :STMicroelectronics X-CUBE-TOF1 3.2.0
2026-01-16 10:01:39,542 [INFO] ThirdParty:1030 - CMSIS Pack Vendor :STMicroelectronics X-CUBE-TOUCHGFX 4.18.1
2026-01-16 10:01:39,542 [INFO] ThirdParty:1030 - CMSIS Pack Vendor :STMicroelectronics X-CUBE-ISPU 1.0.0
2026-01-16 10:01:39,542 [INFO] ThirdParty:1030 - CMSIS Pack Vendor :wolfSSL I-CUBE-wolfSSL 5.0.0
2026-01-16 10:01:39,542 [INFO] ThirdParty:1030 - CMSIS Pack Vendor :STMicroelectronics X-CUBE-NFC9 1.0.0
2026-01-16 10:01:39,542 [INFO] ThirdParty:1030 - CMSIS Pack Vendor :STMicroelectronics X-CUBE-AZRTOS-H7 2.1.0
2026-01-16 10:01:39,542 [INFO] ThirdParty:1030 - CMSIS Pack Vendor :STMicroelectronics X-CUBE-BLE1 7.1.0
2026-01-16 10:01:39,543 [INFO] ThirdParty:1030 - CMSIS Pack Vendor :STMicroelectronics USB_DEVICE 3.0.0
2026-01-16 10:01:39,543 [INFO] ThirdParty:1030 - CMSIS Pack Vendor :STMicroelectronics X-CUBE-TCPP 4.1.0
2026-01-16 10:01:39,543 [INFO] ThirdParty:1030 - CMSIS Pack Vendor :STMicroelectronics X-CUBE-FREERTOS 1.4.0
2026-01-16 10:01:39,543 [INFO] ThirdParty:1030 - CMSIS Pack Vendor :STMicroelectronics X-CUBE-EEPRMA1 5.2.0
2026-01-16 10:01:39,544 [INFO] ThirdParty:1030 - CMSIS Pack Vendor :STMicroelectronics X-CUBE-TOUCHGFX 4.21.1
2026-01-16 10:01:39,544 [INFO] ThirdParty:1030 - CMSIS Pack Vendor :STMicroelectronics X-CUBE-TOUCHGFX 4.21.0
2026-01-16 10:01:39,544 [INFO] ThirdParty:1030 - CMSIS Pack Vendor :STMicroelectronics X-CUBE-TOUCHGFX 4.21.3
2026-01-16 10:01:39,544 [INFO] ThirdParty:1030 - CMSIS Pack Vendor :STMicroelectronics X-CUBE-TOUCHGFX 4.21.4
2026-01-16 10:01:39,545 [INFO] ThirdParty:1030 - CMSIS Pack Vendor :STMicroelectronics X-CUBE-MEMS1 9.4.0
2026-01-16 10:01:39,545 [INFO] ThirdParty:1030 - CMSIS Pack Vendor :STMicroelectronics X-CUBE-AI 7.3.0
2026-01-16 10:01:39,545 [INFO] ThirdParty:1030 - CMSIS Pack Vendor :STMicroelectronics X-CUBE-ST67W61 1.1.0
2026-01-16 10:01:39,545 [INFO] ThirdParty:1030 - CMSIS Pack Vendor :STMicroelectronics X-CUBE-MEMS1 12.0.0
2026-01-16 10:01:39,545 [INFO] ThirdParty:1030 - CMSIS Pack Vendor :STMicroelectronics X-CUBE-ALGOBUILD 1.3.0
2026-01-16 10:01:39,546 [INFO] ThirdParty:1030 - CMSIS Pack Vendor :STMicroelectronics X-CUBE-AZRTOS-G0 1.1.0
2026-01-16 10:01:39,546 [INFO] ThirdParty:1030 - CMSIS Pack Vendor :STMicroelectronics X-CUBE-SAFEA1 1.2.2
2026-01-16 10:01:39,546 [INFO] ThirdParty:1030 - CMSIS Pack Vendor :STMicroelectronics X-CUBE-NFC4 3.0.0
2026-01-16 10:01:39,546 [INFO] ThirdParty:1030 - CMSIS Pack Vendor :SEGGER I-CUBE-embOS 1.2.0
2026-01-16 10:01:39,546 [INFO] ThirdParty:1030 - CMSIS Pack Vendor :wolfSSL I-CUBE-wolfMQTT 1.18.0
2026-01-16 10:01:39,546 [INFO] ThirdParty:1030 - CMSIS Pack Vendor :EmbeddedOffice I-CUBE-FS-RTOS 1.0.1
2026-01-16 10:01:39,547 [INFO] ThirdParty:1030 - CMSIS Pack Vendor :STMicroelectronics X-CUBE-WB05N 2.0.0
2026-01-16 10:01:39,547 [INFO] ThirdParty:1030 - CMSIS Pack Vendor :STMicroelectronics PDM2PCM 3.1.0
2026-01-16 10:01:39,547 [INFO] ThirdParty:1030 - CMSIS Pack Vendor :STMicroelectronics X-CUBE-BLEMGR 3.0.0
2026-01-16 10:01:39,547 [INFO] ThirdParty:1030 - CMSIS Pack Vendor :STMicroelectronics X-CUBE-BLEMGR 1.3.0
2026-01-16 10:01:39,548 [INFO] ThirdParty:1030 - CMSIS Pack Vendor :STMicroelectronics X-CUBE-TCPP 4.2.0
2026-01-16 10:01:39,548 [INFO] ThirdParty:1030 - CMSIS Pack Vendor :RealThread X-CUBE-RT-Thread_Nano 4.1.1
2026-01-16 10:01:39,548 [INFO] ThirdParty:1030 - CMSIS Pack Vendor :STMicroelectronics X-CUBE-AZRTOS-H7 2.0.0
2026-01-16 10:01:39,548 [INFO] ThirdParty:1030 - CMSIS Pack Vendor :STMicroelectronics FP-ATR-SIGFOX1 3.2.0
2026-01-16 10:01:39,549 [INFO] ThirdParty:1030 - CMSIS Pack Vendor :quantropi X-CUBE-qispace-sdk-base 1.9.3
2026-01-16 10:01:39,549 [INFO] ThirdParty:1030 - CMSIS Pack Vendor :STMicroelectronics X-CUBE-EEPRMA1 5.1.0
2026-01-16 10:01:39,549 [INFO] ThirdParty:1030 - CMSIS Pack Vendor :STMicroelectronics MBEDTLS 2.16.2
2026-01-16 10:01:39,549 [INFO] ThirdParty:1030 - CMSIS Pack Vendor :emotas I-CUBE-CANOPEN 1.1.2
2026-01-16 10:01:39,550 [INFO] ThirdParty:1030 - CMSIS Pack Vendor :STMicroelectronics X-CUBE-TOUCHGFX 4.20.0
2026-01-16 10:01:39,550 [INFO] ThirdParty:1030 - CMSIS Pack Vendor :STMicroelectronics X-CUBE-MEMS1 9.5.0
2026-01-16 10:01:39,550 [INFO] ThirdParty:1030 - CMSIS Pack Vendor :STMicroelectronics X-CUBE-AI 10.2.0
2026-01-16 10:01:39,550 [INFO] ThirdParty:1030 - CMSIS Pack Vendor :STMicroelectronics ThreadX 1.0.0
2026-01-16 10:01:39,550 [INFO] ThirdParty:1030 - CMSIS Pack Vendor :SEGGER I-CUBE-embOS 1.3.1
2026-01-16 10:01:39,550 [INFO] ThirdParty:1030 - CMSIS Pack Vendor :STMicroelectronics X-CUBE-ALGOBUILD 1.4.0
2026-01-16 10:01:39,550 [INFO] ThirdParty:1030 - CMSIS Pack Vendor :STMicroelectronics X-CUBE-MEMS1 11.3.0
2026-01-16 10:01:39,550 [INFO] ThirdParty:1030 - CMSIS Pack Vendor :STMicroelectronics X-CUBE-DISPLAY 2.0.0
2026-01-16 10:01:39,552 [INFO] ThirdParty:1030 - CMSIS Pack Vendor :STMicroelectronics X-CUBE-AI 9.1.0
2026-01-16 10:01:39,552 [INFO] ThirdParty:1030 - CMSIS Pack Vendor :STMicroelectronics X-CUBE-PM33A1 1.0.0
2026-01-16 10:01:39,552 [INFO] ThirdParty:1030 - CMSIS Pack Vendor :STMicroelectronics X-CUBE-GNSS1 6.0.0
2026-01-16 10:01:39,552 [INFO] ThirdParty:1030 - CMSIS Pack Vendor :STMicroelectronics X-CUBE-AZRTOS-F4 1.1.0
2026-01-16 10:01:39,552 [INFO] ThirdParty:1030 - CMSIS Pack Vendor :STMicroelectronics LIBJPEG 8.0.0
2026-01-16 10:01:39,552 [INFO] ThirdParty:1030 - CMSIS Pack Vendor :STMicroelectronics X-CUBE-ISPU 2.1.0
2026-01-16 10:01:39,552 [INFO] ThirdParty:1030 - CMSIS Pack Vendor :STMicroelectronics X-CUBE-IPS 3.2.0
2026-01-16 10:01:39,553 [INFO] ThirdParty:1030 - CMSIS Pack Vendor :STMicroelectronics X-CUBE-FREERTOS 1.2.0
2026-01-16 10:01:39,553 [INFO] ThirdParty:1030 - CMSIS Pack Vendor :STMicroelectronics X-CUBE-NFC12 1.0.0
2026-01-16 10:01:39,553 [INFO] ThirdParty:1030 - CMSIS Pack Vendor :STMicroelectronics X-CUBE-BLEMGR 1.2.0
2026-01-16 10:01:39,553 [INFO] ThirdParty:1030 - CMSIS Pack Vendor :STMicroelectronics X-CUBE-AZRTOS-L5 2.0.0
2026-01-16 10:01:39,553 [INFO] ThirdParty:1030 - CMSIS Pack Vendor :STMicroelectronics X-CUBE-MEMS1 9.6.0
2026-01-16 10:01:39,554 [INFO] ThirdParty:1030 - CMSIS Pack Vendor :STMicroelectronics X-CUBE-EEPRMA1 4.2.0
2026-01-16 10:01:39,554 [INFO] ThirdParty:1030 - CMSIS Pack Vendor :STMicroelectronics X-CUBE-NFC6 3.1.0
2026-01-16 10:01:39,554 [INFO] ThirdParty:1030 - CMSIS Pack Vendor :ITTIA_DB I-CUBE-ITTIADB 8.8.0
2026-01-16 10:01:39,554 [INFO] ThirdParty:1030 - CMSIS Pack Vendor :STMicroelectronics X-CUBE-BLEMGR 2.0.0
2026-01-16 10:01:39,554 [INFO] ThirdParty:1030 - CMSIS Pack Vendor :STMicroelectronics X-CUBE-DPower 1.2.0
2026-01-16 10:01:39,555 [INFO] ThirdParty:1030 - CMSIS Pack Vendor :STMicroelectronics X-CUBE-NFC4 2.0.5
2026-01-16 10:01:39,555 [INFO] ThirdParty:1030 - CMSIS Pack Vendor :STMicroelectronics X-CUBE-NFC4 2.0.4
2026-01-16 10:01:39,555 [INFO] ThirdParty:1030 - CMSIS Pack Vendor :STMicroelectronics X-CUBE-NFC4 2.0.3
2026-01-16 10:01:39,555 [INFO] ThirdParty:1030 - CMSIS Pack Vendor :STMicroelectronics X-CUBE-AI 9.0.0
2026-01-16 10:01:39,555 [INFO] ThirdParty:1030 - CMSIS Pack Vendor :STMicroelectronics X-CUBE-AZRTOS-H7 3.1.0
2026-01-16 10:01:39,555 [INFO] ThirdParty:1030 - CMSIS Pack Vendor :STMicroelectronics PDM2PCM 3.3.0
2026-01-16 10:01:39,556 [INFO] ThirdParty:1030 - CMSIS Pack Vendor :STMicroelectronics X-CUBE-SFXS2LP1 3.1.0
2026-01-16 10:01:39,556 [INFO] ThirdParty:1030 - CMSIS Pack Vendor :STMicroelectronics X-CUBE-AZRTOS-F4 1.0.0
2026-01-16 10:01:39,556 [INFO] ThirdParty:1030 - CMSIS Pack Vendor :STMicroelectronics X-CUBE-TOF1 2.0.0
2026-01-16 10:01:39,556 [INFO] ThirdParty:1030 - CMSIS Pack Vendor :STMicroelectronics X-CUBE-FREERTOS 1.3.1
2026-01-16 10:01:39,556 [INFO] ThirdParty:1030 - CMSIS Pack Vendor :STMicroelectronics X-CUBE-FREERTOS 1.3.0
2026-01-16 10:01:39,557 [INFO] ThirdParty:1030 - CMSIS Pack Vendor :STMicroelectronics X-CUBE-NFC7 1.0.1
2026-01-16 10:01:39,557 [INFO] ThirdParty:1030 - CMSIS Pack Vendor :STMicroelectronics MBEDTLS 2.14.1
2026-01-16 10:01:39,557 [INFO] ThirdParty:1030 - CMSIS Pack Vendor :STMicroelectronics X-CUBE-NFC7 1.0.0
2026-01-16 10:01:39,557 [INFO] ThirdParty:1030 - CMSIS Pack Vendor :wolfSSL I-CUBE-wolfTPM 3.2.0
2026-01-16 10:01:39,557 [INFO] ThirdParty:1030 - CMSIS Pack Vendor :STMicroelectronics X-CUBE-TOUCHGFX 4.26.0
2026-01-16 10:01:39,557 [INFO] ThirdParty:1030 - CMSIS Pack Vendor :STMicroelectronics X-CUBE-NFC6 3.0.0
2026-01-16 10:01:39,558 [INFO] ThirdParty:1030 - CMSIS Pack Vendor :STMicroelectronics X-CUBE-EEPRMA1 4.1.0
2026-01-16 10:01:39,558 [INFO] ThirdParty:1030 - CMSIS Pack Vendor :STMicroelectronics FP-SNS-STAIOTCFT 1.0.0
2026-01-16 10:01:39,558 [INFO] ThirdParty:1030 - CMSIS Pack Vendor :STMicroelectronics X-CUBE-DPower 1.3.0
2026-01-16 10:01:39,558 [INFO] ThirdParty:1030 - CMSIS Pack Vendor :STMicroelectronics USB_DEVICE 1.0.0
2026-01-16 10:01:39,558 [INFO] ThirdParty:1030 - CMSIS Pack Vendor :STMicroelectronics X-CUBE-AI 8.1.0
2026-01-16 10:01:39,558 [INFO] ThirdParty:1030 - CMSIS Pack Vendor :STMicroelectronics X-CUBE-AZRTOS-L4 2.0.0
2026-01-16 10:01:39,559 [INFO] ThirdParty:1030 - CMSIS Pack Vendor :STMicroelectronics lwIP 2.1.2
2026-01-16 10:01:39,559 [INFO] ThirdParty:1030 - CMSIS Pack Vendor :STMicroelectronics X-CUBE-SFXS2LP1 4.0.0
2026-01-16 10:01:39,559 [INFO] ThirdParty:1030 - CMSIS Pack Vendor :STMicroelectronics PDM2PCM 3.2.0
2026-01-16 10:01:39,559 [INFO] ThirdParty:1030 - CMSIS Pack Vendor :STMicroelectronics X-CUBE-AZRTOS-H7 3.0.0
2026-01-16 10:01:39,559 [INFO] ThirdParty:1030 - CMSIS Pack Vendor :STMicroelectronics X-CUBE-ST67W61 1.2.0
2026-01-16 10:01:39,559 [INFO] ThirdParty:1030 - CMSIS Pack Vendor :STMicroelectronics X-CUBE-ISPU 1.1.0
2026-01-16 10:01:39,560 [INFO] ThirdParty:1030 - CMSIS Pack Vendor :STMicroelectronics X-CUBE-AZRTOS-H7 3.3.0
2026-01-16 10:01:39,560 [INFO] ThirdParty:1030 - CMSIS Pack Vendor :RoweBots I-CUBE-UNISONRTOS 5.5.0-4
2026-01-16 10:01:39,560 [INFO] ThirdParty:1030 - CMSIS Pack Vendor :STMicroelectronics X-CUBE-BLEMGR 4.1.0
2026-01-16 10:01:39,560 [INFO] ThirdParty:1030 - CMSIS Pack Vendor :STMicroelectronics X-CUBE-AI 8.0.0
2026-01-16 10:01:39,560 [INFO] ThirdParty:1030 - CMSIS Pack Vendor :STMicroelectronics X-CUBE-IPS 3.0.0
2026-01-16 10:01:39,560 [INFO] ThirdParty:1030 - CMSIS Pack Vendor :STMicroelectronics X-CUBE-AZRTOS-WB 2.0.0
2026-01-16 10:01:39,561 [INFO] ThirdParty:1030 - CMSIS Pack Vendor :STMicroelectronics X-CUBE-FREERTOS 1.0.0
2026-01-16 10:01:39,561 [INFO] ThirdParty:1030 - CMSIS Pack Vendor :STMicroelectronics X-CUBE-FREERTOS 1.0.1
2026-01-16 10:01:39,561 [INFO] ThirdParty:1030 - CMSIS Pack Vendor :STMicroelectronics X-CUBE-GNSS1 7.0.0
2026-01-16 10:01:39,561 [INFO] ThirdParty:1030 - CMSIS Pack Vendor :STMicroelectronics X-CUBE-GNSS1 7.0.1
2026-01-16 10:01:39,561 [INFO] ThirdParty:1030 - CMSIS Pack Vendor :STMicroelectronics FP-SNS-STBOX1 2.0.0
2026-01-16 10:01:39,562 [INFO] ThirdParty:1030 - CMSIS Pack Vendor :STMicroelectronics X-CUBE-AZRTOS-L5 1.1.0
2026-01-16 10:01:39,562 [INFO] ThirdParty:1030 - CMSIS Pack Vendor :STMicroelectronics X-CUBE-AI 8.0.1
2026-01-16 10:01:39,562 [INFO] ThirdParty:1030 - CMSIS Pack Vendor :STMicroelectronics X-CUBE-SUBG2 5.0.0
2026-01-16 10:01:39,562 [INFO] ThirdParty:1030 - CMSIS Pack Vendor :STMicroelectronics X-CUBE-AZRTOS-H7RS 1.1.0
2026-01-16 10:01:39,563 [INFO] ThirdParty:1030 - CMSIS Pack Vendor :STMicroelectronics STM32_WPAN 1.0.0
2026-01-16 10:01:39,563 [INFO] ThirdParty:1030 - CMSIS Pack Vendor :STMicroelectronics lwIP 2.0.3
2026-01-16 10:01:39,563 [INFO] ThirdParty:1030 - CMSIS Pack Vendor :STMicroelectronics USB_HOST 1.0.0
2026-01-16 10:01:39,563 [INFO] ThirdParty:1030 - CMSIS Pack Vendor :STMicroelectronics X-CUBE-AZRTOS-G4 2.0.0
2026-01-16 10:01:39,564 [INFO] ThirdParty:1030 - CMSIS Pack Vendor :STMicroelectronics X-CUBE-TOF1 3.3.0
2026-01-16 10:01:39,564 [INFO] ThirdParty:1030 - CMSIS Pack Vendor :STMicroelectronics FP-ATR-ASTRA1 1.1.1
2026-01-16 10:01:39,565 [INFO] ThirdParty:1030 - CMSIS Pack Vendor :Infineon AIROC-Wi-Fi-Bluetooth-STM32 1.5.1
2026-01-16 10:01:39,565 [INFO] ThirdParty:1030 - CMSIS Pack Vendor :STMicroelectronics X-CUBE-NFC7 2.0.0
2026-01-16 10:01:39,565 [INFO] ThirdParty:1030 - CMSIS Pack Vendor :STMicroelectronics FP-SNS-MOTENVWB1 1.3.1
2026-01-16 10:01:39,566 [INFO] ThirdParty:1030 - CMSIS Pack Vendor :STMicroelectronics X-CUBE-AZRTOS-G4 1.0.0
2026-01-16 10:01:39,566 [INFO] ThirdParty:1030 - CMSIS Pack Vendor :STMicroelectronics X-CUBE-AZRTOS-L4 1.0.0
2026-01-16 10:01:39,566 [INFO] ThirdParty:1030 - CMSIS Pack Vendor :STMicroelectronics X-CUBE-ISPU 2.0.0
2026-01-16 10:01:39,567 [INFO] ThirdParty:1030 - CMSIS Pack Vendor :STMicroelectronics X-CUBE-IPS 3.1.0
2026-01-16 10:01:39,567 [INFO] ThirdParty:1030 - CMSIS Pack Vendor :STMicroelectronics X-CUBE-ALS 1.0.2
2026-01-16 10:01:39,567 [INFO] ThirdParty:1030 - CMSIS Pack Vendor :STMicroelectronics X-CUBE-MEMS1 10.0.0
2026-01-16 10:01:39,567 [INFO] ThirdParty:1030 - CMSIS Pack Vendor :STMicroelectronics X-CUBE-FREERTOS 1.1.0
2026-01-16 10:01:39,567 [INFO] ThirdParty:1030 - CMSIS Pack Vendor :STMicroelectronics X-CUBE-TOUCHGFX 4.24.0
2026-01-16 10:01:39,567 [INFO] ThirdParty:1030 - CMSIS Pack Vendor :STMicroelectronics X-CUBE-AZRTOS-F7 1.0.0
2026-01-16 10:01:39,567 [INFO] ThirdParty:1030 - CMSIS Pack Vendor :STMicroelectronics X-CUBE-TOUCHGFX 4.24.2
2026-01-16 10:01:39,567 [INFO] ThirdParty:1030 - CMSIS Pack Vendor :STMicroelectronics X-CUBE-AZRTOS-WL 1.0.0
2026-01-16 10:01:39,567 [INFO] ThirdParty:1030 - CMSIS Pack Vendor :STMicroelectronics X-CUBE-TOUCHGFX 4.24.1
2026-01-16 10:01:39,567 [INFO] ThirdParty:1030 - CMSIS Pack Vendor :STMicroelectronics X-CUBE-STSE01 1.0.0
2026-01-16 10:01:39,569 [INFO] ThirdParty:1030 - CMSIS Pack Vendor :STMicroelectronics X-CUBE-MEMS1 9.1.0
2026-01-16 10:01:39,569 [INFO] ThirdParty:1030 - CMSIS Pack Vendor :portGmbH I-Cube-SoM-uGOAL 1.1.0
2026-01-16 10:01:39,569 [INFO] ThirdParty:1030 - CMSIS Pack Vendor :STMicroelectronics X-CUBE-ALS 1.0.1
2026-01-16 10:01:39,569 [INFO] ThirdParty:1030 - CMSIS Pack Vendor :STMicroelectronics X-CUBE-AI 7.0.0
2026-01-16 10:01:39,569 [INFO] ThirdParty:1030 - CMSIS Pack Vendor :STMicroelectronics X-CUBE-AZRTOS-WB 1.1.0
2026-01-16 10:01:39,569 [INFO] ThirdParty:1030 - CMSIS Pack Vendor :STMicroelectronics X-CUBE-AZRTOS-L5 1.0.0
2026-01-16 10:01:39,569 [INFO] ThirdParty:1030 - CMSIS Pack Vendor :STMicroelectronics X-CUBE-EEPRMA1 3.1.0
2026-01-16 10:01:39,570 [INFO] ThirdParty:1030 - CMSIS Pack Vendor :STMicroelectronics X-CUBE-EEPRMA1 3.1.1
2026-01-16 10:01:39,570 [INFO] ThirdParty:1030 - CMSIS Pack Vendor :STMicroelectronics X-CUBE-AZRTOS-H7RS 1.0.0
2026-01-16 10:01:39,570 [INFO] ThirdParty:1030 - CMSIS Pack Vendor :STMicroelectronics X-CUBE-GNSS1 5.2.0
2026-01-16 10:01:39,570 [INFO] ThirdParty:1030 - CMSIS Pack Vendor :STMicroelectronics FP-ATR-ASTRA1 2.0.0
2026-01-16 10:01:39,570 [INFO] ThirdParty:1030 - CMSIS Pack Vendor :STMicroelectronics X-CUBE-TOF1 3.4.2
2026-01-16 10:01:39,570 [INFO] ThirdParty:1030 - CMSIS Pack Vendor :STMicroelectronics X-CUBE-TOF1 3.4.3
2026-01-16 10:01:39,570 [INFO] ThirdParty:1030 - CMSIS Pack Vendor :STMicroelectronics X-CUBE-TOF1 3.4.0
2026-01-16 10:01:39,570 [INFO] ThirdParty:1030 - CMSIS Pack Vendor :STMicroelectronics X-CUBE-TOF1 3.4.1
2026-01-16 10:01:39,570 [INFO] ThirdParty:1030 - CMSIS Pack Vendor :STMicroelectronics X-CUBE-AZRTOS-H7 3.2.0
2026-01-16 10:01:39,571 [INFO] ThirdParty:1030 - CMSIS Pack Vendor :wolfSSL I-CUBE-wolfSSH 1.4.17
2026-01-16 10:01:39,571 [INFO] ThirdParty:841 - exiting critical section [change project]
2026-01-16 10:01:41,649 [INFO] PinOutPanel:1589 - setPackage(No Configuration,No Configuration)
2026-01-16 10:01:41,653 [INFO] PinOutPanel:1589 - setPackage(STM32G491RETx,LQFP64)
2026-01-16 10:01:44,039 [INFO] UtilMem:75 - Before build in PCC Used Memory: 821501272 Bytes (1073741824)
2026-01-16 10:01:47,851 [INFO] UtilMem:75 - After build in PCC Used Memory: 1000283560 Bytes (1073741824)
2026-01-16 10:01:48,001 [INFO] IPUIPlugin:80 - create IPUIPlugin
2026-01-16 10:01:48,002 [INFO] IPUIPlugin:80 - create IPUIPlugin
2026-01-16 10:01:48,002 [INFO] IPUIPlugin:80 - create IPUIPlugin
2026-01-16 10:01:48,003 [INFO] IPUIPlugin:80 - create IPUIPlugin
2026-01-16 10:01:48,003 [INFO] IPUIPlugin:80 - create IPUIPlugin
2026-01-16 10:01:48,003 [INFO] IPUIPlugin:80 - create IPUIPlugin
2026-01-16 10:01:48,004 [INFO] IPUIPlugin:80 - create IPUIPlugin
2026-01-16 10:01:48,004 [INFO] IPUIPlugin:80 - create IPUIPlugin
2026-01-16 10:01:48,006 [INFO] IPUIPlugin:80 - create IPUIPlugin
2026-01-16 10:01:48,008 [INFO] IPUIPlugin:80 - create IPUIPlugin
2026-01-16 10:01:48,008 [INFO] IPUIPlugin:80 - create IPUIPlugin
2026-01-16 10:01:48,009 [INFO] IPUIPlugin:80 - create IPUIPlugin
2026-01-16 10:01:48,009 [INFO] IPUIPlugin:80 - create IPUIPlugin
2026-01-16 10:01:48,009 [INFO] IPUIPlugin:80 - create IPUIPlugin
2026-01-16 10:01:48,010 [INFO] IPUIPlugin:80 - create IPUIPlugin
2026-01-16 10:01:48,012 [INFO] IPUIPlugin:80 - create IPUIPlugin
2026-01-16 10:01:48,013 [INFO] IPUIPlugin:80 - create IPUIPlugin
2026-01-16 10:01:48,013 [INFO] IPUIPlugin:80 - create IPUIPlugin
2026-01-16 10:01:48,014 [INFO] IPUIPlugin:80 - create IPUIPlugin
2026-01-16 10:01:48,015 [INFO] IPUIPlugin:80 - create IPUIPlugin
2026-01-16 10:01:48,015 [INFO] IPUIPlugin:80 - create IPUIPlugin
2026-01-16 10:01:48,016 [INFO] IPUIPlugin:80 - create IPUIPlugin
2026-01-16 10:01:48,016 [INFO] IPUIPlugin:80 - create IPUIPlugin
2026-01-16 10:01:48,017 [INFO] IPUIPlugin:80 - create IPUIPlugin
2026-01-16 10:01:48,018 [INFO] IPUIPlugin:80 - create IPUIPlugin
2026-01-16 10:01:48,018 [INFO] IPUIPlugin:80 - create IPUIPlugin
2026-01-16 10:01:48,019 [INFO] IPUIPlugin:80 - create IPUIPlugin
2026-01-16 10:01:48,021 [INFO] IPUIPlugin:80 - create IPUIPlugin
2026-01-16 10:01:48,021 [INFO] IPUIPlugin:80 - create IPUIPlugin
2026-01-16 10:01:48,022 [INFO] IPUIPlugin:80 - create IPUIPlugin
2026-01-16 10:01:48,022 [INFO] IPUIPlugin:80 - create IPUIPlugin
2026-01-16 10:01:48,023 [INFO] IPUIPlugin:80 - create IPUIPlugin
2026-01-16 10:01:48,024 [INFO] IPUIPlugin:80 - create IPUIPlugin
2026-01-16 10:01:48,025 [INFO] IPUIPlugin:80 - create IPUIPlugin
2026-01-16 10:01:48,026 [INFO] IPUIPlugin:80 - create IPUIPlugin
2026-01-16 10:01:48,030 [INFO] IPUIPlugin:80 - create IPUIPlugin
2026-01-16 10:01:48,030 [INFO] IPUIPlugin:80 - create IPUIPlugin
2026-01-16 10:01:48,032 [INFO] IPUIPlugin:80 - create IPUIPlugin
2026-01-16 10:01:48,033 [INFO] IPUIPlugin:80 - create IPUIPlugin
2026-01-16 10:01:48,033 [INFO] IPUIPlugin:80 - create IPUIPlugin
2026-01-16 10:01:48,034 [INFO] IPUIPlugin:80 - create IPUIPlugin
2026-01-16 10:01:48,034 [INFO] IPUIPlugin:80 - create IPUIPlugin
2026-01-16 10:01:48,035 [INFO] IPUIPlugin:80 - create IPUIPlugin
2026-01-16 10:01:48,035 [INFO] IPUIPlugin:80 - create IPUIPlugin
2026-01-16 10:01:48,036 [INFO] IPUIPlugin:80 - create IPUIPlugin
2026-01-16 10:01:48,037 [INFO] IPUIPlugin:80 - create IPUIPlugin
2026-01-16 10:01:48,039 [INFO] IPUIPlugin:80 - create IPUIPlugin
2026-01-16 10:01:48,040 [INFO] IPUIPlugin:80 - create IPUIPlugin
2026-01-16 10:01:48,041 [INFO] IPUIPlugin:80 - create IPUIPlugin
2026-01-16 10:01:48,042 [INFO] IPUIPlugin:80 - create IPUIPlugin
2026-01-16 10:01:48,043 [INFO] IPUIPlugin:80 - create IPUIPlugin
2026-01-16 10:01:48,044 [INFO] IPUIPlugin:80 - create IPUIPlugin
2026-01-16 10:01:48,044 [INFO] IPUIPlugin:80 - create IPUIPlugin
2026-01-16 10:01:48,045 [INFO] IPUIPlugin:80 - create IPUIPlugin
2026-01-16 10:01:48,046 [INFO] IPUIPlugin:80 - create IPUIPlugin
2026-01-16 10:01:48,046 [INFO] IPUIPlugin:80 - create IPUIPlugin
2026-01-16 10:01:48,047 [INFO] IPUIPlugin:80 - create IPUIPlugin
2026-01-16 10:01:48,048 [INFO] IPUIPlugin:80 - create IPUIPlugin
2026-01-16 10:01:48,049 [INFO] IPUIPlugin:80 - create IPUIPlugin
2026-01-16 10:01:48,050 [INFO] IPUIPlugin:80 - create IPUIPlugin
2026-01-16 10:01:48,052 [INFO] IPUIPlugin:80 - create IPUIPlugin
2026-01-16 10:01:48,052 [INFO] IPUIPlugin:80 - create IPUIPlugin
2026-01-16 10:01:48,053 [INFO] IPUIPlugin:80 - create IPUIPlugin
2026-01-16 10:01:48,055 [INFO] IPUIPlugin:80 - create IPUIPlugin
2026-01-16 10:01:48,916 [INFO] CADModel:165 - CPN selected for project levelSTM32G491RET3
2026-01-16 10:01:48,916 [INFO] CADModel:114 - Register for checkConnection events
2026-01-16 10:01:48,970 [INFO] OpenFileManager:386 - Restore cursor
2026-01-16 10:10:58,676 [ERROR] LogOutputStream:75 - [STDERR_REDIRECT] [Fatal Error] :1:1: Premature end of file.
2026-01-16 10:10:58,677 [ERROR] LogOutputStream:75 - [STDERR_REDIRECT] 
2026-01-16 10:10:59,630 [ERROR] LogOutputStream:75 - [STDERR_REDIRECT] [Fatal Error] :1:1: Premature end of file.
2026-01-16 10:10:59,631 [ERROR] LogOutputStream:75 - [STDERR_REDIRECT] 
2026-01-16 10:10:59,833 [INFO] WebApp:403 - JxBrowser engine has been closed 
2026-01-16 10:11:00,625 [ERROR] LogOutputStream:75 - [STDERR_REDIRECT] [Fatal Error] :1:1: Premature end of file.
2026-01-16 10:11:00,626 [ERROR] LogOutputStream:75 - [STDERR_REDIRECT] 
2026-01-16 10:11:01,624 [ERROR] LogOutputStream:75 - [STDERR_REDIRECT] [Fatal Error] :1:1: Premature end of file.
2026-01-16 10:11:01,624 [ERROR] LogOutputStream:75 - [STDERR_REDIRECT] 
2026-01-16 10:11:02,625 [ERROR] LogOutputStream:75 - [STDERR_REDIRECT] [Fatal Error] :1:1: Premature end of file.
2026-01-16 10:11:02,625 [ERROR] LogOutputStream:75 - [STDERR_REDIRECT] 
2026-01-16 10:11:03,624 [ERROR] LogOutputStream:75 - [STDERR_REDIRECT] [Fatal Error] :1:1: Premature end of file.
2026-01-16 10:11:03,624 [ERROR] LogOutputStream:75 - [STDERR_REDIRECT] 
2026-01-16 10:11:04,624 [ERROR] LogOutputStream:75 - [STDERR_REDIRECT] [Fatal Error] :1:1: Premature end of file.
2026-01-16 10:11:04,624 [ERROR] LogOutputStream:75 - [STDERR_REDIRECT] 
2026-01-16 10:11:05,628 [ERROR] LogOutputStream:75 - [STDERR_REDIRECT] [Fatal Error] :1:1: Premature end of file.
2026-01-16 10:11:05,628 [ERROR] LogOutputStream:75 - [STDERR_REDIRECT] 
2026-01-16 10:11:06,624 [ERROR] LogOutputStream:75 - [STDERR_REDIRECT] [Fatal Error] :1:1: Premature end of file.
2026-01-16 10:11:06,624 [ERROR] LogOutputStream:75 - [STDERR_REDIRECT] 
2026-01-16 10:11:07,630 [ERROR] LogOutputStream:75 - [STDERR_REDIRECT] [Fatal Error] :1:1: Premature end of file.
2026-01-16 10:11:07,631 [ERROR] LogOutputStream:75 - [STDERR_REDIRECT] 
2026-01-16 10:11:08,632 [ERROR] LogOutputStream:75 - [STDERR_REDIRECT] [Fatal Error] :1:1: Premature end of file.
2026-01-16 10:11:08,632 [ERROR] LogOutputStream:75 - [STDERR_REDIRECT] 
2026-01-16 10:11:09,624 [ERROR] LogOutputStream:75 - [STDERR_REDIRECT] [Fatal Error] :1:1: Premature end of file.
2026-01-16 10:11:09,624 [ERROR] LogOutputStream:75 - [STDERR_REDIRECT] 
2026-01-16 10:11:10,627 [ERROR] LogOutputStream:75 - [STDERR_REDIRECT] [Fatal Error] :1:1: Premature end of file.
2026-01-16 10:11:10,628 [ERROR] LogOutputStream:75 - [STDERR_REDIRECT] 
2026-01-16 10:11:11,623 [ERROR] LogOutputStream:75 - [STDERR_REDIRECT] [Fatal Error] :1:1: Premature end of file.
2026-01-16 10:11:11,624 [ERROR] LogOutputStream:75 - [STDERR_REDIRECT] 
2026-01-16 10:11:12,625 [ERROR] LogOutputStream:75 - [STDERR_REDIRECT] [Fatal Error] :1:1: Premature end of file.
2026-01-16 10:11:12,625 [ERROR] LogOutputStream:75 - [STDERR_REDIRECT] 
2026-01-16 10:11:13,625 [ERROR] LogOutputStream:75 - [STDERR_REDIRECT] [Fatal Error] :1:1: Premature end of file.
2026-01-16 10:11:13,625 [ERROR] LogOutputStream:75 - [STDERR_REDIRECT] 
2026-01-16 10:11:14,623 [ERROR] LogOutputStream:75 - [STDERR_REDIRECT] [Fatal Error] :1:1: Premature end of file.
2026-01-16 10:11:14,623 [ERROR] LogOutputStream:75 - [STDERR_REDIRECT] 
2026-01-16 13:31:41,462 [INFO] Activator:176 - 


2026-01-16 13:31:41,464 [INFO] Activator:177 - !SESSION log4j initialized
2026-01-16 13:31:48,970 [INFO] LogOutputStream:77 - [STDOUT_REDIRECT] 
2026-01-16 13:31:51,244 [INFO] ApplicationProperties:184 - Using Application install path: C:\ST\STM32CubeIDE_1.19.0\STM32CubeIDE\plugins\com.st.stm32cube.common.mx_6.15.0.202507011659
2026-01-16 13:31:51,269 [INFO] DbMcusXml:78 - Set database path to: C:\ST\STM32CubeIDE_1.19.0\STM32CubeIDE\plugins\com.st.stm32cube.common.mx_6.15.0.202507011659\\db\/mcu/
2026-01-16 13:31:51,270 [INFO] ApiDb:274 - Set plugin database path to: C:\ST\STM32CubeIDE_1.19.0\STM32CubeIDE\plugins\com.st.stm32cube.common.mx_6.15.0.202507011659\\db\/plugins/boardmanager/
2026-01-16 13:31:51,270 [WARN] ApiDb:259 - Overriding images path with different value:  => C:\ST\STM32CubeIDE_1.19.0\STM32CubeIDE\plugins\com.st.stm32cube.common.mx_6.15.0.202507011659\\db\/plugins/mcufinder/images/
2026-01-16 13:31:51,279 [INFO] ApiDb:250 - Set database path to: C:\Users\ivanp\.stmcufinder\plugins\mcufinder//mcu/
2026-01-16 13:31:51,280 [INFO] DbMcusAds:125 - Set database path to: C:\Users\ivanp\.stmcufinder\plugins\mcufinder//mcu/
2026-01-16 13:31:51,282 [INFO] CrossReferenceDbSqlite:203 - Set database path to: C:\Users\ivanp\.stmcufinder\plugins\mcufinder//mcu/cs/
2026-01-16 13:31:51,430 [INFO] RulesReader:64 - Compatibility file has been processed (317 Rules)
2026-01-16 13:31:51,532 [INFO] DbMcusXml:78 - Set database path to: C:\ST\STM32CubeIDE_1.19.0\STM32CubeIDE\plugins\com.st.stm32cube.common.mx_6.15.0.202507011659\\db\/mcu/
2026-01-16 13:31:51,532 [INFO] ApiDb:274 - Set plugin database path to: C:\ST\STM32CubeIDE_1.19.0\STM32CubeIDE\plugins\com.st.stm32cube.common.mx_6.15.0.202507011659\\db\/plugins/boardmanager/
2026-01-16 13:31:51,532 [INFO] ApiDb:261 - Set plugin images path to: C:\ST\STM32CubeIDE_1.19.0\STM32CubeIDE\plugins\com.st.stm32cube.common.mx_6.15.0.202507011659\\db\/plugins/mcufinder/images/
2026-01-16 13:31:51,532 [WARN] DbFile:41 - Overriding database path with different value: C:\Users\ivanp\.stmcufinder\plugins\mcufinder/ => C:\Users\ivanp\.stmcufinder\plugins\mcufinder
2026-01-16 13:31:51,532 [INFO] ApiDb:250 - Set database path to: C:\Users\ivanp\.stmcufinder\plugins\mcufinder//mcu/
2026-01-16 13:31:51,532 [WARN] DbFile:41 - Overriding database path with different value: C:\Users\ivanp\.stmcufinder\plugins\mcufinder/ => C:\Users\ivanp\.stmcufinder\plugins\mcufinder
2026-01-16 13:31:51,532 [INFO] DbMcusAds:125 - Set database path to: C:\Users\ivanp\.stmcufinder\plugins\mcufinder//mcu/
2026-01-16 13:31:51,532 [WARN] DbFile:41 - Overriding database path with different value: C:\Users\ivanp\.stmcufinder\plugins\mcufinder/ => C:\Users\ivanp\.stmcufinder\plugins\mcufinder
2026-01-16 13:31:51,533 [WARN] DbFile:41 - Overriding database path with different value: C:\Users\ivanp\.stmcufinder\plugins\mcufinder/ => C:\Users\ivanp\.stmcufinder\plugins\mcufinder
2026-01-16 13:31:51,533 [INFO] CrossReferenceDbSqlite:203 - Set database path to: C:\Users\ivanp\.stmcufinder\plugins\mcufinder//mcu/cs/
2026-01-16 13:31:51,625 [INFO] MainPanel:274 - HeapMemory: 268435456
2026-01-16 13:31:51,754 [INFO] DbMcusXml:78 - Set database path to: C:\ST\STM32CubeIDE_1.19.0\STM32CubeIDE\plugins\com.st.stm32cube.common.mx_6.15.0.202507011659\\db\/mcu/
2026-01-16 13:31:51,754 [INFO] ApiDb:274 - Set plugin database path to: C:\ST\STM32CubeIDE_1.19.0\STM32CubeIDE\plugins\com.st.stm32cube.common.mx_6.15.0.202507011659\\db\/plugins/boardmanager/
2026-01-16 13:31:51,754 [INFO] ApiDb:261 - Set plugin images path to: C:\ST\STM32CubeIDE_1.19.0\STM32CubeIDE\plugins\com.st.stm32cube.common.mx_6.15.0.202507011659\\db\/plugins/mcufinder/images/
2026-01-16 13:31:51,754 [WARN] DbFile:41 - Overriding database path with different value: C:\Users\ivanp\.stmcufinder\plugins\mcufinder/ => C:\Users\ivanp\.stmcufinder\plugins\mcufinder
2026-01-16 13:31:51,754 [INFO] ApiDb:250 - Set database path to: C:\Users\ivanp\.stmcufinder\plugins\mcufinder//mcu/
2026-01-16 13:31:51,755 [WARN] DbFile:41 - Overriding database path with different value: C:\Users\ivanp\.stmcufinder\plugins\mcufinder/ => C:\Users\ivanp\.stmcufinder\plugins\mcufinder
2026-01-16 13:31:51,755 [INFO] DbMcusAds:125 - Set database path to: C:\Users\ivanp\.stmcufinder\plugins\mcufinder//mcu/
2026-01-16 13:31:51,755 [WARN] DbFile:41 - Overriding database path with different value: C:\Users\ivanp\.stmcufinder\plugins\mcufinder/ => C:\Users\ivanp\.stmcufinder\plugins\mcufinder
2026-01-16 13:31:51,755 [WARN] DbFile:41 - Overriding database path with different value: C:\Users\ivanp\.stmcufinder\plugins\mcufinder/ => C:\Users\ivanp\.stmcufinder\plugins\mcufinder
2026-01-16 13:31:51,755 [INFO] CrossReferenceDbSqlite:203 - Set database path to: C:\Users\ivanp\.stmcufinder\plugins\mcufinder//mcu/cs/
2026-01-16 13:31:51,775 [INFO] ApplicationProperties:184 - Using Application install path: C:\ST\STM32CubeIDE_1.19.0\STM32CubeIDE\plugins\com.st.stm32cube.common.mx_6.15.0.202507011659
2026-01-16 13:31:51,776 [INFO] PluginManage:196 - Search for loadable plugins [exclusion list=, ]
2026-01-16 13:31:51,778 [INFO] PluginManage:310 - Check plugin analytics
2026-01-16 13:31:52,043 [INFO] AnalyticsPlugin:253 - Accepted Software Licenses: 
2026-01-16 13:31:52,043 [INFO] AnalyticsPlugin:255 - Accepted CMSIS Pack Licenses: 
2026-01-16 13:31:52,044 [INFO] AnalyticsPlugin:257 - Accepted Firmware Licenses: FW.F4.1.28.0,FW.G4.1.6.0
2026-01-16 13:31:52,048 [INFO] PluginManage:359 - Loaded plugin analytics (category:tool,tabindex:-1)
2026-01-16 13:31:52,049 [INFO] PluginManage:310 - Check plugin cadmodel
2026-01-16 13:31:52,059 [INFO] CADModel:105 - Init CAD model plugin
2026-01-16 13:31:52,059 [INFO] PluginManage:359 - Loaded plugin cadmodel (category:power,tabindex:5)
2026-01-16 13:31:52,059 [INFO] PluginManage:310 - Check plugin clock
2026-01-16 13:31:52,075 [INFO] PluginManage:359 - Loaded plugin clock (category:base,tabindex:2)
2026-01-16 13:31:52,075 [INFO] PluginManage:310 - Check plugin ddr
2026-01-16 13:31:52,079 [INFO] PluginManage:359 - Loaded plugin ddr (category:tool,tabindex:6)
2026-01-16 13:31:52,080 [INFO] PluginManage:310 - Check plugin filemanager
2026-01-16 13:31:52,264 [INFO] PluginManage:359 - Loaded plugin filemanager (category:base,tabindex:10)
2026-01-16 13:31:52,264 [INFO] PluginManage:310 - Check plugin ipmanager
2026-01-16 13:31:52,272 [INFO] PluginManage:359 - Loaded plugin ipmanager (category:base,tabindex:5)
2026-01-16 13:31:52,272 [INFO] PluginManage:310 - Check plugin lpbam
2026-01-16 13:31:52,282 [INFO] PluginManage:359 - Loaded plugin lpbam (category:base,tabindex:0)
2026-01-16 13:31:52,283 [INFO] PluginManage:310 - Check plugin memorymap
2026-01-16 13:31:52,301 [INFO] PluginManage:359 - Loaded plugin memorymap (category:base,tabindex:4)
2026-01-16 13:31:52,301 [INFO] PluginManage:310 - Check plugin pinoutandconfiguration
2026-01-16 13:31:52,314 [INFO] PluginManage:359 - Loaded plugin pinoutandconfiguration (category:base,tabindex:1)
2026-01-16 13:31:52,314 [INFO] PluginManage:310 - Check plugin pinoutconfig
2026-01-16 13:31:52,406 [WARN] SupportedApi:132 - Cannot load RTOS API schema: s4s-elt-must-match.1: The content of 'definitions' must match (annotation?, (simpleType | complexType)?, (unique | key | keyref)*)). A problem was found starting at: attribute.
2026-01-16 13:31:52,556 [INFO] PluginManage:359 - Loaded plugin pinoutconfig (category:base,tabindex:0)
2026-01-16 13:31:52,556 [INFO] PluginManage:310 - Check plugin power
2026-01-16 13:31:52,570 [INFO] PluginManage:359 - Loaded plugin power (category:power,tabindex:4)
2026-01-16 13:31:52,570 [INFO] PluginManage:310 - Check plugin projectmanager
2026-01-16 13:31:52,590 [INFO] PluginManage:359 - Loaded plugin projectmanager (category:projectmanager,tabindex:4)
2026-01-16 13:31:52,590 [INFO] PluginManage:310 - Check plugin rif
2026-01-16 13:31:52,601 [INFO] PluginManage:359 - Loaded plugin rif (category:base,tabindex:3)
2026-01-16 13:31:52,601 [INFO] PluginManage:310 - Check plugin thirdparty
2026-01-16 13:31:52,772 [WARN] IntegrityCheckThread:84 - waiting for thirdparty lock release [integrity check]
2026-01-16 13:31:52,773 [INFO] IntegrityCheckThread:86 - entering critical section [integrity check]
2026-01-16 13:31:52,772 [INFO] PluginManage:359 - Loaded plugin thirdparty (category:base,tabindex:-1)
2026-01-16 13:31:52,773 [INFO] ThirdPartyUpdaterWithRetryManager:70 - Updater plugin not ready yet. [1/15]
2026-01-16 13:31:52,773 [INFO] PluginManage:310 - Check plugin tools
2026-01-16 13:31:52,777 [INFO] PluginManage:359 - Loaded plugin tools (category:base,tabindex:7)
2026-01-16 13:31:52,778 [INFO] PluginManage:310 - Check plugin tutovideos
2026-01-16 13:31:53,034 [INFO] PluginManage:359 - Loaded plugin tutovideos (category:base,tabindex:-1)
2026-01-16 13:31:53,034 [INFO] PluginManage:310 - Check plugin updater
2026-01-16 13:31:53,054 [INFO] PluginManage:359 - Loaded plugin updater (category:base,tabindex:12)
2026-01-16 13:31:53,054 [INFO] PluginManage:310 - Check plugin userauth
2026-01-16 13:31:53,059 [INFO] UserAuth:118 - Init User Auth plugin
2026-01-16 13:31:53,060 [INFO] PluginManage:359 - Loaded plugin userauth (category:base,tabindex:14)
2026-01-16 13:31:53,060 [INFO] PluginManage:283 - PluginManage : Loaded plugins [18]
2026-01-16 13:31:53,294 [INFO] PinOutPanel:1589 - setPackage(No Configuration,No Configuration)
2026-01-16 13:31:53,403 [INFO] CADModel:165 - CPN selected for project level
2026-01-16 13:31:53,403 [INFO] CADModel:114 - Register for checkConnection events
2026-01-16 13:31:53,424 [INFO] IPUIPlugin:80 - create IPUIPlugin
2026-01-16 13:31:53,424 [INFO] PluginManager:220 - loadIPPluginJar : add adc
2026-01-16 13:31:53,429 [INFO] IPUIPlugin:80 - create IPUIPlugin
2026-01-16 13:31:53,429 [INFO] PluginManager:220 - loadIPPluginJar : add aes
2026-01-16 13:31:53,433 [INFO] IPUIPlugin:80 - create IPUIPlugin
2026-01-16 13:31:53,433 [INFO] PluginManager:220 - loadIPPluginJar : add can
2026-01-16 13:31:53,436 [INFO] IPUIPlugin:80 - create IPUIPlugin
2026-01-16 13:31:53,436 [INFO] PluginManager:220 - loadIPPluginJar : add comp
2026-01-16 13:31:53,441 [INFO] IPUIPlugin:80 - create IPUIPlugin
2026-01-16 13:31:53,441 [INFO] PluginManager:220 - loadIPPluginJar : add cryp
2026-01-16 13:31:53,445 [INFO] IPUIPlugin:80 - create IPUIPlugin
2026-01-16 13:31:53,446 [INFO] PluginManager:220 - loadIPPluginJar : add ddr_ctrl_phy
2026-01-16 13:31:53,450 [INFO] IPUIPlugin:80 - create IPUIPlugin
2026-01-16 13:31:53,450 [INFO] PluginManager:220 - loadIPPluginJar : add dfsdm
2026-01-16 13:31:53,458 [INFO] IPUIPlugin:80 - create IPUIPlugin
2026-01-16 13:31:53,459 [INFO] PluginManager:220 - loadIPPluginJar : add dma
2026-01-16 13:31:53,463 [INFO] IPUIPlugin:80 - create IPUIPlugin
2026-01-16 13:31:53,463 [INFO] PluginManager:220 - loadIPPluginJar : add dma3
2026-01-16 13:31:53,466 [INFO] IPUIPlugin:80 - create IPUIPlugin
2026-01-16 13:31:53,466 [INFO] PluginManager:220 - loadIPPluginJar : add extmemmanager
2026-01-16 13:31:53,469 [INFO] IPUIPlugin:80 - create IPUIPlugin
2026-01-16 13:31:53,469 [INFO] PluginManager:220 - loadIPPluginJar : add fatfs
2026-01-16 13:31:53,474 [INFO] IPUIPlugin:80 - create IPUIPlugin
2026-01-16 13:31:53,474 [INFO] PluginManager:220 - loadIPPluginJar : add fmc
2026-01-16 13:31:53,482 [INFO] IPUIPlugin:80 - create IPUIPlugin
2026-01-16 13:31:53,482 [INFO] PluginManager:220 - loadIPPluginJar : add freertos
2026-01-16 13:31:53,484 [INFO] IPUIPlugin:80 - create IPUIPlugin
2026-01-16 13:31:53,484 [INFO] PluginManager:220 - loadIPPluginJar : add genericplugin
2026-01-16 13:31:53,487 [INFO] IPUIPlugin:80 - create IPUIPlugin
2026-01-16 13:31:53,487 [INFO] PluginManager:220 - loadIPPluginJar : add gfxmmu
2026-01-16 13:31:53,494 [INFO] IPUIPlugin:80 - create IPUIPlugin
2026-01-16 13:31:53,494 [INFO] PluginManager:220 - loadIPPluginJar : add gic
2026-01-16 13:31:53,500 [INFO] IPUIPlugin:80 - create IPUIPlugin
2026-01-16 13:31:53,501 [INFO] PluginManager:220 - loadIPPluginJar : add gpio
2026-01-16 13:31:53,507 [INFO] IPUIPlugin:80 - create IPUIPlugin
2026-01-16 13:31:53,507 [INFO] PluginManager:220 - loadIPPluginJar : add gtzc
2026-01-16 13:31:53,512 [INFO] IPUIPlugin:80 - create IPUIPlugin
2026-01-16 13:31:53,512 [INFO] PluginManager:220 - loadIPPluginJar : add hash
2026-01-16 13:31:53,517 [INFO] IPUIPlugin:80 - create IPUIPlugin
2026-01-16 13:31:53,517 [INFO] PluginManager:220 - loadIPPluginJar : add i2c
2026-01-16 13:31:53,521 [INFO] IPUIPlugin:80 - create IPUIPlugin
2026-01-16 13:31:53,521 [INFO] PluginManager:220 - loadIPPluginJar : add i2s
2026-01-16 13:31:53,527 [INFO] IPUIPlugin:80 - create IPUIPlugin
2026-01-16 13:31:53,527 [INFO] PluginManager:220 - loadIPPluginJar : add i3c
2026-01-16 13:31:53,534 [INFO] IPUIPlugin:80 - create IPUIPlugin
2026-01-16 13:31:53,535 [INFO] PluginManager:220 - loadIPPluginJar : add ipddr
2026-01-16 13:31:53,544 [INFO] IPUIPlugin:80 - create IPUIPlugin
2026-01-16 13:31:53,544 [INFO] PluginManager:220 - loadIPPluginJar : add linkedlist
2026-01-16 13:31:53,548 [INFO] IPUIPlugin:80 - create IPUIPlugin
2026-01-16 13:31:53,549 [INFO] PluginManager:220 - loadIPPluginJar : add lorawan
2026-01-16 13:31:53,551 [INFO] IPUIPlugin:80 - create IPUIPlugin
2026-01-16 13:31:53,551 [INFO] PluginManager:220 - loadIPPluginJar : add ltdc
2026-01-16 13:31:53,558 [INFO] IPUIPlugin:80 - create IPUIPlugin
2026-01-16 13:31:53,558 [INFO] PluginManager:220 - loadIPPluginJar : add mdma
2026-01-16 13:31:53,562 [INFO] IPUIPlugin:80 - create IPUIPlugin
2026-01-16 13:31:53,562 [INFO] PluginManager:220 - loadIPPluginJar : add nvic
2026-01-16 13:31:53,566 [INFO] IPUIPlugin:80 - create IPUIPlugin
2026-01-16 13:31:53,567 [INFO] PluginManager:220 - loadIPPluginJar : add opamp
2026-01-16 13:31:53,570 [INFO] IPUIPlugin:80 - create IPUIPlugin
2026-01-16 13:31:53,570 [INFO] PluginManager:220 - loadIPPluginJar : add openamp
2026-01-16 13:31:53,574 [INFO] IPUIPlugin:80 - create IPUIPlugin
2026-01-16 13:31:53,574 [INFO] PluginManager:220 - loadIPPluginJar : add pdm2pcm
2026-01-16 13:31:53,580 [INFO] IPUIPlugin:80 - create IPUIPlugin
2026-01-16 13:31:53,582 [INFO] PluginManager:220 - loadIPPluginJar : add plateformsettings
2026-01-16 13:31:53,584 [INFO] IPUIPlugin:80 - create IPUIPlugin
2026-01-16 13:31:53,584 [INFO] PluginManager:220 - loadIPPluginJar : add quadspi
2026-01-16 13:31:53,587 [INFO] IPUIPlugin:80 - create IPUIPlugin
2026-01-16 13:31:53,587 [INFO] PluginManager:220 - loadIPPluginJar : add radio
2026-01-16 13:31:53,592 [INFO] IPUIPlugin:80 - create IPUIPlugin
2026-01-16 13:31:53,592 [INFO] PluginManager:220 - loadIPPluginJar : add resmgrutility
2026-01-16 13:31:53,595 [INFO] IPUIPlugin:80 - create IPUIPlugin
2026-01-16 13:31:53,596 [INFO] PluginManager:220 - loadIPPluginJar : add sai
2026-01-16 13:31:53,598 [INFO] IPUIPlugin:80 - create IPUIPlugin
2026-01-16 13:31:53,598 [INFO] PluginManager:220 - loadIPPluginJar : add spi
2026-01-16 13:31:53,604 [INFO] IPUIPlugin:80 - create IPUIPlugin
2026-01-16 13:31:53,605 [INFO] PluginManager:220 - loadIPPluginJar : add stm32_wpan
2026-01-16 13:31:53,607 [INFO] IPUIPlugin:80 - create IPUIPlugin
2026-01-16 13:31:53,607 [INFO] PluginManager:220 - loadIPPluginJar : add tim
2026-01-16 13:31:53,612 [INFO] IPUIPlugin:80 - create IPUIPlugin
2026-01-16 13:31:53,612 [INFO] PluginManager:220 - loadIPPluginJar : add touchsensing
2026-01-16 13:31:53,615 [INFO] IPUIPlugin:80 - create IPUIPlugin
2026-01-16 13:31:53,615 [INFO] PluginManager:220 - loadIPPluginJar : add tracer_emb
2026-01-16 13:31:53,617 [INFO] IPUIPlugin:80 - create IPUIPlugin
2026-01-16 13:31:53,618 [INFO] PluginManager:220 - loadIPPluginJar : add ts
2026-01-16 13:31:53,619 [INFO] IPUIPlugin:80 - create IPUIPlugin
2026-01-16 13:31:53,619 [INFO] PluginManager:220 - loadIPPluginJar : add tsc
2026-01-16 13:31:53,622 [INFO] IPUIPlugin:80 - create IPUIPlugin
2026-01-16 13:31:53,622 [INFO] PluginManager:220 - loadIPPluginJar : add ucpd
2026-01-16 13:31:53,624 [INFO] IPUIPlugin:80 - create IPUIPlugin
2026-01-16 13:31:53,625 [INFO] PluginManager:220 - loadIPPluginJar : add usart
2026-01-16 13:31:53,628 [INFO] IPUIPlugin:80 - create IPUIPlugin
2026-01-16 13:31:53,628 [INFO] PluginManager:220 - loadIPPluginJar : add usbx
2026-01-16 13:31:53,760 [FATAL] Updater:351 - Updater called before beeing initialized
2026-01-16 13:31:53,793 [INFO] RulesReader:64 - Compatibility file has been processed (317 Rules)
2026-01-16 13:31:53,805 [INFO] RulesReader:64 - Compatibility file has been processed (317 Rules)
2026-01-16 13:31:53,817 [INFO] CADModel:165 - CPN selected for project level
2026-01-16 13:31:53,817 [INFO] CADModel:114 - Register for checkConnection events
2026-01-16 13:31:53,817 [FATAL] Updater:351 - Updater called before beeing initialized
2026-01-16 13:31:53,817 [ERROR] CADModel:125 - Updater not yet initialized, retry later 
2026-01-16 13:31:54,038 [FATAL] Updater:351 - Updater called before beeing initialized
2026-01-16 13:31:54,042 [INFO] CADModel:165 - CPN selected for project level
2026-01-16 13:31:54,042 [INFO] CADModel:114 - Register for checkConnection events
2026-01-16 13:31:54,042 [FATAL] Updater:351 - Updater called before beeing initialized
2026-01-16 13:31:54,042 [ERROR] CADModel:125 - Updater not yet initialized, retry later 
2026-01-16 13:31:54,046 [FATAL] Updater:351 - Updater called before beeing initialized
2026-01-16 13:31:54,240 [FATAL] Updater:351 - Updater called before beeing initialized
2026-01-16 13:31:54,245 [INFO] DbMcusAds:53 - JSON generation date=Mon Nov 10 11:43:01 CET 2025 (1762771381096)
2026-01-16 13:31:54,245 [FATAL] Updater:351 - Updater called before beeing initialized
2026-01-16 13:31:54,295 [WARN] DetailPanel:346 - Failed to get advertising image, set to default
2026-01-16 13:31:54,402 [FATAL] Updater:351 - Updater called before beeing initialized
2026-01-16 13:31:54,404 [FATAL] Updater:351 - Updater called before beeing initialized
2026-01-16 13:31:54,404 [FATAL] Updater:351 - Updater called before beeing initialized
2026-01-16 13:31:54,404 [WARN] DetailPanel:346 - Failed to get advertising image, set to default
2026-01-16 13:31:54,405 [FATAL] Updater:351 - Updater called before beeing initialized
2026-01-16 13:31:54,464 [ERROR] Updater:1198 - MainUpdater not yet initialized. External WinMGr cannot be set.
2026-01-16 13:31:54,466 [INFO] Updater:1134 - Updater Version found : 6.15.0
2026-01-16 13:31:54,493 [INFO] ApplicationProperties:184 - Using Application install path: C:\ST\STM32CubeIDE_1.19.0\STM32CubeIDE\plugins\com.st.stm32cube.common.mx_6.15.0.202507011659
2026-01-16 13:31:54,783 [ERROR] ConfigurationRetriever:142 - IOException on connection: Read timed out
2026-01-16 13:31:55,774 [INFO] ThirdPartyUpdaterWithRetryManager:70 - Updater plugin not ready yet. [2/15]
2026-01-16 13:31:58,774 [FATAL] Updater:351 - Updater called before beeing initialized
2026-01-16 13:31:58,775 [ERROR] IntegrityCheckThread:130 - Cannot retrieve database content from updater: error 21
2026-01-16 13:31:58,776 [INFO] ThirdParty:978 - Integrity check success = false
2026-01-16 13:31:58,776 [INFO] IntegrityCheckThread:100 - exiting critical section [integrity check]
2026-01-16 13:31:58,777 [INFO] IntegrityCheckThread:103 - End integrity checks thread
2026-01-16 13:32:00,499 [WARN] CheckConnectionManager:291 - Warning during Server Connection :  timeout Read timed out
2026-01-16 13:32:00,976 [INFO] MainUpdater:2872 - connection check result : 10
2026-01-16 13:32:00,977 [INFO] MainUpdater:289 - Updater Check For Update Now.
2026-01-16 13:32:00,977 [INFO] MicroXplorer:498 - Change Database Version : DB.6.0.150
2026-01-16 13:32:00,994 [INFO] McuFinderGlobals:63 - Set McuFinder mode to 2 (CubeIDE integrated)
2026-01-16 13:32:00,995 [INFO] UserAuth:487 - Internet connection configuration mode: 1
2026-01-16 13:32:01,035 [INFO] JxBrowserEngine:152 - Initiate JxBrowser Engine with user profile folder
2026-01-16 13:32:01,183 [INFO] CheckServerUpdateThread:120 - End of CheckServer Thread
2026-01-16 13:32:03,137 [INFO] WebApp:169 - Instantiating new browser for Auth
2026-01-16 13:32:03,956 [INFO] WebApp:463 - Apply proxy settings
2026-01-16 13:32:03,957 [INFO] WebApp:548 - Chromium requires no authentication
2026-01-16 13:32:03,967 [INFO] WebApp:491 - Direct internet connection detected
2026-01-16 13:32:04,006 [INFO] WebApp:900 - Register for checkConnection events
2026-01-16 13:32:04,007 [INFO] WebApp:463 - Apply proxy settings
2026-01-16 13:32:04,007 [INFO] WebApp:548 - Chromium requires no authentication
2026-01-16 13:32:04,008 [INFO] WebApp:491 - Direct internet connection detected
2026-01-16 13:32:04,208 [INFO] WebApp:225 - Starting web application
2026-01-16 13:32:04,208 [INFO] WebApp:593 - Web application path used C:\ST\STM32CubeIDE_1.19.0\STM32CubeIDE\plugins\com.st.stm32cube.common.mx_6.15.0.202507011659\db\plugins\mcufinder\reactClient1\index.html
2026-01-16 13:32:04,381 [INFO] UserAuth:487 - Internet connection configuration mode: 1
2026-01-16 13:32:11,672 [INFO] McuFinderGlobals:63 - Set McuFinder mode to 2 (CubeIDE integrated)
2026-01-16 13:32:11,677 [INFO] MainUpdater:2872 - connection check result : 10
2026-01-16 13:32:11,678 [INFO] MainUpdater:2872 - connection check result : 10
2026-01-16 13:32:11,716 [INFO] MicroXplorer:468 - Change Database Path : 
2026-01-16 13:32:11,717 [INFO] MicroXplorer:498 - Change Database Version : DB.6.0.150
2026-01-16 13:32:11,726 [WARN] ThirdParty:871 - waiting for thirdparty lock release [close project]
2026-01-16 13:32:11,726 [INFO] ThirdParty:873 - entering critical section [close project]
2026-01-16 13:32:11,727 [INFO] ThirdParty:883 - exiting critical section [close project]
2026-01-16 13:32:11,728 [INFO] PinOutPanel:1589 - setPackage(No Configuration,No Configuration)
2026-01-16 13:32:11,729 [INFO] UtilMem:75 - Begin LoadConfig() Used Memory: 170990496 Bytes (285212672)
2026-01-16 13:32:11,730 [INFO] MicroXplorer:468 - Change Database Path : 
2026-01-16 13:32:11,730 [INFO] MicroXplorer:498 - Change Database Version : DB.6.0.150
2026-01-16 13:32:11,730 [INFO] OpenFileManager:355 - Change cursor
2026-01-16 13:32:11,757 [WARN] IntegrityCheckThread:84 - waiting for thirdparty lock release [integrity check]
2026-01-16 13:32:11,757 [INFO] IntegrityCheckThread:86 - entering critical section [integrity check]
2026-01-16 13:32:12,397 [WARN] PackLoader:240 - Cannot read IP mode file for STMicroelectronics.FP-SNS-MOTENVWB1.1.4.0
2026-01-16 13:32:12,413 [WARN] PackLoader:240 - Cannot read IP mode file for STMicroelectronics.FP-ATR-ASTRA1.2.0.2
2026-01-16 13:32:12,421 [WARN] PackLoader:240 - Cannot read IP mode file for STMicroelectronics.FP-ATR-ASTRA1.2.0.1
2026-01-16 13:32:12,447 [WARN] PackLoader:240 - Cannot read IP mode file for STMicroelectronics.X-CUBE-SMBUS.2.1.0
2026-01-16 13:32:12,465 [WARN] PackLoader:240 - Cannot read IP mode file for STMicroelectronics.X-CUBE-WB05N.1.1.0
2026-01-16 13:32:12,476 [WARN] PackLoader:240 - Cannot read IP mode file for STMicroelectronics.X-CUBE-TOUCHGFX.4.23.0
2026-01-16 13:32:12,481 [WARN] PackLoader:240 - Cannot read IP mode file for STMicroelectronics.X-CUBE-TOUCHGFX.4.23.2
2026-01-16 13:32:12,534 [WARN] PackLoader:240 - Cannot read IP mode file for STMicroelectronics.X-CUBE-AZRTOS-F7.1.1.0
2026-01-16 13:32:12,552 [WARN] PackLoader:240 - Cannot read IP mode file for STMicroelectronics.FP-SNS-MOTENV1.4.3.2
2026-01-16 13:32:12,561 [ERROR] RealEvaluatedCondition:428 - Found unsupported composite condition: GROUP='STM32_MetaDataManager' CLASS='Data Exchange'
2026-01-16 13:32:12,561 [ERROR] RealEvaluatedCondition:428 - Found unsupported composite condition: CLASS='Data Exchange' GROUP='STM32_MetaDataManager'
2026-01-16 13:32:12,563 [WARN] PackLoader:240 - Cannot read IP mode file for STMicroelectronics.FP-SNS-MOTENV1.4.3.1
2026-01-16 13:32:12,573 [WARN] PackLoader:240 - Cannot read IP mode file for STMicroelectronics.FP-SNS-FLIGHT1.5.0.1
2026-01-16 13:32:12,579 [WARN] PackLoader:240 - Cannot read IP mode file for STMicroelectronics.X-CUBE-BLE1.6.2.3
2026-01-16 13:32:12,643 [WARN] PackLoader:240 - Cannot read IP mode file for STMicroelectronics.X-CUBE-MEMS1.11.0.0
2026-01-16 13:32:12,824 [WARN] PackLoader:240 - Cannot read IP mode file for STMicroelectronics.X-CUBE-BLE1.6.2.4
2026-01-16 13:32:12,832 [WARN] PackLoader:240 - Cannot read IP mode file for STMicroelectronics.FP-SNS-MOTENV1.5.1.0
2026-01-16 13:32:12,839 [WARN] PackLoader:240 - Cannot read IP mode file for STMicroelectronics.X-CUBE-BLE1.6.2.2
2026-01-16 13:32:12,845 [WARN] PackLoader:240 - Cannot read IP mode file for STMicroelectronics.FP-SNS-FLIGHT1.5.0.2
2026-01-16 13:32:12,853 [WARN] PackLoader:240 - Cannot read IP mode file for STMicroelectronics.X-CUBE-BLE2.3.2.2
2026-01-16 13:32:12,888 [WARN] PackLoader:240 - Cannot read IP mode file for STMicroelectronics.X-CUBE-AZRTOS-H7.3.4.0
2026-01-16 13:32:12,905 [WARN] PackLoader:240 - Cannot read IP mode file for STMicroelectronics.X-CUBE-DISPLAY.3.0.0
2026-01-16 13:32:12,918 [WARN] PackLoader:240 - Cannot read IP mode file for STMicroelectronics.X-CUBE-BLE1.7.0.0
2026-01-16 13:32:12,928 [WARN] PackLoader:240 - Cannot read IP mode file for STMicroelectronics.X-CUBE-NFC10.1.0.0
2026-01-16 13:32:12,959 [WARN] PackLoader:240 - Cannot read IP mode file for STMicroelectronics.X-CUBE-BLEMGR.4.0.0
2026-01-16 13:32:12,971 [WARN] PackLoader:240 - Cannot read IP mode file for STMicroelectronics.X-CUBE-ST60.1.1.0
2026-01-16 13:32:12,977 [WARN] PackLoader:240 - Cannot read IP mode file for STMicroelectronics.X-CUBE-TOUCHGFX.4.22.0
2026-01-16 13:32:12,986 [WARN] PackLoader:240 - Cannot read IP mode file for STMicroelectronics.X-CUBE-GNSS1.7.1.0
2026-01-16 13:32:12,991 [WARN] PackLoader:240 - Cannot read IP mode file for STMicroelectronics.X-CUBE-TOUCHGFX.4.22.1
2026-01-16 13:32:13,005 [WARN] PackLoader:240 - Cannot read IP mode file for STMicroelectronics.X-CUBE-SUBG2.4.2.0
2026-01-16 13:32:13,065 [WARN] PackLoader:240 - Cannot read IP mode file for STMicroelectronics.X-CUBE-MEMS1.9.3.0
2026-01-16 13:32:13,203 [WARN] PackLoader:240 - Cannot read IP mode file for STMicroelectronics.X-CUBE-AI.7.2.0
2026-01-16 13:32:13,210 [WARN] PackLoader:240 - Cannot read IP mode file for STMicroelectronics.X-CUBE-BLEMGR.3.1.0
2026-01-16 13:32:13,214 [WARN] PackLoader:240 - Cannot read IP mode file for STMicroelectronics.X-CUBE-AI.10.0.0
2026-01-16 13:32:13,223 [WARN] PackLoader:240 - Cannot read IP mode file for STMicroelectronics.FP-SNS-STBOX1.2.1.0
2026-01-16 13:32:13,238 [WARN] PackLoader:240 - Cannot read IP mode file for STMicroelectronics.FP-SNS-SMARTAG2.1.2.0
2026-01-16 13:32:13,243 [WARN] PackLoader:240 - Cannot read IP mode file for STMicroelectronics.FP-SNS-FLIGHT1.5.1.0
2026-01-16 13:32:13,303 [WARN] PackLoader:240 - Cannot read IP mode file for STMicroelectronics.X-CUBE-MEMS1.11.1.0
2026-01-16 13:32:13,499 [INFO] LogOutputStream:77 - [STDOUT_REDIRECT] 1 : Invalid condition id : UX_CORESTACK_Condition cause : null
2026-01-16 13:32:13,500 [INFO] LogOutputStream:77 - [STDOUT_REDIRECT] 1 : Invalid condition id : UX_CORESTACK_Condition cause : null
2026-01-16 13:32:13,502 [INFO] LogOutputStream:77 - [STDOUT_REDIRECT] 1 : Invalid condition id : UX_CORESTACK_Condition cause : null
2026-01-16 13:32:13,504 [INFO] LogOutputStream:77 - [STDOUT_REDIRECT] 1 : Invalid condition id : UX_CORESTACK_Condition cause : null
2026-01-16 13:32:13,507 [INFO] LogOutputStream:77 - [STDOUT_REDIRECT] 1 : Invalid condition id : UX_CORESTACK_Condition cause : null
2026-01-16 13:32:13,511 [WARN] PackLoader:240 - Cannot read IP mode file for STMicroelectronics.X-CUBE-AZRTOS-WL.2.0.0
2026-01-16 13:32:13,520 [WARN] PackLoader:240 - Cannot read IP mode file for STMicroelectronics.X-CUBE-ALGOBUILD.1.2.1
2026-01-16 13:32:13,526 [WARN] PackLoader:240 - Cannot read IP mode file for STMicroelectronics.FP-SNS-MOTENV1.5.0.0
2026-01-16 13:32:13,554 [WARN] PackLoader:240 - Cannot read IP mode file for STMicroelectronics.X-CUBE-AZRTOS-H7RS.1.2.0
2026-01-16 13:32:13,563 [WARN] PackLoader:240 - Cannot read IP mode file for wolfSSL.I-CUBE-wolfMQTT.1.19.0
2026-01-16 13:32:13,574 [WARN] PackLoader:240 - Cannot read IP mode file for WES.I-CUBE-Cesium.1.3.0
2026-01-16 13:32:13,578 [WARN] PackLoader:240 - Cannot read IP mode file for STMicroelectronics.X-CUBE-BLE2.3.3.0
2026-01-16 13:32:13,602 [WARN] PackLoader:240 - Cannot read IP mode file for STMicroelectronics.X-CUBE-DISPLAY.2.2.0
2026-01-16 13:32:13,613 [WARN] PackLoader:240 - Cannot read IP mode file for STMicroelectronics.X-CUBE-TOF1.3.2.0
2026-01-16 13:32:13,621 [WARN] PackLoader:240 - Cannot read IP mode file for STMicroelectronics.X-CUBE-TOUCHGFX.4.18.1
2026-01-16 13:32:13,625 [WARN] PackLoader:240 - Cannot read IP mode file for STMicroelectronics.X-CUBE-ISPU.1.0.0
2026-01-16 13:32:13,630 [WARN] PackLoader:240 - Cannot read IP mode file for wolfSSL.I-CUBE-wolfSSL.5.0.0
2026-01-16 13:32:13,638 [WARN] PackLoader:240 - Cannot read IP mode file for STMicroelectronics.X-CUBE-NFC9.1.0.0
2026-01-16 13:32:13,654 [WARN] PackLoader:240 - Cannot read IP mode file for STMicroelectronics.X-CUBE-AZRTOS-H7.2.1.0
2026-01-16 13:32:13,659 [WARN] PackLoader:240 - Cannot read IP mode file for STMicroelectronics.X-CUBE-BLE1.7.1.0
2026-01-16 13:32:13,664 [WARN] PackLoader:240 - Cannot read IP mode file for STMicroelectronics.X-CUBE-TCPP.4.1.0
2026-01-16 13:32:13,671 [WARN] PackLoader:240 - Cannot read IP mode file for STMicroelectronics.X-CUBE-FREERTOS.1.4.0
2026-01-16 13:32:13,677 [WARN] PackLoader:240 - Cannot read IP mode file for STMicroelectronics.X-CUBE-EEPRMA1.5.2.0
2026-01-16 13:32:13,681 [WARN] PackLoader:240 - Cannot read IP mode file for STMicroelectronics.X-CUBE-TOUCHGFX.4.21.1
2026-01-16 13:32:13,684 [WARN] PackLoader:240 - Cannot read IP mode file for STMicroelectronics.X-CUBE-TOUCHGFX.4.21.0
2026-01-16 13:32:13,688 [WARN] PackLoader:240 - Cannot read IP mode file for STMicroelectronics.X-CUBE-TOUCHGFX.4.21.3
2026-01-16 13:32:13,691 [WARN] PackLoader:240 - Cannot read IP mode file for STMicroelectronics.X-CUBE-TOUCHGFX.4.21.4
2026-01-16 13:32:13,730 [WARN] PackLoader:240 - Cannot read IP mode file for STMicroelectronics.X-CUBE-MEMS1.9.4.0
2026-01-16 13:32:13,842 [WARN] PackLoader:240 - Cannot read IP mode file for STMicroelectronics.X-CUBE-AI.7.3.0
2026-01-16 13:32:13,848 [WARN] PackLoader:240 - Cannot read IP mode file for STMicroelectronics.X-CUBE-ST67W61.1.1.0
2026-01-16 13:32:13,881 [WARN] PackLoader:240 - Cannot read IP mode file for STMicroelectronics.X-CUBE-MEMS1.12.0.0
2026-01-16 13:32:13,973 [WARN] PackLoader:240 - Cannot read IP mode file for STMicroelectronics.X-CUBE-ALGOBUILD.1.3.0
2026-01-16 13:32:13,987 [WARN] PackLoader:240 - Cannot read IP mode file for STMicroelectronics.X-CUBE-AZRTOS-G0.1.1.0
2026-01-16 13:32:13,993 [WARN] PackLoader:240 - Cannot read IP mode file for STMicroelectronics.X-CUBE-SAFEA1.1.2.2
2026-01-16 13:32:13,998 [WARN] PackLoader:240 - Cannot read IP mode file for STMicroelectronics.X-CUBE-NFC4.3.0.0
2026-01-16 13:32:14,037 [WARN] PackLoader:240 - Cannot read IP mode file for SEGGER.I-CUBE-embOS.1.2.0
2026-01-16 13:32:14,058 [WARN] PackLoader:240 - Cannot read IP mode file for wolfSSL.I-CUBE-wolfMQTT.1.18.0
2026-01-16 13:32:14,067 [WARN] PackLoader:240 - Cannot read IP mode file for EmbeddedOffice.I-CUBE-FS-RTOS.1.0.1
2026-01-16 13:32:14,072 [WARN] PackLoader:240 - Cannot read IP mode file for STMicroelectronics.X-CUBE-WB05N.2.0.0
2026-01-16 13:32:14,078 [WARN] PackLoader:240 - Cannot read IP mode file for STMicroelectronics.X-CUBE-BLEMGR.3.0.0
2026-01-16 13:32:14,085 [WARN] PackLoader:240 - Cannot read IP mode file for STMicroelectronics.X-CUBE-BLEMGR.1.3.0
2026-01-16 13:32:14,091 [WARN] PackLoader:240 - Cannot read IP mode file for STMicroelectronics.X-CUBE-TCPP.4.2.0
2026-01-16 13:32:14,098 [WARN] PackLoader:240 - Cannot read IP mode file for RealThread.X-CUBE-RT-Thread_Nano.4.1.1
2026-01-16 13:32:14,110 [WARN] PackLoader:240 - Cannot read IP mode file for STMicroelectronics.X-CUBE-AZRTOS-H7.2.0.0
2026-01-16 13:32:14,117 [WARN] PackLoader:240 - Cannot read IP mode file for STMicroelectronics.FP-ATR-SIGFOX1.3.2.0
2026-01-16 13:32:14,122 [WARN] ConditionMgr:438 - getConditionDescription Invalid condition id : Cortex-A Device cause : null
2026-01-16 13:32:14,130 [WARN] ConditionMgr:1044 - genDependencies : Invalid condition id : Cortex-A Device cause : null
2026-01-16 13:32:14,130 [WARN] ConditionMgr:1044 - genDependencies : Invalid condition id : Cortex-A Device cause : null
2026-01-16 13:32:14,131 [WARN] ConditionMgr:1044 - genDependencies : Invalid condition id : Cortex-A Device cause : null
2026-01-16 13:32:14,136 [WARN] PackLoader:240 - Cannot read IP mode file for STMicroelectronics.X-CUBE-EEPRMA1.5.1.0
2026-01-16 13:32:14,143 [WARN] PackLoader:240 - Cannot read IP mode file for emotas.I-CUBE-CANOPEN.1.1.2
2026-01-16 13:32:14,146 [WARN] PackLoader:240 - Cannot read IP mode file for STMicroelectronics.X-CUBE-TOUCHGFX.4.20.0
2026-01-16 13:32:14,171 [WARN] PackLoader:240 - Cannot read IP mode file for STMicroelectronics.X-CUBE-MEMS1.9.5.0
2026-01-16 13:32:14,282 [WARN] PackLoader:240 - Cannot read IP mode file for STMicroelectronics.X-CUBE-AI.10.2.0
2026-01-16 13:32:14,303 [WARN] PackLoader:240 - Cannot read IP mode file for SEGGER.I-CUBE-embOS.1.3.1
2026-01-16 13:32:14,323 [WARN] PackLoader:240 - Cannot read IP mode file for STMicroelectronics.X-CUBE-ALGOBUILD.1.4.0
2026-01-16 13:32:14,361 [WARN] PackLoader:240 - Cannot read IP mode file for STMicroelectronics.X-CUBE-MEMS1.11.3.0
2026-01-16 13:32:14,483 [WARN] PackLoader:240 - Cannot read IP mode file for STMicroelectronics.X-CUBE-DISPLAY.2.0.0
2026-01-16 13:32:14,489 [WARN] PackLoader:240 - Cannot read IP mode file for STMicroelectronics.X-CUBE-AI.9.1.0
2026-01-16 13:32:14,494 [WARN] PackLoader:240 - Cannot read IP mode file for STMicroelectronics.X-CUBE-PM33A1.1.0.0
2026-01-16 13:32:14,501 [WARN] PackLoader:240 - Cannot read IP mode file for STMicroelectronics.X-CUBE-GNSS1.6.0.0
2026-01-16 13:32:14,522 [WARN] PackLoader:240 - Cannot read IP mode file for STMicroelectronics.X-CUBE-AZRTOS-F4.1.1.0
2026-01-16 13:32:14,529 [WARN] PackLoader:240 - Cannot read IP mode file for STMicroelectronics.X-CUBE-ISPU.2.1.0
2026-01-16 13:32:14,545 [WARN] PackLoader:240 - Cannot read IP mode file for STMicroelectronics.X-CUBE-IPS.3.2.0
2026-01-16 13:32:14,571 [WARN] PackLoader:240 - Cannot read IP mode file for STMicroelectronics.X-CUBE-FREERTOS.1.2.0
2026-01-16 13:32:14,579 [WARN] PackLoader:240 - Cannot read IP mode file for STMicroelectronics.X-CUBE-NFC12.1.0.0
2026-01-16 13:32:14,590 [WARN] PackLoader:240 - Cannot read IP mode file for STMicroelectronics.X-CUBE-BLEMGR.1.2.0
2026-01-16 13:32:14,610 [WARN] PackLoader:240 - Cannot read IP mode file for STMicroelectronics.X-CUBE-AZRTOS-L5.2.0.0
2026-01-16 13:32:14,655 [WARN] PackLoader:240 - Cannot read IP mode file for STMicroelectronics.X-CUBE-MEMS1.9.6.0
2026-01-16 13:32:14,750 [WARN] PackLoader:240 - Cannot read IP mode file for STMicroelectronics.X-CUBE-EEPRMA1.4.2.0
2026-01-16 13:32:14,757 [WARN] PackLoader:240 - Cannot read IP mode file for STMicroelectronics.X-CUBE-NFC6.3.1.0
2026-01-16 13:32:14,762 [WARN] PackLoader:240 - Cannot read IP mode file for ITTIA_DB.I-CUBE-ITTIADB.8.8.0
2026-01-16 13:32:14,769 [WARN] PackLoader:240 - Cannot read IP mode file for STMicroelectronics.X-CUBE-BLEMGR.2.0.0
2026-01-16 13:32:14,776 [WARN] PackLoader:240 - Cannot read IP mode file for STMicroelectronics.X-CUBE-DPower.1.2.0
2026-01-16 13:32:14,781 [WARN] PackLoader:240 - Cannot read IP mode file for STMicroelectronics.X-CUBE-NFC4.2.0.5
2026-01-16 13:32:14,786 [WARN] PackLoader:240 - Cannot read IP mode file for STMicroelectronics.X-CUBE-NFC4.2.0.4
2026-01-16 13:32:14,791 [WARN] PackLoader:240 - Cannot read IP mode file for STMicroelectronics.X-CUBE-NFC4.2.0.3
2026-01-16 13:32:14,794 [WARN] PackLoader:240 - Cannot read IP mode file for STMicroelectronics.X-CUBE-AI.9.0.0
2026-01-16 13:32:14,805 [WARN] ConditionMgr:438 - getConditionDescription Invalid condition id : UX DEVICE CLASS RTOS Condition cause : null
2026-01-16 13:32:14,805 [WARN] ConditionMgr:438 - getConditionDescription Invalid condition id : UX DEVICE CLASS RTOS Condition cause : null
2026-01-16 13:32:14,809 [WARN] PackLoader:240 - Cannot read IP mode file for STMicroelectronics.X-CUBE-AZRTOS-H7.3.1.0
2026-01-16 13:32:14,810 [WARN] ConditionMgr:1044 - genDependencies : Invalid condition id : UX DEVICE CLASS RTOS Condition cause : null
2026-01-16 13:32:14,811 [WARN] ConditionMgr:1044 - genDependencies : Invalid condition id : UX DEVICE CLASS RTOS Condition cause : null
2026-01-16 13:32:14,811 [WARN] ConditionMgr:1044 - genDependencies : Invalid condition id : UX DEVICE CLASS RTOS Condition cause : null
2026-01-16 13:32:14,812 [WARN] ConditionMgr:1044 - genDependencies : Invalid condition id : UX DEVICE CLASS RTOS Condition cause : null
2026-01-16 13:32:14,812 [WARN] ConditionMgr:1044 - genDependencies : Invalid condition id : UX DEVICE CLASS RTOS Condition cause : null
2026-01-16 13:32:14,821 [WARN] PackLoader:240 - Cannot read IP mode file for STMicroelectronics.X-CUBE-SFXS2LP1.3.1.0
2026-01-16 13:32:14,836 [WARN] PackLoader:240 - Cannot read IP mode file for STMicroelectronics.X-CUBE-AZRTOS-F4.1.0.0
2026-01-16 13:32:14,842 [WARN] PackLoader:240 - Cannot read IP mode file for STMicroelectronics.X-CUBE-TOF1.2.0.0
2026-01-16 13:32:14,847 [WARN] PackLoader:240 - Cannot read IP mode file for STMicroelectronics.X-CUBE-FREERTOS.1.3.1
2026-01-16 13:32:14,852 [WARN] PackLoader:240 - Cannot read IP mode file for STMicroelectronics.X-CUBE-FREERTOS.1.3.0
2026-01-16 13:32:14,858 [WARN] PackLoader:240 - Cannot read IP mode file for STMicroelectronics.X-CUBE-NFC7.1.0.1
2026-01-16 13:32:14,861 [WARN] PackLoader:240 - Cannot read IP mode file for STMicroelectronics.X-CUBE-NFC7.1.0.0
2026-01-16 13:32:14,866 [WARN] PackLoader:240 - Cannot read IP mode file for wolfSSL.I-CUBE-wolfTPM.3.2.0
2026-01-16 13:32:14,869 [WARN] PackLoader:240 - Cannot read IP mode file for STMicroelectronics.X-CUBE-TOUCHGFX.4.26.0
2026-01-16 13:32:14,873 [WARN] PackLoader:240 - Cannot read IP mode file for STMicroelectronics.X-CUBE-NFC6.3.0.0
2026-01-16 13:32:14,878 [WARN] PackLoader:240 - Cannot read IP mode file for STMicroelectronics.X-CUBE-EEPRMA1.4.1.0
2026-01-16 13:32:14,884 [WARN] PackLoader:240 - Cannot read IP mode file for STMicroelectronics.FP-SNS-STAIOTCFT.1.0.0
2026-01-16 13:32:14,888 [WARN] PackLoader:240 - Cannot read IP mode file for STMicroelectronics.X-CUBE-DPower.1.3.0
2026-01-16 13:32:14,891 [WARN] PackLoader:240 - Cannot read IP mode file for STMicroelectronics.X-CUBE-AI.8.1.0
2026-01-16 13:32:14,908 [WARN] ConditionMgr:438 - getConditionDescription Invalid condition id : LAN8742 Phy interface Condition cause : null
2026-01-16 13:32:14,909 [WARN] PackLoader:240 - Cannot read IP mode file for STMicroelectronics.X-CUBE-AZRTOS-L4.2.0.0
2026-01-16 13:32:14,909 [WARN] ConditionMgr:1044 - genDependencies : Invalid condition id : LAN8742 Phy interface Condition cause : null
2026-01-16 13:32:14,909 [WARN] ConditionMgr:1044 - genDependencies : Invalid condition id : LAN8742 Phy interface Condition cause : null
2026-01-16 13:32:14,910 [WARN] ConditionMgr:1044 - genDependencies : Invalid condition id : LAN8742 Phy interface Condition cause : null
2026-01-16 13:32:14,916 [WARN] PackLoader:240 - Cannot read IP mode file for STMicroelectronics.X-CUBE-SFXS2LP1.4.0.0
2026-01-16 13:32:14,931 [WARN] PackLoader:240 - Cannot read IP mode file for STMicroelectronics.X-CUBE-AZRTOS-H7.3.0.0
2026-01-16 13:32:14,938 [WARN] PackLoader:240 - Cannot read IP mode file for STMicroelectronics.X-CUBE-ST67W61.1.2.0
2026-01-16 13:32:14,942 [WARN] PackLoader:240 - Cannot read IP mode file for STMicroelectronics.X-CUBE-ISPU.1.1.0
2026-01-16 13:32:14,957 [WARN] PackLoader:240 - Cannot read IP mode file for STMicroelectronics.X-CUBE-AZRTOS-H7.3.3.0
2026-01-16 13:32:14,968 [WARN] PackLoader:240 - Cannot read IP mode file for RoweBots.I-CUBE-UNISONRTOS.5.5.0-4
2026-01-16 13:32:14,974 [WARN] PackLoader:240 - Cannot read IP mode file for STMicroelectronics.X-CUBE-BLEMGR.4.1.0
2026-01-16 13:32:14,980 [WARN] PackLoader:240 - Cannot read IP mode file for STMicroelectronics.X-CUBE-AI.8.0.0
2026-01-16 13:32:14,988 [WARN] PackLoader:240 - Cannot read IP mode file for STMicroelectronics.X-CUBE-IPS.3.0.0
2026-01-16 13:32:15,001 [WARN] ConditionMgr:438 - getConditionDescription Invalid condition id : UX DEVICE CLASS RTOS Condition cause : null
2026-01-16 13:32:15,001 [WARN] ConditionMgr:438 - getConditionDescription Invalid condition id : UX DEVICE CLASS RTOS Condition cause : null
2026-01-16 13:32:15,002 [WARN] PackLoader:240 - Cannot read IP mode file for STMicroelectronics.X-CUBE-AZRTOS-WB.2.0.0
2026-01-16 13:32:15,003 [WARN] ConditionMgr:1044 - genDependencies : Invalid condition id : UX DEVICE CLASS RTOS Condition cause : null
2026-01-16 13:32:15,003 [WARN] ConditionMgr:1044 - genDependencies : Invalid condition id : UX DEVICE CLASS RTOS Condition cause : null
2026-01-16 13:32:15,003 [WARN] ConditionMgr:1044 - genDependencies : Invalid condition id : UX DEVICE CLASS RTOS Condition cause : null
2026-01-16 13:32:15,003 [WARN] ConditionMgr:1044 - genDependencies : Invalid condition id : UX DEVICE CLASS RTOS Condition cause : null
2026-01-16 13:32:15,003 [WARN] ConditionMgr:1044 - genDependencies : Invalid condition id : UX DEVICE CLASS RTOS Condition cause : null
2026-01-16 13:32:15,007 [WARN] PackLoader:240 - Cannot read IP mode file for STMicroelectronics.X-CUBE-FREERTOS.1.0.0
2026-01-16 13:32:15,011 [WARN] PackLoader:240 - Cannot read IP mode file for STMicroelectronics.X-CUBE-FREERTOS.1.0.1
2026-01-16 13:32:15,016 [WARN] PackLoader:240 - Cannot read IP mode file for STMicroelectronics.X-CUBE-GNSS1.7.0.0
2026-01-16 13:32:15,020 [WARN] PackLoader:240 - Cannot read IP mode file for STMicroelectronics.X-CUBE-GNSS1.7.0.1
2026-01-16 13:32:15,025 [WARN] PackLoader:240 - Cannot read IP mode file for STMicroelectronics.FP-SNS-STBOX1.2.0.0
2026-01-16 13:32:15,037 [WARN] PackLoader:240 - Cannot read IP mode file for STMicroelectronics.X-CUBE-AZRTOS-L5.1.1.0
2026-01-16 13:32:15,041 [WARN] PackLoader:240 - Cannot read IP mode file for STMicroelectronics.X-CUBE-AI.8.0.1
2026-01-16 13:32:15,047 [WARN] PackLoader:240 - Cannot read IP mode file for STMicroelectronics.X-CUBE-SUBG2.5.0.0
2026-01-16 13:32:15,073 [WARN] PackLoader:240 - Cannot read IP mode file for STMicroelectronics.X-CUBE-AZRTOS-H7RS.1.1.0
2026-01-16 13:32:15,088 [WARN] PackLoader:240 - Cannot read IP mode file for STMicroelectronics.X-CUBE-AZRTOS-G4.2.0.0
2026-01-16 13:32:15,096 [WARN] PackLoader:240 - Cannot read IP mode file for STMicroelectronics.X-CUBE-TOF1.3.3.0
2026-01-16 13:32:15,104 [WARN] PackLoader:240 - Cannot read IP mode file for STMicroelectronics.FP-ATR-ASTRA1.1.1.1
2026-01-16 13:32:15,114 [WARN] PackLoader:240 - Cannot read IP mode file for Infineon.AIROC-Wi-Fi-Bluetooth-STM32.1.5.1
2026-01-16 13:32:15,121 [WARN] PackLoader:240 - Cannot read IP mode file for STMicroelectronics.X-CUBE-NFC7.2.0.0
2026-01-16 13:32:15,124 [WARN] PackLoader:240 - Cannot read IP mode file for STMicroelectronics.FP-SNS-MOTENVWB1.1.3.1
2026-01-16 13:32:15,139 [WARN] PackLoader:240 - Cannot read IP mode file for STMicroelectronics.X-CUBE-AZRTOS-G4.1.0.0
2026-01-16 13:32:15,157 [WARN] PackLoader:240 - Cannot read IP mode file for STMicroelectronics.X-CUBE-AZRTOS-L4.1.0.0
2026-01-16 13:32:15,164 [WARN] PackLoader:240 - Cannot read IP mode file for STMicroelectronics.X-CUBE-ISPU.2.0.0
2026-01-16 13:32:15,174 [WARN] PackLoader:240 - Cannot read IP mode file for STMicroelectronics.X-CUBE-IPS.3.1.0
2026-01-16 13:32:15,185 [WARN] PackLoader:240 - Cannot read IP mode file for STMicroelectronics.X-CUBE-ALS.1.0.2
2026-01-16 13:32:15,211 [WARN] PackLoader:240 - Cannot read IP mode file for STMicroelectronics.X-CUBE-MEMS1.10.0.0
2026-01-16 13:32:15,310 [WARN] PackLoader:240 - Cannot read IP mode file for STMicroelectronics.X-CUBE-FREERTOS.1.1.0
2026-01-16 13:32:15,313 [WARN] PackLoader:240 - Cannot read IP mode file for STMicroelectronics.X-CUBE-TOUCHGFX.4.24.0
2026-01-16 13:32:15,325 [WARN] PackLoader:240 - Cannot read IP mode file for STMicroelectronics.X-CUBE-AZRTOS-F7.1.0.0
2026-01-16 13:32:15,330 [WARN] PackLoader:240 - Cannot read IP mode file for STMicroelectronics.X-CUBE-TOUCHGFX.4.24.2
2026-01-16 13:32:15,341 [WARN] PackLoader:240 - Cannot read IP mode file for STMicroelectronics.X-CUBE-AZRTOS-WL.1.0.0
2026-01-16 13:32:15,345 [WARN] PackLoader:240 - Cannot read IP mode file for STMicroelectronics.X-CUBE-TOUCHGFX.4.24.1
2026-01-16 13:32:15,352 [WARN] PackLoader:240 - Cannot read IP mode file for STMicroelectronics.X-CUBE-STSE01.1.0.0
2026-01-16 13:32:15,375 [WARN] PackLoader:240 - Cannot read IP mode file for STMicroelectronics.X-CUBE-MEMS1.9.1.0
2026-01-16 13:32:15,446 [WARN] PackLoader:240 - Cannot read IP mode file for portGmbH.I-Cube-SoM-uGOAL.1.1.0
2026-01-16 13:32:15,451 [WARN] PackLoader:240 - Cannot read IP mode file for STMicroelectronics.X-CUBE-ALS.1.0.1
2026-01-16 13:32:15,455 [WARN] PackLoader:240 - Cannot read IP mode file for STMicroelectronics.X-CUBE-AI.7.0.0
2026-01-16 13:32:15,468 [WARN] PackLoader:240 - Cannot read IP mode file for STMicroelectronics.X-CUBE-AZRTOS-WB.1.1.0
2026-01-16 13:32:15,478 [WARN] PackLoader:240 - Cannot read IP mode file for STMicroelectronics.X-CUBE-AZRTOS-L5.1.0.0
2026-01-16 13:32:15,483 [WARN] PackLoader:240 - Cannot read IP mode file for STMicroelectronics.X-CUBE-EEPRMA1.3.1.0
2026-01-16 13:32:15,488 [WARN] PackLoader:240 - Cannot read IP mode file for STMicroelectronics.X-CUBE-EEPRMA1.3.1.1
2026-01-16 13:32:15,503 [WARN] PackLoader:240 - Cannot read IP mode file for STMicroelectronics.X-CUBE-AZRTOS-H7RS.1.0.0
2026-01-16 13:32:15,508 [WARN] PackLoader:240 - Cannot read IP mode file for STMicroelectronics.X-CUBE-GNSS1.5.2.0
2026-01-16 13:32:15,512 [WARN] PackLoader:240 - Cannot read IP mode file for STMicroelectronics.FP-ATR-ASTRA1.2.0.0
2026-01-16 13:32:15,521 [WARN] PackLoader:240 - Cannot read IP mode file for STMicroelectronics.X-CUBE-TOF1.3.4.2
2026-01-16 13:32:15,538 [WARN] PackLoader:240 - Cannot read IP mode file for STMicroelectronics.X-CUBE-TOF1.3.4.3
2026-01-16 13:32:15,554 [WARN] PackLoader:240 - Cannot read IP mode file for STMicroelectronics.X-CUBE-TOF1.3.4.0
2026-01-16 13:32:15,587 [WARN] PackLoader:240 - Cannot read IP mode file for STMicroelectronics.X-CUBE-TOF1.3.4.1
2026-01-16 13:32:15,612 [WARN] PackLoader:240 - Cannot read IP mode file for STMicroelectronics.X-CUBE-AZRTOS-H7.3.2.0
2026-01-16 13:32:15,619 [WARN] PackLoader:240 - Cannot read IP mode file for wolfSSL.I-CUBE-wolfSSH.1.4.17
2026-01-16 13:32:15,619 [INFO] ThirdParty:978 - Integrity check success = true
2026-01-16 13:32:15,619 [INFO] IntegrityCheckThread:100 - exiting critical section [integrity check]
2026-01-16 13:32:15,619 [INFO] IntegrityCheckThread:103 - End integrity checks thread
2026-01-16 13:32:15,634 [INFO] Mcu:2029 - Initializing MCU STM32G491R(C-E)Tx STM32G491RETx STM32G491RET3
2026-01-16 13:32:19,360 [INFO] Context:786 - Trying to add GPIOservice into a context  which must be forbidden
2026-01-16 13:32:20,273 [INFO] ImportTextPane:234 - (OptionalMessage_ERROR) Pin28 (VP_RIF_VS_RIF1) cannot be retrieved for this MCU
2026-01-16 13:32:20,524 [INFO] RtosManager:558 - Registered RTOS mode: class=CMSIS, group=RTOS, mode=CMSIS_V1, owner=FREERTOS
2026-01-16 13:32:20,524 [INFO] RtosManager:558 - Registered RTOS mode: class=CMSIS, group=RTOS2, mode=CMSIS_V2, owner=FREERTOS
2026-01-16 13:32:20,525 [INFO] RtosManager:558 - Registered RTOS mode: class=RTOS, group=Core, mode=CMSIS_V1, owner=FREERTOS
2026-01-16 13:32:20,525 [INFO] RtosManager:558 - Registered RTOS mode: class=RTOS, group=Core, mode=CMSIS_V2, owner=FREERTOS
2026-01-16 13:32:20,525 [WARN] ModelIntegratedComponent:184 - Missing modes for component STMicroelectronics:FreeRTOS:0.0.1:STMicroelectronics:RTOS:FreeRTOS:Core:::10.2.0:
2026-01-16 13:32:20,534 [WARN] ModelIntegratedComponent:63 - No mode defined for component null
2026-01-16 13:32:20,534 [WARN] ModelIntegratedComponent:63 - No mode defined for component null
2026-01-16 13:32:20,534 [WARN] ModelIntegratedComponent:63 - No mode defined for component null
2026-01-16 13:32:20,534 [WARN] ModelIntegratedComponent:63 - No mode defined for component null
2026-01-16 13:32:20,534 [WARN] ModelIntegratedComponent:63 - No mode defined for component null
2026-01-16 13:32:20,534 [WARN] ModelIntegratedComponent:63 - No mode defined for component null
2026-01-16 13:32:20,534 [WARN] ModelIntegratedComponent:63 - No mode defined for component null
2026-01-16 13:32:20,534 [WARN] ModelIntegratedComponent:63 - No mode defined for component null
2026-01-16 13:32:20,534 [WARN] ModelIntegratedComponent:63 - No mode defined for component null
2026-01-16 13:32:20,534 [WARN] ModelIntegratedComponent:63 - No mode defined for component null
2026-01-16 13:32:20,534 [WARN] ModelIntegratedComponent:63 - No mode defined for component null
2026-01-16 13:32:20,534 [WARN] ModelIntegratedComponent:63 - No mode defined for component null
2026-01-16 13:32:20,535 [WARN] ModelIntegratedComponent:63 - No mode defined for component null
2026-01-16 13:32:20,535 [WARN] ModelIntegratedComponent:63 - No mode defined for component null
2026-01-16 13:32:20,535 [WARN] ModelIntegratedComponent:63 - No mode defined for component null
2026-01-16 13:32:20,535 [WARN] ModelIntegratedComponent:63 - No mode defined for component null
2026-01-16 13:32:20,535 [WARN] ModelIntegratedComponent:63 - No mode defined for component null
2026-01-16 13:32:20,535 [WARN] ModelIntegratedComponent:63 - No mode defined for component null
2026-01-16 13:32:20,535 [WARN] ModelIntegratedComponent:63 - No mode defined for component null
2026-01-16 13:32:20,535 [WARN] ModelIntegratedComponent:63 - No mode defined for component null
2026-01-16 13:32:20,535 [WARN] ModelIntegratedComponent:63 - No mode defined for component null
2026-01-16 13:32:20,535 [WARN] ModelIntegratedComponent:63 - No mode defined for component null
2026-01-16 13:32:20,535 [WARN] ModelIntegratedComponent:63 - No mode defined for component null
2026-01-16 13:32:20,535 [WARN] ModelIntegratedComponent:63 - No mode defined for component null
2026-01-16 13:32:20,535 [WARN] ModelIntegratedComponent:63 - No mode defined for component null
2026-01-16 13:32:20,535 [WARN] ModelIntegratedComponent:63 - No mode defined for component null
2026-01-16 13:32:20,535 [WARN] ModelIntegratedComponent:63 - No mode defined for component null
2026-01-16 13:32:20,535 [WARN] ModelIntegratedComponent:63 - No mode defined for component null
2026-01-16 13:32:20,535 [WARN] ModelIntegratedComponent:63 - No mode defined for component null
2026-01-16 13:32:20,535 [WARN] ModelIntegratedComponent:63 - No mode defined for component null
2026-01-16 13:32:20,535 [WARN] ModelIntegratedComponent:63 - No mode defined for component null
2026-01-16 13:32:20,535 [WARN] ModelIntegratedComponent:63 - No mode defined for component null
2026-01-16 13:32:20,536 [WARN] ModelIntegratedComponent:63 - No mode defined for component null
2026-01-16 13:32:20,536 [WARN] ModelIntegratedComponent:63 - No mode defined for component null
2026-01-16 13:32:20,536 [WARN] ModelIntegratedComponent:63 - No mode defined for component null
2026-01-16 13:32:20,536 [WARN] ModelPack:524 - Component already loaded: STMicroelectronics:HAL Drivers:0.0.0:STMicroelectronics:Device:STMicro_Driver:XSPI:HAL::0.0.1:HAL_XSPI
2026-01-16 13:32:21,235 [INFO] ThirdPartyModel:298 - Start build external matchings
2026-01-16 13:32:26,704 [INFO] WebApp:191 - Connection restablished
2026-01-16 13:32:29,667 [INFO] ThirdPartyModel:316 - End build external matchings
2026-01-16 13:32:29,854 [INFO] ImportTextPane:234 - (OptionalMessage_ERROR) IP (ADC1) : Parameter (CommonPathInternal) has invalid value (null|null|null|null)
2026-01-16 13:32:29,854 [INFO] ImportTextPane:234 - (OptionalMessage_ERROR) IP (DMA) : Parameter (Instance) has Id (ADC1) currently not set
2026-01-16 13:32:29,854 [INFO] ImportTextPane:234 - (OptionalMessage_ERROR) IP (DMA) : Parameter (Request) has Id (ADC1) currently not set
2026-01-16 13:32:29,854 [INFO] ImportTextPane:234 - (OptionalMessage_ERROR) IP (DMA) : Parameter (Direction) has Id (ADC1) currently not set
2026-01-16 13:32:29,854 [INFO] ImportTextPane:234 - (OptionalMessage_ERROR) IP (DMA) : Parameter (PeriphInc) has Id (ADC1) currently not set
2026-01-16 13:32:29,854 [INFO] ImportTextPane:234 - (OptionalMessage_ERROR) IP (DMA) : Parameter (MemInc) has Id (ADC1) currently not set
2026-01-16 13:32:29,855 [INFO] ImportTextPane:234 - (OptionalMessage_ERROR) IP (DMA) : Parameter (PeriphDataAlignment) has Id (ADC1) currently not set
2026-01-16 13:32:29,855 [INFO] ImportTextPane:234 - (OptionalMessage_ERROR) IP (DMA) : Parameter (MemDataAlignment) has Id (ADC1) currently not set
2026-01-16 13:32:29,855 [INFO] ImportTextPane:234 - (OptionalMessage_ERROR) IP (DMA) : Parameter (Mode) has Id (ADC1) currently not set
2026-01-16 13:32:29,856 [INFO] ImportTextPane:234 - (OptionalMessage_ERROR) IP (DMA) : Parameter (Priority) has Id (ADC1) currently not set
2026-01-16 13:32:29,856 [INFO] ImportTextPane:234 - (OptionalMessage_ERROR) IP (DMA) : Parameter (SignalID) has Id (ADC1) currently not set
2026-01-16 13:32:29,856 [INFO] ImportTextPane:234 - (OptionalMessage_ERROR) IP (DMA) : Parameter (Polarity) has Id (ADC1) currently not set
2026-01-16 13:32:29,856 [INFO] ImportTextPane:234 - (OptionalMessage_ERROR) IP (DMA) : Parameter (RequestNumber) has Id (ADC1) currently not set
2026-01-16 13:32:29,856 [INFO] ImportTextPane:234 - (OptionalMessage_ERROR) IP (DMA) : Parameter (SyncSignalID) has Id (ADC1) currently not set
2026-01-16 13:32:29,856 [INFO] ImportTextPane:234 - (OptionalMessage_ERROR) IP (DMA) : Parameter (SyncPolarity) has Id (ADC1) currently not set
2026-01-16 13:32:29,856 [INFO] ImportTextPane:234 - (OptionalMessage_ERROR) IP (DMA) : Parameter (SyncEnable) has Id (ADC1) currently not set
2026-01-16 13:32:29,856 [INFO] ImportTextPane:234 - (OptionalMessage_ERROR) IP (DMA) : Parameter (EventEnable) has Id (ADC1) currently not set
2026-01-16 13:32:29,856 [INFO] ImportTextPane:234 - (OptionalMessage_ERROR) IP (DMA) : Parameter (SyncRequestNumber) has Id (ADC1) currently not set
2026-01-16 13:32:29,857 [INFO] ImportTextPane:234 - (OptionalMessage_ERROR) IP (RCC) : Invalid parameter (FamilyName)
2026-01-16 13:32:30,652 [INFO] ApiDb:581 - Connected to CubeFinder SQLite database (C:\Users\ivanp\.stmcufinder\plugins\mcufinder\mcu\cube-finder-db.db)
2026-01-16 13:32:30,838 [INFO] ApiDb:668 - CubeFinder database Data Model version=2.1
2026-01-16 13:32:30,839 [INFO] ApiDb:669 - CubeFinder database Configuration version=3.0.39
2026-01-16 13:32:30,840 [INFO] ApiDb:670 - CubeFinder database generation date=2025-10-27 (1761571959)
2026-01-16 13:32:30,840 [INFO] ApiDb:671 - CubeFinder database FW Pack versions=[FP-ATR-ASTRA1_V2.0.0, FP-SNS-FLIGHT1_V5.1.0, FP-SNS-MOTENV1_V5.0.0, FP-SNS-MOTENVWB1_V1.4.0, FP-SNS-SMARTAG2_V1.2.0, FP-SNS-STBOX1_V2.1.0, STM32Cube_FW_C0_V1.4.0, STM32Cube_FW_F4_V1.28.3, STM32Cube_FW_F7_V1.17.4, STM32Cube_FW_G0_V1.6.2, STM32Cube_FW_G4_V1.6.1, STM32Cube_FW_H5_V1.5.0, STM32Cube_FW_H7RS_V1.2.0, STM32Cube_FW_H7_V1.12.1, STM32Cube_FW_L0_V1.12.2, STM32Cube_FW_L4_V1.18.1, STM32Cube_FW_L5_V1.5.1, STM32Cube_FW_N6_V1.2.0, STM32Cube_FW_U0_V1.3.0, STM32Cube_FW_U3_V1.2.1, STM32Cube_FW_U5_V1.8.0, STM32Cube_FW_WB0_V1.3.0, STM32Cube_FW_WBA_V1.7.0, STM32Cube_FW_WB_V1.23.0, STM32Cube_FW_WL3_V1.2.0, STM32Cube_FW_WL_V1.3.1, X-CUBE-ALGOBUILD_V1.4.0, X-CUBE-ALS_V1.0.2, X-CUBE-AZRTOS-F4_V1.1.0, X-CUBE-AZRTOS-F7_V1.1.0, X-CUBE-AZRTOS-G0_V1.1.0, X-CUBE-AZRTOS-G4_V2.0.0, X-CUBE-AZRTOS-H7RS_V1.1.0, X-CUBE-AZRTOS-H7_V3.4.0, X-CUBE-AZRTOS-L4_V2.0.0, X-CUBE-AZRTOS-L5_V2.0.0, X-CUBE-AZRTOS-WB_V2.0.0, X-CUBE-AZRTOS-WL_V2.0.0, X-CUBE-BLE1_V7.1.0, X-CUBE-BLE2_V3.3.0, X-CUBE-BLEMGR_V4.1.0, X-CUBE-EEPRMA1_V5.2.0, X-CUBE-FREERTOS_V1.3.1, X-CUBE-GNSS1_V6.0.0, X-CUBE-MEMS1_V11.3.0, X-CUBE-NFC4_V3.0.0, X-CUBE-NFC7_V2.0.0, X-CUBE-SFXS2LP1_V4.0.0, X-CUBE-ST67W61_V1.1.0, X-CUBE-SUBG2_V5.0.0, X-CUBE-TOF1_V3.4.3]
2026-01-16 13:32:31,062 [INFO] DbBoardsSqlite:226 - include board P-NUCLEO-WB55-NUCLEO as a kit item of type 'Nucleo-64'
2026-01-16 13:32:31,063 [INFO] DbBoardsSqlite:226 - include board P-NUCLEO-WB55-USBDONGLE as a kit item of type 'Nucleo USB Dongle'
2026-01-16 13:32:31,064 [INFO] DbBoardsSqlite:226 - include board STEVAL-IDP005V1 as a kit item of type 'Evaluation Board'
2026-01-16 13:32:31,064 [INFO] DbBoardsSqlite:226 - include board STEVAL-IDP005V2 as a kit item of type 'Evaluation Board'
2026-01-16 13:32:32,337 [INFO] ApiDb:240 - Found 880 in-development CPN: [B-G473E-ZEST1S, B-WB1M-WPAN1, B-WBA5M-WPAN, B-WL5M-SUBG1, NUCLEO-C031C6, NUCLEO-C051C8, NUCLEO-C071RB, NUCLEO-C092RC, NUCLEO-H503RB, NUCLEO-H533RE, NUCLEO-H563ZI, NUCLEO-H7S3L8, NUCLEO-N657X0-Q, NUCLEO-U031R8, NUCLEO-U083RC, NUCLEO-U385RG-Q, NUCLEO-U545RE-Q, NUCLEO-U5A5ZJ-Q, NUCLEO-WB05KZ, NUCLEO-WB07CC, NUCLEO-WB09KE, NUCLEO-WBA52CG, NUCLEO-WBA55CG, NUCLEO-WL33CC1, NUCLEO-WL33CC2, STEVAL-PROTEUS1, STEVAL-SMARTAG2, STEVAL-STWINBX1, STM320518-EVAL, STM32C0116-DK, STM32C011D6Y3TR, STM32C011D6Y6TR, STM32C011F4P3, STM32C011F4P6, STM32C011F4U3, STM32C011F4U6TR, STM32C011F6P3, STM32C011F6P6, STM32C011F6U3, STM32C011F6U6TR, STM32C011J4M3, STM32C011J4M6, STM32C011J6M3, STM32C011J6M6, STM32C0316-DK, STM32C031C4T3, STM32C031C4T6, STM32C031C4U3, STM32C031C4U6, STM32C031C6T3, STM32C031C6T6, STM32C031C6U3, STM32C031C6U6, STM32C031F4P3, STM32C031F4P6, STM32C031F6P3, STM32C031F6P6, STM32C031G4U3, STM32C031G4U6, STM32C031G6U3, STM32C031G6U6, STM32C031K4T3, STM32C031K4T6, STM32C031K4U3, STM32C031K4U6, STM32C031K6T3, STM32C031K6T6, STM32C031K6U3, STM32C031K6U6, STM32C051C6T6, STM32C051C6U6, STM32C051C8T6, STM32C051C8U6, STM32C051D8Y6TR, STM32C051F6P6, STM32C051F8P6, STM32C051G6U6, STM32C051G8U6, STM32C051K6T6, STM32C051K6U6, STM32C051K8T6, STM32C071C8T6, STM32C071C8T6N, STM32C071C8U6, STM32C071C8U6N, STM32C071CBT6, STM32C071CBT6N, STM32C071CBU6, STM32C071CBU6N, STM32C071F8P6, STM32C071F8P6N, STM32C071FBP6, STM32C071FBP6N, STM32C071FBY6TR, STM32C071G8U6, STM32C071G8U6N, STM32C071GBU6, STM32C071GBU6N, STM32C071K8T6, STM32C071K8T6N, STM32C071K8U6, STM32C071K8U6N, STM32C071KBT6, STM32C071KBT6N, STM32C071KBU6, STM32C071KBU6N, STM32C071R8T6, STM32C071R8T6N, STM32C071RBI6N, STM32C071RBT6, STM32C071RBT6N, STM32C091CBT6, STM32C091CBU6, STM32C091CCT6, STM32C091CCU6, STM32C091ECY6TR, STM32C091FBP6, STM32C091FCP6, STM32C091GBU6, STM32C091GCU6, STM32C091KBT6, STM32C091KBU6, STM32C091KCT6, STM32C091KCU6, STM32C091RBT6, STM32C091RCI6, STM32C091RCT6, STM32C092CBT6, STM32C092CBU6, STM32C092CCT6, STM32C092CCU6, STM32C092ECY6TR, STM32C092FBP6, STM32C092FCP6, STM32C092GBU6, STM32C092GCU6, STM32C092KBT6, STM32C092KBU6, STM32C092KCT6, STM32C092KCU6, STM32C092RBT6, STM32C092RCI6, STM32C092RCT6, STM32G071K8TXN, STM32G071K8UXN, STM32G081GBU6N, STM32G081KBT6N, STM32G081KBUXN, STM32G0B1CCT6N, STM32G0B1KCT6, STM32G0B1NEY6TR, STM32G0B1RCT6N, STM32G0C1CCT6, STM32G0C1CCT6N, STM32G0C1CCU6N, STM32G0C1CET6N, STM32G0C1CEU6N, STM32G0C1KCT6, STM32G0C1NEY6TR, STM32G0C1RCI6N, STM32G0C1RCT6N, STM32G0C1REI6N, STM32G0C1RET6N, STM32G0C1VCI6, STM32G0C1VEI6, STM32G411C6T3, STM32G411C6T6, STM32G411C6U3, STM32G411C6U6, STM32G411C8T3, STM32G411C8T6, STM32G411C8U3, STM32G411C8U6, STM32G411CBT3, STM32G411CBT6, STM32G411CBU3, STM32G411CBU6, STM32G411K6T3, STM32G411K6T6, STM32G411K6U3, STM32G411K6U6, STM32G411K8T3, STM32G411K8T6, STM32G411K8U3, STM32G411K8U6, STM32G411KBT3, STM32G411KBT6, STM32G411KBU3, STM32G411KBU6, STM32G411M6T3, STM32G411M6T6, STM32G411M8T3, STM32G411M8T6, STM32G411MBT3, STM32G411MBT6, STM32G411R6T3, STM32G411R6T6, STM32G411R8T3, STM32G411R8T6, STM32G411RBT3, STM32G411RBT6, STM32G414CBT3, STM32G414CBT6, STM32G414CBU3, STM32G414CBU6, STM32G414CCT3, STM32G414CCT6, STM32G414CCU3, STM32G414CCU6, STM32G414MBT3, STM32G414MBT6, STM32G414MCT3, STM32G414MCT6, STM32G414RBT3, STM32G414RBT6, STM32G414RCT3, STM32G414RCT6, STM32G414VBT3, STM32G414VBT6, STM32G414VCT3, STM32G414VCT6, STM32G431CBT3Z, STM32G431RBT3Z, STM32G471CCT6, STM32G471CCU6, STM32G471CET3, STM32G471CET6, STM32G471CEU3, STM32G471CEU6, STM32G471MCT6, STM32G471MET3, STM32G471MET6, STM32G471MEY6TR, STM32G471QCT6, STM32G471QET3, STM32G471RCT6, STM32G471RET3, STM32G471RET6, STM32G471VCH6, STM32G471VCI6, STM32G471VCT6, STM32G471VEH3, STM32G471VEH6, STM32G471VEI3, STM32G471VEI6, STM32G471VET3, STM32G471VET6, STM32G473QET3Z, STM32G473RET3Z, STM32G474CCT6, STM32G491RET3Z, STM32H503CBT6, STM32H503CBU6, STM32H503EBY6TR, STM32H503KBU6, STM32H503RBT6, STM32H523CCT6, STM32H523CCU6, STM32H523CET6, STM32H523CEU6, STM32H523HEY6TR, STM32H523RCT6, STM32H523RET6, STM32H523VCI6, STM32H523VCT6, STM32H523VEI6, STM32H523VET6, STM32H523ZCJ6, STM32H523ZCT6, STM32H523ZEJ6, STM32H523ZET6, STM32H533CET6, STM32H533CEU6, STM32H533HEY6TR, STM32H533RET6, STM32H533VEI6, STM32H533VET6, STM32H533ZEJ6, STM32H533ZET6, STM32H562AGI6, STM32H562AII6, STM32H562IGK6, STM32H562IGT6, STM32H562IIK6, STM32H562IIT6, STM32H562RGT6, STM32H562RGV6, STM32H562RIT6, STM32H562RIV6, STM32H562VGT6, STM32H562VIT6, STM32H562ZGT6, STM32H562ZIT6, STM32H563AGI6, STM32H563AII3Q, STM32H563AII6, STM32H563IGK6, STM32H563IGT6, STM32H563IIK3Q, STM32H563IIK6, STM32H563IIT3Q, STM32H563IIT6, STM32H563MIY3QTR, STM32H563RGT6, STM32H563RGV6, STM32H563RIT6, STM32H563RIV6, STM32H563VGT6, STM32H563VIT3Q, STM32H563VIT6, STM32H563ZGT6, STM32H563ZIT3Q, STM32H563ZIT6, STM32H573AII3Q, STM32H573AII6, STM32H573I-DK, STM32H573IIK3Q, STM32H573IIK6, STM32H573IIT3Q, STM32H573IIT6, STM32H573MIY3QTR, STM32H573RIT6, STM32H573RIV6, STM32H573VIT3Q, STM32H573VIT6, STM32H573ZIT3Q, STM32H573ZIT6, STM32H7R3A8I6, STM32H7R3I8K6, STM32H7R3I8T6, STM32H7R3L8H6, STM32H7R3L8H6H, STM32H7R3R8V6, STM32H7R3V8H6, STM32H7R3V8T6, STM32H7R3V8Y6TR, STM32H7R3Z8J6, STM32H7R3Z8T6, STM32H7R7A8I6, STM32H7R7I8K6, STM32H7R7I8T6, STM32H7R7L8H6, STM32H7R7L8H6H, STM32H7R7Z8J6, STM32H7S3A8I6, STM32H7S3I8K6, STM32H7S3I8T6, STM32H7S3L8H6, STM32H7S3L8H6H, STM32H7S3R8V6, STM32H7S3V8H6, STM32H7S3V8T6, STM32H7S3V8Y6TR, STM32H7S3Z8J6, STM32H7S3Z8T6, STM32H7S78-DK, STM32H7S7A8I6, STM32H7S7I8K6, STM32H7S7I8T6, STM32H7S7L8H6, STM32H7S7L8H6H, STM32H7S7Z8J6, STM32L4R5QGI6STR, STM32MP131AAE3, STM32MP131AAF3, STM32MP131AAG3, STM32MP131CAE3, STM32MP131CAF3, STM32MP131CAG3, STM32MP131DAE7, STM32MP131DAF7, STM32MP131DAG7, STM32MP131FAE7, STM32MP131FAF7, STM32MP131FAG7, STM32MP133AAE3, STM32MP133AAF3, STM32MP133AAG3, STM32MP133CAE3, STM32MP133CAF3, STM32MP133CAG3, STM32MP133DAE7, STM32MP133DAF7, STM32MP133DAG7, STM32MP133FAE7, STM32MP133FAF7, STM32MP133FAG7, STM32MP135AAE3, STM32MP135AAF3, STM32MP135AAG3, STM32MP135CAE3, STM32MP135CAF3, STM32MP135CAG3, STM32MP135DAE7, STM32MP135DAF7, STM32MP135DAG7, STM32MP135F-DK, STM32MP135FAE7, STM32MP135FAF7, STM32MP135FAF7T, STM32MP135FAF7U, STM32MP135FAG7, STM32MP211AAL3, STM32MP211AAM3, STM32MP211AAN3, STM32MP211AAO3, STM32MP211CAL3, STM32MP211CAM3, STM32MP211CAN3, STM32MP211CAO3, STM32MP211DAL3, STM32MP211DAM3, STM32MP211DAN3, STM32MP211DAO3, STM32MP211FAL3, STM32MP211FAM3, STM32MP211FAN3, STM32MP211FAO3, STM32MP213AAL3, STM32MP213AAM3, STM32MP213AAN3, STM32MP213AAO3, STM32MP213CAL3, STM32MP213CAM3, STM32MP213CAN3, STM32MP213CAO3, STM32MP213DAL3, STM32MP213DAM3, STM32MP213DAN3, STM32MP213DAO3, STM32MP213FAL3, STM32MP213FAM3, STM32MP213FAN3, STM32MP213FAO3, STM32MP215AAL3, STM32MP215AAM3, STM32MP215AAN3, STM32MP215AAO3, STM32MP215CAL3, STM32MP215CAM3, STM32MP215CAN3, STM32MP215CAO3, STM32MP215DAL3, STM32MP215DAM3, STM32MP215DAN3, STM32MP215DAO3, STM32MP215F-DK, STM32MP215FAL3, STM32MP215FAM3, STM32MP215FAN3, STM32MP215FAO3, STM32MP231AAJ3, STM32MP231AAK3, STM32MP231AAL3, STM32MP231CAJ3, STM32MP231CAK3, STM32MP231CAL3, STM32MP231DAJ3, STM32MP231DAK3, STM32MP231DAL3, STM32MP231FAJ3, STM32MP231FAK3, STM32MP231FAL3, STM32MP233AAJ3, STM32MP233AAK3, STM32MP233AAL3, STM32MP233CAJ3, STM32MP233CAK3, STM32MP233CAL3, STM32MP233DAJ3, STM32MP233DAK3, STM32MP233DAL3, STM32MP233FAJ3, STM32MP233FAK3, STM32MP233FAL3, STM32MP235AAJ3, STM32MP235AAK3, STM32MP235AAL3, STM32MP235CAJ3, STM32MP235CAK3, STM32MP235CAL3, STM32MP235DAJ3, STM32MP235DAK3, STM32MP235DAL3, STM32MP235FAJ3, STM32MP235FAK3, STM32MP235FAL3, STM32MP251AAI3, STM32MP251AAK3, STM32MP251AAL3, STM32MP251CAI3, STM32MP251CAK3, STM32MP251CAL3, STM32MP251DAI3, STM32MP251DAK3, STM32MP251DAL3, STM32MP251FAI3, STM32MP251FAK3, STM32MP251FAL3, STM32MP253AAI3, STM32MP253AAK3, STM32MP253AAL3, STM32MP253CAI3, STM32MP253CAK3, STM32MP253CAL3, STM32MP253DAI3, STM32MP253DAK3, STM32MP253DAL3, STM32MP253FAI3, STM32MP253FAK3, STM32MP253FAL3, STM32MP255AAI3, STM32MP255AAK3, STM32MP255AAL3, STM32MP255CAI3, STM32MP255CAK3, STM32MP255CAL3, STM32MP255DAI3, STM32MP255DAK3, STM32MP255DAL3, STM32MP255FAI3, STM32MP255FAK3, STM32MP255FAL3, STM32MP257AAI3, STM32MP257AAK3, STM32MP257AAL3, STM32MP257CAI3, STM32MP257CAK3, STM32MP257CAL3, STM32MP257DAI3, STM32MP257DAK3, STM32MP257DAL3, STM32MP257F-DK, STM32MP257F-EV1, STM32MP257FAI3, STM32MP257FAK3, STM32MP257FAL3, STM32N645A0H3Q, STM32N645B0H3Q, STM32N645I0H3Q, STM32N645L0H3Q, STM32N645X0H3Q, STM32N645Z0H3Q, STM32N647A0H3Q, STM32N647B0H3Q, STM32N647I0H3Q, STM32N647L0H3Q, STM32N647X0H3Q, STM32N647Z0H3Q, STM32N655A0H3Q, STM32N655B0H3Q, STM32N655I0H3Q, STM32N655L0H3Q, STM32N655X0H3Q, STM32N655Z0H3Q, STM32N6570-DK, STM32N657A0H3Q, STM32N657B0H3Q, STM32N657I0H3Q, STM32N657L0H3Q, STM32N657X0H3Q, STM32N657Z0H3Q, STM32U031C6T6, STM32U031C6U6, STM32U031C8T6, STM32U031C8U6, STM32U031F4P6, STM32U031F6P6, STM32U031F8P6, STM32U031G6Y6TR, STM32U031G8Y6TR, STM32U031K4U6, STM32U031K6U6, STM32U031K8U6, STM32U031R6I6, STM32U031R6T6, STM32U031R8I6, STM32U031R8T6, STM32U073C8T6, STM32U073C8U6, STM32U073CBT6, STM32U073CBU6, STM32U073CCT6, STM32U073CCU6, STM32U073H8Y6TR, STM32U073HBY6TR, STM32U073HCY6TR, STM32U073K8U6, STM32U073KBU6, STM32U073KCU6, STM32U073M8I6, STM32U073M8T6, STM32U073MBI6, STM32U073MBT6, STM32U073MCI6, STM32U073MCT6, STM32U073R8I6, STM32U073R8T6, STM32U073RBI6, STM32U073RBT6, STM32U073RCI6, STM32U073RCT6, STM32U083C-DK, STM32U083CCT6, STM32U083CCU6, STM32U083HCY6TR, STM32U083KCU6, STM32U083MCI6, STM32U083MCT6, STM32U083RCI6, STM32U083RCT6, STM32U375CET6, STM32U375CET6Q, STM32U375CEU6, STM32U375CEU6Q, STM32U375CEY6QTR, STM32U375CGT6, STM32U375CGT6Q, STM32U375CGU6, STM32U375CGU6Q, STM32U375CGY6QTR, STM32U375KEU6, STM32U375KGU6, STM32U375REI6, STM32U375REI6Q, STM32U375RET6, STM32U375RET6Q, STM32U375REY6GTR, STM32U375REY6QTR, STM32U375RGI6, STM32U375RGI6Q, STM32U375RGT6, STM32U375RGT6Q, STM32U375RGY6GTR, STM32U375RGY6QTR, STM32U375VEI6, STM32U375VEI6Q, STM32U375VET6, STM32U375VET6Q, STM32U375VGI6, STM32U375VGI6Q, STM32U375VGT6, STM32U375VGT6Q, STM32U385CGT6, STM32U385CGT6Q, STM32U385CGU6, STM32U385CGU6Q, STM32U385CGY6QTR, STM32U385KGU6, STM32U385RGI6, STM32U385RGI6Q, STM32U385RGT6, STM32U385RGT6Q, STM32U385RGY6GTR, STM32U385RGY6QTR, STM32U385VGI6, STM32U385VGI6Q, STM32U385VGT6, STM32U385VGT6Q, STM32U535CBT6, STM32U535CBT6Q, STM32U535CBU6, STM32U535CBU6Q, STM32U535CCT6, STM32U535CCT6Q, STM32U535CCU6, STM32U535CCU6Q, STM32U535CET6, STM32U535CET6Q, STM32U535CEU6, STM32U535CEU6Q, STM32U535JEY6QTR, STM32U535NCY6QTR, STM32U535NEY6QTR, STM32U535RBI6, STM32U535RBI6Q, STM32U535RBT6, STM32U535RBT6Q, STM32U535RCI6, STM32U535RCI6Q, STM32U535RCT6, STM32U535RCT6Q, STM32U535REI6, STM32U535REI6Q, STM32U535RET6, STM32U535RET6Q, STM32U535VCI6, STM32U535VCI6Q, STM32U535VCT6, STM32U535VCT6Q, STM32U535VEI6, STM32U535VEI6Q, STM32U535VET6, STM32U535VET6Q, STM32U545CET6, STM32U545CET6Q, STM32U545CEU6, STM32U545CEU6Q, STM32U545JEY6QTR, STM32U545NEY6QTR, STM32U545REI6, STM32U545REI6Q, STM32U545RET6, STM32U545RET6Q, STM32U545VEI6, STM32U545VEI6Q, STM32U545VET6, STM32U545VET6Q, STM32U595AIH6, STM32U595AIH6Q, STM32U595AJH6, STM32U595AJH6Q, STM32U595QII6, STM32U595QII6Q, STM32U595QJI6, STM32U595QJI6Q, STM32U595RIT6, STM32U595RIT6Q, STM32U595RJT6, STM32U595RJT6Q, STM32U595VIT6, STM32U595VIT6Q, STM32U595VJT6, STM32U595VJT6Q, STM32U595ZIT6, STM32U595ZIT6Q, STM32U595ZIY6QTR, STM32U595ZJT6, STM32U595ZJT6Q, STM32U595ZJY6QTR, STM32U599BJY6QTR, STM32U599NIH6Q, STM32U599NJH6Q, STM32U599VIT6Q, STM32U599VJT6, STM32U599VJT6Q, STM32U599ZIT6Q, STM32U599ZIY6QTR, STM32U599ZJT6Q, STM32U599ZJY6QTR, STM32U5A5AJH6, STM32U5A5AJH6Q, STM32U5A5QII3Q , STM32U5A5QJI6, STM32U5A5QJI6Q, STM32U5A5RJT6, STM32U5A5RJT6Q, STM32U5A5VJT6, STM32U5A5VJT6Q, STM32U5A5ZJT6, STM32U5A5ZJT6Q, STM32U5A5ZJY6QTR, STM32U5A9BJY6QTR, STM32U5A9J-DK, STM32U5A9NJH6Q, STM32U5A9VJT6Q, STM32U5A9ZJT6Q, STM32U5A9ZJY6QTR, STM32U5F7VIT6, STM32U5F7VIT6Q, STM32U5F7VJT6, STM32U5F7VJT6Q, STM32U5F9BJY6QTR, STM32U5F9NJH6Q, STM32U5F9VIT6Q, STM32U5F9VJT6Q, STM32U5F9ZIJ6QTR, STM32U5F9ZIT6Q, STM32U5F9ZJJ6QTR, STM32U5F9ZJT6Q, STM32U5G7VJT6, STM32U5G7VJT6Q, STM32U5G9BJY6QTR, STM32U5G9J-DK1, STM32U5G9J-DK2, STM32U5G9NJH6Q, STM32U5G9VJT6Q, STM32U5G9ZJJ6QTR, STM32U5G9ZJT6Q, STM32WB05KZV6TR, STM32WB05KZV7TR, STM32WB05TZF6TR, STM32WB05TZF7TR, STM32WB06CCF6TR, STM32WB06CCF7TR, STM32WB06CCV6TR, STM32WB06CCV7TR, STM32WB06KCV6TR, STM32WB06KCV7TR, STM32WB07CCF6TR, STM32WB07CCF7TR, STM32WB07CCV6TR, STM32WB07CCV7TR, STM32WB07KCV6TR, STM32WB07KCV7TR, STM32WB09KEV6TR, STM32WB09KEV7TR, STM32WB09TEF6TR, STM32WB09TEF7TR, STM32WB1MMCH6, STM32WBA50KGU6, STM32WBA50KGU6TR, STM32WBA52CEU6, STM32WBA52CEU6TR, STM32WBA52CEU7, STM32WBA52CEU7TR, STM32WBA52CGU6, STM32WBA52CGU6TR, STM32WBA52CGU6U, STM32WBA52CGU7, STM32WBA52CGU7TR, STM32WBA52KEU6, STM32WBA52KEU6TR, STM32WBA52KGU6, STM32WBA52KGU6TR, STM32WBA54CEU6, STM32WBA54CEU6TR, STM32WBA54CEU7, STM32WBA54CEU7TR, STM32WBA54CGU6, STM32WBA54CGU6TR, STM32WBA54CGU7, STM32WBA54CGU7TR, STM32WBA54KEU6, STM32WBA54KEU6TR, STM32WBA54KEU7, STM32WBA54KEU7TR, STM32WBA54KGU6, STM32WBA54KGU6TR, STM32WBA54KGU7, STM32WBA54KGU7TR, STM32WBA55CEU6, STM32WBA55CEU6TR, STM32WBA55CEU7, STM32WBA55CEU7TR, STM32WBA55CGU6, STM32WBA55CGU6TR, STM32WBA55CGU6U, STM32WBA55CGU7, STM32WBA55CGU7TR, STM32WBA55G-DK1, STM32WBA55HEF6, STM32WBA55HEF7, STM32WBA55HGF6, STM32WBA55HGF7, STM32WBA55UEI6, STM32WBA55UEI6TR, STM32WBA55UEI7, STM32WBA55UEI7TR, STM32WBA55UGI6, STM32WBA55UGI6TR, STM32WBA55UGI7, STM32WBA55UGI7TR, STM32WBA5MMGH6TR, STM32WBA62MGF6, STM32WBA62MIF6, STM32WBA65MGF7, STM32WBA65MIF6, STM32WBA65MIF7, STM32WL30K8V6, STM32WL30KBV6, STM32WL31C8V6, STM32WL31CBV6, STM32WL31K8V6, STM32WL31KBV6, STM32WL33C8V6, STM32WL33C8V6X, STM32WL33CBV6, STM32WL33CBV6X, STM32WL33CCV6, STM32WL33CCV6A, STM32WL33CCV6X, STM32WL33K8V7, STM32WL33K8V7X, STM32WL33KBV7 , STM32WL33KBV7X, STM32WL33KCV7, STM32WL33KCV7X, STM32WL5MOCH6, STM32WL5MOCH6TR]
2026-01-16 13:32:32,666 [INFO] BoardInfo:889 - No configuration file found for board P-NUCLEO-WB55
2026-01-16 13:32:32,668 [INFO] DbBoards:161 - Kit is not supported: P-NUCLEO-WB55
2026-01-16 13:32:32,678 [INFO] BoardInfo:889 - No configuration file found for board STEVAL-BFA001V1B
2026-01-16 13:32:32,679 [INFO] DbBoards:161 - Kit is not supported: STEVAL-BFA001V1B
2026-01-16 13:32:32,680 [INFO] BoardInfo:889 - No configuration file found for board STEVAL-BFA001V2B
2026-01-16 13:32:32,682 [INFO] DbBoards:161 - Kit is not supported: STEVAL-BFA001V2B
2026-01-16 13:32:32,997 [INFO] DbBoards:168 - Found 212 boards, 209 are supported
2026-01-16 13:32:32,997 [INFO] DbBoards:169 - Found 212 boards, 43 of them is supported for  Bsp
2026-01-16 13:32:33,001 [INFO] ApiDb:668 - CubeFinder database Data Model version=2.1
2026-01-16 13:32:33,001 [INFO] ApiDb:669 - CubeFinder database Configuration version=3.0.39
2026-01-16 13:32:33,001 [INFO] ApiDb:670 - CubeFinder database generation date=2025-10-27 (1761571959)
2026-01-16 13:32:33,001 [INFO] ApiDb:671 - CubeFinder database FW Pack versions=[FP-ATR-ASTRA1_V2.0.0, FP-SNS-FLIGHT1_V5.1.0, FP-SNS-MOTENV1_V5.0.0, FP-SNS-MOTENVWB1_V1.4.0, FP-SNS-SMARTAG2_V1.2.0, FP-SNS-STBOX1_V2.1.0, STM32Cube_FW_C0_V1.4.0, STM32Cube_FW_F4_V1.28.3, STM32Cube_FW_F7_V1.17.4, STM32Cube_FW_G0_V1.6.2, STM32Cube_FW_G4_V1.6.1, STM32Cube_FW_H5_V1.5.0, STM32Cube_FW_H7RS_V1.2.0, STM32Cube_FW_H7_V1.12.1, STM32Cube_FW_L0_V1.12.2, STM32Cube_FW_L4_V1.18.1, STM32Cube_FW_L5_V1.5.1, STM32Cube_FW_N6_V1.2.0, STM32Cube_FW_U0_V1.3.0, STM32Cube_FW_U3_V1.2.1, STM32Cube_FW_U5_V1.8.0, STM32Cube_FW_WB0_V1.3.0, STM32Cube_FW_WBA_V1.7.0, STM32Cube_FW_WB_V1.23.0, STM32Cube_FW_WL3_V1.2.0, STM32Cube_FW_WL_V1.3.1, X-CUBE-ALGOBUILD_V1.4.0, X-CUBE-ALS_V1.0.2, X-CUBE-AZRTOS-F4_V1.1.0, X-CUBE-AZRTOS-F7_V1.1.0, X-CUBE-AZRTOS-G0_V1.1.0, X-CUBE-AZRTOS-G4_V2.0.0, X-CUBE-AZRTOS-H7RS_V1.1.0, X-CUBE-AZRTOS-H7_V3.4.0, X-CUBE-AZRTOS-L4_V2.0.0, X-CUBE-AZRTOS-L5_V2.0.0, X-CUBE-AZRTOS-WB_V2.0.0, X-CUBE-AZRTOS-WL_V2.0.0, X-CUBE-BLE1_V7.1.0, X-CUBE-BLE2_V3.3.0, X-CUBE-BLEMGR_V4.1.0, X-CUBE-EEPRMA1_V5.2.0, X-CUBE-FREERTOS_V1.3.1, X-CUBE-GNSS1_V6.0.0, X-CUBE-MEMS1_V11.3.0, X-CUBE-NFC4_V3.0.0, X-CUBE-NFC7_V2.0.0, X-CUBE-SFXS2LP1_V4.0.0, X-CUBE-ST67W61_V1.1.0, X-CUBE-SUBG2_V5.0.0, X-CUBE-TOF1_V3.4.3]
2026-01-16 13:32:35,268 [INFO] ApiDb:240 - Found 880 in-development CPN: [B-G473E-ZEST1S, B-WB1M-WPAN1, B-WBA5M-WPAN, B-WL5M-SUBG1, NUCLEO-C031C6, NUCLEO-C051C8, NUCLEO-C071RB, NUCLEO-C092RC, NUCLEO-H503RB, NUCLEO-H533RE, NUCLEO-H563ZI, NUCLEO-H7S3L8, NUCLEO-N657X0-Q, NUCLEO-U031R8, NUCLEO-U083RC, NUCLEO-U385RG-Q, NUCLEO-U545RE-Q, NUCLEO-U5A5ZJ-Q, NUCLEO-WB05KZ, NUCLEO-WB07CC, NUCLEO-WB09KE, NUCLEO-WBA52CG, NUCLEO-WBA55CG, NUCLEO-WL33CC1, NUCLEO-WL33CC2, STEVAL-PROTEUS1, STEVAL-SMARTAG2, STEVAL-STWINBX1, STM320518-EVAL, STM32C0116-DK, STM32C011D6Y3TR, STM32C011D6Y6TR, STM32C011F4P3, STM32C011F4P6, STM32C011F4U3, STM32C011F4U6TR, STM32C011F6P3, STM32C011F6P6, STM32C011F6U3, STM32C011F6U6TR, STM32C011J4M3, STM32C011J4M6, STM32C011J6M3, STM32C011J6M6, STM32C0316-DK, STM32C031C4T3, STM32C031C4T6, STM32C031C4U3, STM32C031C4U6, STM32C031C6T3, STM32C031C6T6, STM32C031C6U3, STM32C031C6U6, STM32C031F4P3, STM32C031F4P6, STM32C031F6P3, STM32C031F6P6, STM32C031G4U3, STM32C031G4U6, STM32C031G6U3, STM32C031G6U6, STM32C031K4T3, STM32C031K4T6, STM32C031K4U3, STM32C031K4U6, STM32C031K6T3, STM32C031K6T6, STM32C031K6U3, STM32C031K6U6, STM32C051C6T6, STM32C051C6U6, STM32C051C8T6, STM32C051C8U6, STM32C051D8Y6TR, STM32C051F6P6, STM32C051F8P6, STM32C051G6U6, STM32C051G8U6, STM32C051K6T6, STM32C051K6U6, STM32C051K8T6, STM32C071C8T6, STM32C071C8T6N, STM32C071C8U6, STM32C071C8U6N, STM32C071CBT6, STM32C071CBT6N, STM32C071CBU6, STM32C071CBU6N, STM32C071F8P6, STM32C071F8P6N, STM32C071FBP6, STM32C071FBP6N, STM32C071FBY6TR, STM32C071G8U6, STM32C071G8U6N, STM32C071GBU6, STM32C071GBU6N, STM32C071K8T6, STM32C071K8T6N, STM32C071K8U6, STM32C071K8U6N, STM32C071KBT6, STM32C071KBT6N, STM32C071KBU6, STM32C071KBU6N, STM32C071R8T6, STM32C071R8T6N, STM32C071RBI6N, STM32C071RBT6, STM32C071RBT6N, STM32C091CBT6, STM32C091CBU6, STM32C091CCT6, STM32C091CCU6, STM32C091ECY6TR, STM32C091FBP6, STM32C091FCP6, STM32C091GBU6, STM32C091GCU6, STM32C091KBT6, STM32C091KBU6, STM32C091KCT6, STM32C091KCU6, STM32C091RBT6, STM32C091RCI6, STM32C091RCT6, STM32C092CBT6, STM32C092CBU6, STM32C092CCT6, STM32C092CCU6, STM32C092ECY6TR, STM32C092FBP6, STM32C092FCP6, STM32C092GBU6, STM32C092GCU6, STM32C092KBT6, STM32C092KBU6, STM32C092KCT6, STM32C092KCU6, STM32C092RBT6, STM32C092RCI6, STM32C092RCT6, STM32G071K8TXN, STM32G071K8UXN, STM32G081GBU6N, STM32G081KBT6N, STM32G081KBUXN, STM32G0B1CCT6N, STM32G0B1KCT6, STM32G0B1NEY6TR, STM32G0B1RCT6N, STM32G0C1CCT6, STM32G0C1CCT6N, STM32G0C1CCU6N, STM32G0C1CET6N, STM32G0C1CEU6N, STM32G0C1KCT6, STM32G0C1NEY6TR, STM32G0C1RCI6N, STM32G0C1RCT6N, STM32G0C1REI6N, STM32G0C1RET6N, STM32G0C1VCI6, STM32G0C1VEI6, STM32G411C6T3, STM32G411C6T6, STM32G411C6U3, STM32G411C6U6, STM32G411C8T3, STM32G411C8T6, STM32G411C8U3, STM32G411C8U6, STM32G411CBT3, STM32G411CBT6, STM32G411CBU3, STM32G411CBU6, STM32G411K6T3, STM32G411K6T6, STM32G411K6U3, STM32G411K6U6, STM32G411K8T3, STM32G411K8T6, STM32G411K8U3, STM32G411K8U6, STM32G411KBT3, STM32G411KBT6, STM32G411KBU3, STM32G411KBU6, STM32G411M6T3, STM32G411M6T6, STM32G411M8T3, STM32G411M8T6, STM32G411MBT3, STM32G411MBT6, STM32G411R6T3, STM32G411R6T6, STM32G411R8T3, STM32G411R8T6, STM32G411RBT3, STM32G411RBT6, STM32G414CBT3, STM32G414CBT6, STM32G414CBU3, STM32G414CBU6, STM32G414CCT3, STM32G414CCT6, STM32G414CCU3, STM32G414CCU6, STM32G414MBT3, STM32G414MBT6, STM32G414MCT3, STM32G414MCT6, STM32G414RBT3, STM32G414RBT6, STM32G414RCT3, STM32G414RCT6, STM32G414VBT3, STM32G414VBT6, STM32G414VCT3, STM32G414VCT6, STM32G431CBT3Z, STM32G431RBT3Z, STM32G471CCT6, STM32G471CCU6, STM32G471CET3, STM32G471CET6, STM32G471CEU3, STM32G471CEU6, STM32G471MCT6, STM32G471MET3, STM32G471MET6, STM32G471MEY6TR, STM32G471QCT6, STM32G471QET3, STM32G471RCT6, STM32G471RET3, STM32G471RET6, STM32G471VCH6, STM32G471VCI6, STM32G471VCT6, STM32G471VEH3, STM32G471VEH6, STM32G471VEI3, STM32G471VEI6, STM32G471VET3, STM32G471VET6, STM32G473QET3Z, STM32G473RET3Z, STM32G474CCT6, STM32G491RET3Z, STM32H503CBT6, STM32H503CBU6, STM32H503EBY6TR, STM32H503KBU6, STM32H503RBT6, STM32H523CCT6, STM32H523CCU6, STM32H523CET6, STM32H523CEU6, STM32H523HEY6TR, STM32H523RCT6, STM32H523RET6, STM32H523VCI6, STM32H523VCT6, STM32H523VEI6, STM32H523VET6, STM32H523ZCJ6, STM32H523ZCT6, STM32H523ZEJ6, STM32H523ZET6, STM32H533CET6, STM32H533CEU6, STM32H533HEY6TR, STM32H533RET6, STM32H533VEI6, STM32H533VET6, STM32H533ZEJ6, STM32H533ZET6, STM32H562AGI6, STM32H562AII6, STM32H562IGK6, STM32H562IGT6, STM32H562IIK6, STM32H562IIT6, STM32H562RGT6, STM32H562RGV6, STM32H562RIT6, STM32H562RIV6, STM32H562VGT6, STM32H562VIT6, STM32H562ZGT6, STM32H562ZIT6, STM32H563AGI6, STM32H563AII3Q, STM32H563AII6, STM32H563IGK6, STM32H563IGT6, STM32H563IIK3Q, STM32H563IIK6, STM32H563IIT3Q, STM32H563IIT6, STM32H563MIY3QTR, STM32H563RGT6, STM32H563RGV6, STM32H563RIT6, STM32H563RIV6, STM32H563VGT6, STM32H563VIT3Q, STM32H563VIT6, STM32H563ZGT6, STM32H563ZIT3Q, STM32H563ZIT6, STM32H573AII3Q, STM32H573AII6, STM32H573I-DK, STM32H573IIK3Q, STM32H573IIK6, STM32H573IIT3Q, STM32H573IIT6, STM32H573MIY3QTR, STM32H573RIT6, STM32H573RIV6, STM32H573VIT3Q, STM32H573VIT6, STM32H573ZIT3Q, STM32H573ZIT6, STM32H7R3A8I6, STM32H7R3I8K6, STM32H7R3I8T6, STM32H7R3L8H6, STM32H7R3L8H6H, STM32H7R3R8V6, STM32H7R3V8H6, STM32H7R3V8T6, STM32H7R3V8Y6TR, STM32H7R3Z8J6, STM32H7R3Z8T6, STM32H7R7A8I6, STM32H7R7I8K6, STM32H7R7I8T6, STM32H7R7L8H6, STM32H7R7L8H6H, STM32H7R7Z8J6, STM32H7S3A8I6, STM32H7S3I8K6, STM32H7S3I8T6, STM32H7S3L8H6, STM32H7S3L8H6H, STM32H7S3R8V6, STM32H7S3V8H6, STM32H7S3V8T6, STM32H7S3V8Y6TR, STM32H7S3Z8J6, STM32H7S3Z8T6, STM32H7S78-DK, STM32H7S7A8I6, STM32H7S7I8K6, STM32H7S7I8T6, STM32H7S7L8H6, STM32H7S7L8H6H, STM32H7S7Z8J6, STM32L4R5QGI6STR, STM32MP131AAE3, STM32MP131AAF3, STM32MP131AAG3, STM32MP131CAE3, STM32MP131CAF3, STM32MP131CAG3, STM32MP131DAE7, STM32MP131DAF7, STM32MP131DAG7, STM32MP131FAE7, STM32MP131FAF7, STM32MP131FAG7, STM32MP133AAE3, STM32MP133AAF3, STM32MP133AAG3, STM32MP133CAE3, STM32MP133CAF3, STM32MP133CAG3, STM32MP133DAE7, STM32MP133DAF7, STM32MP133DAG7, STM32MP133FAE7, STM32MP133FAF7, STM32MP133FAG7, STM32MP135AAE3, STM32MP135AAF3, STM32MP135AAG3, STM32MP135CAE3, STM32MP135CAF3, STM32MP135CAG3, STM32MP135DAE7, STM32MP135DAF7, STM32MP135DAG7, STM32MP135F-DK, STM32MP135FAE7, STM32MP135FAF7, STM32MP135FAF7T, STM32MP135FAF7U, STM32MP135FAG7, STM32MP211AAL3, STM32MP211AAM3, STM32MP211AAN3, STM32MP211AAO3, STM32MP211CAL3, STM32MP211CAM3, STM32MP211CAN3, STM32MP211CAO3, STM32MP211DAL3, STM32MP211DAM3, STM32MP211DAN3, STM32MP211DAO3, STM32MP211FAL3, STM32MP211FAM3, STM32MP211FAN3, STM32MP211FAO3, STM32MP213AAL3, STM32MP213AAM3, STM32MP213AAN3, STM32MP213AAO3, STM32MP213CAL3, STM32MP213CAM3, STM32MP213CAN3, STM32MP213CAO3, STM32MP213DAL3, STM32MP213DAM3, STM32MP213DAN3, STM32MP213DAO3, STM32MP213FAL3, STM32MP213FAM3, STM32MP213FAN3, STM32MP213FAO3, STM32MP215AAL3, STM32MP215AAM3, STM32MP215AAN3, STM32MP215AAO3, STM32MP215CAL3, STM32MP215CAM3, STM32MP215CAN3, STM32MP215CAO3, STM32MP215DAL3, STM32MP215DAM3, STM32MP215DAN3, STM32MP215DAO3, STM32MP215F-DK, STM32MP215FAL3, STM32MP215FAM3, STM32MP215FAN3, STM32MP215FAO3, STM32MP231AAJ3, STM32MP231AAK3, STM32MP231AAL3, STM32MP231CAJ3, STM32MP231CAK3, STM32MP231CAL3, STM32MP231DAJ3, STM32MP231DAK3, STM32MP231DAL3, STM32MP231FAJ3, STM32MP231FAK3, STM32MP231FAL3, STM32MP233AAJ3, STM32MP233AAK3, STM32MP233AAL3, STM32MP233CAJ3, STM32MP233CAK3, STM32MP233CAL3, STM32MP233DAJ3, STM32MP233DAK3, STM32MP233DAL3, STM32MP233FAJ3, STM32MP233FAK3, STM32MP233FAL3, STM32MP235AAJ3, STM32MP235AAK3, STM32MP235AAL3, STM32MP235CAJ3, STM32MP235CAK3, STM32MP235CAL3, STM32MP235DAJ3, STM32MP235DAK3, STM32MP235DAL3, STM32MP235FAJ3, STM32MP235FAK3, STM32MP235FAL3, STM32MP251AAI3, STM32MP251AAK3, STM32MP251AAL3, STM32MP251CAI3, STM32MP251CAK3, STM32MP251CAL3, STM32MP251DAI3, STM32MP251DAK3, STM32MP251DAL3, STM32MP251FAI3, STM32MP251FAK3, STM32MP251FAL3, STM32MP253AAI3, STM32MP253AAK3, STM32MP253AAL3, STM32MP253CAI3, STM32MP253CAK3, STM32MP253CAL3, STM32MP253DAI3, STM32MP253DAK3, STM32MP253DAL3, STM32MP253FAI3, STM32MP253FAK3, STM32MP253FAL3, STM32MP255AAI3, STM32MP255AAK3, STM32MP255AAL3, STM32MP255CAI3, STM32MP255CAK3, STM32MP255CAL3, STM32MP255DAI3, STM32MP255DAK3, STM32MP255DAL3, STM32MP255FAI3, STM32MP255FAK3, STM32MP255FAL3, STM32MP257AAI3, STM32MP257AAK3, STM32MP257AAL3, STM32MP257CAI3, STM32MP257CAK3, STM32MP257CAL3, STM32MP257DAI3, STM32MP257DAK3, STM32MP257DAL3, STM32MP257F-DK, STM32MP257F-EV1, STM32MP257FAI3, STM32MP257FAK3, STM32MP257FAL3, STM32N645A0H3Q, STM32N645B0H3Q, STM32N645I0H3Q, STM32N645L0H3Q, STM32N645X0H3Q, STM32N645Z0H3Q, STM32N647A0H3Q, STM32N647B0H3Q, STM32N647I0H3Q, STM32N647L0H3Q, STM32N647X0H3Q, STM32N647Z0H3Q, STM32N655A0H3Q, STM32N655B0H3Q, STM32N655I0H3Q, STM32N655L0H3Q, STM32N655X0H3Q, STM32N655Z0H3Q, STM32N6570-DK, STM32N657A0H3Q, STM32N657B0H3Q, STM32N657I0H3Q, STM32N657L0H3Q, STM32N657X0H3Q, STM32N657Z0H3Q, STM32U031C6T6, STM32U031C6U6, STM32U031C8T6, STM32U031C8U6, STM32U031F4P6, STM32U031F6P6, STM32U031F8P6, STM32U031G6Y6TR, STM32U031G8Y6TR, STM32U031K4U6, STM32U031K6U6, STM32U031K8U6, STM32U031R6I6, STM32U031R6T6, STM32U031R8I6, STM32U031R8T6, STM32U073C8T6, STM32U073C8U6, STM32U073CBT6, STM32U073CBU6, STM32U073CCT6, STM32U073CCU6, STM32U073H8Y6TR, STM32U073HBY6TR, STM32U073HCY6TR, STM32U073K8U6, STM32U073KBU6, STM32U073KCU6, STM32U073M8I6, STM32U073M8T6, STM32U073MBI6, STM32U073MBT6, STM32U073MCI6, STM32U073MCT6, STM32U073R8I6, STM32U073R8T6, STM32U073RBI6, STM32U073RBT6, STM32U073RCI6, STM32U073RCT6, STM32U083C-DK, STM32U083CCT6, STM32U083CCU6, STM32U083HCY6TR, STM32U083KCU6, STM32U083MCI6, STM32U083MCT6, STM32U083RCI6, STM32U083RCT6, STM32U375CET6, STM32U375CET6Q, STM32U375CEU6, STM32U375CEU6Q, STM32U375CEY6QTR, STM32U375CGT6, STM32U375CGT6Q, STM32U375CGU6, STM32U375CGU6Q, STM32U375CGY6QTR, STM32U375KEU6, STM32U375KGU6, STM32U375REI6, STM32U375REI6Q, STM32U375RET6, STM32U375RET6Q, STM32U375REY6GTR, STM32U375REY6QTR, STM32U375RGI6, STM32U375RGI6Q, STM32U375RGT6, STM32U375RGT6Q, STM32U375RGY6GTR, STM32U375RGY6QTR, STM32U375VEI6, STM32U375VEI6Q, STM32U375VET6, STM32U375VET6Q, STM32U375VGI6, STM32U375VGI6Q, STM32U375VGT6, STM32U375VGT6Q, STM32U385CGT6, STM32U385CGT6Q, STM32U385CGU6, STM32U385CGU6Q, STM32U385CGY6QTR, STM32U385KGU6, STM32U385RGI6, STM32U385RGI6Q, STM32U385RGT6, STM32U385RGT6Q, STM32U385RGY6GTR, STM32U385RGY6QTR, STM32U385VGI6, STM32U385VGI6Q, STM32U385VGT6, STM32U385VGT6Q, STM32U535CBT6, STM32U535CBT6Q, STM32U535CBU6, STM32U535CBU6Q, STM32U535CCT6, STM32U535CCT6Q, STM32U535CCU6, STM32U535CCU6Q, STM32U535CET6, STM32U535CET6Q, STM32U535CEU6, STM32U535CEU6Q, STM32U535JEY6QTR, STM32U535NCY6QTR, STM32U535NEY6QTR, STM32U535RBI6, STM32U535RBI6Q, STM32U535RBT6, STM32U535RBT6Q, STM32U535RCI6, STM32U535RCI6Q, STM32U535RCT6, STM32U535RCT6Q, STM32U535REI6, STM32U535REI6Q, STM32U535RET6, STM32U535RET6Q, STM32U535VCI6, STM32U535VCI6Q, STM32U535VCT6, STM32U535VCT6Q, STM32U535VEI6, STM32U535VEI6Q, STM32U535VET6, STM32U535VET6Q, STM32U545CET6, STM32U545CET6Q, STM32U545CEU6, STM32U545CEU6Q, STM32U545JEY6QTR, STM32U545NEY6QTR, STM32U545REI6, STM32U545REI6Q, STM32U545RET6, STM32U545RET6Q, STM32U545VEI6, STM32U545VEI6Q, STM32U545VET6, STM32U545VET6Q, STM32U595AIH6, STM32U595AIH6Q, STM32U595AJH6, STM32U595AJH6Q, STM32U595QII6, STM32U595QII6Q, STM32U595QJI6, STM32U595QJI6Q, STM32U595RIT6, STM32U595RIT6Q, STM32U595RJT6, STM32U595RJT6Q, STM32U595VIT6, STM32U595VIT6Q, STM32U595VJT6, STM32U595VJT6Q, STM32U595ZIT6, STM32U595ZIT6Q, STM32U595ZIY6QTR, STM32U595ZJT6, STM32U595ZJT6Q, STM32U595ZJY6QTR, STM32U599BJY6QTR, STM32U599NIH6Q, STM32U599NJH6Q, STM32U599VIT6Q, STM32U599VJT6, STM32U599VJT6Q, STM32U599ZIT6Q, STM32U599ZIY6QTR, STM32U599ZJT6Q, STM32U599ZJY6QTR, STM32U5A5AJH6, STM32U5A5AJH6Q, STM32U5A5QII3Q , STM32U5A5QJI6, STM32U5A5QJI6Q, STM32U5A5RJT6, STM32U5A5RJT6Q, STM32U5A5VJT6, STM32U5A5VJT6Q, STM32U5A5ZJT6, STM32U5A5ZJT6Q, STM32U5A5ZJY6QTR, STM32U5A9BJY6QTR, STM32U5A9J-DK, STM32U5A9NJH6Q, STM32U5A9VJT6Q, STM32U5A9ZJT6Q, STM32U5A9ZJY6QTR, STM32U5F7VIT6, STM32U5F7VIT6Q, STM32U5F7VJT6, STM32U5F7VJT6Q, STM32U5F9BJY6QTR, STM32U5F9NJH6Q, STM32U5F9VIT6Q, STM32U5F9VJT6Q, STM32U5F9ZIJ6QTR, STM32U5F9ZIT6Q, STM32U5F9ZJJ6QTR, STM32U5F9ZJT6Q, STM32U5G7VJT6, STM32U5G7VJT6Q, STM32U5G9BJY6QTR, STM32U5G9J-DK1, STM32U5G9J-DK2, STM32U5G9NJH6Q, STM32U5G9VJT6Q, STM32U5G9ZJJ6QTR, STM32U5G9ZJT6Q, STM32WB05KZV6TR, STM32WB05KZV7TR, STM32WB05TZF6TR, STM32WB05TZF7TR, STM32WB06CCF6TR, STM32WB06CCF7TR, STM32WB06CCV6TR, STM32WB06CCV7TR, STM32WB06KCV6TR, STM32WB06KCV7TR, STM32WB07CCF6TR, STM32WB07CCF7TR, STM32WB07CCV6TR, STM32WB07CCV7TR, STM32WB07KCV6TR, STM32WB07KCV7TR, STM32WB09KEV6TR, STM32WB09KEV7TR, STM32WB09TEF6TR, STM32WB09TEF7TR, STM32WB1MMCH6, STM32WBA50KGU6, STM32WBA50KGU6TR, STM32WBA52CEU6, STM32WBA52CEU6TR, STM32WBA52CEU7, STM32WBA52CEU7TR, STM32WBA52CGU6, STM32WBA52CGU6TR, STM32WBA52CGU6U, STM32WBA52CGU7, STM32WBA52CGU7TR, STM32WBA52KEU6, STM32WBA52KEU6TR, STM32WBA52KGU6, STM32WBA52KGU6TR, STM32WBA54CEU6, STM32WBA54CEU6TR, STM32WBA54CEU7, STM32WBA54CEU7TR, STM32WBA54CGU6, STM32WBA54CGU6TR, STM32WBA54CGU7, STM32WBA54CGU7TR, STM32WBA54KEU6, STM32WBA54KEU6TR, STM32WBA54KEU7, STM32WBA54KEU7TR, STM32WBA54KGU6, STM32WBA54KGU6TR, STM32WBA54KGU7, STM32WBA54KGU7TR, STM32WBA55CEU6, STM32WBA55CEU6TR, STM32WBA55CEU7, STM32WBA55CEU7TR, STM32WBA55CGU6, STM32WBA55CGU6TR, STM32WBA55CGU6U, STM32WBA55CGU7, STM32WBA55CGU7TR, STM32WBA55G-DK1, STM32WBA55HEF6, STM32WBA55HEF7, STM32WBA55HGF6, STM32WBA55HGF7, STM32WBA55UEI6, STM32WBA55UEI6TR, STM32WBA55UEI7, STM32WBA55UEI7TR, STM32WBA55UGI6, STM32WBA55UGI6TR, STM32WBA55UGI7, STM32WBA55UGI7TR, STM32WBA5MMGH6TR, STM32WBA62MGF6, STM32WBA62MIF6, STM32WBA65MGF7, STM32WBA65MIF6, STM32WBA65MIF7, STM32WL30K8V6, STM32WL30KBV6, STM32WL31C8V6, STM32WL31CBV6, STM32WL31K8V6, STM32WL31KBV6, STM32WL33C8V6, STM32WL33C8V6X, STM32WL33CBV6, STM32WL33CBV6X, STM32WL33CCV6, STM32WL33CCV6A, STM32WL33CCV6X, STM32WL33K8V7, STM32WL33K8V7X, STM32WL33KBV7 , STM32WL33KBV7X, STM32WL33KCV7, STM32WL33KCV7X, STM32WL5MOCH6, STM32WL5MOCH6TR]
2026-01-16 13:32:35,273 [INFO] DbMcus:218 - Found 4801 MCUs, 4801 are supported
2026-01-16 13:32:35,274 [INFO] ApiDb:423 - Load user favorites file C:\Users\ivanp/.stm32cubeide/favorites.mcus.txt: 0 item(s)
2026-01-16 13:32:35,274 [INFO] ApiDb:427 - User favorites MCUs=[]
2026-01-16 13:32:35,275 [INFO] DbMcus:224 - Set 0 / 0 favorites MCUs
2026-01-16 13:32:35,746 [INFO] ApiDb:423 - Load user favorites file C:\Users\ivanp/.stm32cubeide/favorites.boards.txt: 0 item(s)
2026-01-16 13:32:35,746 [INFO] ApiDb:427 - User favorites Boards=[]
2026-01-16 13:32:35,746 [INFO] DbBoards:198 - Set 0 / 0 favorites Boards
2026-01-16 13:32:35,823 [INFO] UtilMem:75 - End LoadConfig() Used Memory: 464953048 Bytes (592445440)
2026-01-16 13:32:35,989 [WARN] ThirdParty:833 - waiting for thirdparty lock release [change project]
2026-01-16 13:32:35,990 [INFO] ThirdParty:835 - entering critical section [change project]
2026-01-16 13:32:35,990 [INFO] ThirdParty:1030 - CMSIS Pack Vendor :STMicroelectronics USBPD 4.1
2026-01-16 13:32:35,990 [INFO] ThirdParty:1030 - CMSIS Pack Vendor :STMicroelectronics USB_HOST 2.0.0
2026-01-16 13:32:35,990 [INFO] ThirdParty:1030 - CMSIS Pack Vendor :STMicroelectronics FP-SNS-MOTENVWB1 1.4.0
2026-01-16 13:32:35,990 [INFO] ThirdParty:1030 - CMSIS Pack Vendor :STMicroelectronics FP-ATR-ASTRA1 2.0.2
2026-01-16 13:32:35,990 [INFO] ThirdParty:1030 - CMSIS Pack Vendor :STMicroelectronics FP-ATR-ASTRA1 2.0.1
2026-01-16 13:32:35,990 [INFO] ThirdParty:1030 - CMSIS Pack Vendor :STMicroelectronics X-CUBE-SMBUS 2.1.0
2026-01-16 13:32:35,990 [INFO] ThirdParty:1030 - CMSIS Pack Vendor :STMicroelectronics X-CUBE-WB05N 1.1.0
2026-01-16 13:32:35,990 [INFO] ThirdParty:1030 - CMSIS Pack Vendor :STMicroelectronics X-CUBE-TOUCHGFX 4.23.0
2026-01-16 13:32:35,990 [INFO] ThirdParty:1030 - CMSIS Pack Vendor :STMicroelectronics X-CUBE-TOUCHGFX 4.23.2
2026-01-16 13:32:35,990 [INFO] ThirdParty:1030 - CMSIS Pack Vendor :STMicroelectronics X-CUBE-AZRTOS-F7 1.1.0
2026-01-16 13:32:35,990 [INFO] ThirdParty:1030 - CMSIS Pack Vendor :STMicroelectronics USB_DEVICE 2.0.0
2026-01-16 13:32:35,990 [INFO] ThirdParty:1030 - CMSIS Pack Vendor :STMicroelectronics FP-SNS-MOTENV1 4.3.2
2026-01-16 13:32:35,990 [INFO] ThirdParty:1030 - CMSIS Pack Vendor :STMicroelectronics FP-SNS-MOTENV1 4.3.1
2026-01-16 13:32:35,990 [INFO] ThirdParty:1030 - CMSIS Pack Vendor :STMicroelectronics FP-SNS-FLIGHT1 5.0.1
2026-01-16 13:32:35,990 [INFO] ThirdParty:1030 - CMSIS Pack Vendor :STMicroelectronics X-CUBE-BLE1 6.2.3
2026-01-16 13:32:35,990 [INFO] ThirdParty:1030 - CMSIS Pack Vendor :STMicroelectronics X-CUBE-MEMS1 11.0.0
2026-01-16 13:32:35,990 [INFO] ThirdParty:1030 - CMSIS Pack Vendor :STMicroelectronics X-CUBE-BLE1 6.2.4
2026-01-16 13:32:35,990 [INFO] ThirdParty:1030 - CMSIS Pack Vendor :STMicroelectronics FP-SNS-MOTENV1 5.1.0
2026-01-16 13:32:35,990 [INFO] ThirdParty:1030 - CMSIS Pack Vendor :STMicroelectronics FreeRTOS 0.0.1
2026-01-16 13:32:35,991 [INFO] ThirdParty:1030 - CMSIS Pack Vendor :STMicroelectronics X-CUBE-BLE1 6.2.2
2026-01-16 13:32:35,991 [INFO] ThirdParty:1030 - CMSIS Pack Vendor :STMicroelectronics FP-SNS-FLIGHT1 5.0.2
2026-01-16 13:32:35,991 [INFO] ThirdParty:1030 - CMSIS Pack Vendor :STMicroelectronics X-CUBE-BLE2 3.2.2
2026-01-16 13:32:35,991 [INFO] ThirdParty:1030 - CMSIS Pack Vendor :STMicroelectronics X-CUBE-AZRTOS-H7 3.4.0
2026-01-16 13:32:35,991 [INFO] ThirdParty:1030 - CMSIS Pack Vendor :STMicroelectronics X-CUBE-DISPLAY 3.0.0
2026-01-16 13:32:35,991 [INFO] ThirdParty:1030 - CMSIS Pack Vendor :STMicroelectronics X-CUBE-BLE1 7.0.0
2026-01-16 13:32:35,991 [INFO] ThirdParty:1030 - CMSIS Pack Vendor :STMicroelectronics X-CUBE-NFC10 1.0.0
2026-01-16 13:32:35,991 [INFO] ThirdParty:1030 - CMSIS Pack Vendor :STMicroelectronics X-CUBE-BLEMGR 4.0.0
2026-01-16 13:32:35,991 [INFO] ThirdParty:1030 - CMSIS Pack Vendor :STMicroelectronics HAL Drivers 0.0.0
2026-01-16 13:32:35,991 [INFO] ThirdParty:1030 - CMSIS Pack Vendor :STMicroelectronics X-CUBE-ST60 1.1.0
2026-01-16 13:32:35,991 [INFO] ThirdParty:1030 - CMSIS Pack Vendor :STMicroelectronics X-CUBE-TOUCHGFX 4.22.0
2026-01-16 13:32:35,991 [INFO] ThirdParty:1030 - CMSIS Pack Vendor :STMicroelectronics X-CUBE-GNSS1 7.1.0
2026-01-16 13:32:35,991 [INFO] ThirdParty:1030 - CMSIS Pack Vendor :STMicroelectronics X-CUBE-TOUCHGFX 4.22.1
2026-01-16 13:32:35,991 [INFO] ThirdParty:1030 - CMSIS Pack Vendor :STMicroelectronics X-CUBE-SUBG2 4.2.0
2026-01-16 13:32:35,991 [INFO] ThirdParty:1030 - CMSIS Pack Vendor :STMicroelectronics X-CUBE-MEMS1 9.3.0
2026-01-16 13:32:35,991 [INFO] ThirdParty:1030 - CMSIS Pack Vendor :STMicroelectronics X-CUBE-AI 7.2.0
2026-01-16 13:32:35,991 [INFO] ThirdParty:1030 - CMSIS Pack Vendor :STMicroelectronics X-CUBE-BLEMGR 3.1.0
2026-01-16 13:32:35,991 [INFO] ThirdParty:1030 - CMSIS Pack Vendor :STMicroelectronics X-CUBE-AI 10.0.0
2026-01-16 13:32:35,991 [INFO] ThirdParty:1030 - CMSIS Pack Vendor :STMicroelectronics FP-SNS-STBOX1 2.1.0
2026-01-16 13:32:35,991 [INFO] ThirdParty:1030 - CMSIS Pack Vendor :STMicroelectronics FP-SNS-SMARTAG2 1.2.0
2026-01-16 13:32:35,991 [INFO] ThirdParty:1030 - CMSIS Pack Vendor :STMicroelectronics FP-SNS-FLIGHT1 5.1.0
2026-01-16 13:32:35,991 [INFO] ThirdParty:1030 - CMSIS Pack Vendor :STMicroelectronics X-CUBE-MEMS1 11.1.0
2026-01-16 13:32:35,991 [INFO] ThirdParty:1030 - CMSIS Pack Vendor :STMicroelectronics X-CUBE-AZRTOS-WL 2.0.0
2026-01-16 13:32:35,991 [INFO] ThirdParty:1030 - CMSIS Pack Vendor :STMicroelectronics X-CUBE-ALGOBUILD 1.2.1
2026-01-16 13:32:35,991 [INFO] ThirdParty:1030 - CMSIS Pack Vendor :STMicroelectronics FP-SNS-MOTENV1 5.0.0
2026-01-16 13:32:35,991 [INFO] ThirdParty:1030 - CMSIS Pack Vendor :STMicroelectronics X-CUBE-AZRTOS-H7RS 1.2.0
2026-01-16 13:32:35,991 [INFO] ThirdParty:1030 - CMSIS Pack Vendor :wolfSSL I-CUBE-wolfMQTT 1.19.0
2026-01-16 13:32:35,992 [INFO] ThirdParty:1030 - CMSIS Pack Vendor :STMicroelectronics ThreadX 0.0.2
2026-01-16 13:32:35,992 [INFO] ThirdParty:1030 - CMSIS Pack Vendor :WES I-CUBE-Cesium 1.3.0
2026-01-16 13:32:35,992 [INFO] ThirdParty:1030 - CMSIS Pack Vendor :STMicroelectronics X-CUBE-BLE2 3.3.0
2026-01-16 13:32:35,992 [INFO] ThirdParty:1030 - CMSIS Pack Vendor :Avnet-IOTCONNECT X-CUBE-iotc-st67-sdk 1.0.0
2026-01-16 13:32:35,992 [INFO] ThirdParty:1030 - CMSIS Pack Vendor :STMicroelectronics X-CUBE-DISPLAY 2.2.0
2026-01-16 13:32:35,992 [INFO] ThirdParty:1030 - CMSIS Pack Vendor :STMicroelectronics X-CUBE-TOF1 3.2.0
2026-01-16 13:32:35,992 [INFO] ThirdParty:1030 - CMSIS Pack Vendor :STMicroelectronics X-CUBE-TOUCHGFX 4.18.1
2026-01-16 13:32:35,992 [INFO] ThirdParty:1030 - CMSIS Pack Vendor :STMicroelectronics X-CUBE-ISPU 1.0.0
2026-01-16 13:32:35,992 [INFO] ThirdParty:1030 - CMSIS Pack Vendor :wolfSSL I-CUBE-wolfSSL 5.0.0
2026-01-16 13:32:35,992 [INFO] ThirdParty:1030 - CMSIS Pack Vendor :STMicroelectronics X-CUBE-NFC9 1.0.0
2026-01-16 13:32:35,992 [INFO] ThirdParty:1030 - CMSIS Pack Vendor :STMicroelectronics X-CUBE-AZRTOS-H7 2.1.0
2026-01-16 13:32:35,992 [INFO] ThirdParty:1030 - CMSIS Pack Vendor :STMicroelectronics X-CUBE-BLE1 7.1.0
2026-01-16 13:32:35,992 [INFO] ThirdParty:1030 - CMSIS Pack Vendor :STMicroelectronics USB_DEVICE 3.0.0
2026-01-16 13:32:35,992 [INFO] ThirdParty:1030 - CMSIS Pack Vendor :STMicroelectronics X-CUBE-TCPP 4.1.0
2026-01-16 13:32:35,992 [INFO] ThirdParty:1030 - CMSIS Pack Vendor :STMicroelectronics X-CUBE-FREERTOS 1.4.0
2026-01-16 13:32:35,992 [INFO] ThirdParty:1030 - CMSIS Pack Vendor :STMicroelectronics X-CUBE-EEPRMA1 5.2.0
2026-01-16 13:32:35,992 [INFO] ThirdParty:1030 - CMSIS Pack Vendor :STMicroelectronics X-CUBE-TOUCHGFX 4.21.1
2026-01-16 13:32:35,992 [INFO] ThirdParty:1030 - CMSIS Pack Vendor :STMicroelectronics X-CUBE-TOUCHGFX 4.21.0
2026-01-16 13:32:35,992 [INFO] ThirdParty:1030 - CMSIS Pack Vendor :STMicroelectronics X-CUBE-TOUCHGFX 4.21.3
2026-01-16 13:32:35,992 [INFO] ThirdParty:1030 - CMSIS Pack Vendor :STMicroelectronics X-CUBE-TOUCHGFX 4.21.4
2026-01-16 13:32:35,992 [INFO] ThirdParty:1030 - CMSIS Pack Vendor :STMicroelectronics X-CUBE-MEMS1 9.4.0
2026-01-16 13:32:35,992 [INFO] ThirdParty:1030 - CMSIS Pack Vendor :STMicroelectronics X-CUBE-AI 7.3.0
2026-01-16 13:32:35,992 [INFO] ThirdParty:1030 - CMSIS Pack Vendor :STMicroelectronics X-CUBE-ST67W61 1.1.0
2026-01-16 13:32:35,992 [INFO] ThirdParty:1030 - CMSIS Pack Vendor :STMicroelectronics X-CUBE-MEMS1 12.0.0
2026-01-16 13:32:35,992 [INFO] ThirdParty:1030 - CMSIS Pack Vendor :STMicroelectronics X-CUBE-ALGOBUILD 1.3.0
2026-01-16 13:32:35,992 [INFO] ThirdParty:1030 - CMSIS Pack Vendor :STMicroelectronics X-CUBE-AZRTOS-G0 1.1.0
2026-01-16 13:32:35,992 [INFO] ThirdParty:1030 - CMSIS Pack Vendor :STMicroelectronics X-CUBE-SAFEA1 1.2.2
2026-01-16 13:32:35,993 [INFO] ThirdParty:1030 - CMSIS Pack Vendor :STMicroelectronics X-CUBE-NFC4 3.0.0
2026-01-16 13:32:35,993 [INFO] ThirdParty:1030 - CMSIS Pack Vendor :SEGGER I-CUBE-embOS 1.2.0
2026-01-16 13:32:35,993 [INFO] ThirdParty:1030 - CMSIS Pack Vendor :wolfSSL I-CUBE-wolfMQTT 1.18.0
2026-01-16 13:32:35,993 [INFO] ThirdParty:1030 - CMSIS Pack Vendor :EmbeddedOffice I-CUBE-FS-RTOS 1.0.1
2026-01-16 13:32:35,993 [INFO] ThirdParty:1030 - CMSIS Pack Vendor :STMicroelectronics X-CUBE-WB05N 2.0.0
2026-01-16 13:32:35,993 [INFO] ThirdParty:1030 - CMSIS Pack Vendor :STMicroelectronics PDM2PCM 3.1.0
2026-01-16 13:32:35,993 [INFO] ThirdParty:1030 - CMSIS Pack Vendor :STMicroelectronics X-CUBE-BLEMGR 3.0.0
2026-01-16 13:32:35,993 [INFO] ThirdParty:1030 - CMSIS Pack Vendor :STMicroelectronics X-CUBE-BLEMGR 1.3.0
2026-01-16 13:32:35,993 [INFO] ThirdParty:1030 - CMSIS Pack Vendor :STMicroelectronics X-CUBE-TCPP 4.2.0
2026-01-16 13:32:35,993 [INFO] ThirdParty:1030 - CMSIS Pack Vendor :RealThread X-CUBE-RT-Thread_Nano 4.1.1
2026-01-16 13:32:35,993 [INFO] ThirdParty:1030 - CMSIS Pack Vendor :STMicroelectronics X-CUBE-AZRTOS-H7 2.0.0
2026-01-16 13:32:35,993 [INFO] ThirdParty:1030 - CMSIS Pack Vendor :STMicroelectronics FP-ATR-SIGFOX1 3.2.0
2026-01-16 13:32:35,993 [INFO] ThirdParty:1030 - CMSIS Pack Vendor :quantropi X-CUBE-qispace-sdk-base 1.9.3
2026-01-16 13:32:35,993 [INFO] ThirdParty:1030 - CMSIS Pack Vendor :STMicroelectronics X-CUBE-EEPRMA1 5.1.0
2026-01-16 13:32:35,993 [INFO] ThirdParty:1030 - CMSIS Pack Vendor :STMicroelectronics MBEDTLS 2.16.2
2026-01-16 13:32:35,993 [INFO] ThirdParty:1030 - CMSIS Pack Vendor :emotas I-CUBE-CANOPEN 1.1.2
2026-01-16 13:32:35,993 [INFO] ThirdParty:1030 - CMSIS Pack Vendor :STMicroelectronics X-CUBE-TOUCHGFX 4.20.0
2026-01-16 13:32:35,993 [INFO] ThirdParty:1030 - CMSIS Pack Vendor :STMicroelectronics X-CUBE-MEMS1 9.5.0
2026-01-16 13:32:35,993 [INFO] ThirdParty:1030 - CMSIS Pack Vendor :STMicroelectronics X-CUBE-AI 10.2.0
2026-01-16 13:32:35,993 [INFO] ThirdParty:1030 - CMSIS Pack Vendor :STMicroelectronics ThreadX 1.0.0
2026-01-16 13:32:35,993 [INFO] ThirdParty:1030 - CMSIS Pack Vendor :SEGGER I-CUBE-embOS 1.3.1
2026-01-16 13:32:35,993 [INFO] ThirdParty:1030 - CMSIS Pack Vendor :STMicroelectronics X-CUBE-ALGOBUILD 1.4.0
2026-01-16 13:32:35,994 [INFO] ThirdParty:1030 - CMSIS Pack Vendor :STMicroelectronics X-CUBE-MEMS1 11.3.0
2026-01-16 13:32:35,994 [INFO] ThirdParty:1030 - CMSIS Pack Vendor :STMicroelectronics X-CUBE-DISPLAY 2.0.0
2026-01-16 13:32:35,994 [INFO] ThirdParty:1030 - CMSIS Pack Vendor :STMicroelectronics X-CUBE-AI 9.1.0
2026-01-16 13:32:35,994 [INFO] ThirdParty:1030 - CMSIS Pack Vendor :STMicroelectronics X-CUBE-PM33A1 1.0.0
2026-01-16 13:32:35,994 [INFO] ThirdParty:1030 - CMSIS Pack Vendor :STMicroelectronics X-CUBE-GNSS1 6.0.0
2026-01-16 13:32:35,994 [INFO] ThirdParty:1030 - CMSIS Pack Vendor :STMicroelectronics X-CUBE-AZRTOS-F4 1.1.0
2026-01-16 13:32:35,994 [INFO] ThirdParty:1030 - CMSIS Pack Vendor :STMicroelectronics LIBJPEG 8.0.0
2026-01-16 13:32:35,994 [INFO] ThirdParty:1030 - CMSIS Pack Vendor :STMicroelectronics X-CUBE-ISPU 2.1.0
2026-01-16 13:32:35,994 [INFO] ThirdParty:1030 - CMSIS Pack Vendor :STMicroelectronics X-CUBE-IPS 3.2.0
2026-01-16 13:32:35,994 [INFO] ThirdParty:1030 - CMSIS Pack Vendor :STMicroelectronics X-CUBE-FREERTOS 1.2.0
2026-01-16 13:32:35,994 [INFO] ThirdParty:1030 - CMSIS Pack Vendor :STMicroelectronics X-CUBE-NFC12 1.0.0
2026-01-16 13:32:35,994 [INFO] ThirdParty:1030 - CMSIS Pack Vendor :STMicroelectronics X-CUBE-BLEMGR 1.2.0
2026-01-16 13:32:35,994 [INFO] ThirdParty:1030 - CMSIS Pack Vendor :STMicroelectronics X-CUBE-AZRTOS-L5 2.0.0
2026-01-16 13:32:35,994 [INFO] ThirdParty:1030 - CMSIS Pack Vendor :STMicroelectronics X-CUBE-MEMS1 9.6.0
2026-01-16 13:32:35,994 [INFO] ThirdParty:1030 - CMSIS Pack Vendor :STMicroelectronics X-CUBE-EEPRMA1 4.2.0
2026-01-16 13:32:35,994 [INFO] ThirdParty:1030 - CMSIS Pack Vendor :STMicroelectronics X-CUBE-NFC6 3.1.0
2026-01-16 13:32:35,994 [INFO] ThirdParty:1030 - CMSIS Pack Vendor :ITTIA_DB I-CUBE-ITTIADB 8.8.0
2026-01-16 13:32:35,994 [INFO] ThirdParty:1030 - CMSIS Pack Vendor :STMicroelectronics X-CUBE-BLEMGR 2.0.0
2026-01-16 13:32:35,994 [INFO] ThirdParty:1030 - CMSIS Pack Vendor :STMicroelectronics X-CUBE-DPower 1.2.0
2026-01-16 13:32:35,994 [INFO] ThirdParty:1030 - CMSIS Pack Vendor :STMicroelectronics X-CUBE-NFC4 2.0.5
2026-01-16 13:32:35,994 [INFO] ThirdParty:1030 - CMSIS Pack Vendor :STMicroelectronics X-CUBE-NFC4 2.0.4
2026-01-16 13:32:35,994 [INFO] ThirdParty:1030 - CMSIS Pack Vendor :STMicroelectronics X-CUBE-NFC4 2.0.3
2026-01-16 13:32:35,994 [INFO] ThirdParty:1030 - CMSIS Pack Vendor :STMicroelectronics X-CUBE-AI 9.0.0
2026-01-16 13:32:35,994 [INFO] ThirdParty:1030 - CMSIS Pack Vendor :STMicroelectronics X-CUBE-AZRTOS-H7 3.1.0
2026-01-16 13:32:35,994 [INFO] ThirdParty:1030 - CMSIS Pack Vendor :STMicroelectronics PDM2PCM 3.3.0
2026-01-16 13:32:35,995 [INFO] ThirdParty:1030 - CMSIS Pack Vendor :STMicroelectronics X-CUBE-SFXS2LP1 3.1.0
2026-01-16 13:32:35,995 [INFO] ThirdParty:1030 - CMSIS Pack Vendor :STMicroelectronics X-CUBE-AZRTOS-F4 1.0.0
2026-01-16 13:32:35,995 [INFO] ThirdParty:1030 - CMSIS Pack Vendor :STMicroelectronics X-CUBE-TOF1 2.0.0
2026-01-16 13:32:35,995 [INFO] ThirdParty:1030 - CMSIS Pack Vendor :STMicroelectronics X-CUBE-FREERTOS 1.3.1
2026-01-16 13:32:35,995 [INFO] ThirdParty:1030 - CMSIS Pack Vendor :STMicroelectronics X-CUBE-FREERTOS 1.3.0
2026-01-16 13:32:35,995 [INFO] ThirdParty:1030 - CMSIS Pack Vendor :STMicroelectronics X-CUBE-NFC7 1.0.1
2026-01-16 13:32:35,995 [INFO] ThirdParty:1030 - CMSIS Pack Vendor :STMicroelectronics MBEDTLS 2.14.1
2026-01-16 13:32:35,995 [INFO] ThirdParty:1030 - CMSIS Pack Vendor :STMicroelectronics X-CUBE-NFC7 1.0.0
2026-01-16 13:32:35,995 [INFO] ThirdParty:1030 - CMSIS Pack Vendor :wolfSSL I-CUBE-wolfTPM 3.2.0
2026-01-16 13:32:35,995 [INFO] ThirdParty:1030 - CMSIS Pack Vendor :STMicroelectronics X-CUBE-TOUCHGFX 4.26.0
2026-01-16 13:32:35,995 [INFO] ThirdParty:1030 - CMSIS Pack Vendor :STMicroelectronics X-CUBE-NFC6 3.0.0
2026-01-16 13:32:35,995 [INFO] ThirdParty:1030 - CMSIS Pack Vendor :STMicroelectronics X-CUBE-EEPRMA1 4.1.0
2026-01-16 13:32:35,995 [INFO] ThirdParty:1030 - CMSIS Pack Vendor :STMicroelectronics FP-SNS-STAIOTCFT 1.0.0
2026-01-16 13:32:35,995 [INFO] ThirdParty:1030 - CMSIS Pack Vendor :STMicroelectronics X-CUBE-DPower 1.3.0
2026-01-16 13:32:35,995 [INFO] ThirdParty:1030 - CMSIS Pack Vendor :STMicroelectronics USB_DEVICE 1.0.0
2026-01-16 13:32:35,995 [INFO] ThirdParty:1030 - CMSIS Pack Vendor :STMicroelectronics X-CUBE-AI 8.1.0
2026-01-16 13:32:35,995 [INFO] ThirdParty:1030 - CMSIS Pack Vendor :STMicroelectronics X-CUBE-AZRTOS-L4 2.0.0
2026-01-16 13:32:35,995 [INFO] ThirdParty:1030 - CMSIS Pack Vendor :STMicroelectronics lwIP 2.1.2
2026-01-16 13:32:35,995 [INFO] ThirdParty:1030 - CMSIS Pack Vendor :STMicroelectronics X-CUBE-SFXS2LP1 4.0.0
2026-01-16 13:32:35,995 [INFO] ThirdParty:1030 - CMSIS Pack Vendor :STMicroelectronics PDM2PCM 3.2.0
2026-01-16 13:32:35,995 [INFO] ThirdParty:1030 - CMSIS Pack Vendor :STMicroelectronics X-CUBE-AZRTOS-H7 3.0.0
2026-01-16 13:32:35,995 [INFO] ThirdParty:1030 - CMSIS Pack Vendor :STMicroelectronics X-CUBE-ST67W61 1.2.0
2026-01-16 13:32:35,995 [INFO] ThirdParty:1030 - CMSIS Pack Vendor :STMicroelectronics X-CUBE-ISPU 1.1.0
2026-01-16 13:32:35,995 [INFO] ThirdParty:1030 - CMSIS Pack Vendor :STMicroelectronics X-CUBE-AZRTOS-H7 3.3.0
2026-01-16 13:32:35,995 [INFO] ThirdParty:1030 - CMSIS Pack Vendor :RoweBots I-CUBE-UNISONRTOS 5.5.0-4
2026-01-16 13:32:35,995 [INFO] ThirdParty:1030 - CMSIS Pack Vendor :STMicroelectronics X-CUBE-BLEMGR 4.1.0
2026-01-16 13:32:35,995 [INFO] ThirdParty:1030 - CMSIS Pack Vendor :STMicroelectronics X-CUBE-AI 8.0.0
2026-01-16 13:32:35,996 [INFO] ThirdParty:1030 - CMSIS Pack Vendor :STMicroelectronics X-CUBE-IPS 3.0.0
2026-01-16 13:32:35,996 [INFO] ThirdParty:1030 - CMSIS Pack Vendor :STMicroelectronics X-CUBE-AZRTOS-WB 2.0.0
2026-01-16 13:32:35,996 [INFO] ThirdParty:1030 - CMSIS Pack Vendor :STMicroelectronics X-CUBE-FREERTOS 1.0.0
2026-01-16 13:32:35,996 [INFO] ThirdParty:1030 - CMSIS Pack Vendor :STMicroelectronics X-CUBE-FREERTOS 1.0.1
2026-01-16 13:32:35,996 [INFO] ThirdParty:1030 - CMSIS Pack Vendor :STMicroelectronics X-CUBE-GNSS1 7.0.0
2026-01-16 13:32:35,996 [INFO] ThirdParty:1030 - CMSIS Pack Vendor :STMicroelectronics X-CUBE-GNSS1 7.0.1
2026-01-16 13:32:35,996 [INFO] ThirdParty:1030 - CMSIS Pack Vendor :STMicroelectronics FP-SNS-STBOX1 2.0.0
2026-01-16 13:32:35,996 [INFO] ThirdParty:1030 - CMSIS Pack Vendor :STMicroelectronics X-CUBE-AZRTOS-L5 1.1.0
2026-01-16 13:32:35,996 [INFO] ThirdParty:1030 - CMSIS Pack Vendor :STMicroelectronics X-CUBE-AI 8.0.1
2026-01-16 13:32:35,996 [INFO] ThirdParty:1030 - CMSIS Pack Vendor :STMicroelectronics X-CUBE-SUBG2 5.0.0
2026-01-16 13:32:35,996 [INFO] ThirdParty:1030 - CMSIS Pack Vendor :STMicroelectronics X-CUBE-AZRTOS-H7RS 1.1.0
2026-01-16 13:32:35,996 [INFO] ThirdParty:1030 - CMSIS Pack Vendor :STMicroelectronics STM32_WPAN 1.0.0
2026-01-16 13:32:35,996 [INFO] ThirdParty:1030 - CMSIS Pack Vendor :STMicroelectronics lwIP 2.0.3
2026-01-16 13:32:35,996 [INFO] ThirdParty:1030 - CMSIS Pack Vendor :STMicroelectronics USB_HOST 1.0.0
2026-01-16 13:32:35,996 [INFO] ThirdParty:1030 - CMSIS Pack Vendor :STMicroelectronics X-CUBE-AZRTOS-G4 2.0.0
2026-01-16 13:32:35,996 [INFO] ThirdParty:1030 - CMSIS Pack Vendor :STMicroelectronics X-CUBE-TOF1 3.3.0
2026-01-16 13:32:35,996 [INFO] ThirdParty:1030 - CMSIS Pack Vendor :STMicroelectronics FP-ATR-ASTRA1 1.1.1
2026-01-16 13:32:35,996 [INFO] ThirdParty:1030 - CMSIS Pack Vendor :Infineon AIROC-Wi-Fi-Bluetooth-STM32 1.5.1
2026-01-16 13:32:35,996 [INFO] ThirdParty:1030 - CMSIS Pack Vendor :STMicroelectronics X-CUBE-NFC7 2.0.0
2026-01-16 13:32:35,996 [INFO] ThirdParty:1030 - CMSIS Pack Vendor :STMicroelectronics FP-SNS-MOTENVWB1 1.3.1
2026-01-16 13:32:35,996 [INFO] ThirdParty:1030 - CMSIS Pack Vendor :STMicroelectronics X-CUBE-AZRTOS-G4 1.0.0
2026-01-16 13:32:35,996 [INFO] ThirdParty:1030 - CMSIS Pack Vendor :STMicroelectronics X-CUBE-AZRTOS-L4 1.0.0
2026-01-16 13:32:35,996 [INFO] ThirdParty:1030 - CMSIS Pack Vendor :STMicroelectronics X-CUBE-ISPU 2.0.0
2026-01-16 13:32:35,996 [INFO] ThirdParty:1030 - CMSIS Pack Vendor :STMicroelectronics X-CUBE-IPS 3.1.0
2026-01-16 13:32:35,996 [INFO] ThirdParty:1030 - CMSIS Pack Vendor :STMicroelectronics X-CUBE-ALS 1.0.2
2026-01-16 13:32:35,996 [INFO] ThirdParty:1030 - CMSIS Pack Vendor :STMicroelectronics X-CUBE-MEMS1 10.0.0
2026-01-16 13:32:35,996 [INFO] ThirdParty:1030 - CMSIS Pack Vendor :STMicroelectronics X-CUBE-FREERTOS 1.1.0
2026-01-16 13:32:35,996 [INFO] ThirdParty:1030 - CMSIS Pack Vendor :STMicroelectronics X-CUBE-TOUCHGFX 4.24.0
2026-01-16 13:32:35,997 [INFO] ThirdParty:1030 - CMSIS Pack Vendor :STMicroelectronics X-CUBE-AZRTOS-F7 1.0.0
2026-01-16 13:32:35,997 [INFO] ThirdParty:1030 - CMSIS Pack Vendor :STMicroelectronics X-CUBE-TOUCHGFX 4.24.2
2026-01-16 13:32:35,997 [INFO] ThirdParty:1030 - CMSIS Pack Vendor :STMicroelectronics X-CUBE-AZRTOS-WL 1.0.0
2026-01-16 13:32:35,997 [INFO] ThirdParty:1030 - CMSIS Pack Vendor :STMicroelectronics X-CUBE-TOUCHGFX 4.24.1
2026-01-16 13:32:35,997 [INFO] ThirdParty:1030 - CMSIS Pack Vendor :STMicroelectronics X-CUBE-STSE01 1.0.0
2026-01-16 13:32:35,997 [INFO] ThirdParty:1030 - CMSIS Pack Vendor :STMicroelectronics X-CUBE-MEMS1 9.1.0
2026-01-16 13:32:35,997 [INFO] ThirdParty:1030 - CMSIS Pack Vendor :portGmbH I-Cube-SoM-uGOAL 1.1.0
2026-01-16 13:32:35,997 [INFO] ThirdParty:1030 - CMSIS Pack Vendor :STMicroelectronics X-CUBE-ALS 1.0.1
2026-01-16 13:32:35,997 [INFO] ThirdParty:1030 - CMSIS Pack Vendor :STMicroelectronics X-CUBE-AI 7.0.0
2026-01-16 13:32:35,997 [INFO] ThirdParty:1030 - CMSIS Pack Vendor :STMicroelectronics X-CUBE-AZRTOS-WB 1.1.0
2026-01-16 13:32:35,997 [INFO] ThirdParty:1030 - CMSIS Pack Vendor :STMicroelectronics X-CUBE-AZRTOS-L5 1.0.0
2026-01-16 13:32:35,997 [INFO] ThirdParty:1030 - CMSIS Pack Vendor :STMicroelectronics X-CUBE-EEPRMA1 3.1.0
2026-01-16 13:32:35,997 [INFO] ThirdParty:1030 - CMSIS Pack Vendor :STMicroelectronics X-CUBE-EEPRMA1 3.1.1
2026-01-16 13:32:35,997 [INFO] ThirdParty:1030 - CMSIS Pack Vendor :STMicroelectronics X-CUBE-AZRTOS-H7RS 1.0.0
2026-01-16 13:32:35,997 [INFO] ThirdParty:1030 - CMSIS Pack Vendor :STMicroelectronics X-CUBE-GNSS1 5.2.0
2026-01-16 13:32:35,997 [INFO] ThirdParty:1030 - CMSIS Pack Vendor :STMicroelectronics FP-ATR-ASTRA1 2.0.0
2026-01-16 13:32:35,997 [INFO] ThirdParty:1030 - CMSIS Pack Vendor :STMicroelectronics X-CUBE-TOF1 3.4.2
2026-01-16 13:32:35,997 [INFO] ThirdParty:1030 - CMSIS Pack Vendor :STMicroelectronics X-CUBE-TOF1 3.4.3
2026-01-16 13:32:35,997 [INFO] ThirdParty:1030 - CMSIS Pack Vendor :STMicroelectronics X-CUBE-TOF1 3.4.0
2026-01-16 13:32:35,997 [INFO] ThirdParty:1030 - CMSIS Pack Vendor :STMicroelectronics X-CUBE-TOF1 3.4.1
2026-01-16 13:32:35,997 [INFO] ThirdParty:1030 - CMSIS Pack Vendor :STMicroelectronics X-CUBE-AZRTOS-H7 3.2.0
2026-01-16 13:32:35,997 [INFO] ThirdParty:1030 - CMSIS Pack Vendor :wolfSSL I-CUBE-wolfSSH 1.4.17
2026-01-16 13:32:35,997 [INFO] ThirdParty:841 - exiting critical section [change project]
2026-01-16 13:32:36,612 [INFO] PinOutPanel:1589 - setPackage(No Configuration,No Configuration)
2026-01-16 13:32:36,616 [INFO] PinOutPanel:1589 - setPackage(STM32G491RETx,LQFP64)
2026-01-16 13:32:37,411 [INFO] UtilMem:75 - Before build in PCC Used Memory: 403937696 Bytes (592445440)
2026-01-16 13:32:38,873 [INFO] UtilMem:75 - After build in PCC Used Memory: 369766640 Bytes (678428672)
2026-01-16 13:32:38,919 [INFO] IPUIPlugin:80 - create IPUIPlugin
2026-01-16 13:32:38,919 [INFO] IPUIPlugin:80 - create IPUIPlugin
2026-01-16 13:32:38,919 [INFO] IPUIPlugin:80 - create IPUIPlugin
2026-01-16 13:32:38,919 [INFO] IPUIPlugin:80 - create IPUIPlugin
2026-01-16 13:32:38,919 [INFO] IPUIPlugin:80 - create IPUIPlugin
2026-01-16 13:32:38,919 [INFO] IPUIPlugin:80 - create IPUIPlugin
2026-01-16 13:32:38,919 [INFO] IPUIPlugin:80 - create IPUIPlugin
2026-01-16 13:32:38,919 [INFO] IPUIPlugin:80 - create IPUIPlugin
2026-01-16 13:32:38,919 [INFO] IPUIPlugin:80 - create IPUIPlugin
2026-01-16 13:32:38,920 [INFO] IPUIPlugin:80 - create IPUIPlugin
2026-01-16 13:32:38,921 [INFO] IPUIPlugin:80 - create IPUIPlugin
2026-01-16 13:32:38,921 [INFO] IPUIPlugin:80 - create IPUIPlugin
2026-01-16 13:32:38,921 [INFO] IPUIPlugin:80 - create IPUIPlugin
2026-01-16 13:32:38,921 [INFO] IPUIPlugin:80 - create IPUIPlugin
2026-01-16 13:32:38,921 [INFO] IPUIPlugin:80 - create IPUIPlugin
2026-01-16 13:32:38,922 [INFO] IPUIPlugin:80 - create IPUIPlugin
2026-01-16 13:32:38,922 [INFO] IPUIPlugin:80 - create IPUIPlugin
2026-01-16 13:32:38,922 [INFO] IPUIPlugin:80 - create IPUIPlugin
2026-01-16 13:32:38,922 [INFO] IPUIPlugin:80 - create IPUIPlugin
2026-01-16 13:32:38,922 [INFO] IPUIPlugin:80 - create IPUIPlugin
2026-01-16 13:32:38,922 [INFO] IPUIPlugin:80 - create IPUIPlugin
2026-01-16 13:32:38,923 [INFO] IPUIPlugin:80 - create IPUIPlugin
2026-01-16 13:32:38,923 [INFO] IPUIPlugin:80 - create IPUIPlugin
2026-01-16 13:32:38,923 [INFO] IPUIPlugin:80 - create IPUIPlugin
2026-01-16 13:32:38,923 [INFO] IPUIPlugin:80 - create IPUIPlugin
2026-01-16 13:32:38,923 [INFO] IPUIPlugin:80 - create IPUIPlugin
2026-01-16 13:32:38,923 [INFO] IPUIPlugin:80 - create IPUIPlugin
2026-01-16 13:32:38,924 [INFO] IPUIPlugin:80 - create IPUIPlugin
2026-01-16 13:32:38,924 [INFO] IPUIPlugin:80 - create IPUIPlugin
2026-01-16 13:32:38,924 [INFO] IPUIPlugin:80 - create IPUIPlugin
2026-01-16 13:32:38,924 [INFO] IPUIPlugin:80 - create IPUIPlugin
2026-01-16 13:32:38,924 [INFO] IPUIPlugin:80 - create IPUIPlugin
2026-01-16 13:32:38,924 [INFO] IPUIPlugin:80 - create IPUIPlugin
2026-01-16 13:32:38,925 [INFO] IPUIPlugin:80 - create IPUIPlugin
2026-01-16 13:32:38,925 [INFO] IPUIPlugin:80 - create IPUIPlugin
2026-01-16 13:32:38,925 [INFO] IPUIPlugin:80 - create IPUIPlugin
2026-01-16 13:32:38,925 [INFO] IPUIPlugin:80 - create IPUIPlugin
2026-01-16 13:32:38,926 [INFO] IPUIPlugin:80 - create IPUIPlugin
2026-01-16 13:32:38,926 [INFO] IPUIPlugin:80 - create IPUIPlugin
2026-01-16 13:32:38,926 [INFO] IPUIPlugin:80 - create IPUIPlugin
2026-01-16 13:32:38,926 [INFO] IPUIPlugin:80 - create IPUIPlugin
2026-01-16 13:32:38,926 [INFO] IPUIPlugin:80 - create IPUIPlugin
2026-01-16 13:32:38,927 [INFO] IPUIPlugin:80 - create IPUIPlugin
2026-01-16 13:32:38,927 [INFO] IPUIPlugin:80 - create IPUIPlugin
2026-01-16 13:32:38,927 [INFO] IPUIPlugin:80 - create IPUIPlugin
2026-01-16 13:32:38,927 [INFO] IPUIPlugin:80 - create IPUIPlugin
2026-01-16 13:32:38,927 [INFO] IPUIPlugin:80 - create IPUIPlugin
2026-01-16 13:32:38,928 [INFO] IPUIPlugin:80 - create IPUIPlugin
2026-01-16 13:32:38,928 [INFO] IPUIPlugin:80 - create IPUIPlugin
2026-01-16 13:32:38,928 [INFO] IPUIPlugin:80 - create IPUIPlugin
2026-01-16 13:32:38,928 [INFO] IPUIPlugin:80 - create IPUIPlugin
2026-01-16 13:32:38,928 [INFO] IPUIPlugin:80 - create IPUIPlugin
2026-01-16 13:32:38,929 [INFO] IPUIPlugin:80 - create IPUIPlugin
2026-01-16 13:32:38,929 [INFO] IPUIPlugin:80 - create IPUIPlugin
2026-01-16 13:32:38,929 [INFO] IPUIPlugin:80 - create IPUIPlugin
2026-01-16 13:32:38,929 [INFO] IPUIPlugin:80 - create IPUIPlugin
2026-01-16 13:32:38,930 [INFO] IPUIPlugin:80 - create IPUIPlugin
2026-01-16 13:32:38,930 [INFO] IPUIPlugin:80 - create IPUIPlugin
2026-01-16 13:32:38,930 [INFO] IPUIPlugin:80 - create IPUIPlugin
2026-01-16 13:32:38,931 [INFO] IPUIPlugin:80 - create IPUIPlugin
2026-01-16 13:32:38,931 [INFO] IPUIPlugin:80 - create IPUIPlugin
2026-01-16 13:32:38,931 [INFO] IPUIPlugin:80 - create IPUIPlugin
2026-01-16 13:32:38,932 [INFO] IPUIPlugin:80 - create IPUIPlugin
2026-01-16 13:32:38,932 [INFO] IPUIPlugin:80 - create IPUIPlugin
2026-01-16 13:32:39,256 [INFO] CADModel:165 - CPN selected for project levelSTM32G491RET3
2026-01-16 13:32:39,256 [INFO] CADModel:114 - Register for checkConnection events
2026-01-16 13:32:39,317 [INFO] OpenFileManager:386 - Restore cursor
2026-01-16 13:32:42,314 [INFO] WebApp:194 - Connection lost
2026-01-16 13:32:52,298 [INFO] WebApp:191 - Connection restablished
2026-01-16 13:32:54,289 [INFO] WebApp:194 - Connection lost
2026-01-16 13:32:58,121 [INFO] WebApp:191 - Connection restablished
2026-01-16 13:33:05,817 [INFO] WebApp:194 - Connection lost
2026-01-16 13:33:07,884 [INFO] WebApp:191 - Connection restablished
2026-01-16 13:33:19,326 [INFO] WebApp:194 - Connection lost
2026-01-16 13:33:26,035 [INFO] WebApp:191 - Connection restablished
2026-01-16 13:35:02,294 [INFO] WebApp:194 - Connection lost
2026-01-16 13:35:06,026 [INFO] WebApp:191 - Connection restablished
2026-01-16 13:35:58,788 [INFO] WebApp:194 - Connection lost
2026-01-16 13:36:02,592 [INFO] WebApp:191 - Connection restablished
2026-01-16 13:36:04,820 [INFO] WebApp:194 - Connection lost
2026-01-16 13:36:05,093 [INFO] WebApp:191 - Connection restablished
2026-01-16 13:37:29,929 [INFO] WebApp:194 - Connection lost
2026-01-16 13:38:24,644 [INFO] WebApp:191 - Connection restablished
2026-01-16 13:39:00,440 [INFO] UtilMem:75 - End SaveConfig() Used Memory: 818309752 Bytes (1073741824)
2026-01-16 13:39:03,824 [INFO] UtilMem:75 - End SaveConfig() Used Memory: 808390072 Bytes (1073741824)
2026-01-16 13:39:04,928 [INFO] UtilMem:75 - End SaveConfig() Used Memory: 862944928 Bytes (1073741824)
2026-01-16 13:39:05,852 [INFO] BlockDiagram:2775 - set Specific Code input for plugin: TIM1_8G4
2026-01-16 13:39:05,852 [INFO] BlockDiagram:2775 - set Specific Code input for plugin: TIM1_8G4
2026-01-16 13:39:05,852 [INFO] BlockDiagram:2775 - set Specific Code input for plugin: SYS
2026-01-16 13:39:05,852 [INFO] BlockDiagram:2775 - set Specific Code input for plugin: ADC
2026-01-16 13:39:05,852 [INFO] BlockDiagram:2775 - set Specific Code input for plugin: RCC
2026-01-16 13:39:05,853 [INFO] BlockDiagram:2775 - set Specific Code input for plugin: NVIC
2026-01-16 13:39:05,853 [INFO] BlockDiagram:2775 - set Specific Code input for plugin: USART
2026-01-16 13:39:05,853 [INFO] BlockDiagram:2775 - set Specific Code input for plugin: DMA
2026-01-16 13:39:05,854 [INFO] BlockDiagram:2775 - set Specific Code input for plugin: GPIO
2026-01-16 13:39:05,855 [INFO] CodeGenerator:892 - code generatio: config db path: C:\ST\STM32CubeIDE_1.19.0\STM32CubeIDE\plugins\com.st.stm32cube.common.mx_6.15.0.202507011659\\db\
2026-01-16 13:39:06,200 [INFO] CodeEngine:265 - oldGeneratedFile, C:\STM32_projekti\STM32G491-FOC_Motor_Control\STM32G491-FOC_Motor_Control\PWM_output\MXTmpFiles\license.tmp_save
2026-01-16 13:39:06,794 [INFO] CodeEngine:289 - Generated code: C:\STM32_projekti\STM32G491-FOC_Motor_Control\STM32G491-FOC_Motor_Control\PWM_output\MXTmpFiles\license.tmp
2026-01-16 13:39:07,104 [INFO] CodeEngine:265 - oldGeneratedFile, C:\STM32_projekti\STM32G491-FOC_Motor_Control\STM32G491-FOC_Motor_Control\PWM_output\MXTmpFiles\gpio.tmp_save
2026-01-16 13:39:07,368 [INFO] CodeEngine:289 - Generated code: C:\STM32_projekti\STM32G491-FOC_Motor_Control\STM32G491-FOC_Motor_Control\PWM_output\MXTmpFiles\gpio.tmp
2026-01-16 13:39:08,221 [INFO] CodeEngine:265 - oldGeneratedFile, C:\STM32_projekti\STM32G491-FOC_Motor_Control\STM32G491-FOC_Motor_Control\PWM_output\MXTmpFiles\dma.tmp_save
2026-01-16 13:39:08,329 [INFO] CodeEngine:289 - Generated code: C:\STM32_projekti\STM32G491-FOC_Motor_Control\STM32G491-FOC_Motor_Control\PWM_output\MXTmpFiles\dma.tmp
2026-01-16 13:39:08,338 [INFO] CodeEngine:265 - oldGeneratedFile, C:\STM32_projekti\STM32G491-FOC_Motor_Control\STM32G491-FOC_Motor_Control\PWM_output\MXTmpFiles\dma_GV.tmp_save
2026-01-16 13:39:08,446 [INFO] CodeEngine:289 - Generated code: C:\STM32_projekti\STM32G491-FOC_Motor_Control\STM32G491-FOC_Motor_Control\PWM_output\MXTmpFiles\dma_GV.tmp
2026-01-16 13:39:08,481 [INFO] CodeEngine:265 - oldGeneratedFile, C:\STM32_projekti\STM32G491-FOC_Motor_Control\STM32G491-FOC_Motor_Control\PWM_output\Core\Src\stm32g4xx_it.c_save
2026-01-16 13:39:08,689 [INFO] CodeEngine:289 - Generated code: C:\STM32_projekti\STM32G491-FOC_Motor_Control\STM32G491-FOC_Motor_Control\PWM_output\Core\Src\stm32g4xx_it.c
2026-01-16 13:39:08,701 [INFO] CodeEngine:265 - oldGeneratedFile, C:\STM32_projekti\STM32G491-FOC_Motor_Control\STM32G491-FOC_Motor_Control\PWM_output\Core\Inc\stm32g4xx_it.h_save
2026-01-16 13:39:08,819 [INFO] CodeEngine:289 - Generated code: C:\STM32_projekti\STM32G491-FOC_Motor_Control\STM32G491-FOC_Motor_Control\PWM_output\Core\Inc\stm32g4xx_it.h
2026-01-16 13:39:08,852 [INFO] CodeEngine:265 - oldGeneratedFile, C:\STM32_projekti\STM32G491-FOC_Motor_Control\STM32G491-FOC_Motor_Control\PWM_output\Core\Src\stm32g4xx_hal_msp.c_save
2026-01-16 13:39:08,930 [INFO] WebApp:194 - Connection lost
2026-01-16 13:39:09,135 [INFO] CodeEngine:289 - Generated code: C:\STM32_projekti\STM32G491-FOC_Motor_Control\STM32G491-FOC_Motor_Control\PWM_output\Core\Src\stm32g4xx_hal_msp.c
2026-01-16 13:39:09,146 [INFO] CodeEngine:265 - oldGeneratedFile, C:\STM32_projekti\STM32G491-FOC_Motor_Control\STM32G491-FOC_Motor_Control\PWM_output\MXTmpFiles\system.tmp_save
2026-01-16 13:39:09,255 [INFO] CodeEngine:289 - Generated code: C:\STM32_projekti\STM32G491-FOC_Motor_Control\STM32G491-FOC_Motor_Control\PWM_output\MXTmpFiles\system.tmp
2026-01-16 13:39:09,278 [INFO] CodeEngine:321 - oldGeneratedFile, C:\STM32_projekti\STM32G491-FOC_Motor_Control\STM32G491-FOC_Motor_Control\PWM_output\Core\Inc\stm32g4xx_hal_conf.h_save
2026-01-16 13:39:09,384 [INFO] CodeEngine:345 - Generated code: C:\STM32_projekti\STM32G491-FOC_Motor_Control\STM32G491-FOC_Motor_Control\PWM_output\Core\Inc\stm32g4xx_hal_conf.h
2026-01-16 13:39:09,428 [WARN] IPConfigManager:3238 - Warning: the RefConfig RCC_CommonPeriphClockConfig is not available in your config.xml file
2026-01-16 13:39:09,443 [INFO] ApiDbMcu:532 - Load IP Config File for ADC1
2026-01-16 13:39:09,475 [INFO] ApiDbMcu:532 - Load IP Config File for TIM1
2026-01-16 13:39:09,492 [INFO] ApiDbMcu:532 - Load IP Config File for TIM2
2026-01-16 13:39:09,505 [INFO] ApiDbMcu:532 - Load IP Config File for USART2
2026-01-16 13:39:09,508 [INFO] ApiDbMcu:532 - Load IP Config File for RCC
2026-01-16 13:39:09,513 [WARN] IPConfigManager:3811 - IP not found : TIM
2026-01-16 13:39:09,515 [WARN] CodeGenerator:4259 - IP not found : null
2026-01-16 13:39:09,528 [INFO] CodeEngine:265 - oldGeneratedFile, C:\STM32_projekti\STM32G491-FOC_Motor_Control\STM32G491-FOC_Motor_Control\PWM_output\Core\Inc\main.h_save
2026-01-16 13:39:09,629 [INFO] CodeEngine:289 - Generated code: C:\STM32_projekti\STM32G491-FOC_Motor_Control\STM32G491-FOC_Motor_Control\PWM_output\Core\Inc\main.h
2026-01-16 13:39:09,641 [INFO] CodeEngine:265 - oldGeneratedFile, C:\STM32_projekti\STM32G491-FOC_Motor_Control\STM32G491-FOC_Motor_Control\PWM_output\Core\Src\main.c_save
2026-01-16 13:39:09,850 [INFO] CodeEngine:289 - Generated code: C:\STM32_projekti\STM32G491-FOC_Motor_Control\STM32G491-FOC_Motor_Control\PWM_output\Core\Src\main.c
2026-01-16 13:39:10,623 [INFO] ProjectBuilder:3606 - Time for Copy HAL[1] : 358mS.
2026-01-16 13:39:10,632 [INFO] ProjectBuilder:5216 - Project Generator version: 4.7.0-B52
2026-01-16 13:39:10,757 [INFO] ConfigFileManager:1595 - The Die is : DIE479
2026-01-16 13:39:10,772 [INFO] ApiDbMcu:532 - Load IP Config File for FATFS
2026-01-16 13:39:10,781 [INFO] ApiDbMcu:532 - Load IP Config File for FREERTOS
2026-01-16 13:39:10,794 [INFO] ApiDbMcu:532 - Load IP Config File for USBPD
2026-01-16 13:39:10,817 [INFO] ApiDbMcu:532 - Load IP Config File for USB_DEVICE
2026-01-16 13:39:11,287 [INFO] LogOutputStream:77 - [STDOUT_REDIRECT] 
2026-01-16 13:39:12,715 [INFO] ProjectBuilder:5496 - Time for Generating toolchain IDE Files: 2082mS.
2026-01-16 13:39:12,717 [INFO] ProjectBuilder:3463 - Time for Copy CMSIS : 1mS.
2026-01-16 13:39:12,722 [INFO] ProjectBuilder:3463 - Time for Copy CMSIS : 0mS.
2026-01-16 13:39:18,307 [ERROR] ConfigurationRetriever:142 - IOException on connection: Read timed out
2026-01-16 13:39:21,389 [ERROR] ConfigurationRetriever:142 - IOException on connection: Connect timed out
2026-01-16 13:39:26,723 [INFO] WebApp:191 - Connection restablished
2026-01-16 13:39:26,733 [ERROR] ConfigurationRetriever:142 - IOException on connection: Connect timed out
2026-01-16 13:39:40,306 [ERROR] ConfigurationRetriever:142 - IOException on connection: Read timed out
2026-01-16 13:39:48,311 [INFO] WebApp:194 - Connection lost
2026-01-16 13:40:18,187 [INFO] WebApp:191 - Connection restablished
2026-01-16 13:41:00,600 [INFO] NvicIntPanel:101 - NVIC parent = com.st.microxplorer.plugins.ip.nvic.MultiNvicIntPanel[,0,0,0x0,invalid,layout=javax.swing.BoxLayout,alignmentX=0.0,alignmentY=0.0,border=,flags=9,maximumSize=,minimumSize=,preferredSize=]
2026-01-16 13:41:05,815 [INFO] WebApp:194 - Connection lost
2026-01-16 13:41:09,651 [INFO] WebApp:191 - Connection restablished
2026-01-16 13:41:16,864 [INFO] UtilMem:75 - End SaveConfig() Used Memory: 831194352 Bytes (1073741824)
2026-01-16 13:41:17,975 [INFO] UtilMem:75 - End SaveConfig() Used Memory: 857930992 Bytes (1073741824)
2026-01-16 13:41:18,610 [INFO] UtilMem:75 - End SaveConfig() Used Memory: 890963184 Bytes (1073741824)
2026-01-16 13:41:18,910 [INFO] BlockDiagram:2775 - set Specific Code input for plugin: TIM1_8G4
2026-01-16 13:41:18,910 [INFO] BlockDiagram:2775 - set Specific Code input for plugin: TIM1_8G4
2026-01-16 13:41:18,911 [INFO] BlockDiagram:2775 - set Specific Code input for plugin: SYS
2026-01-16 13:41:18,911 [INFO] BlockDiagram:2775 - set Specific Code input for plugin: ADC
2026-01-16 13:41:18,911 [INFO] BlockDiagram:2775 - set Specific Code input for plugin: RCC
2026-01-16 13:41:18,912 [INFO] BlockDiagram:2775 - set Specific Code input for plugin: NVIC
2026-01-16 13:41:18,912 [INFO] BlockDiagram:2775 - set Specific Code input for plugin: USART
2026-01-16 13:41:18,912 [INFO] BlockDiagram:2775 - set Specific Code input for plugin: DMA
2026-01-16 13:41:18,913 [INFO] BlockDiagram:2775 - set Specific Code input for plugin: GPIO
2026-01-16 13:41:18,915 [INFO] CodeGenerator:892 - code generatio: config db path: C:\ST\STM32CubeIDE_1.19.0\STM32CubeIDE\plugins\com.st.stm32cube.common.mx_6.15.0.202507011659\\db\
2026-01-16 13:41:18,924 [INFO] Argument:325 - Argument : hdmavalue: null
2026-01-16 13:41:18,924 [INFO] Argument:327 - 	 sub Args: 
2026-01-16 13:41:18,924 [INFO] Argument:325 - Argument : Instancevalue: DMA1_Channel1
2026-01-16 13:41:18,924 [INFO] Argument:335 - Argument : Instancevalue: DMA1_Channel1
2026-01-16 13:41:18,924 [INFO] Argument:325 - Argument : Initvalue: null
2026-01-16 13:41:18,924 [INFO] Argument:327 - 	 sub Args: 
2026-01-16 13:41:18,924 [INFO] Argument:325 - Argument : Requestvalue: DMA_REQUEST_ADC1
2026-01-16 13:41:18,924 [INFO] Argument:335 - Argument : Requestvalue: DMA_REQUEST_ADC1
2026-01-16 13:41:18,924 [INFO] Argument:325 - Argument : Directionvalue: DMA_PERIPH_TO_MEMORY
2026-01-16 13:41:18,924 [INFO] Argument:335 - Argument : Directionvalue: DMA_PERIPH_TO_MEMORY
2026-01-16 13:41:18,924 [INFO] Argument:325 - Argument : PeriphIncvalue: DMA_PINC_DISABLE
2026-01-16 13:41:18,924 [INFO] Argument:335 - Argument : PeriphIncvalue: DMA_PINC_DISABLE
2026-01-16 13:41:18,924 [INFO] Argument:325 - Argument : MemIncvalue: DMA_MINC_ENABLE
2026-01-16 13:41:18,924 [INFO] Argument:335 - Argument : MemIncvalue: DMA_MINC_ENABLE
2026-01-16 13:41:18,926 [INFO] Argument:325 - Argument : PeriphDataAlignmentvalue: DMA_PDATAALIGN_HALFWORD
2026-01-16 13:41:18,926 [INFO] Argument:335 - Argument : PeriphDataAlignmentvalue: DMA_PDATAALIGN_HALFWORD
2026-01-16 13:41:18,926 [INFO] Argument:325 - Argument : MemDataAlignmentvalue: DMA_MDATAALIGN_WORD
2026-01-16 13:41:18,926 [INFO] Argument:335 - Argument : MemDataAlignmentvalue: DMA_MDATAALIGN_WORD
2026-01-16 13:41:18,926 [INFO] Argument:325 - Argument : Modevalue: DMA_CIRCULAR
2026-01-16 13:41:18,926 [INFO] Argument:335 - Argument : Modevalue: DMA_CIRCULAR
2026-01-16 13:41:18,926 [INFO] Argument:325 - Argument : Priorityvalue: DMA_PRIORITY_LOW
2026-01-16 13:41:18,926 [INFO] Argument:335 - Argument : Priorityvalue: DMA_PRIORITY_LOW
2026-01-16 13:41:18,926 [INFO] Argument:325 - Argument : Lockvalue: null
2026-01-16 13:41:18,926 [INFO] Argument:335 - Argument : Lockvalue: null
2026-01-16 13:41:18,926 [INFO] Argument:325 - Argument : Statevalue: null
2026-01-16 13:41:18,926 [INFO] Argument:335 - Argument : Statevalue: null
2026-01-16 13:41:18,926 [INFO] Argument:325 - Argument : Parentvalue: null
2026-01-16 13:41:18,926 [INFO] Argument:335 - Argument : Parentvalue: null
2026-01-16 13:41:18,926 [INFO] Argument:325 - Argument : XferCpltCallbackvalue: null
2026-01-16 13:41:18,926 [INFO] Argument:335 - Argument : XferCpltCallbackvalue: null
2026-01-16 13:41:18,926 [INFO] Argument:325 - Argument : XferHalfCpltCallbackvalue: null
2026-01-16 13:41:18,926 [INFO] Argument:335 - Argument : XferHalfCpltCallbackvalue: null
2026-01-16 13:41:18,926 [INFO] Argument:325 - Argument : XferErrorCallbackvalue: null
2026-01-16 13:41:18,926 [INFO] Argument:335 - Argument : XferErrorCallbackvalue: null
2026-01-16 13:41:18,926 [INFO] Argument:325 - Argument : XferAbortCallbackvalue: null
2026-01-16 13:41:18,926 [INFO] Argument:335 - Argument : XferAbortCallbackvalue: null
2026-01-16 13:41:18,926 [INFO] Argument:325 - Argument : ErrorCodevalue: null
2026-01-16 13:41:18,926 [INFO] Argument:335 - Argument : ErrorCodevalue: null
2026-01-16 13:41:18,926 [INFO] Argument:325 - Argument : ChannelIndexvalue: null
2026-01-16 13:41:18,926 [INFO] Argument:335 - Argument : ChannelIndexvalue: null
2026-01-16 13:41:18,926 [INFO] Argument:325 - Argument : DMAmuxChannelvalue: null
2026-01-16 13:41:18,926 [INFO] Argument:335 - Argument : DMAmuxChannelvalue: null
2026-01-16 13:41:18,926 [INFO] Argument:325 - Argument : DMAmuxChannelStatusvalue: null
2026-01-16 13:41:18,926 [INFO] Argument:335 - Argument : DMAmuxChannelStatusvalue: null
2026-01-16 13:41:18,926 [INFO] Argument:325 - Argument : DMAmuxChannelStatusMaskvalue: null
2026-01-16 13:41:18,926 [INFO] Argument:335 - Argument : DMAmuxChannelStatusMaskvalue: null
2026-01-16 13:41:18,926 [INFO] Argument:325 - Argument : DMAmuxRequestGenvalue: null
2026-01-16 13:41:18,926 [INFO] Argument:335 - Argument : DMAmuxRequestGenvalue: null
2026-01-16 13:41:18,926 [INFO] Argument:325 - Argument : DMAmuxRequestGenStatusvalue: null
2026-01-16 13:41:18,926 [INFO] Argument:335 - Argument : DMAmuxRequestGenStatusvalue: null
2026-01-16 13:41:18,926 [INFO] Argument:325 - Argument : DMAmuxRequestGenStatusMaskvalue: null
2026-01-16 13:41:18,926 [INFO] Argument:335 - Argument : DMAmuxRequestGenStatusMaskvalue: null
2026-01-16 13:41:19,083 [INFO] CodeEngine:265 - oldGeneratedFile, C:\STM32_projekti\STM32G491-FOC_Motor_Control\STM32G491-FOC_Motor_Control\PWM_output\MXTmpFiles\license.tmp_save
2026-01-16 13:41:19,165 [INFO] CodeEngine:289 - Generated code: C:\STM32_projekti\STM32G491-FOC_Motor_Control\STM32G491-FOC_Motor_Control\PWM_output\MXTmpFiles\license.tmp
2026-01-16 13:41:19,264 [INFO] CodeEngine:265 - oldGeneratedFile, C:\STM32_projekti\STM32G491-FOC_Motor_Control\STM32G491-FOC_Motor_Control\PWM_output\MXTmpFiles\gpio.tmp_save
2026-01-16 13:41:19,371 [INFO] CodeEngine:289 - Generated code: C:\STM32_projekti\STM32G491-FOC_Motor_Control\STM32G491-FOC_Motor_Control\PWM_output\MXTmpFiles\gpio.tmp
2026-01-16 13:41:20,112 [INFO] CodeEngine:265 - oldGeneratedFile, C:\STM32_projekti\STM32G491-FOC_Motor_Control\STM32G491-FOC_Motor_Control\PWM_output\MXTmpFiles\dma.tmp_save
2026-01-16 13:41:20,171 [INFO] CodeEngine:289 - Generated code: C:\STM32_projekti\STM32G491-FOC_Motor_Control\STM32G491-FOC_Motor_Control\PWM_output\MXTmpFiles\dma.tmp
2026-01-16 13:41:20,176 [INFO] CodeEngine:265 - oldGeneratedFile, C:\STM32_projekti\STM32G491-FOC_Motor_Control\STM32G491-FOC_Motor_Control\PWM_output\MXTmpFiles\dma_GV.tmp_save
2026-01-16 13:41:20,234 [INFO] CodeEngine:289 - Generated code: C:\STM32_projekti\STM32G491-FOC_Motor_Control\STM32G491-FOC_Motor_Control\PWM_output\MXTmpFiles\dma_GV.tmp
2026-01-16 13:41:20,259 [INFO] CodeEngine:265 - oldGeneratedFile, C:\STM32_projekti\STM32G491-FOC_Motor_Control\STM32G491-FOC_Motor_Control\PWM_output\Core\Src\stm32g4xx_it.c_save
2026-01-16 13:41:20,356 [INFO] CodeEngine:289 - Generated code: C:\STM32_projekti\STM32G491-FOC_Motor_Control\STM32G491-FOC_Motor_Control\PWM_output\Core\Src\stm32g4xx_it.c
2026-01-16 13:41:20,364 [INFO] CodeEngine:265 - oldGeneratedFile, C:\STM32_projekti\STM32G491-FOC_Motor_Control\STM32G491-FOC_Motor_Control\PWM_output\Core\Inc\stm32g4xx_it.h_save
2026-01-16 13:41:20,424 [INFO] CodeEngine:289 - Generated code: C:\STM32_projekti\STM32G491-FOC_Motor_Control\STM32G491-FOC_Motor_Control\PWM_output\Core\Inc\stm32g4xx_it.h
2026-01-16 13:41:20,447 [INFO] CodeEngine:265 - oldGeneratedFile, C:\STM32_projekti\STM32G491-FOC_Motor_Control\STM32G491-FOC_Motor_Control\PWM_output\Core\Src\stm32g4xx_hal_msp.c_save
2026-01-16 13:41:20,561 [INFO] CodeEngine:289 - Generated code: C:\STM32_projekti\STM32G491-FOC_Motor_Control\STM32G491-FOC_Motor_Control\PWM_output\Core\Src\stm32g4xx_hal_msp.c
2026-01-16 13:41:20,570 [INFO] CodeEngine:265 - oldGeneratedFile, C:\STM32_projekti\STM32G491-FOC_Motor_Control\STM32G491-FOC_Motor_Control\PWM_output\MXTmpFiles\system.tmp_save
2026-01-16 13:41:20,644 [INFO] CodeEngine:289 - Generated code: C:\STM32_projekti\STM32G491-FOC_Motor_Control\STM32G491-FOC_Motor_Control\PWM_output\MXTmpFiles\system.tmp
2026-01-16 13:41:20,660 [INFO] CodeEngine:321 - oldGeneratedFile, C:\STM32_projekti\STM32G491-FOC_Motor_Control\STM32G491-FOC_Motor_Control\PWM_output\Core\Inc\stm32g4xx_hal_conf.h_save
2026-01-16 13:41:20,734 [INFO] CodeEngine:345 - Generated code: C:\STM32_projekti\STM32G491-FOC_Motor_Control\STM32G491-FOC_Motor_Control\PWM_output\Core\Inc\stm32g4xx_hal_conf.h
2026-01-16 13:41:20,754 [WARN] IPConfigManager:3238 - Warning: the RefConfig RCC_CommonPeriphClockConfig is not available in your config.xml file
2026-01-16 13:41:20,756 [WARN] IPConfigManager:3811 - IP not found : TIM
2026-01-16 13:41:20,757 [WARN] CodeGenerator:4259 - IP not found : null
2026-01-16 13:41:20,766 [INFO] CodeEngine:265 - oldGeneratedFile, C:\STM32_projekti\STM32G491-FOC_Motor_Control\STM32G491-FOC_Motor_Control\PWM_output\Core\Inc\main.h_save
2026-01-16 13:41:20,833 [INFO] CodeEngine:289 - Generated code: C:\STM32_projekti\STM32G491-FOC_Motor_Control\STM32G491-FOC_Motor_Control\PWM_output\Core\Inc\main.h
2026-01-16 13:41:20,841 [INFO] CodeEngine:265 - oldGeneratedFile, C:\STM32_projekti\STM32G491-FOC_Motor_Control\STM32G491-FOC_Motor_Control\PWM_output\Core\Src\main.c_save
2026-01-16 13:41:20,950 [INFO] CodeEngine:289 - Generated code: C:\STM32_projekti\STM32G491-FOC_Motor_Control\STM32G491-FOC_Motor_Control\PWM_output\Core\Src\main.c
2026-01-16 13:41:21,335 [INFO] ProjectBuilder:3606 - Time for Copy HAL[1] : 201mS.
2026-01-16 13:41:21,340 [INFO] ProjectBuilder:5216 - Project Generator version: 4.7.0-B52
2026-01-16 13:41:21,409 [INFO] ConfigFileManager:1595 - The Die is : DIE479
2026-01-16 13:41:22,564 [INFO] ProjectBuilder:5496 - Time for Generating toolchain IDE Files: 1224mS.
2026-01-16 13:41:22,566 [INFO] ProjectBuilder:3463 - Time for Copy CMSIS : 0mS.
2026-01-16 13:41:22,571 [INFO] ProjectBuilder:3463 - Time for Copy CMSIS : 0mS.
2026-01-16 13:41:45,483 [INFO] NvicIntPanel:101 - NVIC parent = com.st.microxplorer.plugins.ip.nvic.MultiNvicIntPanel[,0,0,0x0,invalid,layout=javax.swing.BoxLayout,alignmentX=0.0,alignmentY=0.0,border=,flags=9,maximumSize=,minimumSize=,preferredSize=]
2026-01-16 13:41:46,255 [INFO] UtilMem:75 - End SaveConfig() Used Memory: 849765520 Bytes (1073741824)
2026-01-16 13:41:47,417 [INFO] UtilMem:75 - End SaveConfig() Used Memory: 871259280 Bytes (1073741824)
2026-01-16 13:41:48,133 [INFO] UtilMem:75 - End SaveConfig() Used Memory: 905340048 Bytes (1073741824)
2026-01-16 13:41:48,490 [INFO] BlockDiagram:2775 - set Specific Code input for plugin: TIM1_8G4
2026-01-16 13:41:48,490 [INFO] BlockDiagram:2775 - set Specific Code input for plugin: TIM1_8G4
2026-01-16 13:41:48,490 [INFO] BlockDiagram:2775 - set Specific Code input for plugin: SYS
2026-01-16 13:41:48,490 [INFO] BlockDiagram:2775 - set Specific Code input for plugin: ADC
2026-01-16 13:41:48,490 [INFO] BlockDiagram:2775 - set Specific Code input for plugin: RCC
2026-01-16 13:41:48,490 [INFO] BlockDiagram:2775 - set Specific Code input for plugin: NVIC
2026-01-16 13:41:48,490 [INFO] BlockDiagram:2775 - set Specific Code input for plugin: USART
2026-01-16 13:41:48,490 [INFO] BlockDiagram:2775 - set Specific Code input for plugin: DMA
2026-01-16 13:41:48,491 [INFO] BlockDiagram:2775 - set Specific Code input for plugin: GPIO
2026-01-16 13:41:48,492 [INFO] CodeGenerator:892 - code generatio: config db path: C:\ST\STM32CubeIDE_1.19.0\STM32CubeIDE\plugins\com.st.stm32cube.common.mx_6.15.0.202507011659\\db\
2026-01-16 13:41:48,502 [INFO] Argument:325 - Argument : hdmavalue: null
2026-01-16 13:41:48,502 [INFO] Argument:327 - 	 sub Args: 
2026-01-16 13:41:48,502 [INFO] Argument:325 - Argument : Instancevalue: DMA1_Channel1
2026-01-16 13:41:48,502 [INFO] Argument:335 - Argument : Instancevalue: DMA1_Channel1
2026-01-16 13:41:48,502 [INFO] Argument:325 - Argument : Initvalue: null
2026-01-16 13:41:48,502 [INFO] Argument:327 - 	 sub Args: 
2026-01-16 13:41:48,502 [INFO] Argument:325 - Argument : Requestvalue: DMA_REQUEST_ADC1
2026-01-16 13:41:48,502 [INFO] Argument:335 - Argument : Requestvalue: DMA_REQUEST_ADC1
2026-01-16 13:41:48,503 [INFO] Argument:325 - Argument : Directionvalue: DMA_PERIPH_TO_MEMORY
2026-01-16 13:41:48,503 [INFO] Argument:335 - Argument : Directionvalue: DMA_PERIPH_TO_MEMORY
2026-01-16 13:41:48,503 [INFO] Argument:325 - Argument : PeriphIncvalue: DMA_PINC_DISABLE
2026-01-16 13:41:48,503 [INFO] Argument:335 - Argument : PeriphIncvalue: DMA_PINC_DISABLE
2026-01-16 13:41:48,503 [INFO] Argument:325 - Argument : MemIncvalue: DMA_MINC_ENABLE
2026-01-16 13:41:48,503 [INFO] Argument:335 - Argument : MemIncvalue: DMA_MINC_ENABLE
2026-01-16 13:41:48,503 [INFO] Argument:325 - Argument : PeriphDataAlignmentvalue: DMA_PDATAALIGN_HALFWORD
2026-01-16 13:41:48,503 [INFO] Argument:335 - Argument : PeriphDataAlignmentvalue: DMA_PDATAALIGN_HALFWORD
2026-01-16 13:41:48,503 [INFO] Argument:325 - Argument : MemDataAlignmentvalue: DMA_MDATAALIGN_WORD
2026-01-16 13:41:48,503 [INFO] Argument:335 - Argument : MemDataAlignmentvalue: DMA_MDATAALIGN_WORD
2026-01-16 13:41:48,503 [INFO] Argument:325 - Argument : Modevalue: DMA_CIRCULAR
2026-01-16 13:41:48,503 [INFO] Argument:335 - Argument : Modevalue: DMA_CIRCULAR
2026-01-16 13:41:48,503 [INFO] Argument:325 - Argument : Priorityvalue: DMA_PRIORITY_LOW
2026-01-16 13:41:48,503 [INFO] Argument:335 - Argument : Priorityvalue: DMA_PRIORITY_LOW
2026-01-16 13:41:48,503 [INFO] Argument:325 - Argument : Lockvalue: null
2026-01-16 13:41:48,503 [INFO] Argument:335 - Argument : Lockvalue: null
2026-01-16 13:41:48,503 [INFO] Argument:325 - Argument : Statevalue: null
2026-01-16 13:41:48,503 [INFO] Argument:335 - Argument : Statevalue: null
2026-01-16 13:41:48,503 [INFO] Argument:325 - Argument : Parentvalue: null
2026-01-16 13:41:48,503 [INFO] Argument:335 - Argument : Parentvalue: null
2026-01-16 13:41:48,503 [INFO] Argument:325 - Argument : XferCpltCallbackvalue: null
2026-01-16 13:41:48,503 [INFO] Argument:335 - Argument : XferCpltCallbackvalue: null
2026-01-16 13:41:48,504 [INFO] Argument:325 - Argument : XferHalfCpltCallbackvalue: null
2026-01-16 13:41:48,504 [INFO] Argument:335 - Argument : XferHalfCpltCallbackvalue: null
2026-01-16 13:41:48,504 [INFO] Argument:325 - Argument : XferErrorCallbackvalue: null
2026-01-16 13:41:48,504 [INFO] Argument:335 - Argument : XferErrorCallbackvalue: null
2026-01-16 13:41:48,504 [INFO] Argument:325 - Argument : XferAbortCallbackvalue: null
2026-01-16 13:41:48,504 [INFO] Argument:335 - Argument : XferAbortCallbackvalue: null
2026-01-16 13:41:48,504 [INFO] Argument:325 - Argument : ErrorCodevalue: null
2026-01-16 13:41:48,504 [INFO] Argument:335 - Argument : ErrorCodevalue: null
2026-01-16 13:41:48,504 [INFO] Argument:325 - Argument : ChannelIndexvalue: null
2026-01-16 13:41:48,504 [INFO] Argument:335 - Argument : ChannelIndexvalue: null
2026-01-16 13:41:48,504 [INFO] Argument:325 - Argument : DMAmuxChannelvalue: null
2026-01-16 13:41:48,504 [INFO] Argument:335 - Argument : DMAmuxChannelvalue: null
2026-01-16 13:41:48,504 [INFO] Argument:325 - Argument : DMAmuxChannelStatusvalue: null
2026-01-16 13:41:48,504 [INFO] Argument:335 - Argument : DMAmuxChannelStatusvalue: null
2026-01-16 13:41:48,504 [INFO] Argument:325 - Argument : DMAmuxChannelStatusMaskvalue: null
2026-01-16 13:41:48,504 [INFO] Argument:335 - Argument : DMAmuxChannelStatusMaskvalue: null
2026-01-16 13:41:48,504 [INFO] Argument:325 - Argument : DMAmuxRequestGenvalue: null
2026-01-16 13:41:48,505 [INFO] Argument:335 - Argument : DMAmuxRequestGenvalue: null
2026-01-16 13:41:48,505 [INFO] Argument:325 - Argument : DMAmuxRequestGenStatusvalue: null
2026-01-16 13:41:48,505 [INFO] Argument:335 - Argument : DMAmuxRequestGenStatusvalue: null
2026-01-16 13:41:48,505 [INFO] Argument:325 - Argument : DMAmuxRequestGenStatusMaskvalue: null
2026-01-16 13:41:48,505 [INFO] Argument:335 - Argument : DMAmuxRequestGenStatusMaskvalue: null
2026-01-16 13:41:48,648 [INFO] CodeEngine:265 - oldGeneratedFile, C:\STM32_projekti\STM32G491-FOC_Motor_Control\STM32G491-FOC_Motor_Control\PWM_output\MXTmpFiles\license.tmp_save
2026-01-16 13:41:48,727 [INFO] CodeEngine:289 - Generated code: C:\STM32_projekti\STM32G491-FOC_Motor_Control\STM32G491-FOC_Motor_Control\PWM_output\MXTmpFiles\license.tmp
2026-01-16 13:41:48,815 [INFO] CodeEngine:265 - oldGeneratedFile, C:\STM32_projekti\STM32G491-FOC_Motor_Control\STM32G491-FOC_Motor_Control\PWM_output\MXTmpFiles\gpio.tmp_save
2026-01-16 13:41:48,913 [INFO] CodeEngine:289 - Generated code: C:\STM32_projekti\STM32G491-FOC_Motor_Control\STM32G491-FOC_Motor_Control\PWM_output\MXTmpFiles\gpio.tmp
2026-01-16 13:41:49,667 [INFO] CodeEngine:265 - oldGeneratedFile, C:\STM32_projekti\STM32G491-FOC_Motor_Control\STM32G491-FOC_Motor_Control\PWM_output\MXTmpFiles\dma.tmp_save
2026-01-16 13:41:49,747 [INFO] CodeEngine:289 - Generated code: C:\STM32_projekti\STM32G491-FOC_Motor_Control\STM32G491-FOC_Motor_Control\PWM_output\MXTmpFiles\dma.tmp
2026-01-16 13:41:49,754 [INFO] CodeEngine:265 - oldGeneratedFile, C:\STM32_projekti\STM32G491-FOC_Motor_Control\STM32G491-FOC_Motor_Control\PWM_output\MXTmpFiles\dma_GV.tmp_save
2026-01-16 13:41:49,810 [INFO] CodeEngine:289 - Generated code: C:\STM32_projekti\STM32G491-FOC_Motor_Control\STM32G491-FOC_Motor_Control\PWM_output\MXTmpFiles\dma_GV.tmp
2026-01-16 13:41:49,832 [INFO] CodeEngine:265 - oldGeneratedFile, C:\STM32_projekti\STM32G491-FOC_Motor_Control\STM32G491-FOC_Motor_Control\PWM_output\Core\Src\stm32g4xx_it.c_save
2026-01-16 13:41:49,937 [INFO] CodeEngine:289 - Generated code: C:\STM32_projekti\STM32G491-FOC_Motor_Control\STM32G491-FOC_Motor_Control\PWM_output\Core\Src\stm32g4xx_it.c
2026-01-16 13:41:49,945 [INFO] CodeEngine:265 - oldGeneratedFile, C:\STM32_projekti\STM32G491-FOC_Motor_Control\STM32G491-FOC_Motor_Control\PWM_output\Core\Inc\stm32g4xx_it.h_save
2026-01-16 13:41:50,023 [INFO] CodeEngine:289 - Generated code: C:\STM32_projekti\STM32G491-FOC_Motor_Control\STM32G491-FOC_Motor_Control\PWM_output\Core\Inc\stm32g4xx_it.h
2026-01-16 13:41:50,045 [INFO] CodeEngine:265 - oldGeneratedFile, C:\STM32_projekti\STM32G491-FOC_Motor_Control\STM32G491-FOC_Motor_Control\PWM_output\Core\Src\stm32g4xx_hal_msp.c_save
2026-01-16 13:41:50,264 [INFO] CodeEngine:289 - Generated code: C:\STM32_projekti\STM32G491-FOC_Motor_Control\STM32G491-FOC_Motor_Control\PWM_output\Core\Src\stm32g4xx_hal_msp.c
2026-01-16 13:41:50,272 [INFO] CodeEngine:265 - oldGeneratedFile, C:\STM32_projekti\STM32G491-FOC_Motor_Control\STM32G491-FOC_Motor_Control\PWM_output\MXTmpFiles\system.tmp_save
2026-01-16 13:41:50,331 [INFO] CodeEngine:289 - Generated code: C:\STM32_projekti\STM32G491-FOC_Motor_Control\STM32G491-FOC_Motor_Control\PWM_output\MXTmpFiles\system.tmp
2026-01-16 13:41:50,344 [INFO] CodeEngine:321 - oldGeneratedFile, C:\STM32_projekti\STM32G491-FOC_Motor_Control\STM32G491-FOC_Motor_Control\PWM_output\Core\Inc\stm32g4xx_hal_conf.h_save
2026-01-16 13:41:50,403 [INFO] CodeEngine:345 - Generated code: C:\STM32_projekti\STM32G491-FOC_Motor_Control\STM32G491-FOC_Motor_Control\PWM_output\Core\Inc\stm32g4xx_hal_conf.h
2026-01-16 13:41:50,419 [WARN] IPConfigManager:3238 - Warning: the RefConfig RCC_CommonPeriphClockConfig is not available in your config.xml file
2026-01-16 13:41:50,421 [WARN] IPConfigManager:3811 - IP not found : TIM
2026-01-16 13:41:50,422 [WARN] CodeGenerator:4259 - IP not found : null
2026-01-16 13:41:50,431 [INFO] CodeEngine:265 - oldGeneratedFile, C:\STM32_projekti\STM32G491-FOC_Motor_Control\STM32G491-FOC_Motor_Control\PWM_output\Core\Inc\main.h_save
2026-01-16 13:41:50,500 [INFO] CodeEngine:289 - Generated code: C:\STM32_projekti\STM32G491-FOC_Motor_Control\STM32G491-FOC_Motor_Control\PWM_output\Core\Inc\main.h
2026-01-16 13:41:50,510 [INFO] CodeEngine:265 - oldGeneratedFile, C:\STM32_projekti\STM32G491-FOC_Motor_Control\STM32G491-FOC_Motor_Control\PWM_output\Core\Src\main.c_save
2026-01-16 13:41:50,632 [INFO] CodeEngine:289 - Generated code: C:\STM32_projekti\STM32G491-FOC_Motor_Control\STM32G491-FOC_Motor_Control\PWM_output\Core\Src\main.c
2026-01-16 13:41:51,005 [INFO] ProjectBuilder:3606 - Time for Copy HAL[1] : 197mS.
2026-01-16 13:41:51,009 [INFO] ProjectBuilder:5216 - Project Generator version: 4.7.0-B52
2026-01-16 13:41:51,081 [INFO] ConfigFileManager:1595 - The Die is : DIE479
2026-01-16 13:41:52,378 [INFO] ProjectBuilder:5496 - Time for Generating toolchain IDE Files: 1369mS.
2026-01-16 13:41:52,380 [INFO] ProjectBuilder:3463 - Time for Copy CMSIS : 0mS.
2026-01-16 13:41:52,387 [INFO] ProjectBuilder:3463 - Time for Copy CMSIS : 0mS.
2026-01-16 13:41:59,875 [ERROR] ConfigurationRetriever:142 - IOException on connection: Read timed out
2026-01-16 13:42:06,513 [ERROR] ConfigurationRetriever:142 - IOException on connection: Connect timed out
2026-01-16 13:43:14,634 [INFO] NvicIntPanel:101 - NVIC parent = com.st.microxplorer.plugins.ip.nvic.MultiNvicIntPanel[,0,0,0x0,invalid,layout=javax.swing.BoxLayout,alignmentX=0.0,alignmentY=0.0,border=,flags=9,maximumSize=,minimumSize=,preferredSize=]
2026-01-16 13:43:15,786 [INFO] UtilMem:75 - End SaveConfig() Used Memory: 885427456 Bytes (1073741824)
2026-01-16 13:43:16,990 [INFO] UtilMem:75 - End SaveConfig() Used Memory: 906921216 Bytes (1073741824)
2026-01-16 13:43:17,595 [INFO] UtilMem:75 - End SaveConfig() Used Memory: 941001984 Bytes (1073741824)
2026-01-16 13:43:18,024 [INFO] BlockDiagram:2775 - set Specific Code input for plugin: TIM1_8G4
2026-01-16 13:43:18,024 [INFO] BlockDiagram:2775 - set Specific Code input for plugin: TIM1_8G4
2026-01-16 13:43:18,024 [INFO] BlockDiagram:2775 - set Specific Code input for plugin: SYS
2026-01-16 13:43:18,024 [INFO] BlockDiagram:2775 - set Specific Code input for plugin: ADC
2026-01-16 13:43:18,024 [INFO] BlockDiagram:2775 - set Specific Code input for plugin: RCC
2026-01-16 13:43:18,025 [INFO] BlockDiagram:2775 - set Specific Code input for plugin: NVIC
2026-01-16 13:43:18,025 [INFO] BlockDiagram:2775 - set Specific Code input for plugin: USART
2026-01-16 13:43:18,025 [INFO] BlockDiagram:2775 - set Specific Code input for plugin: DMA
2026-01-16 13:43:18,025 [INFO] BlockDiagram:2775 - set Specific Code input for plugin: GPIO
2026-01-16 13:43:18,026 [INFO] CodeGenerator:892 - code generatio: config db path: C:\ST\STM32CubeIDE_1.19.0\STM32CubeIDE\plugins\com.st.stm32cube.common.mx_6.15.0.202507011659\\db\
2026-01-16 13:43:18,040 [INFO] Argument:325 - Argument : hdmavalue: null
2026-01-16 13:43:18,041 [INFO] Argument:327 - 	 sub Args: 
2026-01-16 13:43:18,041 [INFO] Argument:325 - Argument : Instancevalue: DMA1_Channel1
2026-01-16 13:43:18,041 [INFO] Argument:335 - Argument : Instancevalue: DMA1_Channel1
2026-01-16 13:43:18,041 [INFO] Argument:325 - Argument : Initvalue: null
2026-01-16 13:43:18,041 [INFO] Argument:327 - 	 sub Args: 
2026-01-16 13:43:18,041 [INFO] Argument:325 - Argument : Requestvalue: DMA_REQUEST_ADC1
2026-01-16 13:43:18,041 [INFO] Argument:335 - Argument : Requestvalue: DMA_REQUEST_ADC1
2026-01-16 13:43:18,041 [INFO] Argument:325 - Argument : Directionvalue: DMA_PERIPH_TO_MEMORY
2026-01-16 13:43:18,041 [INFO] Argument:335 - Argument : Directionvalue: DMA_PERIPH_TO_MEMORY
2026-01-16 13:43:18,041 [INFO] Argument:325 - Argument : PeriphIncvalue: DMA_PINC_DISABLE
2026-01-16 13:43:18,041 [INFO] Argument:335 - Argument : PeriphIncvalue: DMA_PINC_DISABLE
2026-01-16 13:43:18,041 [INFO] Argument:325 - Argument : MemIncvalue: DMA_MINC_ENABLE
2026-01-16 13:43:18,041 [INFO] Argument:335 - Argument : MemIncvalue: DMA_MINC_ENABLE
2026-01-16 13:43:18,042 [INFO] Argument:325 - Argument : PeriphDataAlignmentvalue: DMA_PDATAALIGN_HALFWORD
2026-01-16 13:43:18,042 [INFO] Argument:335 - Argument : PeriphDataAlignmentvalue: DMA_PDATAALIGN_HALFWORD
2026-01-16 13:43:18,042 [INFO] Argument:325 - Argument : MemDataAlignmentvalue: DMA_MDATAALIGN_WORD
2026-01-16 13:43:18,042 [INFO] Argument:335 - Argument : MemDataAlignmentvalue: DMA_MDATAALIGN_WORD
2026-01-16 13:43:18,042 [INFO] Argument:325 - Argument : Modevalue: DMA_CIRCULAR
2026-01-16 13:43:18,042 [INFO] Argument:335 - Argument : Modevalue: DMA_CIRCULAR
2026-01-16 13:43:18,042 [INFO] Argument:325 - Argument : Priorityvalue: DMA_PRIORITY_LOW
2026-01-16 13:43:18,042 [INFO] Argument:335 - Argument : Priorityvalue: DMA_PRIORITY_LOW
2026-01-16 13:43:18,042 [INFO] Argument:325 - Argument : Lockvalue: null
2026-01-16 13:43:18,042 [INFO] Argument:335 - Argument : Lockvalue: null
2026-01-16 13:43:18,042 [INFO] Argument:325 - Argument : Statevalue: null
2026-01-16 13:43:18,042 [INFO] Argument:335 - Argument : Statevalue: null
2026-01-16 13:43:18,042 [INFO] Argument:325 - Argument : Parentvalue: null
2026-01-16 13:43:18,042 [INFO] Argument:335 - Argument : Parentvalue: null
2026-01-16 13:43:18,043 [INFO] Argument:325 - Argument : XferCpltCallbackvalue: null
2026-01-16 13:43:18,043 [INFO] Argument:335 - Argument : XferCpltCallbackvalue: null
2026-01-16 13:43:18,043 [INFO] Argument:325 - Argument : XferHalfCpltCallbackvalue: null
2026-01-16 13:43:18,043 [INFO] Argument:335 - Argument : XferHalfCpltCallbackvalue: null
2026-01-16 13:43:18,043 [INFO] Argument:325 - Argument : XferErrorCallbackvalue: null
2026-01-16 13:43:18,043 [INFO] Argument:335 - Argument : XferErrorCallbackvalue: null
2026-01-16 13:43:18,043 [INFO] Argument:325 - Argument : XferAbortCallbackvalue: null
2026-01-16 13:43:18,043 [INFO] Argument:335 - Argument : XferAbortCallbackvalue: null
2026-01-16 13:43:18,043 [INFO] Argument:325 - Argument : ErrorCodevalue: null
2026-01-16 13:43:18,043 [INFO] Argument:335 - Argument : ErrorCodevalue: null
2026-01-16 13:43:18,043 [INFO] Argument:325 - Argument : ChannelIndexvalue: null
2026-01-16 13:43:18,043 [INFO] Argument:335 - Argument : ChannelIndexvalue: null
2026-01-16 13:43:18,043 [INFO] Argument:325 - Argument : DMAmuxChannelvalue: null
2026-01-16 13:43:18,043 [INFO] Argument:335 - Argument : DMAmuxChannelvalue: null
2026-01-16 13:43:18,043 [INFO] Argument:325 - Argument : DMAmuxChannelStatusvalue: null
2026-01-16 13:43:18,043 [INFO] Argument:335 - Argument : DMAmuxChannelStatusvalue: null
2026-01-16 13:43:18,043 [INFO] Argument:325 - Argument : DMAmuxChannelStatusMaskvalue: null
2026-01-16 13:43:18,044 [INFO] Argument:335 - Argument : DMAmuxChannelStatusMaskvalue: null
2026-01-16 13:43:18,044 [INFO] Argument:325 - Argument : DMAmuxRequestGenvalue: null
2026-01-16 13:43:18,044 [INFO] Argument:335 - Argument : DMAmuxRequestGenvalue: null
2026-01-16 13:43:18,044 [INFO] Argument:325 - Argument : DMAmuxRequestGenStatusvalue: null
2026-01-16 13:43:18,044 [INFO] Argument:335 - Argument : DMAmuxRequestGenStatusvalue: null
2026-01-16 13:43:18,044 [INFO] Argument:325 - Argument : DMAmuxRequestGenStatusMaskvalue: null
2026-01-16 13:43:18,044 [INFO] Argument:335 - Argument : DMAmuxRequestGenStatusMaskvalue: null
2026-01-16 13:43:18,209 [INFO] CodeEngine:265 - oldGeneratedFile, C:\STM32_projekti\STM32G491-FOC_Motor_Control\STM32G491-FOC_Motor_Control\PWM_output\MXTmpFiles\license.tmp_save
2026-01-16 13:43:18,274 [INFO] CodeEngine:289 - Generated code: C:\STM32_projekti\STM32G491-FOC_Motor_Control\STM32G491-FOC_Motor_Control\PWM_output\MXTmpFiles\license.tmp
2026-01-16 13:43:18,356 [INFO] CodeEngine:265 - oldGeneratedFile, C:\STM32_projekti\STM32G491-FOC_Motor_Control\STM32G491-FOC_Motor_Control\PWM_output\MXTmpFiles\gpio.tmp_save
2026-01-16 13:43:18,434 [INFO] CodeEngine:289 - Generated code: C:\STM32_projekti\STM32G491-FOC_Motor_Control\STM32G491-FOC_Motor_Control\PWM_output\MXTmpFiles\gpio.tmp
2026-01-16 13:43:18,962 [INFO] CodeEngine:265 - oldGeneratedFile, C:\STM32_projekti\STM32G491-FOC_Motor_Control\STM32G491-FOC_Motor_Control\PWM_output\MXTmpFiles\dma.tmp_save
2026-01-16 13:43:19,016 [INFO] CodeEngine:289 - Generated code: C:\STM32_projekti\STM32G491-FOC_Motor_Control\STM32G491-FOC_Motor_Control\PWM_output\MXTmpFiles\dma.tmp
2026-01-16 13:43:19,022 [INFO] CodeEngine:265 - oldGeneratedFile, C:\STM32_projekti\STM32G491-FOC_Motor_Control\STM32G491-FOC_Motor_Control\PWM_output\MXTmpFiles\dma_GV.tmp_save
2026-01-16 13:43:19,071 [INFO] CodeEngine:289 - Generated code: C:\STM32_projekti\STM32G491-FOC_Motor_Control\STM32G491-FOC_Motor_Control\PWM_output\MXTmpFiles\dma_GV.tmp
2026-01-16 13:43:19,091 [INFO] CodeEngine:265 - oldGeneratedFile, C:\STM32_projekti\STM32G491-FOC_Motor_Control\STM32G491-FOC_Motor_Control\PWM_output\Core\Src\stm32g4xx_it.c_save
2026-01-16 13:43:19,187 [INFO] CodeEngine:289 - Generated code: C:\STM32_projekti\STM32G491-FOC_Motor_Control\STM32G491-FOC_Motor_Control\PWM_output\Core\Src\stm32g4xx_it.c
2026-01-16 13:43:19,196 [INFO] CodeEngine:265 - oldGeneratedFile, C:\STM32_projekti\STM32G491-FOC_Motor_Control\STM32G491-FOC_Motor_Control\PWM_output\Core\Inc\stm32g4xx_it.h_save
2026-01-16 13:43:19,258 [INFO] CodeEngine:289 - Generated code: C:\STM32_projekti\STM32G491-FOC_Motor_Control\STM32G491-FOC_Motor_Control\PWM_output\Core\Inc\stm32g4xx_it.h
2026-01-16 13:43:19,277 [INFO] CodeEngine:265 - oldGeneratedFile, C:\STM32_projekti\STM32G491-FOC_Motor_Control\STM32G491-FOC_Motor_Control\PWM_output\Core\Src\stm32g4xx_hal_msp.c_save
2026-01-16 13:43:19,374 [INFO] CodeEngine:289 - Generated code: C:\STM32_projekti\STM32G491-FOC_Motor_Control\STM32G491-FOC_Motor_Control\PWM_output\Core\Src\stm32g4xx_hal_msp.c
2026-01-16 13:43:19,381 [INFO] CodeEngine:265 - oldGeneratedFile, C:\STM32_projekti\STM32G491-FOC_Motor_Control\STM32G491-FOC_Motor_Control\PWM_output\MXTmpFiles\system.tmp_save
2026-01-16 13:43:19,430 [INFO] CodeEngine:289 - Generated code: C:\STM32_projekti\STM32G491-FOC_Motor_Control\STM32G491-FOC_Motor_Control\PWM_output\MXTmpFiles\system.tmp
2026-01-16 13:43:19,444 [INFO] CodeEngine:321 - oldGeneratedFile, C:\STM32_projekti\STM32G491-FOC_Motor_Control\STM32G491-FOC_Motor_Control\PWM_output\Core\Inc\stm32g4xx_hal_conf.h_save
2026-01-16 13:43:19,508 [INFO] CodeEngine:345 - Generated code: C:\STM32_projekti\STM32G491-FOC_Motor_Control\STM32G491-FOC_Motor_Control\PWM_output\Core\Inc\stm32g4xx_hal_conf.h
2026-01-16 13:43:19,523 [WARN] IPConfigManager:3238 - Warning: the RefConfig RCC_CommonPeriphClockConfig is not available in your config.xml file
2026-01-16 13:43:19,525 [WARN] IPConfigManager:3811 - IP not found : TIM
2026-01-16 13:43:19,526 [WARN] CodeGenerator:4259 - IP not found : null
2026-01-16 13:43:19,534 [INFO] CodeEngine:265 - oldGeneratedFile, C:\STM32_projekti\STM32G491-FOC_Motor_Control\STM32G491-FOC_Motor_Control\PWM_output\Core\Inc\main.h_save
2026-01-16 13:43:19,592 [INFO] CodeEngine:289 - Generated code: C:\STM32_projekti\STM32G491-FOC_Motor_Control\STM32G491-FOC_Motor_Control\PWM_output\Core\Inc\main.h
2026-01-16 13:43:19,599 [INFO] CodeEngine:265 - oldGeneratedFile, C:\STM32_projekti\STM32G491-FOC_Motor_Control\STM32G491-FOC_Motor_Control\PWM_output\Core\Src\main.c_save
2026-01-16 13:43:19,699 [INFO] CodeEngine:289 - Generated code: C:\STM32_projekti\STM32G491-FOC_Motor_Control\STM32G491-FOC_Motor_Control\PWM_output\Core\Src\main.c
2026-01-16 13:43:20,136 [INFO] ProjectBuilder:3606 - Time for Copy HAL[1] : 231mS.
2026-01-16 13:43:20,142 [INFO] ProjectBuilder:5216 - Project Generator version: 4.7.0-B52
2026-01-16 13:43:20,250 [INFO] ConfigFileManager:1595 - The Die is : DIE479
2026-01-16 13:43:21,394 [INFO] ProjectBuilder:5496 - Time for Generating toolchain IDE Files: 1252mS.
2026-01-16 13:43:21,395 [INFO] ProjectBuilder:3463 - Time for Copy CMSIS : 0mS.
2026-01-16 13:43:21,401 [INFO] ProjectBuilder:3463 - Time for Copy CMSIS : 0mS.
2026-01-16 13:43:35,415 [ERROR] ConfigurationRetriever:142 - IOException on connection: Read timed out
2026-01-16 13:44:28,789 [INFO] WebApp:194 - Connection lost
2026-01-16 13:44:32,926 [INFO] WebApp:191 - Connection restablished
2026-01-16 13:45:04,799 [INFO] WebApp:194 - Connection lost
2026-01-16 13:45:07,341 [INFO] WebApp:191 - Connection restablished
2026-01-16 13:45:43,008 [ERROR] AdobePublisher:162 - Exception while opening the connection: java.net.SocketTimeoutException: Read timed out
2026-01-16 13:45:45,009 [ERROR] AdobePublisher:162 - Exception while opening the connection: java.net.SocketTimeoutException: Connect timed out
2026-01-16 13:45:47,308 [INFO] WebApp:194 - Connection lost
2026-01-16 13:45:47,808 [ERROR] AdobePublisher:162 - Exception while opening the connection: java.net.SocketTimeoutException: Read timed out
2026-01-16 13:45:49,809 [ERROR] AdobePublisher:162 - Exception while opening the connection: java.net.SocketTimeoutException: Connect timed out
2026-01-16 13:45:51,811 [ERROR] AdobePublisher:162 - Exception while opening the connection: java.net.SocketTimeoutException: Connect timed out
2026-01-16 13:45:53,714 [INFO] WebApp:191 - Connection restablished
2026-01-16 13:46:01,319 [ERROR] ConfigurationRetriever:142 - IOException on connection: Read timed out
2026-01-16 13:46:03,320 [ERROR] ConfigurationRetriever:142 - IOException on connection: Connect timed out
2026-01-16 13:46:08,290 [INFO] WebApp:194 - Connection lost
2026-01-16 13:46:08,716 [INFO] WebApp:191 - Connection restablished
2026-01-16 13:46:43,666 [ERROR] ConfigurationRetriever:142 - IOException on connection: Read timed out
2026-01-16 13:46:52,419 [ERROR] AdobePublisher:162 - Exception while opening the connection: java.net.SocketTimeoutException: Connect timed out
2026-01-16 13:46:54,423 [ERROR] AdobePublisher:162 - Exception while opening the connection: java.net.SocketTimeoutException: Connect timed out
2026-01-16 13:46:59,170 [ERROR] AdobePublisher:162 - Exception while opening the connection: java.net.SocketTimeoutException: Read timed out
2026-01-16 13:47:03,716 [ERROR] AdobePublisher:187 - Exception while getting the server answer: java.net.SocketTimeoutException: Read timed out
2026-01-16 13:47:58,286 [INFO] WebApp:194 - Connection lost
2026-01-16 13:48:00,211 [INFO] WebApp:191 - Connection restablished
2026-01-16 14:02:48,453 [ERROR] ConfigurationRetriever:142 - IOException on connection: Connect timed out
2026-01-16 14:02:50,874 [ERROR] ConfigurationRetriever:142 - IOException on connection: Read timed out
2026-01-16 14:03:37,229 [ERROR] ConfigurationRetriever:142 - IOException on connection: Read timed out
2026-01-16 14:03:39,231 [ERROR] ConfigurationRetriever:142 - IOException on connection: Connect timed out
2026-01-16 14:06:13,058 [ERROR] ConfigurationRetriever:142 - IOException on connection: Connect timed out
2026-01-16 14:06:19,334 [ERROR] ConfigurationRetriever:142 - IOException on connection: Connect timed out
2026-01-16 14:06:21,400 [ERROR] ConfigurationRetriever:142 - IOException on connection: Connect timed out
2026-01-16 14:06:24,448 [ERROR] ConfigurationRetriever:142 - IOException on connection: Read timed out
2026-01-16 14:06:26,451 [ERROR] ConfigurationRetriever:142 - IOException on connection: Connect timed out
2026-01-16 14:06:54,321 [INFO] WebApp:194 - Connection lost
2026-01-16 14:06:57,970 [INFO] WebApp:191 - Connection restablished
2026-01-16 14:07:35,850 [INFO] WebApp:194 - Connection lost
2026-01-16 14:07:42,887 [INFO] WebApp:191 - Connection restablished
2026-01-16 14:07:45,818 [INFO] WebApp:194 - Connection lost
2026-01-16 14:07:51,738 [INFO] WebApp:191 - Connection restablished
2026-01-16 14:08:08,318 [INFO] WebApp:194 - Connection lost
2026-01-16 14:08:14,008 [INFO] WebApp:191 - Connection restablished
2026-01-16 14:10:51,869 [INFO] WebApp:194 - Connection lost
2026-01-16 14:10:57,795 [INFO] WebApp:191 - Connection restablished
2026-01-16 14:11:51,804 [INFO] WebApp:194 - Connection lost
2026-01-16 14:12:07,967 [INFO] WebApp:191 - Connection restablished
2026-01-16 14:12:40,615 [INFO] WebApp:194 - Connection lost
2026-01-16 14:12:46,426 [INFO] WebApp:191 - Connection restablished
2026-01-16 14:12:48,297 [INFO] WebApp:194 - Connection lost
2026-01-16 14:12:48,466 [INFO] WebApp:191 - Connection restablished
2026-01-16 14:17:06,498 [INFO] NvicIntPanel:101 - NVIC parent = com.st.microxplorer.plugins.ip.nvic.MultiNvicIntPanel[,0,0,0x0,invalid,layout=javax.swing.BoxLayout,alignmentX=0.0,alignmentY=0.0,border=,flags=9,maximumSize=,minimumSize=,preferredSize=]
2026-01-16 14:17:07,949 [INFO] UtilMem:75 - End SaveConfig() Used Memory: 830577648 Bytes (1073741824)
2026-01-16 14:17:09,083 [INFO] UtilMem:75 - End SaveConfig() Used Memory: 855221232 Bytes (1073741824)
2026-01-16 14:17:09,733 [INFO] UtilMem:75 - End SaveConfig() Used Memory: 890346480 Bytes (1073741824)
2026-01-16 14:17:10,364 [INFO] BlockDiagram:2775 - set Specific Code input for plugin: TIM1_8G4
2026-01-16 14:17:10,365 [INFO] BlockDiagram:2775 - set Specific Code input for plugin: TIM1_8G4
2026-01-16 14:17:10,365 [INFO] BlockDiagram:2775 - set Specific Code input for plugin: SYS
2026-01-16 14:17:10,365 [INFO] BlockDiagram:2775 - set Specific Code input for plugin: ADC
2026-01-16 14:17:10,365 [INFO] BlockDiagram:2775 - set Specific Code input for plugin: RCC
2026-01-16 14:17:10,365 [INFO] BlockDiagram:2775 - set Specific Code input for plugin: NVIC
2026-01-16 14:17:10,365 [INFO] BlockDiagram:2775 - set Specific Code input for plugin: USART
2026-01-16 14:17:10,365 [INFO] BlockDiagram:2775 - set Specific Code input for plugin: DMA
2026-01-16 14:17:10,367 [INFO] BlockDiagram:2775 - set Specific Code input for plugin: GPIO
2026-01-16 14:17:10,369 [INFO] CodeGenerator:892 - code generatio: config db path: C:\ST\STM32CubeIDE_1.19.0\STM32CubeIDE\plugins\com.st.stm32cube.common.mx_6.15.0.202507011659\\db\
2026-01-16 14:17:10,383 [INFO] Argument:325 - Argument : hdmavalue: null
2026-01-16 14:17:10,383 [INFO] Argument:327 - 	 sub Args: 
2026-01-16 14:17:10,384 [INFO] Argument:325 - Argument : Instancevalue: DMA1_Channel1
2026-01-16 14:17:10,384 [INFO] Argument:335 - Argument : Instancevalue: DMA1_Channel1
2026-01-16 14:17:10,384 [INFO] Argument:325 - Argument : Initvalue: null
2026-01-16 14:17:10,384 [INFO] Argument:327 - 	 sub Args: 
2026-01-16 14:17:10,384 [INFO] Argument:325 - Argument : Requestvalue: DMA_REQUEST_ADC1
2026-01-16 14:17:10,384 [INFO] Argument:335 - Argument : Requestvalue: DMA_REQUEST_ADC1
2026-01-16 14:17:10,384 [INFO] Argument:325 - Argument : Directionvalue: DMA_PERIPH_TO_MEMORY
2026-01-16 14:17:10,384 [INFO] Argument:335 - Argument : Directionvalue: DMA_PERIPH_TO_MEMORY
2026-01-16 14:17:10,384 [INFO] Argument:325 - Argument : PeriphIncvalue: DMA_PINC_DISABLE
2026-01-16 14:17:10,384 [INFO] Argument:335 - Argument : PeriphIncvalue: DMA_PINC_DISABLE
2026-01-16 14:17:10,384 [INFO] Argument:325 - Argument : MemIncvalue: DMA_MINC_ENABLE
2026-01-16 14:17:10,384 [INFO] Argument:335 - Argument : MemIncvalue: DMA_MINC_ENABLE
2026-01-16 14:17:10,384 [INFO] Argument:325 - Argument : PeriphDataAlignmentvalue: DMA_PDATAALIGN_HALFWORD
2026-01-16 14:17:10,385 [INFO] Argument:335 - Argument : PeriphDataAlignmentvalue: DMA_PDATAALIGN_HALFWORD
2026-01-16 14:17:10,385 [INFO] Argument:325 - Argument : MemDataAlignmentvalue: DMA_MDATAALIGN_WORD
2026-01-16 14:17:10,385 [INFO] Argument:335 - Argument : MemDataAlignmentvalue: DMA_MDATAALIGN_WORD
2026-01-16 14:17:10,385 [INFO] Argument:325 - Argument : Modevalue: DMA_CIRCULAR
2026-01-16 14:17:10,385 [INFO] Argument:335 - Argument : Modevalue: DMA_CIRCULAR
2026-01-16 14:17:10,385 [INFO] Argument:325 - Argument : Priorityvalue: DMA_PRIORITY_LOW
2026-01-16 14:17:10,385 [INFO] Argument:335 - Argument : Priorityvalue: DMA_PRIORITY_LOW
2026-01-16 14:17:10,385 [INFO] Argument:325 - Argument : Lockvalue: null
2026-01-16 14:17:10,385 [INFO] Argument:335 - Argument : Lockvalue: null
2026-01-16 14:17:10,385 [INFO] Argument:325 - Argument : Statevalue: null
2026-01-16 14:17:10,386 [INFO] Argument:335 - Argument : Statevalue: null
2026-01-16 14:17:10,386 [INFO] Argument:325 - Argument : Parentvalue: null
2026-01-16 14:17:10,386 [INFO] Argument:335 - Argument : Parentvalue: null
2026-01-16 14:17:10,386 [INFO] Argument:325 - Argument : XferCpltCallbackvalue: null
2026-01-16 14:17:10,386 [INFO] Argument:335 - Argument : XferCpltCallbackvalue: null
2026-01-16 14:17:10,386 [INFO] Argument:325 - Argument : XferHalfCpltCallbackvalue: null
2026-01-16 14:17:10,386 [INFO] Argument:335 - Argument : XferHalfCpltCallbackvalue: null
2026-01-16 14:17:10,386 [INFO] Argument:325 - Argument : XferErrorCallbackvalue: null
2026-01-16 14:17:10,386 [INFO] Argument:335 - Argument : XferErrorCallbackvalue: null
2026-01-16 14:17:10,386 [INFO] Argument:325 - Argument : XferAbortCallbackvalue: null
2026-01-16 14:17:10,386 [INFO] Argument:335 - Argument : XferAbortCallbackvalue: null
2026-01-16 14:17:10,387 [INFO] Argument:325 - Argument : ErrorCodevalue: null
2026-01-16 14:17:10,387 [INFO] Argument:335 - Argument : ErrorCodevalue: null
2026-01-16 14:17:10,387 [INFO] Argument:325 - Argument : ChannelIndexvalue: null
2026-01-16 14:17:10,387 [INFO] Argument:335 - Argument : ChannelIndexvalue: null
2026-01-16 14:17:10,387 [INFO] Argument:325 - Argument : DMAmuxChannelvalue: null
2026-01-16 14:17:10,387 [INFO] Argument:335 - Argument : DMAmuxChannelvalue: null
2026-01-16 14:17:10,387 [INFO] Argument:325 - Argument : DMAmuxChannelStatusvalue: null
2026-01-16 14:17:10,387 [INFO] Argument:335 - Argument : DMAmuxChannelStatusvalue: null
2026-01-16 14:17:10,387 [INFO] Argument:325 - Argument : DMAmuxChannelStatusMaskvalue: null
2026-01-16 14:17:10,387 [INFO] Argument:335 - Argument : DMAmuxChannelStatusMaskvalue: null
2026-01-16 14:17:10,387 [INFO] Argument:325 - Argument : DMAmuxRequestGenvalue: null
2026-01-16 14:17:10,387 [INFO] Argument:335 - Argument : DMAmuxRequestGenvalue: null
2026-01-16 14:17:10,387 [INFO] Argument:325 - Argument : DMAmuxRequestGenStatusvalue: null
2026-01-16 14:17:10,388 [INFO] Argument:335 - Argument : DMAmuxRequestGenStatusvalue: null
2026-01-16 14:17:10,388 [INFO] Argument:325 - Argument : DMAmuxRequestGenStatusMaskvalue: null
2026-01-16 14:17:10,388 [INFO] Argument:335 - Argument : DMAmuxRequestGenStatusMaskvalue: null
2026-01-16 14:17:10,603 [INFO] CodeEngine:265 - oldGeneratedFile, C:\STM32_projekti\STM32G491-FOC_Motor_Control\STM32G491-FOC_Motor_Control\PWM_output\MXTmpFiles\license.tmp_save
2026-01-16 14:17:10,919 [INFO] CodeEngine:289 - Generated code: C:\STM32_projekti\STM32G491-FOC_Motor_Control\STM32G491-FOC_Motor_Control\PWM_output\MXTmpFiles\license.tmp
2026-01-16 14:17:11,153 [INFO] CodeEngine:265 - oldGeneratedFile, C:\STM32_projekti\STM32G491-FOC_Motor_Control\STM32G491-FOC_Motor_Control\PWM_output\MXTmpFiles\gpio.tmp_save
2026-01-16 14:17:11,293 [INFO] CodeEngine:289 - Generated code: C:\STM32_projekti\STM32G491-FOC_Motor_Control\STM32G491-FOC_Motor_Control\PWM_output\MXTmpFiles\gpio.tmp
2026-01-16 14:17:12,223 [INFO] CodeEngine:265 - oldGeneratedFile, C:\STM32_projekti\STM32G491-FOC_Motor_Control\STM32G491-FOC_Motor_Control\PWM_output\MXTmpFiles\dma.tmp_save
2026-01-16 14:17:12,308 [INFO] CodeEngine:289 - Generated code: C:\STM32_projekti\STM32G491-FOC_Motor_Control\STM32G491-FOC_Motor_Control\PWM_output\MXTmpFiles\dma.tmp
2026-01-16 14:17:12,315 [INFO] CodeEngine:265 - oldGeneratedFile, C:\STM32_projekti\STM32G491-FOC_Motor_Control\STM32G491-FOC_Motor_Control\PWM_output\MXTmpFiles\dma_GV.tmp_save
2026-01-16 14:17:12,398 [INFO] CodeEngine:289 - Generated code: C:\STM32_projekti\STM32G491-FOC_Motor_Control\STM32G491-FOC_Motor_Control\PWM_output\MXTmpFiles\dma_GV.tmp
2026-01-16 14:17:12,424 [INFO] CodeEngine:265 - oldGeneratedFile, C:\STM32_projekti\STM32G491-FOC_Motor_Control\STM32G491-FOC_Motor_Control\PWM_output\Core\Src\stm32g4xx_it.c_save
2026-01-16 14:17:12,705 [INFO] CodeEngine:289 - Generated code: C:\STM32_projekti\STM32G491-FOC_Motor_Control\STM32G491-FOC_Motor_Control\PWM_output\Core\Src\stm32g4xx_it.c
2026-01-16 14:17:12,716 [INFO] CodeEngine:265 - oldGeneratedFile, C:\STM32_projekti\STM32G491-FOC_Motor_Control\STM32G491-FOC_Motor_Control\PWM_output\Core\Inc\stm32g4xx_it.h_save
2026-01-16 14:17:12,800 [INFO] CodeEngine:289 - Generated code: C:\STM32_projekti\STM32G491-FOC_Motor_Control\STM32G491-FOC_Motor_Control\PWM_output\Core\Inc\stm32g4xx_it.h
2026-01-16 14:17:12,828 [INFO] CodeEngine:265 - oldGeneratedFile, C:\STM32_projekti\STM32G491-FOC_Motor_Control\STM32G491-FOC_Motor_Control\PWM_output\Core\Src\stm32g4xx_hal_msp.c_save
2026-01-16 14:17:12,999 [INFO] CodeEngine:289 - Generated code: C:\STM32_projekti\STM32G491-FOC_Motor_Control\STM32G491-FOC_Motor_Control\PWM_output\Core\Src\stm32g4xx_hal_msp.c
2026-01-16 14:17:13,007 [INFO] CodeEngine:265 - oldGeneratedFile, C:\STM32_projekti\STM32G491-FOC_Motor_Control\STM32G491-FOC_Motor_Control\PWM_output\MXTmpFiles\system.tmp_save
2026-01-16 14:17:13,112 [INFO] CodeEngine:289 - Generated code: C:\STM32_projekti\STM32G491-FOC_Motor_Control\STM32G491-FOC_Motor_Control\PWM_output\MXTmpFiles\system.tmp
2026-01-16 14:17:13,132 [INFO] CodeEngine:321 - oldGeneratedFile, C:\STM32_projekti\STM32G491-FOC_Motor_Control\STM32G491-FOC_Motor_Control\PWM_output\Core\Inc\stm32g4xx_hal_conf.h_save
2026-01-16 14:17:13,234 [INFO] CodeEngine:345 - Generated code: C:\STM32_projekti\STM32G491-FOC_Motor_Control\STM32G491-FOC_Motor_Control\PWM_output\Core\Inc\stm32g4xx_hal_conf.h
2026-01-16 14:17:13,270 [WARN] IPConfigManager:3238 - Warning: the RefConfig RCC_CommonPeriphClockConfig is not available in your config.xml file
2026-01-16 14:17:13,272 [WARN] IPConfigManager:3811 - IP not found : TIM
2026-01-16 14:17:13,273 [WARN] CodeGenerator:4259 - IP not found : null
2026-01-16 14:17:13,286 [INFO] CodeEngine:265 - oldGeneratedFile, C:\STM32_projekti\STM32G491-FOC_Motor_Control\STM32G491-FOC_Motor_Control\PWM_output\Core\Inc\main.h_save
2026-01-16 14:17:13,447 [INFO] CodeEngine:289 - Generated code: C:\STM32_projekti\STM32G491-FOC_Motor_Control\STM32G491-FOC_Motor_Control\PWM_output\Core\Inc\main.h
2026-01-16 14:17:13,459 [INFO] CodeEngine:265 - oldGeneratedFile, C:\STM32_projekti\STM32G491-FOC_Motor_Control\STM32G491-FOC_Motor_Control\PWM_output\Core\Src\main.c_save
2026-01-16 14:17:13,658 [INFO] CodeEngine:289 - Generated code: C:\STM32_projekti\STM32G491-FOC_Motor_Control\STM32G491-FOC_Motor_Control\PWM_output\Core\Src\main.c
2026-01-16 14:17:14,329 [INFO] ProjectBuilder:3606 - Time for Copy HAL[1] : 289mS.
2026-01-16 14:17:14,335 [INFO] ProjectBuilder:5216 - Project Generator version: 4.7.0-B52
2026-01-16 14:17:14,420 [INFO] ConfigFileManager:1595 - The Die is : DIE479
2026-01-16 14:17:15,697 [INFO] ProjectBuilder:5496 - Time for Generating toolchain IDE Files: 1362mS.
2026-01-16 14:17:15,698 [INFO] ProjectBuilder:3463 - Time for Copy CMSIS : 1mS.
2026-01-16 14:17:15,704 [INFO] ProjectBuilder:3463 - Time for Copy CMSIS : 0mS.
2026-01-16 14:18:58,466 [INFO] NvicIntPanel:101 - NVIC parent = com.st.microxplorer.plugins.ip.nvic.MultiNvicIntPanel[,0,0,0x0,invalid,layout=javax.swing.BoxLayout,alignmentX=0.0,alignmentY=0.0,border=,flags=9,maximumSize=,minimumSize=,preferredSize=]
2026-01-16 14:18:59,853 [INFO] UtilMem:75 - End SaveConfig() Used Memory: 842710056 Bytes (1073741824)
2026-01-16 14:19:01,078 [INFO] UtilMem:75 - End SaveConfig() Used Memory: 866827304 Bytes (1073741824)
2026-01-16 14:19:01,718 [INFO] UtilMem:75 - End SaveConfig() Used Memory: 901430312 Bytes (1073741824)
2026-01-16 14:19:01,981 [INFO] BlockDiagram:2775 - set Specific Code input for plugin: TIM1_8G4
2026-01-16 14:19:01,981 [INFO] BlockDiagram:2775 - set Specific Code input for plugin: TIM1_8G4
2026-01-16 14:19:01,981 [INFO] BlockDiagram:2775 - set Specific Code input for plugin: SYS
2026-01-16 14:19:01,981 [INFO] BlockDiagram:2775 - set Specific Code input for plugin: ADC
2026-01-16 14:19:01,982 [INFO] BlockDiagram:2775 - set Specific Code input for plugin: RCC
2026-01-16 14:19:01,982 [INFO] BlockDiagram:2775 - set Specific Code input for plugin: NVIC
2026-01-16 14:19:01,982 [INFO] BlockDiagram:2775 - set Specific Code input for plugin: USART
2026-01-16 14:19:01,982 [INFO] BlockDiagram:2775 - set Specific Code input for plugin: DMA
2026-01-16 14:19:01,982 [INFO] BlockDiagram:2775 - set Specific Code input for plugin: GPIO
2026-01-16 14:19:01,983 [INFO] CodeGenerator:892 - code generatio: config db path: C:\ST\STM32CubeIDE_1.19.0\STM32CubeIDE\plugins\com.st.stm32cube.common.mx_6.15.0.202507011659\\db\
2026-01-16 14:19:01,992 [INFO] Argument:325 - Argument : hdmavalue: null
2026-01-16 14:19:01,992 [INFO] Argument:327 - 	 sub Args: 
2026-01-16 14:19:01,993 [INFO] Argument:325 - Argument : Instancevalue: DMA1_Channel1
2026-01-16 14:19:01,993 [INFO] Argument:335 - Argument : Instancevalue: DMA1_Channel1
2026-01-16 14:19:01,993 [INFO] Argument:325 - Argument : Initvalue: null
2026-01-16 14:19:01,993 [INFO] Argument:327 - 	 sub Args: 
2026-01-16 14:19:01,993 [INFO] Argument:325 - Argument : Requestvalue: DMA_REQUEST_ADC1
2026-01-16 14:19:01,993 [INFO] Argument:335 - Argument : Requestvalue: DMA_REQUEST_ADC1
2026-01-16 14:19:01,993 [INFO] Argument:325 - Argument : Directionvalue: DMA_PERIPH_TO_MEMORY
2026-01-16 14:19:01,993 [INFO] Argument:335 - Argument : Directionvalue: DMA_PERIPH_TO_MEMORY
2026-01-16 14:19:01,993 [INFO] Argument:325 - Argument : PeriphIncvalue: DMA_PINC_DISABLE
2026-01-16 14:19:01,993 [INFO] Argument:335 - Argument : PeriphIncvalue: DMA_PINC_DISABLE
2026-01-16 14:19:01,993 [INFO] Argument:325 - Argument : MemIncvalue: DMA_MINC_ENABLE
2026-01-16 14:19:01,993 [INFO] Argument:335 - Argument : MemIncvalue: DMA_MINC_ENABLE
2026-01-16 14:19:01,993 [INFO] Argument:325 - Argument : PeriphDataAlignmentvalue: DMA_PDATAALIGN_HALFWORD
2026-01-16 14:19:01,993 [INFO] Argument:335 - Argument : PeriphDataAlignmentvalue: DMA_PDATAALIGN_HALFWORD
2026-01-16 14:19:01,993 [INFO] Argument:325 - Argument : MemDataAlignmentvalue: DMA_MDATAALIGN_WORD
2026-01-16 14:19:01,993 [INFO] Argument:335 - Argument : MemDataAlignmentvalue: DMA_MDATAALIGN_WORD
2026-01-16 14:19:01,993 [INFO] Argument:325 - Argument : Modevalue: DMA_CIRCULAR
2026-01-16 14:19:01,993 [INFO] Argument:335 - Argument : Modevalue: DMA_CIRCULAR
2026-01-16 14:19:01,993 [INFO] Argument:325 - Argument : Priorityvalue: DMA_PRIORITY_LOW
2026-01-16 14:19:01,993 [INFO] Argument:335 - Argument : Priorityvalue: DMA_PRIORITY_LOW
2026-01-16 14:19:01,993 [INFO] Argument:325 - Argument : Lockvalue: null
2026-01-16 14:19:01,993 [INFO] Argument:335 - Argument : Lockvalue: null
2026-01-16 14:19:01,993 [INFO] Argument:325 - Argument : Statevalue: null
2026-01-16 14:19:01,993 [INFO] Argument:335 - Argument : Statevalue: null
2026-01-16 14:19:01,993 [INFO] Argument:325 - Argument : Parentvalue: null
2026-01-16 14:19:01,993 [INFO] Argument:335 - Argument : Parentvalue: null
2026-01-16 14:19:01,994 [INFO] Argument:325 - Argument : XferCpltCallbackvalue: null
2026-01-16 14:19:01,994 [INFO] Argument:335 - Argument : XferCpltCallbackvalue: null
2026-01-16 14:19:01,994 [INFO] Argument:325 - Argument : XferHalfCpltCallbackvalue: null
2026-01-16 14:19:01,994 [INFO] Argument:335 - Argument : XferHalfCpltCallbackvalue: null
2026-01-16 14:19:01,994 [INFO] Argument:325 - Argument : XferErrorCallbackvalue: null
2026-01-16 14:19:01,994 [INFO] Argument:335 - Argument : XferErrorCallbackvalue: null
2026-01-16 14:19:01,994 [INFO] Argument:325 - Argument : XferAbortCallbackvalue: null
2026-01-16 14:19:01,994 [INFO] Argument:335 - Argument : XferAbortCallbackvalue: null
2026-01-16 14:19:01,994 [INFO] Argument:325 - Argument : ErrorCodevalue: null
2026-01-16 14:19:01,994 [INFO] Argument:335 - Argument : ErrorCodevalue: null
2026-01-16 14:19:01,994 [INFO] Argument:325 - Argument : ChannelIndexvalue: null
2026-01-16 14:19:01,994 [INFO] Argument:335 - Argument : ChannelIndexvalue: null
2026-01-16 14:19:01,994 [INFO] Argument:325 - Argument : DMAmuxChannelvalue: null
2026-01-16 14:19:01,994 [INFO] Argument:335 - Argument : DMAmuxChannelvalue: null
2026-01-16 14:19:01,994 [INFO] Argument:325 - Argument : DMAmuxChannelStatusvalue: null
2026-01-16 14:19:01,994 [INFO] Argument:335 - Argument : DMAmuxChannelStatusvalue: null
2026-01-16 14:19:01,994 [INFO] Argument:325 - Argument : DMAmuxChannelStatusMaskvalue: null
2026-01-16 14:19:01,994 [INFO] Argument:335 - Argument : DMAmuxChannelStatusMaskvalue: null
2026-01-16 14:19:01,994 [INFO] Argument:325 - Argument : DMAmuxRequestGenvalue: null
2026-01-16 14:19:01,994 [INFO] Argument:335 - Argument : DMAmuxRequestGenvalue: null
2026-01-16 14:19:01,994 [INFO] Argument:325 - Argument : DMAmuxRequestGenStatusvalue: null
2026-01-16 14:19:01,994 [INFO] Argument:335 - Argument : DMAmuxRequestGenStatusvalue: null
2026-01-16 14:19:01,994 [INFO] Argument:325 - Argument : DMAmuxRequestGenStatusMaskvalue: null
2026-01-16 14:19:01,994 [INFO] Argument:335 - Argument : DMAmuxRequestGenStatusMaskvalue: null
2026-01-16 14:19:02,119 [INFO] CodeEngine:265 - oldGeneratedFile, C:\STM32_projekti\STM32G491-FOC_Motor_Control\STM32G491-FOC_Motor_Control\PWM_output\MXTmpFiles\license.tmp_save
2026-01-16 14:19:02,172 [INFO] CodeEngine:289 - Generated code: C:\STM32_projekti\STM32G491-FOC_Motor_Control\STM32G491-FOC_Motor_Control\PWM_output\MXTmpFiles\license.tmp
2026-01-16 14:19:02,229 [INFO] CodeEngine:265 - oldGeneratedFile, C:\STM32_projekti\STM32G491-FOC_Motor_Control\STM32G491-FOC_Motor_Control\PWM_output\MXTmpFiles\gpio.tmp_save
2026-01-16 14:19:02,281 [INFO] CodeEngine:289 - Generated code: C:\STM32_projekti\STM32G491-FOC_Motor_Control\STM32G491-FOC_Motor_Control\PWM_output\MXTmpFiles\gpio.tmp
2026-01-16 14:19:02,708 [INFO] CodeEngine:265 - oldGeneratedFile, C:\STM32_projekti\STM32G491-FOC_Motor_Control\STM32G491-FOC_Motor_Control\PWM_output\MXTmpFiles\dma.tmp_save
2026-01-16 14:19:02,764 [INFO] CodeEngine:289 - Generated code: C:\STM32_projekti\STM32G491-FOC_Motor_Control\STM32G491-FOC_Motor_Control\PWM_output\MXTmpFiles\dma.tmp
2026-01-16 14:19:02,770 [INFO] CodeEngine:265 - oldGeneratedFile, C:\STM32_projekti\STM32G491-FOC_Motor_Control\STM32G491-FOC_Motor_Control\PWM_output\MXTmpFiles\dma_GV.tmp_save
2026-01-16 14:19:02,825 [INFO] CodeEngine:289 - Generated code: C:\STM32_projekti\STM32G491-FOC_Motor_Control\STM32G491-FOC_Motor_Control\PWM_output\MXTmpFiles\dma_GV.tmp
2026-01-16 14:19:02,848 [INFO] CodeEngine:265 - oldGeneratedFile, C:\STM32_projekti\STM32G491-FOC_Motor_Control\STM32G491-FOC_Motor_Control\PWM_output\Core\Src\stm32g4xx_it.c_save
2026-01-16 14:19:02,963 [INFO] CodeEngine:289 - Generated code: C:\STM32_projekti\STM32G491-FOC_Motor_Control\STM32G491-FOC_Motor_Control\PWM_output\Core\Src\stm32g4xx_it.c
2026-01-16 14:19:02,974 [INFO] CodeEngine:265 - oldGeneratedFile, C:\STM32_projekti\STM32G491-FOC_Motor_Control\STM32G491-FOC_Motor_Control\PWM_output\Core\Inc\stm32g4xx_it.h_save
2026-01-16 14:19:03,081 [INFO] CodeEngine:289 - Generated code: C:\STM32_projekti\STM32G491-FOC_Motor_Control\STM32G491-FOC_Motor_Control\PWM_output\Core\Inc\stm32g4xx_it.h
2026-01-16 14:19:03,108 [INFO] CodeEngine:265 - oldGeneratedFile, C:\STM32_projekti\STM32G491-FOC_Motor_Control\STM32G491-FOC_Motor_Control\PWM_output\Core\Src\stm32g4xx_hal_msp.c_save
2026-01-16 14:19:03,261 [INFO] CodeEngine:289 - Generated code: C:\STM32_projekti\STM32G491-FOC_Motor_Control\STM32G491-FOC_Motor_Control\PWM_output\Core\Src\stm32g4xx_hal_msp.c
2026-01-16 14:19:03,267 [INFO] CodeEngine:265 - oldGeneratedFile, C:\STM32_projekti\STM32G491-FOC_Motor_Control\STM32G491-FOC_Motor_Control\PWM_output\MXTmpFiles\system.tmp_save
2026-01-16 14:19:03,366 [INFO] CodeEngine:289 - Generated code: C:\STM32_projekti\STM32G491-FOC_Motor_Control\STM32G491-FOC_Motor_Control\PWM_output\MXTmpFiles\system.tmp
2026-01-16 14:19:03,386 [INFO] CodeEngine:321 - oldGeneratedFile, C:\STM32_projekti\STM32G491-FOC_Motor_Control\STM32G491-FOC_Motor_Control\PWM_output\Core\Inc\stm32g4xx_hal_conf.h_save
2026-01-16 14:19:03,498 [INFO] CodeEngine:345 - Generated code: C:\STM32_projekti\STM32G491-FOC_Motor_Control\STM32G491-FOC_Motor_Control\PWM_output\Core\Inc\stm32g4xx_hal_conf.h
2026-01-16 14:19:03,526 [WARN] IPConfigManager:3238 - Warning: the RefConfig RCC_CommonPeriphClockConfig is not available in your config.xml file
2026-01-16 14:19:03,530 [WARN] IPConfigManager:3811 - IP not found : TIM
2026-01-16 14:19:03,532 [WARN] CodeGenerator:4259 - IP not found : null
2026-01-16 14:19:03,546 [INFO] CodeEngine:265 - oldGeneratedFile, C:\STM32_projekti\STM32G491-FOC_Motor_Control\STM32G491-FOC_Motor_Control\PWM_output\Core\Inc\main.h_save
2026-01-16 14:19:03,649 [INFO] CodeEngine:289 - Generated code: C:\STM32_projekti\STM32G491-FOC_Motor_Control\STM32G491-FOC_Motor_Control\PWM_output\Core\Inc\main.h
2026-01-16 14:19:03,660 [INFO] CodeEngine:265 - oldGeneratedFile, C:\STM32_projekti\STM32G491-FOC_Motor_Control\STM32G491-FOC_Motor_Control\PWM_output\Core\Src\main.c_save
2026-01-16 14:19:03,808 [INFO] CodeEngine:289 - Generated code: C:\STM32_projekti\STM32G491-FOC_Motor_Control\STM32G491-FOC_Motor_Control\PWM_output\Core\Src\main.c
2026-01-16 14:19:04,310 [INFO] ProjectBuilder:3606 - Time for Copy HAL[1] : 228mS.
2026-01-16 14:19:04,314 [INFO] ProjectBuilder:5216 - Project Generator version: 4.7.0-B52
2026-01-16 14:19:04,395 [INFO] ConfigFileManager:1595 - The Die is : DIE479
2026-01-16 14:19:05,424 [INFO] ProjectBuilder:5496 - Time for Generating toolchain IDE Files: 1110mS.
2026-01-16 14:19:05,425 [INFO] ProjectBuilder:3463 - Time for Copy CMSIS : 0mS.
2026-01-16 14:19:05,434 [INFO] ProjectBuilder:3463 - Time for Copy CMSIS : 0mS.
2026-01-16 14:20:05,876 [INFO] NvicIntPanel:101 - NVIC parent = com.st.microxplorer.plugins.ip.nvic.MultiNvicIntPanel[,0,0,0x0,invalid,layout=javax.swing.BoxLayout,alignmentX=0.0,alignmentY=0.0,border=,flags=9,maximumSize=,minimumSize=,preferredSize=]
2026-01-16 14:35:49,397 [INFO] NvicIntPanel:101 - NVIC parent = com.st.microxplorer.plugins.ip.nvic.MultiNvicIntPanel[,0,0,0x0,invalid,layout=javax.swing.BoxLayout,alignmentX=0.0,alignmentY=0.0,border=,flags=9,maximumSize=,minimumSize=,preferredSize=]
2026-01-16 14:35:52,067 [INFO] NvicIntPanel:101 - NVIC parent = com.st.microxplorer.plugins.ip.nvic.MultiNvicIntPanel[,0,0,0x0,invalid,layout=javax.swing.BoxLayout,alignmentX=0.0,alignmentY=0.0,border=,flags=9,maximumSize=,minimumSize=,preferredSize=]
2026-01-16 14:35:59,708 [INFO] NvicIntPanel:101 - NVIC parent = com.st.microxplorer.plugins.ip.nvic.MultiNvicIntPanel[,0,0,0x0,invalid,layout=javax.swing.BoxLayout,alignmentX=0.0,alignmentY=0.0,border=,flags=9,maximumSize=,minimumSize=,preferredSize=]
2026-01-16 14:36:01,186 [INFO] UtilMem:75 - End SaveConfig() Used Memory: 1008799992 Bytes (1073741824)
2026-01-16 14:36:02,271 [INFO] UtilMem:75 - End SaveConfig() Used Memory: 808809672 Bytes (1073741824)
2026-01-16 14:36:02,929 [INFO] UtilMem:75 - End SaveConfig() Used Memory: 846558408 Bytes (1073741824)
2026-01-16 14:36:03,218 [INFO] BlockDiagram:2775 - set Specific Code input for plugin: TIM1_8G4
2026-01-16 14:36:03,218 [INFO] BlockDiagram:2775 - set Specific Code input for plugin: TIM1_8G4
2026-01-16 14:36:03,219 [INFO] BlockDiagram:2775 - set Specific Code input for plugin: SYS
2026-01-16 14:36:03,219 [INFO] BlockDiagram:2775 - set Specific Code input for plugin: ADC
2026-01-16 14:36:03,219 [INFO] BlockDiagram:2775 - set Specific Code input for plugin: RCC
2026-01-16 14:36:03,219 [INFO] BlockDiagram:2775 - set Specific Code input for plugin: NVIC
2026-01-16 14:36:03,219 [INFO] BlockDiagram:2775 - set Specific Code input for plugin: USART
2026-01-16 14:36:03,219 [INFO] BlockDiagram:2775 - set Specific Code input for plugin: DMA
2026-01-16 14:36:03,219 [INFO] BlockDiagram:2775 - set Specific Code input for plugin: GPIO
2026-01-16 14:36:03,220 [INFO] CodeGenerator:892 - code generatio: config db path: C:\ST\STM32CubeIDE_1.19.0\STM32CubeIDE\plugins\com.st.stm32cube.common.mx_6.15.0.202507011659\\db\
2026-01-16 14:36:03,226 [INFO] Argument:325 - Argument : hdmavalue: null
2026-01-16 14:36:03,227 [INFO] Argument:327 - 	 sub Args: 
2026-01-16 14:36:03,227 [INFO] Argument:325 - Argument : Instancevalue: DMA1_Channel1
2026-01-16 14:36:03,227 [INFO] Argument:335 - Argument : Instancevalue: DMA1_Channel1
2026-01-16 14:36:03,227 [INFO] Argument:325 - Argument : Initvalue: null
2026-01-16 14:36:03,227 [INFO] Argument:327 - 	 sub Args: 
2026-01-16 14:36:03,227 [INFO] Argument:325 - Argument : Requestvalue: DMA_REQUEST_ADC1
2026-01-16 14:36:03,227 [INFO] Argument:335 - Argument : Requestvalue: DMA_REQUEST_ADC1
2026-01-16 14:36:03,227 [INFO] Argument:325 - Argument : Directionvalue: DMA_PERIPH_TO_MEMORY
2026-01-16 14:36:03,227 [INFO] Argument:335 - Argument : Directionvalue: DMA_PERIPH_TO_MEMORY
2026-01-16 14:36:03,227 [INFO] Argument:325 - Argument : PeriphIncvalue: DMA_PINC_DISABLE
2026-01-16 14:36:03,227 [INFO] Argument:335 - Argument : PeriphIncvalue: DMA_PINC_DISABLE
2026-01-16 14:36:03,227 [INFO] Argument:325 - Argument : MemIncvalue: DMA_MINC_ENABLE
2026-01-16 14:36:03,227 [INFO] Argument:335 - Argument : MemIncvalue: DMA_MINC_ENABLE
2026-01-16 14:36:03,227 [INFO] Argument:325 - Argument : PeriphDataAlignmentvalue: DMA_PDATAALIGN_HALFWORD
2026-01-16 14:36:03,228 [INFO] Argument:335 - Argument : PeriphDataAlignmentvalue: DMA_PDATAALIGN_HALFWORD
2026-01-16 14:36:03,228 [INFO] Argument:325 - Argument : MemDataAlignmentvalue: DMA_MDATAALIGN_WORD
2026-01-16 14:36:03,228 [INFO] Argument:335 - Argument : MemDataAlignmentvalue: DMA_MDATAALIGN_WORD
2026-01-16 14:36:03,228 [INFO] Argument:325 - Argument : Modevalue: DMA_CIRCULAR
2026-01-16 14:36:03,228 [INFO] Argument:335 - Argument : Modevalue: DMA_CIRCULAR
2026-01-16 14:36:03,228 [INFO] Argument:325 - Argument : Priorityvalue: DMA_PRIORITY_LOW
2026-01-16 14:36:03,228 [INFO] Argument:335 - Argument : Priorityvalue: DMA_PRIORITY_LOW
2026-01-16 14:36:03,228 [INFO] Argument:325 - Argument : Lockvalue: null
2026-01-16 14:36:03,228 [INFO] Argument:335 - Argument : Lockvalue: null
2026-01-16 14:36:03,228 [INFO] Argument:325 - Argument : Statevalue: null
2026-01-16 14:36:03,228 [INFO] Argument:335 - Argument : Statevalue: null
2026-01-16 14:36:03,228 [INFO] Argument:325 - Argument : Parentvalue: null
2026-01-16 14:36:03,228 [INFO] Argument:335 - Argument : Parentvalue: null
2026-01-16 14:36:03,228 [INFO] Argument:325 - Argument : XferCpltCallbackvalue: null
2026-01-16 14:36:03,228 [INFO] Argument:335 - Argument : XferCpltCallbackvalue: null
2026-01-16 14:36:03,228 [INFO] Argument:325 - Argument : XferHalfCpltCallbackvalue: null
2026-01-16 14:36:03,228 [INFO] Argument:335 - Argument : XferHalfCpltCallbackvalue: null
2026-01-16 14:36:03,228 [INFO] Argument:325 - Argument : XferErrorCallbackvalue: null
2026-01-16 14:36:03,228 [INFO] Argument:335 - Argument : XferErrorCallbackvalue: null
2026-01-16 14:36:03,228 [INFO] Argument:325 - Argument : XferAbortCallbackvalue: null
2026-01-16 14:36:03,228 [INFO] Argument:335 - Argument : XferAbortCallbackvalue: null
2026-01-16 14:36:03,228 [INFO] Argument:325 - Argument : ErrorCodevalue: null
2026-01-16 14:36:03,228 [INFO] Argument:335 - Argument : ErrorCodevalue: null
2026-01-16 14:36:03,229 [INFO] Argument:325 - Argument : ChannelIndexvalue: null
2026-01-16 14:36:03,229 [INFO] Argument:335 - Argument : ChannelIndexvalue: null
2026-01-16 14:36:03,229 [INFO] Argument:325 - Argument : DMAmuxChannelvalue: null
2026-01-16 14:36:03,229 [INFO] Argument:335 - Argument : DMAmuxChannelvalue: null
2026-01-16 14:36:03,229 [INFO] Argument:325 - Argument : DMAmuxChannelStatusvalue: null
2026-01-16 14:36:03,229 [INFO] Argument:335 - Argument : DMAmuxChannelStatusvalue: null
2026-01-16 14:36:03,229 [INFO] Argument:325 - Argument : DMAmuxChannelStatusMaskvalue: null
2026-01-16 14:36:03,229 [INFO] Argument:335 - Argument : DMAmuxChannelStatusMaskvalue: null
2026-01-16 14:36:03,229 [INFO] Argument:325 - Argument : DMAmuxRequestGenvalue: null
2026-01-16 14:36:03,229 [INFO] Argument:335 - Argument : DMAmuxRequestGenvalue: null
2026-01-16 14:36:03,229 [INFO] Argument:325 - Argument : DMAmuxRequestGenStatusvalue: null
2026-01-16 14:36:03,229 [INFO] Argument:335 - Argument : DMAmuxRequestGenStatusvalue: null
2026-01-16 14:36:03,229 [INFO] Argument:325 - Argument : DMAmuxRequestGenStatusMaskvalue: null
2026-01-16 14:36:03,229 [INFO] Argument:335 - Argument : DMAmuxRequestGenStatusMaskvalue: null
2026-01-16 14:36:03,348 [INFO] CodeEngine:265 - oldGeneratedFile, C:\STM32_projekti\STM32G491-FOC_Motor_Control\STM32G491-FOC_Motor_Control\PWM_output\MXTmpFiles\license.tmp_save
2026-01-16 14:36:03,454 [INFO] CodeEngine:289 - Generated code: C:\STM32_projekti\STM32G491-FOC_Motor_Control\STM32G491-FOC_Motor_Control\PWM_output\MXTmpFiles\license.tmp
2026-01-16 14:36:03,511 [INFO] CodeEngine:265 - oldGeneratedFile, C:\STM32_projekti\STM32G491-FOC_Motor_Control\STM32G491-FOC_Motor_Control\PWM_output\MXTmpFiles\gpio.tmp_save
2026-01-16 14:36:03,591 [INFO] CodeEngine:289 - Generated code: C:\STM32_projekti\STM32G491-FOC_Motor_Control\STM32G491-FOC_Motor_Control\PWM_output\MXTmpFiles\gpio.tmp
2026-01-16 14:36:04,064 [INFO] CodeEngine:265 - oldGeneratedFile, C:\STM32_projekti\STM32G491-FOC_Motor_Control\STM32G491-FOC_Motor_Control\PWM_output\MXTmpFiles\dma.tmp_save
2026-01-16 14:36:04,145 [INFO] CodeEngine:289 - Generated code: C:\STM32_projekti\STM32G491-FOC_Motor_Control\STM32G491-FOC_Motor_Control\PWM_output\MXTmpFiles\dma.tmp
2026-01-16 14:36:04,152 [INFO] CodeEngine:265 - oldGeneratedFile, C:\STM32_projekti\STM32G491-FOC_Motor_Control\STM32G491-FOC_Motor_Control\PWM_output\MXTmpFiles\dma_GV.tmp_save
2026-01-16 14:36:04,221 [INFO] CodeEngine:289 - Generated code: C:\STM32_projekti\STM32G491-FOC_Motor_Control\STM32G491-FOC_Motor_Control\PWM_output\MXTmpFiles\dma_GV.tmp
2026-01-16 14:36:04,243 [INFO] CodeEngine:265 - oldGeneratedFile, C:\STM32_projekti\STM32G491-FOC_Motor_Control\STM32G491-FOC_Motor_Control\PWM_output\Core\Src\stm32g4xx_it.c_save
2026-01-16 14:36:04,462 [INFO] CodeEngine:289 - Generated code: C:\STM32_projekti\STM32G491-FOC_Motor_Control\STM32G491-FOC_Motor_Control\PWM_output\Core\Src\stm32g4xx_it.c
2026-01-16 14:36:04,470 [INFO] CodeEngine:265 - oldGeneratedFile, C:\STM32_projekti\STM32G491-FOC_Motor_Control\STM32G491-FOC_Motor_Control\PWM_output\Core\Inc\stm32g4xx_it.h_save
2026-01-16 14:36:04,556 [INFO] CodeEngine:289 - Generated code: C:\STM32_projekti\STM32G491-FOC_Motor_Control\STM32G491-FOC_Motor_Control\PWM_output\Core\Inc\stm32g4xx_it.h
2026-01-16 14:36:04,577 [INFO] CodeEngine:265 - oldGeneratedFile, C:\STM32_projekti\STM32G491-FOC_Motor_Control\STM32G491-FOC_Motor_Control\PWM_output\Core\Src\stm32g4xx_hal_msp.c_save
2026-01-16 14:36:04,696 [INFO] CodeEngine:289 - Generated code: C:\STM32_projekti\STM32G491-FOC_Motor_Control\STM32G491-FOC_Motor_Control\PWM_output\Core\Src\stm32g4xx_hal_msp.c
2026-01-16 14:36:04,702 [INFO] CodeEngine:265 - oldGeneratedFile, C:\STM32_projekti\STM32G491-FOC_Motor_Control\STM32G491-FOC_Motor_Control\PWM_output\MXTmpFiles\system.tmp_save
2026-01-16 14:36:04,751 [INFO] CodeEngine:289 - Generated code: C:\STM32_projekti\STM32G491-FOC_Motor_Control\STM32G491-FOC_Motor_Control\PWM_output\MXTmpFiles\system.tmp
2026-01-16 14:36:04,764 [INFO] CodeEngine:321 - oldGeneratedFile, C:\STM32_projekti\STM32G491-FOC_Motor_Control\STM32G491-FOC_Motor_Control\PWM_output\Core\Inc\stm32g4xx_hal_conf.h_save
2026-01-16 14:36:04,819 [INFO] CodeEngine:345 - Generated code: C:\STM32_projekti\STM32G491-FOC_Motor_Control\STM32G491-FOC_Motor_Control\PWM_output\Core\Inc\stm32g4xx_hal_conf.h
2026-01-16 14:36:04,834 [WARN] IPConfigManager:3238 - Warning: the RefConfig RCC_CommonPeriphClockConfig is not available in your config.xml file
2026-01-16 14:36:04,836 [WARN] IPConfigManager:3811 - IP not found : TIM
2026-01-16 14:36:04,836 [WARN] CodeGenerator:4259 - IP not found : null
2026-01-16 14:36:04,846 [INFO] CodeEngine:265 - oldGeneratedFile, C:\STM32_projekti\STM32G491-FOC_Motor_Control\STM32G491-FOC_Motor_Control\PWM_output\Core\Inc\main.h_save
2026-01-16 14:36:04,922 [INFO] CodeEngine:289 - Generated code: C:\STM32_projekti\STM32G491-FOC_Motor_Control\STM32G491-FOC_Motor_Control\PWM_output\Core\Inc\main.h
2026-01-16 14:36:04,929 [INFO] CodeEngine:265 - oldGeneratedFile, C:\STM32_projekti\STM32G491-FOC_Motor_Control\STM32G491-FOC_Motor_Control\PWM_output\Core\Src\main.c_save
2026-01-16 14:36:05,032 [INFO] CodeEngine:289 - Generated code: C:\STM32_projekti\STM32G491-FOC_Motor_Control\STM32G491-FOC_Motor_Control\PWM_output\Core\Src\main.c
2026-01-16 14:36:05,387 [INFO] ProjectBuilder:3606 - Time for Copy HAL[1] : 199mS.
2026-01-16 14:36:05,391 [INFO] ProjectBuilder:5216 - Project Generator version: 4.7.0-B52
2026-01-16 14:36:05,467 [INFO] ConfigFileManager:1595 - The Die is : DIE479
2026-01-16 14:36:06,490 [INFO] ProjectBuilder:5496 - Time for Generating toolchain IDE Files: 1098mS.
2026-01-16 14:36:06,491 [INFO] ProjectBuilder:3463 - Time for Copy CMSIS : 1mS.
2026-01-16 14:36:06,499 [INFO] ProjectBuilder:3463 - Time for Copy CMSIS : 0mS.
2026-01-16 14:40:39,876 [INFO] WebApp:194 - Connection lost
2026-01-16 14:42:52,402 [INFO] WebApp:191 - Connection restablished
2026-01-16 14:42:54,309 [INFO] WebApp:194 - Connection lost
2026-01-16 14:42:54,451 [INFO] WebApp:191 - Connection restablished
2026-01-16 14:46:37,137 [INFO] NvicIntPanel:101 - NVIC parent = com.st.microxplorer.plugins.ip.nvic.MultiNvicIntPanel[,0,0,0x0,invalid,layout=javax.swing.BoxLayout,alignmentX=0.0,alignmentY=0.0,border=,flags=9,maximumSize=,minimumSize=,preferredSize=]
2026-01-16 14:46:38,786 [INFO] NvicIntPanel:101 - NVIC parent = com.st.microxplorer.plugins.ip.nvic.MultiNvicIntPanel[,0,0,0x0,invalid,layout=javax.swing.BoxLayout,alignmentX=0.0,alignmentY=0.0,border=,flags=9,maximumSize=,minimumSize=,preferredSize=]
2026-01-16 14:46:49,532 [INFO] NvicIntPanel:101 - NVIC parent = com.st.microxplorer.plugins.ip.nvic.MultiNvicIntPanel[,0,0,0x0,invalid,layout=javax.swing.BoxLayout,alignmentX=0.0,alignmentY=0.0,border=,flags=9,maximumSize=,minimumSize=,preferredSize=]
2026-01-16 14:47:06,915 [INFO] NvicIntPanel:101 - NVIC parent = com.st.microxplorer.plugins.ip.nvic.MultiNvicIntPanel[,0,0,0x0,invalid,layout=javax.swing.BoxLayout,alignmentX=0.0,alignmentY=0.0,border=,flags=9,maximumSize=,minimumSize=,preferredSize=]
2026-01-16 14:47:15,230 [INFO] NvicIntPanel:101 - NVIC parent = com.st.microxplorer.plugins.ip.nvic.MultiNvicIntPanel[,0,0,0x0,invalid,layout=javax.swing.BoxLayout,alignmentX=0.0,alignmentY=0.0,border=,flags=9,maximumSize=,minimumSize=,preferredSize=]
2026-01-16 14:48:17,499 [INFO] UtilMem:75 - End SaveConfig() Used Memory: 804865976 Bytes (1073741824)
2026-01-16 14:48:19,211 [INFO] UtilMem:75 - End SaveConfig() Used Memory: 829509560 Bytes (1073741824)
2026-01-16 14:48:19,885 [INFO] UtilMem:75 - End SaveConfig() Used Memory: 867258296 Bytes (1073741824)
2026-01-16 14:48:20,230 [INFO] BlockDiagram:2775 - set Specific Code input for plugin: TIM1_8G4
2026-01-16 14:48:20,230 [INFO] BlockDiagram:2775 - set Specific Code input for plugin: TIM1_8G4
2026-01-16 14:48:20,230 [INFO] BlockDiagram:2775 - set Specific Code input for plugin: SYS
2026-01-16 14:48:20,230 [INFO] BlockDiagram:2775 - set Specific Code input for plugin: ADC
2026-01-16 14:48:20,230 [INFO] BlockDiagram:2775 - set Specific Code input for plugin: RCC
2026-01-16 14:48:20,230 [INFO] BlockDiagram:2775 - set Specific Code input for plugin: NVIC
2026-01-16 14:48:20,230 [INFO] BlockDiagram:2775 - set Specific Code input for plugin: USART
2026-01-16 14:48:20,230 [INFO] BlockDiagram:2775 - set Specific Code input for plugin: DMA
2026-01-16 14:48:20,231 [INFO] BlockDiagram:2775 - set Specific Code input for plugin: GPIO
2026-01-16 14:48:20,232 [INFO] CodeGenerator:892 - code generatio: config db path: C:\ST\STM32CubeIDE_1.19.0\STM32CubeIDE\plugins\com.st.stm32cube.common.mx_6.15.0.202507011659\\db\
2026-01-16 14:48:20,242 [INFO] Argument:325 - Argument : hdmavalue: null
2026-01-16 14:48:20,242 [INFO] Argument:327 - 	 sub Args: 
2026-01-16 14:48:20,242 [INFO] Argument:325 - Argument : Instancevalue: DMA1_Channel1
2026-01-16 14:48:20,242 [INFO] Argument:335 - Argument : Instancevalue: DMA1_Channel1
2026-01-16 14:48:20,242 [INFO] Argument:325 - Argument : Initvalue: null
2026-01-16 14:48:20,242 [INFO] Argument:327 - 	 sub Args: 
2026-01-16 14:48:20,242 [INFO] Argument:325 - Argument : Requestvalue: DMA_REQUEST_ADC1
2026-01-16 14:48:20,242 [INFO] Argument:335 - Argument : Requestvalue: DMA_REQUEST_ADC1
2026-01-16 14:48:20,242 [INFO] Argument:325 - Argument : Directionvalue: DMA_PERIPH_TO_MEMORY
2026-01-16 14:48:20,242 [INFO] Argument:335 - Argument : Directionvalue: DMA_PERIPH_TO_MEMORY
2026-01-16 14:48:20,242 [INFO] Argument:325 - Argument : PeriphIncvalue: DMA_PINC_DISABLE
2026-01-16 14:48:20,242 [INFO] Argument:335 - Argument : PeriphIncvalue: DMA_PINC_DISABLE
2026-01-16 14:48:20,242 [INFO] Argument:325 - Argument : MemIncvalue: DMA_MINC_ENABLE
2026-01-16 14:48:20,242 [INFO] Argument:335 - Argument : MemIncvalue: DMA_MINC_ENABLE
2026-01-16 14:48:20,243 [INFO] Argument:325 - Argument : PeriphDataAlignmentvalue: DMA_PDATAALIGN_HALFWORD
2026-01-16 14:48:20,243 [INFO] Argument:335 - Argument : PeriphDataAlignmentvalue: DMA_PDATAALIGN_HALFWORD
2026-01-16 14:48:20,243 [INFO] Argument:325 - Argument : MemDataAlignmentvalue: DMA_MDATAALIGN_WORD
2026-01-16 14:48:20,243 [INFO] Argument:335 - Argument : MemDataAlignmentvalue: DMA_MDATAALIGN_WORD
2026-01-16 14:48:20,243 [INFO] Argument:325 - Argument : Modevalue: DMA_CIRCULAR
2026-01-16 14:48:20,243 [INFO] Argument:335 - Argument : Modevalue: DMA_CIRCULAR
2026-01-16 14:48:20,243 [INFO] Argument:325 - Argument : Priorityvalue: DMA_PRIORITY_LOW
2026-01-16 14:48:20,243 [INFO] Argument:335 - Argument : Priorityvalue: DMA_PRIORITY_LOW
2026-01-16 14:48:20,243 [INFO] Argument:325 - Argument : Lockvalue: null
2026-01-16 14:48:20,243 [INFO] Argument:335 - Argument : Lockvalue: null
2026-01-16 14:48:20,243 [INFO] Argument:325 - Argument : Statevalue: null
2026-01-16 14:48:20,243 [INFO] Argument:335 - Argument : Statevalue: null
2026-01-16 14:48:20,243 [INFO] Argument:325 - Argument : Parentvalue: null
2026-01-16 14:48:20,243 [INFO] Argument:335 - Argument : Parentvalue: null
2026-01-16 14:48:20,243 [INFO] Argument:325 - Argument : XferCpltCallbackvalue: null
2026-01-16 14:48:20,243 [INFO] Argument:335 - Argument : XferCpltCallbackvalue: null
2026-01-16 14:48:20,243 [INFO] Argument:325 - Argument : XferHalfCpltCallbackvalue: null
2026-01-16 14:48:20,243 [INFO] Argument:335 - Argument : XferHalfCpltCallbackvalue: null
2026-01-16 14:48:20,243 [INFO] Argument:325 - Argument : XferErrorCallbackvalue: null
2026-01-16 14:48:20,243 [INFO] Argument:335 - Argument : XferErrorCallbackvalue: null
2026-01-16 14:48:20,244 [INFO] Argument:325 - Argument : XferAbortCallbackvalue: null
2026-01-16 14:48:20,244 [INFO] Argument:335 - Argument : XferAbortCallbackvalue: null
2026-01-16 14:48:20,244 [INFO] Argument:325 - Argument : ErrorCodevalue: null
2026-01-16 14:48:20,244 [INFO] Argument:335 - Argument : ErrorCodevalue: null
2026-01-16 14:48:20,244 [INFO] Argument:325 - Argument : ChannelIndexvalue: null
2026-01-16 14:48:20,244 [INFO] Argument:335 - Argument : ChannelIndexvalue: null
2026-01-16 14:48:20,244 [INFO] Argument:325 - Argument : DMAmuxChannelvalue: null
2026-01-16 14:48:20,244 [INFO] Argument:335 - Argument : DMAmuxChannelvalue: null
2026-01-16 14:48:20,244 [INFO] Argument:325 - Argument : DMAmuxChannelStatusvalue: null
2026-01-16 14:48:20,244 [INFO] Argument:335 - Argument : DMAmuxChannelStatusvalue: null
2026-01-16 14:48:20,244 [INFO] Argument:325 - Argument : DMAmuxChannelStatusMaskvalue: null
2026-01-16 14:48:20,244 [INFO] Argument:335 - Argument : DMAmuxChannelStatusMaskvalue: null
2026-01-16 14:48:20,244 [INFO] Argument:325 - Argument : DMAmuxRequestGenvalue: null
2026-01-16 14:48:20,244 [INFO] Argument:335 - Argument : DMAmuxRequestGenvalue: null
2026-01-16 14:48:20,244 [INFO] Argument:325 - Argument : DMAmuxRequestGenStatusvalue: null
2026-01-16 14:48:20,244 [INFO] Argument:335 - Argument : DMAmuxRequestGenStatusvalue: null
2026-01-16 14:48:20,244 [INFO] Argument:325 - Argument : DMAmuxRequestGenStatusMaskvalue: null
2026-01-16 14:48:20,244 [INFO] Argument:335 - Argument : DMAmuxRequestGenStatusMaskvalue: null
2026-01-16 14:48:20,388 [INFO] CodeEngine:265 - oldGeneratedFile, C:\STM32_projekti\STM32G491-FOC_Motor_Control\STM32G491-FOC_Motor_Control\PWM_output\MXTmpFiles\license.tmp_save
2026-01-16 14:48:20,471 [INFO] CodeEngine:289 - Generated code: C:\STM32_projekti\STM32G491-FOC_Motor_Control\STM32G491-FOC_Motor_Control\PWM_output\MXTmpFiles\license.tmp
2026-01-16 14:48:20,575 [INFO] CodeEngine:265 - oldGeneratedFile, C:\STM32_projekti\STM32G491-FOC_Motor_Control\STM32G491-FOC_Motor_Control\PWM_output\MXTmpFiles\gpio.tmp_save
2026-01-16 14:48:20,719 [INFO] CodeEngine:289 - Generated code: C:\STM32_projekti\STM32G491-FOC_Motor_Control\STM32G491-FOC_Motor_Control\PWM_output\MXTmpFiles\gpio.tmp
2026-01-16 14:48:21,224 [INFO] CodeEngine:265 - oldGeneratedFile, C:\STM32_projekti\STM32G491-FOC_Motor_Control\STM32G491-FOC_Motor_Control\PWM_output\MXTmpFiles\dma.tmp_save
2026-01-16 14:48:21,302 [INFO] CodeEngine:289 - Generated code: C:\STM32_projekti\STM32G491-FOC_Motor_Control\STM32G491-FOC_Motor_Control\PWM_output\MXTmpFiles\dma.tmp
2026-01-16 14:48:21,309 [INFO] CodeEngine:265 - oldGeneratedFile, C:\STM32_projekti\STM32G491-FOC_Motor_Control\STM32G491-FOC_Motor_Control\PWM_output\MXTmpFiles\dma_GV.tmp_save
2026-01-16 14:48:21,391 [INFO] CodeEngine:289 - Generated code: C:\STM32_projekti\STM32G491-FOC_Motor_Control\STM32G491-FOC_Motor_Control\PWM_output\MXTmpFiles\dma_GV.tmp
2026-01-16 14:48:21,419 [INFO] CodeEngine:265 - oldGeneratedFile, C:\STM32_projekti\STM32G491-FOC_Motor_Control\STM32G491-FOC_Motor_Control\PWM_output\Core\Src\stm32g4xx_it.c_save
2026-01-16 14:48:21,655 [INFO] CodeEngine:289 - Generated code: C:\STM32_projekti\STM32G491-FOC_Motor_Control\STM32G491-FOC_Motor_Control\PWM_output\Core\Src\stm32g4xx_it.c
2026-01-16 14:48:21,666 [INFO] CodeEngine:265 - oldGeneratedFile, C:\STM32_projekti\STM32G491-FOC_Motor_Control\STM32G491-FOC_Motor_Control\PWM_output\Core\Inc\stm32g4xx_it.h_save
2026-01-16 14:48:21,733 [INFO] CodeEngine:289 - Generated code: C:\STM32_projekti\STM32G491-FOC_Motor_Control\STM32G491-FOC_Motor_Control\PWM_output\Core\Inc\stm32g4xx_it.h
2026-01-16 14:48:21,754 [INFO] CodeEngine:265 - oldGeneratedFile, C:\STM32_projekti\STM32G491-FOC_Motor_Control\STM32G491-FOC_Motor_Control\PWM_output\Core\Src\stm32g4xx_hal_msp.c_save
2026-01-16 14:48:21,877 [INFO] CodeEngine:289 - Generated code: C:\STM32_projekti\STM32G491-FOC_Motor_Control\STM32G491-FOC_Motor_Control\PWM_output\Core\Src\stm32g4xx_hal_msp.c
2026-01-16 14:48:21,884 [INFO] CodeEngine:265 - oldGeneratedFile, C:\STM32_projekti\STM32G491-FOC_Motor_Control\STM32G491-FOC_Motor_Control\PWM_output\MXTmpFiles\system.tmp_save
2026-01-16 14:48:22,061 [INFO] CodeEngine:289 - Generated code: C:\STM32_projekti\STM32G491-FOC_Motor_Control\STM32G491-FOC_Motor_Control\PWM_output\MXTmpFiles\system.tmp
2026-01-16 14:48:22,086 [INFO] CodeEngine:321 - oldGeneratedFile, C:\STM32_projekti\STM32G491-FOC_Motor_Control\STM32G491-FOC_Motor_Control\PWM_output\Core\Inc\stm32g4xx_hal_conf.h_save
2026-01-16 14:48:22,251 [INFO] CodeEngine:345 - Generated code: C:\STM32_projekti\STM32G491-FOC_Motor_Control\STM32G491-FOC_Motor_Control\PWM_output\Core\Inc\stm32g4xx_hal_conf.h
2026-01-16 14:48:22,275 [WARN] IPConfigManager:3238 - Warning: the RefConfig RCC_CommonPeriphClockConfig is not available in your config.xml file
2026-01-16 14:48:22,278 [WARN] IPConfigManager:3811 - IP not found : TIM
2026-01-16 14:48:22,279 [WARN] CodeGenerator:4259 - IP not found : null
2026-01-16 14:48:22,292 [INFO] CodeEngine:265 - oldGeneratedFile, C:\STM32_projekti\STM32G491-FOC_Motor_Control\STM32G491-FOC_Motor_Control\PWM_output\Core\Inc\main.h_save
2026-01-16 14:48:22,392 [INFO] CodeEngine:289 - Generated code: C:\STM32_projekti\STM32G491-FOC_Motor_Control\STM32G491-FOC_Motor_Control\PWM_output\Core\Inc\main.h
2026-01-16 14:48:22,400 [INFO] CodeEngine:265 - oldGeneratedFile, C:\STM32_projekti\STM32G491-FOC_Motor_Control\STM32G491-FOC_Motor_Control\PWM_output\Core\Src\main.c_save
2026-01-16 14:48:22,518 [INFO] CodeEngine:289 - Generated code: C:\STM32_projekti\STM32G491-FOC_Motor_Control\STM32G491-FOC_Motor_Control\PWM_output\Core\Src\main.c
2026-01-16 14:48:22,996 [INFO] ProjectBuilder:3606 - Time for Copy HAL[1] : 235mS.
2026-01-16 14:48:23,000 [INFO] ProjectBuilder:5216 - Project Generator version: 4.7.0-B52
2026-01-16 14:48:23,085 [INFO] ConfigFileManager:1595 - The Die is : DIE479
2026-01-16 14:48:24,147 [INFO] ProjectBuilder:5496 - Time for Generating toolchain IDE Files: 1147mS.
2026-01-16 14:48:24,148 [INFO] ProjectBuilder:3463 - Time for Copy CMSIS : 1mS.
2026-01-16 14:48:24,158 [INFO] ProjectBuilder:3463 - Time for Copy CMSIS : 0mS.
2026-01-16 14:49:31,419 [INFO] NvicIntPanel:101 - NVIC parent = com.st.microxplorer.plugins.ip.nvic.MultiNvicIntPanel[,0,0,0x0,invalid,layout=javax.swing.BoxLayout,alignmentX=0.0,alignmentY=0.0,border=,flags=9,maximumSize=,minimumSize=,preferredSize=]
2026-01-16 14:49:32,122 [INFO] UtilMem:75 - End SaveConfig() Used Memory: 831870144 Bytes (1073741824)
2026-01-16 14:49:33,097 [INFO] UtilMem:75 - End SaveConfig() Used Memory: 855465152 Bytes (1073741824)
2026-01-16 14:49:33,727 [INFO] UtilMem:75 - End SaveConfig() Used Memory: 892687552 Bytes (1073741824)
2026-01-16 14:49:34,017 [INFO] BlockDiagram:2775 - set Specific Code input for plugin: TIM1_8G4
2026-01-16 14:49:34,017 [INFO] BlockDiagram:2775 - set Specific Code input for plugin: TIM1_8G4
2026-01-16 14:49:34,017 [INFO] BlockDiagram:2775 - set Specific Code input for plugin: SYS
2026-01-16 14:49:34,017 [INFO] BlockDiagram:2775 - set Specific Code input for plugin: ADC
2026-01-16 14:49:34,017 [INFO] BlockDiagram:2775 - set Specific Code input for plugin: RCC
2026-01-16 14:49:34,017 [INFO] BlockDiagram:2775 - set Specific Code input for plugin: NVIC
2026-01-16 14:49:34,017 [INFO] BlockDiagram:2775 - set Specific Code input for plugin: USART
2026-01-16 14:49:34,017 [INFO] BlockDiagram:2775 - set Specific Code input for plugin: DMA
2026-01-16 14:49:34,018 [INFO] BlockDiagram:2775 - set Specific Code input for plugin: GPIO
2026-01-16 14:49:34,020 [INFO] CodeGenerator:892 - code generatio: config db path: C:\ST\STM32CubeIDE_1.19.0\STM32CubeIDE\plugins\com.st.stm32cube.common.mx_6.15.0.202507011659\\db\
2026-01-16 14:49:34,029 [INFO] Argument:325 - Argument : hdmavalue: null
2026-01-16 14:49:34,029 [INFO] Argument:327 - 	 sub Args: 
2026-01-16 14:49:34,029 [INFO] Argument:325 - Argument : Instancevalue: DMA1_Channel1
2026-01-16 14:49:34,029 [INFO] Argument:335 - Argument : Instancevalue: DMA1_Channel1
2026-01-16 14:49:34,029 [INFO] Argument:325 - Argument : Initvalue: null
2026-01-16 14:49:34,029 [INFO] Argument:327 - 	 sub Args: 
2026-01-16 14:49:34,029 [INFO] Argument:325 - Argument : Requestvalue: DMA_REQUEST_ADC1
2026-01-16 14:49:34,029 [INFO] Argument:335 - Argument : Requestvalue: DMA_REQUEST_ADC1
2026-01-16 14:49:34,029 [INFO] Argument:325 - Argument : Directionvalue: DMA_PERIPH_TO_MEMORY
2026-01-16 14:49:34,029 [INFO] Argument:335 - Argument : Directionvalue: DMA_PERIPH_TO_MEMORY
2026-01-16 14:49:34,029 [INFO] Argument:325 - Argument : PeriphIncvalue: DMA_PINC_DISABLE
2026-01-16 14:49:34,029 [INFO] Argument:335 - Argument : PeriphIncvalue: DMA_PINC_DISABLE
2026-01-16 14:49:34,029 [INFO] Argument:325 - Argument : MemIncvalue: DMA_MINC_ENABLE
2026-01-16 14:49:34,029 [INFO] Argument:335 - Argument : MemIncvalue: DMA_MINC_ENABLE
2026-01-16 14:49:34,029 [INFO] Argument:325 - Argument : PeriphDataAlignmentvalue: DMA_PDATAALIGN_HALFWORD
2026-01-16 14:49:34,029 [INFO] Argument:335 - Argument : PeriphDataAlignmentvalue: DMA_PDATAALIGN_HALFWORD
2026-01-16 14:49:34,030 [INFO] Argument:325 - Argument : MemDataAlignmentvalue: DMA_MDATAALIGN_WORD
2026-01-16 14:49:34,030 [INFO] Argument:335 - Argument : MemDataAlignmentvalue: DMA_MDATAALIGN_WORD
2026-01-16 14:49:34,030 [INFO] Argument:325 - Argument : Modevalue: DMA_CIRCULAR
2026-01-16 14:49:34,030 [INFO] Argument:335 - Argument : Modevalue: DMA_CIRCULAR
2026-01-16 14:49:34,030 [INFO] Argument:325 - Argument : Priorityvalue: DMA_PRIORITY_LOW
2026-01-16 14:49:34,030 [INFO] Argument:335 - Argument : Priorityvalue: DMA_PRIORITY_LOW
2026-01-16 14:49:34,030 [INFO] Argument:325 - Argument : Lockvalue: null
2026-01-16 14:49:34,030 [INFO] Argument:335 - Argument : Lockvalue: null
2026-01-16 14:49:34,030 [INFO] Argument:325 - Argument : Statevalue: null
2026-01-16 14:49:34,030 [INFO] Argument:335 - Argument : Statevalue: null
2026-01-16 14:49:34,030 [INFO] Argument:325 - Argument : Parentvalue: null
2026-01-16 14:49:34,030 [INFO] Argument:335 - Argument : Parentvalue: null
2026-01-16 14:49:34,030 [INFO] Argument:325 - Argument : XferCpltCallbackvalue: null
2026-01-16 14:49:34,030 [INFO] Argument:335 - Argument : XferCpltCallbackvalue: null
2026-01-16 14:49:34,030 [INFO] Argument:325 - Argument : XferHalfCpltCallbackvalue: null
2026-01-16 14:49:34,030 [INFO] Argument:335 - Argument : XferHalfCpltCallbackvalue: null
2026-01-16 14:49:34,030 [INFO] Argument:325 - Argument : XferErrorCallbackvalue: null
2026-01-16 14:49:34,030 [INFO] Argument:335 - Argument : XferErrorCallbackvalue: null
2026-01-16 14:49:34,030 [INFO] Argument:325 - Argument : XferAbortCallbackvalue: null
2026-01-16 14:49:34,030 [INFO] Argument:335 - Argument : XferAbortCallbackvalue: null
2026-01-16 14:49:34,030 [INFO] Argument:325 - Argument : ErrorCodevalue: null
2026-01-16 14:49:34,030 [INFO] Argument:335 - Argument : ErrorCodevalue: null
2026-01-16 14:49:34,030 [INFO] Argument:325 - Argument : ChannelIndexvalue: null
2026-01-16 14:49:34,030 [INFO] Argument:335 - Argument : ChannelIndexvalue: null
2026-01-16 14:49:34,030 [INFO] Argument:325 - Argument : DMAmuxChannelvalue: null
2026-01-16 14:49:34,030 [INFO] Argument:335 - Argument : DMAmuxChannelvalue: null
2026-01-16 14:49:34,030 [INFO] Argument:325 - Argument : DMAmuxChannelStatusvalue: null
2026-01-16 14:49:34,030 [INFO] Argument:335 - Argument : DMAmuxChannelStatusvalue: null
2026-01-16 14:49:34,030 [INFO] Argument:325 - Argument : DMAmuxChannelStatusMaskvalue: null
2026-01-16 14:49:34,030 [INFO] Argument:335 - Argument : DMAmuxChannelStatusMaskvalue: null
2026-01-16 14:49:34,030 [INFO] Argument:325 - Argument : DMAmuxRequestGenvalue: null
2026-01-16 14:49:34,030 [INFO] Argument:335 - Argument : DMAmuxRequestGenvalue: null
2026-01-16 14:49:34,031 [INFO] Argument:325 - Argument : DMAmuxRequestGenStatusvalue: null
2026-01-16 14:49:34,031 [INFO] Argument:335 - Argument : DMAmuxRequestGenStatusvalue: null
2026-01-16 14:49:34,031 [INFO] Argument:325 - Argument : DMAmuxRequestGenStatusMaskvalue: null
2026-01-16 14:49:34,031 [INFO] Argument:335 - Argument : DMAmuxRequestGenStatusMaskvalue: null
2026-01-16 14:49:34,153 [INFO] CodeEngine:265 - oldGeneratedFile, C:\STM32_projekti\STM32G491-FOC_Motor_Control\STM32G491-FOC_Motor_Control\PWM_output\MXTmpFiles\license.tmp_save
2026-01-16 14:49:34,218 [INFO] CodeEngine:289 - Generated code: C:\STM32_projekti\STM32G491-FOC_Motor_Control\STM32G491-FOC_Motor_Control\PWM_output\MXTmpFiles\license.tmp
2026-01-16 14:49:34,276 [INFO] CodeEngine:265 - oldGeneratedFile, C:\STM32_projekti\STM32G491-FOC_Motor_Control\STM32G491-FOC_Motor_Control\PWM_output\MXTmpFiles\gpio.tmp_save
2026-01-16 14:49:34,331 [INFO] CodeEngine:289 - Generated code: C:\STM32_projekti\STM32G491-FOC_Motor_Control\STM32G491-FOC_Motor_Control\PWM_output\MXTmpFiles\gpio.tmp
2026-01-16 14:49:34,762 [INFO] CodeEngine:265 - oldGeneratedFile, C:\STM32_projekti\STM32G491-FOC_Motor_Control\STM32G491-FOC_Motor_Control\PWM_output\MXTmpFiles\dma.tmp_save
2026-01-16 14:49:34,815 [INFO] CodeEngine:289 - Generated code: C:\STM32_projekti\STM32G491-FOC_Motor_Control\STM32G491-FOC_Motor_Control\PWM_output\MXTmpFiles\dma.tmp
2026-01-16 14:49:34,820 [INFO] CodeEngine:265 - oldGeneratedFile, C:\STM32_projekti\STM32G491-FOC_Motor_Control\STM32G491-FOC_Motor_Control\PWM_output\MXTmpFiles\dma_GV.tmp_save
2026-01-16 14:49:34,870 [INFO] CodeEngine:289 - Generated code: C:\STM32_projekti\STM32G491-FOC_Motor_Control\STM32G491-FOC_Motor_Control\PWM_output\MXTmpFiles\dma_GV.tmp
2026-01-16 14:49:34,889 [INFO] CodeEngine:265 - oldGeneratedFile, C:\STM32_projekti\STM32G491-FOC_Motor_Control\STM32G491-FOC_Motor_Control\PWM_output\Core\Src\stm32g4xx_it.c_save
2026-01-16 14:49:34,984 [INFO] CodeEngine:289 - Generated code: C:\STM32_projekti\STM32G491-FOC_Motor_Control\STM32G491-FOC_Motor_Control\PWM_output\Core\Src\stm32g4xx_it.c
2026-01-16 14:49:34,992 [INFO] CodeEngine:265 - oldGeneratedFile, C:\STM32_projekti\STM32G491-FOC_Motor_Control\STM32G491-FOC_Motor_Control\PWM_output\Core\Inc\stm32g4xx_it.h_save
2026-01-16 14:49:35,047 [INFO] CodeEngine:289 - Generated code: C:\STM32_projekti\STM32G491-FOC_Motor_Control\STM32G491-FOC_Motor_Control\PWM_output\Core\Inc\stm32g4xx_it.h
2026-01-16 14:49:35,065 [INFO] CodeEngine:265 - oldGeneratedFile, C:\STM32_projekti\STM32G491-FOC_Motor_Control\STM32G491-FOC_Motor_Control\PWM_output\Core\Src\stm32g4xx_hal_msp.c_save
2026-01-16 14:49:35,159 [INFO] CodeEngine:289 - Generated code: C:\STM32_projekti\STM32G491-FOC_Motor_Control\STM32G491-FOC_Motor_Control\PWM_output\Core\Src\stm32g4xx_hal_msp.c
2026-01-16 14:49:35,165 [INFO] CodeEngine:265 - oldGeneratedFile, C:\STM32_projekti\STM32G491-FOC_Motor_Control\STM32G491-FOC_Motor_Control\PWM_output\MXTmpFiles\system.tmp_save
2026-01-16 14:49:35,213 [INFO] CodeEngine:289 - Generated code: C:\STM32_projekti\STM32G491-FOC_Motor_Control\STM32G491-FOC_Motor_Control\PWM_output\MXTmpFiles\system.tmp
2026-01-16 14:49:35,226 [INFO] CodeEngine:321 - oldGeneratedFile, C:\STM32_projekti\STM32G491-FOC_Motor_Control\STM32G491-FOC_Motor_Control\PWM_output\Core\Inc\stm32g4xx_hal_conf.h_save
2026-01-16 14:49:35,280 [INFO] CodeEngine:345 - Generated code: C:\STM32_projekti\STM32G491-FOC_Motor_Control\STM32G491-FOC_Motor_Control\PWM_output\Core\Inc\stm32g4xx_hal_conf.h
2026-01-16 14:49:35,294 [WARN] IPConfigManager:3238 - Warning: the RefConfig RCC_CommonPeriphClockConfig is not available in your config.xml file
2026-01-16 14:49:35,296 [WARN] IPConfigManager:3811 - IP not found : TIM
2026-01-16 14:49:35,297 [WARN] CodeGenerator:4259 - IP not found : null
2026-01-16 14:49:35,307 [INFO] CodeEngine:265 - oldGeneratedFile, C:\STM32_projekti\STM32G491-FOC_Motor_Control\STM32G491-FOC_Motor_Control\PWM_output\Core\Inc\main.h_save
2026-01-16 14:49:35,364 [INFO] CodeEngine:289 - Generated code: C:\STM32_projekti\STM32G491-FOC_Motor_Control\STM32G491-FOC_Motor_Control\PWM_output\Core\Inc\main.h
2026-01-16 14:49:35,373 [INFO] CodeEngine:265 - oldGeneratedFile, C:\STM32_projekti\STM32G491-FOC_Motor_Control\STM32G491-FOC_Motor_Control\PWM_output\Core\Src\main.c_save
2026-01-16 14:49:35,471 [INFO] CodeEngine:289 - Generated code: C:\STM32_projekti\STM32G491-FOC_Motor_Control\STM32G491-FOC_Motor_Control\PWM_output\Core\Src\main.c
2026-01-16 14:49:35,849 [INFO] ProjectBuilder:3606 - Time for Copy HAL[1] : 195mS.
2026-01-16 14:49:35,853 [INFO] ProjectBuilder:5216 - Project Generator version: 4.7.0-B52
2026-01-16 14:49:35,943 [INFO] ConfigFileManager:1595 - The Die is : DIE479
2026-01-16 14:49:37,051 [INFO] ProjectBuilder:5496 - Time for Generating toolchain IDE Files: 1198mS.
2026-01-16 14:49:37,053 [INFO] ProjectBuilder:3463 - Time for Copy CMSIS : 1mS.
2026-01-16 14:49:37,059 [INFO] ProjectBuilder:3463 - Time for Copy CMSIS : 1mS.
2026-01-16 15:02:32,947 [ERROR] LogOutputStream:75 - [STDERR_REDIRECT] 
