2025-12-11 10:04:54,590 [INFO] Activator:176 - 


2025-12-11 10:04:54,596 [INFO] Activator:177 - !SESSION log4j initialized
2025-12-11 10:05:00,676 [INFO] LogOutputStream:77 - [STDOUT_REDIRECT] 
2025-12-11 10:05:02,081 [INFO] ApplicationProperties:184 - Using Application install path: C:\ST\STM32CubeIDE_1.19.0\STM32CubeIDE\plugins\com.st.stm32cube.common.mx_6.15.0.202507011659
2025-12-11 10:05:02,111 [INFO] DbMcusXml:78 - Set database path to: C:\ST\STM32CubeIDE_1.19.0\STM32CubeIDE\plugins\com.st.stm32cube.common.mx_6.15.0.202507011659\\db\/mcu/
2025-12-11 10:05:02,112 [INFO] ApiDb:274 - Set plugin database path to: C:\ST\STM32CubeIDE_1.19.0\STM32CubeIDE\plugins\com.st.stm32cube.common.mx_6.15.0.202507011659\\db\/plugins/boardmanager/
2025-12-11 10:05:02,112 [WARN] ApiDb:259 - Overriding images path with different value:  => C:\ST\STM32CubeIDE_1.19.0\STM32CubeIDE\plugins\com.st.stm32cube.common.mx_6.15.0.202507011659\\db\/plugins/mcufinder/images/
2025-12-11 10:05:02,130 [INFO] ApiDb:250 - Set database path to: C:\Users\ivanp\.stmcufinder\plugins\mcufinder//mcu/
2025-12-11 10:05:02,132 [INFO] DbMcusAds:125 - Set database path to: C:\Users\ivanp\.stmcufinder\plugins\mcufinder//mcu/
2025-12-11 10:05:02,136 [INFO] CrossReferenceDbSqlite:203 - Set database path to: C:\Users\ivanp\.stmcufinder\plugins\mcufinder//mcu/cs/
2025-12-11 10:05:02,262 [INFO] RulesReader:64 - Compatibility file has been processed (317 Rules)
2025-12-11 10:05:02,368 [INFO] DbMcusXml:78 - Set database path to: C:\ST\STM32CubeIDE_1.19.0\STM32CubeIDE\plugins\com.st.stm32cube.common.mx_6.15.0.202507011659\\db\/mcu/
2025-12-11 10:05:02,368 [INFO] ApiDb:274 - Set plugin database path to: C:\ST\STM32CubeIDE_1.19.0\STM32CubeIDE\plugins\com.st.stm32cube.common.mx_6.15.0.202507011659\\db\/plugins/boardmanager/
2025-12-11 10:05:02,368 [INFO] ApiDb:261 - Set plugin images path to: C:\ST\STM32CubeIDE_1.19.0\STM32CubeIDE\plugins\com.st.stm32cube.common.mx_6.15.0.202507011659\\db\/plugins/mcufinder/images/
2025-12-11 10:05:02,368 [WARN] DbFile:41 - Overriding database path with different value: C:\Users\ivanp\.stmcufinder\plugins\mcufinder/ => C:\Users\ivanp\.stmcufinder\plugins\mcufinder
2025-12-11 10:05:02,368 [INFO] ApiDb:250 - Set database path to: C:\Users\ivanp\.stmcufinder\plugins\mcufinder//mcu/
2025-12-11 10:05:02,369 [WARN] DbFile:41 - Overriding database path with different value: C:\Users\ivanp\.stmcufinder\plugins\mcufinder/ => C:\Users\ivanp\.stmcufinder\plugins\mcufinder
2025-12-11 10:05:02,369 [INFO] DbMcusAds:125 - Set database path to: C:\Users\ivanp\.stmcufinder\plugins\mcufinder//mcu/
2025-12-11 10:05:02,369 [WARN] DbFile:41 - Overriding database path with different value: C:\Users\ivanp\.stmcufinder\plugins\mcufinder/ => C:\Users\ivanp\.stmcufinder\plugins\mcufinder
2025-12-11 10:05:02,369 [WARN] DbFile:41 - Overriding database path with different value: C:\Users\ivanp\.stmcufinder\plugins\mcufinder/ => C:\Users\ivanp\.stmcufinder\plugins\mcufinder
2025-12-11 10:05:02,369 [INFO] CrossReferenceDbSqlite:203 - Set database path to: C:\Users\ivanp\.stmcufinder\plugins\mcufinder//mcu/cs/
2025-12-11 10:05:02,457 [INFO] MainPanel:274 - HeapMemory: 268435456
2025-12-11 10:05:02,581 [INFO] DbMcusXml:78 - Set database path to: C:\ST\STM32CubeIDE_1.19.0\STM32CubeIDE\plugins\com.st.stm32cube.common.mx_6.15.0.202507011659\\db\/mcu/
2025-12-11 10:05:02,581 [INFO] ApiDb:274 - Set plugin database path to: C:\ST\STM32CubeIDE_1.19.0\STM32CubeIDE\plugins\com.st.stm32cube.common.mx_6.15.0.202507011659\\db\/plugins/boardmanager/
2025-12-11 10:05:02,582 [INFO] ApiDb:261 - Set plugin images path to: C:\ST\STM32CubeIDE_1.19.0\STM32CubeIDE\plugins\com.st.stm32cube.common.mx_6.15.0.202507011659\\db\/plugins/mcufinder/images/
2025-12-11 10:05:02,582 [WARN] DbFile:41 - Overriding database path with different value: C:\Users\ivanp\.stmcufinder\plugins\mcufinder/ => C:\Users\ivanp\.stmcufinder\plugins\mcufinder
2025-12-11 10:05:02,582 [INFO] ApiDb:250 - Set database path to: C:\Users\ivanp\.stmcufinder\plugins\mcufinder//mcu/
2025-12-11 10:05:02,582 [WARN] DbFile:41 - Overriding database path with different value: C:\Users\ivanp\.stmcufinder\plugins\mcufinder/ => C:\Users\ivanp\.stmcufinder\plugins\mcufinder
2025-12-11 10:05:02,582 [INFO] DbMcusAds:125 - Set database path to: C:\Users\ivanp\.stmcufinder\plugins\mcufinder//mcu/
2025-12-11 10:05:02,582 [WARN] DbFile:41 - Overriding database path with different value: C:\Users\ivanp\.stmcufinder\plugins\mcufinder/ => C:\Users\ivanp\.stmcufinder\plugins\mcufinder
2025-12-11 10:05:02,582 [WARN] DbFile:41 - Overriding database path with different value: C:\Users\ivanp\.stmcufinder\plugins\mcufinder/ => C:\Users\ivanp\.stmcufinder\plugins\mcufinder
2025-12-11 10:05:02,582 [INFO] CrossReferenceDbSqlite:203 - Set database path to: C:\Users\ivanp\.stmcufinder\plugins\mcufinder//mcu/cs/
2025-12-11 10:05:02,598 [INFO] ApplicationProperties:184 - Using Application install path: C:\ST\STM32CubeIDE_1.19.0\STM32CubeIDE\plugins\com.st.stm32cube.common.mx_6.15.0.202507011659
2025-12-11 10:05:02,600 [INFO] PluginManage:196 - Search for loadable plugins [exclusion list=, ]
2025-12-11 10:05:02,601 [INFO] PluginManage:310 - Check plugin analytics
2025-12-11 10:05:02,838 [INFO] AnalyticsPlugin:253 - Accepted Software Licenses: 
2025-12-11 10:05:02,839 [INFO] AnalyticsPlugin:255 - Accepted CMSIS Pack Licenses: 
2025-12-11 10:05:02,839 [INFO] AnalyticsPlugin:257 - Accepted Firmware Licenses: FW.F4.1.28.0,FW.G4.1.6.0
2025-12-11 10:05:02,843 [INFO] PluginManage:359 - Loaded plugin analytics (category:tool,tabindex:-1)
2025-12-11 10:05:02,844 [INFO] PluginManage:310 - Check plugin cadmodel
2025-12-11 10:05:02,851 [INFO] CADModel:105 - Init CAD model plugin
2025-12-11 10:05:02,851 [INFO] PluginManage:359 - Loaded plugin cadmodel (category:power,tabindex:5)
2025-12-11 10:05:02,852 [INFO] PluginManage:310 - Check plugin clock
2025-12-11 10:05:02,863 [INFO] PluginManage:359 - Loaded plugin clock (category:base,tabindex:2)
2025-12-11 10:05:02,863 [INFO] PluginManage:310 - Check plugin ddr
2025-12-11 10:05:02,866 [INFO] PluginManage:359 - Loaded plugin ddr (category:tool,tabindex:6)
2025-12-11 10:05:02,866 [INFO] PluginManage:310 - Check plugin filemanager
2025-12-11 10:05:03,020 [INFO] PluginManage:359 - Loaded plugin filemanager (category:base,tabindex:10)
2025-12-11 10:05:03,020 [INFO] PluginManage:310 - Check plugin ipmanager
2025-12-11 10:05:03,026 [INFO] PluginManage:359 - Loaded plugin ipmanager (category:base,tabindex:5)
2025-12-11 10:05:03,026 [INFO] PluginManage:310 - Check plugin lpbam
2025-12-11 10:05:03,036 [INFO] PluginManage:359 - Loaded plugin lpbam (category:base,tabindex:0)
2025-12-11 10:05:03,036 [INFO] PluginManage:310 - Check plugin memorymap
2025-12-11 10:05:03,054 [INFO] PluginManage:359 - Loaded plugin memorymap (category:base,tabindex:4)
2025-12-11 10:05:03,054 [INFO] PluginManage:310 - Check plugin pinoutandconfiguration
2025-12-11 10:05:03,067 [INFO] PluginManage:359 - Loaded plugin pinoutandconfiguration (category:base,tabindex:1)
2025-12-11 10:05:03,067 [INFO] PluginManage:310 - Check plugin pinoutconfig
2025-12-11 10:05:03,168 [WARN] SupportedApi:132 - Cannot load RTOS API schema: s4s-elt-must-match.1: The content of 'definitions' must match (annotation?, (simpleType | complexType)?, (unique | key | keyref)*)). A problem was found starting at: attribute.
2025-12-11 10:05:03,378 [INFO] PluginManage:359 - Loaded plugin pinoutconfig (category:base,tabindex:0)
2025-12-11 10:05:03,379 [INFO] PluginManage:310 - Check plugin power
2025-12-11 10:05:03,392 [INFO] PluginManage:359 - Loaded plugin power (category:power,tabindex:4)
2025-12-11 10:05:03,393 [INFO] PluginManage:310 - Check plugin projectmanager
2025-12-11 10:05:03,412 [INFO] PluginManage:359 - Loaded plugin projectmanager (category:projectmanager,tabindex:4)
2025-12-11 10:05:03,412 [INFO] PluginManage:310 - Check plugin rif
2025-12-11 10:05:03,424 [INFO] PluginManage:359 - Loaded plugin rif (category:base,tabindex:3)
2025-12-11 10:05:03,424 [INFO] PluginManage:310 - Check plugin thirdparty
2025-12-11 10:05:03,583 [WARN] IntegrityCheckThread:84 - waiting for thirdparty lock release [integrity check]
2025-12-11 10:05:03,584 [INFO] IntegrityCheckThread:86 - entering critical section [integrity check]
2025-12-11 10:05:03,584 [INFO] ThirdPartyUpdaterWithRetryManager:70 - Updater plugin not ready yet. [1/15]
2025-12-11 10:05:03,584 [INFO] PluginManage:359 - Loaded plugin thirdparty (category:base,tabindex:-1)
2025-12-11 10:05:03,584 [INFO] PluginManage:310 - Check plugin tools
2025-12-11 10:05:03,588 [INFO] PluginManage:359 - Loaded plugin tools (category:base,tabindex:7)
2025-12-11 10:05:03,588 [INFO] PluginManage:310 - Check plugin tutovideos
2025-12-11 10:05:03,815 [INFO] PluginManage:359 - Loaded plugin tutovideos (category:base,tabindex:-1)
2025-12-11 10:05:03,815 [INFO] PluginManage:310 - Check plugin updater
2025-12-11 10:05:03,835 [INFO] PluginManage:359 - Loaded plugin updater (category:base,tabindex:12)
2025-12-11 10:05:03,835 [INFO] PluginManage:310 - Check plugin userauth
2025-12-11 10:05:03,839 [INFO] UserAuth:118 - Init User Auth plugin
2025-12-11 10:05:03,839 [INFO] PluginManage:359 - Loaded plugin userauth (category:base,tabindex:14)
2025-12-11 10:05:03,840 [INFO] PluginManage:283 - PluginManage : Loaded plugins [18]
2025-12-11 10:05:04,111 [INFO] PinOutPanel:1589 - setPackage(No Configuration,No Configuration)
2025-12-11 10:05:04,206 [INFO] CADModel:165 - CPN selected for project level
2025-12-11 10:05:04,207 [INFO] CADModel:114 - Register for checkConnection events
2025-12-11 10:05:04,226 [INFO] IPUIPlugin:80 - create IPUIPlugin
2025-12-11 10:05:04,226 [INFO] PluginManager:220 - loadIPPluginJar : add adc
2025-12-11 10:05:04,229 [INFO] IPUIPlugin:80 - create IPUIPlugin
2025-12-11 10:05:04,229 [INFO] PluginManager:220 - loadIPPluginJar : add aes
2025-12-11 10:05:04,232 [INFO] IPUIPlugin:80 - create IPUIPlugin
2025-12-11 10:05:04,232 [INFO] PluginManager:220 - loadIPPluginJar : add can
2025-12-11 10:05:04,234 [INFO] IPUIPlugin:80 - create IPUIPlugin
2025-12-11 10:05:04,234 [INFO] PluginManager:220 - loadIPPluginJar : add comp
2025-12-11 10:05:04,237 [INFO] IPUIPlugin:80 - create IPUIPlugin
2025-12-11 10:05:04,237 [INFO] PluginManager:220 - loadIPPluginJar : add cryp
2025-12-11 10:05:04,241 [INFO] IPUIPlugin:80 - create IPUIPlugin
2025-12-11 10:05:04,241 [INFO] PluginManager:220 - loadIPPluginJar : add ddr_ctrl_phy
2025-12-11 10:05:04,243 [INFO] IPUIPlugin:80 - create IPUIPlugin
2025-12-11 10:05:04,243 [INFO] PluginManager:220 - loadIPPluginJar : add dfsdm
2025-12-11 10:05:04,248 [INFO] IPUIPlugin:80 - create IPUIPlugin
2025-12-11 10:05:04,248 [INFO] PluginManager:220 - loadIPPluginJar : add dma
2025-12-11 10:05:04,251 [INFO] IPUIPlugin:80 - create IPUIPlugin
2025-12-11 10:05:04,251 [INFO] PluginManager:220 - loadIPPluginJar : add dma3
2025-12-11 10:05:04,253 [INFO] IPUIPlugin:80 - create IPUIPlugin
2025-12-11 10:05:04,253 [INFO] PluginManager:220 - loadIPPluginJar : add extmemmanager
2025-12-11 10:05:04,255 [INFO] IPUIPlugin:80 - create IPUIPlugin
2025-12-11 10:05:04,255 [INFO] PluginManager:220 - loadIPPluginJar : add fatfs
2025-12-11 10:05:04,259 [INFO] IPUIPlugin:80 - create IPUIPlugin
2025-12-11 10:05:04,259 [INFO] PluginManager:220 - loadIPPluginJar : add fmc
2025-12-11 10:05:04,265 [INFO] IPUIPlugin:80 - create IPUIPlugin
2025-12-11 10:05:04,266 [INFO] PluginManager:220 - loadIPPluginJar : add freertos
2025-12-11 10:05:04,267 [INFO] IPUIPlugin:80 - create IPUIPlugin
2025-12-11 10:05:04,267 [INFO] PluginManager:220 - loadIPPluginJar : add genericplugin
2025-12-11 10:05:04,270 [INFO] IPUIPlugin:80 - create IPUIPlugin
2025-12-11 10:05:04,270 [INFO] PluginManager:220 - loadIPPluginJar : add gfxmmu
2025-12-11 10:05:04,274 [INFO] IPUIPlugin:80 - create IPUIPlugin
2025-12-11 10:05:04,275 [INFO] PluginManager:220 - loadIPPluginJar : add gic
2025-12-11 10:05:04,278 [INFO] IPUIPlugin:80 - create IPUIPlugin
2025-12-11 10:05:04,278 [INFO] PluginManager:220 - loadIPPluginJar : add gpio
2025-12-11 10:05:04,283 [INFO] IPUIPlugin:80 - create IPUIPlugin
2025-12-11 10:05:04,283 [INFO] PluginManager:220 - loadIPPluginJar : add gtzc
2025-12-11 10:05:04,285 [INFO] IPUIPlugin:80 - create IPUIPlugin
2025-12-11 10:05:04,285 [INFO] PluginManager:220 - loadIPPluginJar : add hash
2025-12-11 10:05:04,289 [INFO] IPUIPlugin:80 - create IPUIPlugin
2025-12-11 10:05:04,289 [INFO] PluginManager:220 - loadIPPluginJar : add i2c
2025-12-11 10:05:04,292 [INFO] IPUIPlugin:80 - create IPUIPlugin
2025-12-11 10:05:04,292 [INFO] PluginManager:220 - loadIPPluginJar : add i2s
2025-12-11 10:05:04,296 [INFO] IPUIPlugin:80 - create IPUIPlugin
2025-12-11 10:05:04,296 [INFO] PluginManager:220 - loadIPPluginJar : add i3c
2025-12-11 10:05:04,299 [INFO] IPUIPlugin:80 - create IPUIPlugin
2025-12-11 10:05:04,299 [INFO] PluginManager:220 - loadIPPluginJar : add ipddr
2025-12-11 10:05:04,306 [INFO] IPUIPlugin:80 - create IPUIPlugin
2025-12-11 10:05:04,307 [INFO] PluginManager:220 - loadIPPluginJar : add linkedlist
2025-12-11 10:05:04,312 [INFO] IPUIPlugin:80 - create IPUIPlugin
2025-12-11 10:05:04,312 [INFO] PluginManager:220 - loadIPPluginJar : add lorawan
2025-12-11 10:05:04,314 [INFO] IPUIPlugin:80 - create IPUIPlugin
2025-12-11 10:05:04,314 [INFO] PluginManager:220 - loadIPPluginJar : add ltdc
2025-12-11 10:05:04,319 [INFO] IPUIPlugin:80 - create IPUIPlugin
2025-12-11 10:05:04,319 [INFO] PluginManager:220 - loadIPPluginJar : add mdma
2025-12-11 10:05:04,323 [INFO] IPUIPlugin:80 - create IPUIPlugin
2025-12-11 10:05:04,323 [INFO] PluginManager:220 - loadIPPluginJar : add nvic
2025-12-11 10:05:04,327 [INFO] IPUIPlugin:80 - create IPUIPlugin
2025-12-11 10:05:04,327 [INFO] PluginManager:220 - loadIPPluginJar : add opamp
2025-12-11 10:05:04,332 [INFO] IPUIPlugin:80 - create IPUIPlugin
2025-12-11 10:05:04,332 [INFO] PluginManager:220 - loadIPPluginJar : add openamp
2025-12-11 10:05:04,335 [INFO] IPUIPlugin:80 - create IPUIPlugin
2025-12-11 10:05:04,336 [INFO] PluginManager:220 - loadIPPluginJar : add pdm2pcm
2025-12-11 10:05:04,341 [INFO] IPUIPlugin:80 - create IPUIPlugin
2025-12-11 10:05:04,343 [INFO] PluginManager:220 - loadIPPluginJar : add plateformsettings
2025-12-11 10:05:04,345 [INFO] IPUIPlugin:80 - create IPUIPlugin
2025-12-11 10:05:04,345 [INFO] PluginManager:220 - loadIPPluginJar : add quadspi
2025-12-11 10:05:04,347 [INFO] IPUIPlugin:80 - create IPUIPlugin
2025-12-11 10:05:04,348 [INFO] PluginManager:220 - loadIPPluginJar : add radio
2025-12-11 10:05:04,353 [INFO] IPUIPlugin:80 - create IPUIPlugin
2025-12-11 10:05:04,353 [INFO] PluginManager:220 - loadIPPluginJar : add resmgrutility
2025-12-11 10:05:04,356 [INFO] IPUIPlugin:80 - create IPUIPlugin
2025-12-11 10:05:04,356 [INFO] PluginManager:220 - loadIPPluginJar : add sai
2025-12-11 10:05:04,359 [INFO] IPUIPlugin:80 - create IPUIPlugin
2025-12-11 10:05:04,360 [INFO] PluginManager:220 - loadIPPluginJar : add spi
2025-12-11 10:05:04,366 [INFO] IPUIPlugin:80 - create IPUIPlugin
2025-12-11 10:05:04,367 [INFO] PluginManager:220 - loadIPPluginJar : add stm32_wpan
2025-12-11 10:05:04,369 [INFO] IPUIPlugin:80 - create IPUIPlugin
2025-12-11 10:05:04,369 [INFO] PluginManager:220 - loadIPPluginJar : add tim
2025-12-11 10:05:04,372 [INFO] IPUIPlugin:80 - create IPUIPlugin
2025-12-11 10:05:04,373 [INFO] PluginManager:220 - loadIPPluginJar : add touchsensing
2025-12-11 10:05:04,376 [INFO] IPUIPlugin:80 - create IPUIPlugin
2025-12-11 10:05:04,376 [INFO] PluginManager:220 - loadIPPluginJar : add tracer_emb
2025-12-11 10:05:04,378 [INFO] IPUIPlugin:80 - create IPUIPlugin
2025-12-11 10:05:04,378 [INFO] PluginManager:220 - loadIPPluginJar : add ts
2025-12-11 10:05:04,380 [INFO] IPUIPlugin:80 - create IPUIPlugin
2025-12-11 10:05:04,382 [INFO] PluginManager:220 - loadIPPluginJar : add tsc
2025-12-11 10:05:04,383 [INFO] IPUIPlugin:80 - create IPUIPlugin
2025-12-11 10:05:04,383 [INFO] PluginManager:220 - loadIPPluginJar : add ucpd
2025-12-11 10:05:04,387 [INFO] IPUIPlugin:80 - create IPUIPlugin
2025-12-11 10:05:04,387 [INFO] PluginManager:220 - loadIPPluginJar : add usart
2025-12-11 10:05:04,391 [INFO] IPUIPlugin:80 - create IPUIPlugin
2025-12-11 10:05:04,391 [INFO] PluginManager:220 - loadIPPluginJar : add usbx
2025-12-11 10:05:04,525 [FATAL] Updater:351 - Updater called before beeing initialized
2025-12-11 10:05:04,586 [INFO] RulesReader:64 - Compatibility file has been processed (317 Rules)
2025-12-11 10:05:04,598 [INFO] RulesReader:64 - Compatibility file has been processed (317 Rules)
2025-12-11 10:05:04,609 [INFO] CADModel:165 - CPN selected for project level
2025-12-11 10:05:04,609 [INFO] CADModel:114 - Register for checkConnection events
2025-12-11 10:05:04,609 [FATAL] Updater:351 - Updater called before beeing initialized
2025-12-11 10:05:04,609 [ERROR] CADModel:125 - Updater not yet initialized, retry later 
2025-12-11 10:05:04,796 [FATAL] Updater:351 - Updater called before beeing initialized
2025-12-11 10:05:04,800 [INFO] CADModel:165 - CPN selected for project level
2025-12-11 10:05:04,800 [INFO] CADModel:114 - Register for checkConnection events
2025-12-11 10:05:04,800 [FATAL] Updater:351 - Updater called before beeing initialized
2025-12-11 10:05:04,800 [ERROR] CADModel:125 - Updater not yet initialized, retry later 
2025-12-11 10:05:04,804 [FATAL] Updater:351 - Updater called before beeing initialized
2025-12-11 10:05:04,967 [FATAL] Updater:351 - Updater called before beeing initialized
2025-12-11 10:05:04,971 [INFO] DbMcusAds:53 - JSON generation date=Mon Nov 10 11:43:01 CET 2025 (1762771381096)
2025-12-11 10:05:04,971 [FATAL] Updater:351 - Updater called before beeing initialized
2025-12-11 10:05:05,031 [WARN] DetailPanel:346 - Failed to get advertising image, set to default
2025-12-11 10:05:05,111 [FATAL] Updater:351 - Updater called before beeing initialized
2025-12-11 10:05:05,113 [FATAL] Updater:351 - Updater called before beeing initialized
2025-12-11 10:05:05,113 [FATAL] Updater:351 - Updater called before beeing initialized
2025-12-11 10:05:05,113 [WARN] DetailPanel:346 - Failed to get advertising image, set to default
2025-12-11 10:05:05,113 [FATAL] Updater:351 - Updater called before beeing initialized
2025-12-11 10:05:05,165 [ERROR] Updater:1198 - MainUpdater not yet initialized. External WinMGr cannot be set.
2025-12-11 10:05:05,167 [INFO] Updater:1134 - Updater Version found : 6.15.0
2025-12-11 10:05:05,181 [INFO] ApplicationProperties:184 - Using Application install path: C:\ST\STM32CubeIDE_1.19.0\STM32CubeIDE\plugins\com.st.stm32cube.common.mx_6.15.0.202507011659
2025-12-11 10:05:05,554 [INFO] MainUpdater:2872 - connection check result : 10
2025-12-11 10:05:05,554 [INFO] MainUpdater:3604 - Updater definition file requires update
2025-12-11 10:05:05,555 [INFO] MainUpdater:289 - Updater Check For Update Now.
2025-12-11 10:05:05,555 [INFO] MicroXplorer:498 - Change Database Version : DB.6.0.150
2025-12-11 10:05:05,561 [INFO] McuFinderGlobals:63 - Set McuFinder mode to 2 (CubeIDE integrated)
2025-12-11 10:05:05,563 [INFO] UserAuth:487 - Internet connection configuration mode: 1
2025-12-11 10:05:05,587 [INFO] JxBrowserEngine:152 - Initiate JxBrowser Engine with user profile folder
2025-12-11 10:05:05,603 [INFO] ServerAccessManage:452 - Complete download http(s) 200
2025-12-11 10:05:05,604 [INFO] ServerAccessManage:509 - Download File updaters.zip
2025-12-11 10:05:05,738 [INFO] FileExtend:248 - Unzip File : updaters.zip
2025-12-11 10:05:05,738 [INFO] FileExtend:263 - Standard Zip Deflate
2025-12-11 10:05:06,128 [INFO] ServerAccessManage:452 - Complete download http(s) 200
2025-12-11 10:05:06,128 [INFO] ServerAccessManage:509 - Download File PacksControlFlags.xml
2025-12-11 10:05:06,268 [INFO] ServerAccessManage:452 - Complete download http(s) 200
2025-12-11 10:05:06,269 [INFO] ServerAccessManage:509 - Download File cubemx.pidx
2025-12-11 10:05:06,383 [INFO] LoadServerUpdatesThread:375 - End of LoadServerUpdate Thread
2025-12-11 10:05:06,560 [INFO] CheckServerUpdateThread:120 - End of CheckServer Thread
2025-12-11 10:05:07,507 [WARN] PackLoader:240 - Cannot read IP mode file for STMicroelectronics.FP-SNS-MOTENVWB1.1.4.0
2025-12-11 10:05:07,521 [WARN] PackLoader:240 - Cannot read IP mode file for STMicroelectronics.FP-ATR-ASTRA1.2.0.2
2025-12-11 10:05:07,529 [WARN] PackLoader:240 - Cannot read IP mode file for STMicroelectronics.FP-ATR-ASTRA1.2.0.1
2025-12-11 10:05:07,543 [WARN] PackLoader:240 - Cannot read IP mode file for STMicroelectronics.X-CUBE-SMBUS.2.1.0
2025-12-11 10:05:07,559 [WARN] PackLoader:240 - Cannot read IP mode file for STMicroelectronics.X-CUBE-WB05N.1.1.0
2025-12-11 10:05:07,569 [WARN] PackLoader:240 - Cannot read IP mode file for STMicroelectronics.X-CUBE-TOUCHGFX.4.23.0
2025-12-11 10:05:07,574 [WARN] PackLoader:240 - Cannot read IP mode file for STMicroelectronics.X-CUBE-TOUCHGFX.4.23.2
2025-12-11 10:05:07,629 [WARN] PackLoader:240 - Cannot read IP mode file for STMicroelectronics.X-CUBE-AZRTOS-F7.1.1.0
2025-12-11 10:05:07,646 [WARN] PackLoader:240 - Cannot read IP mode file for STMicroelectronics.FP-SNS-MOTENV1.4.3.2
2025-12-11 10:05:07,658 [ERROR] RealEvaluatedCondition:428 - Found unsupported composite condition: CLASS='Data Exchange' GROUP='STM32_MetaDataManager'
2025-12-11 10:05:07,659 [ERROR] RealEvaluatedCondition:428 - Found unsupported composite condition: CLASS='Data Exchange' GROUP='STM32_MetaDataManager'
2025-12-11 10:05:07,661 [WARN] PackLoader:240 - Cannot read IP mode file for STMicroelectronics.FP-SNS-MOTENV1.4.3.1
2025-12-11 10:05:07,674 [WARN] PackLoader:240 - Cannot read IP mode file for STMicroelectronics.FP-SNS-FLIGHT1.5.0.1
2025-12-11 10:05:07,683 [WARN] PackLoader:240 - Cannot read IP mode file for STMicroelectronics.X-CUBE-BLE1.6.2.3
2025-12-11 10:05:07,780 [WARN] PackLoader:240 - Cannot read IP mode file for STMicroelectronics.X-CUBE-MEMS1.11.0.0
2025-12-11 10:05:07,939 [INFO] WebApp:169 - Instantiating new browser for Auth
2025-12-11 10:05:08,018 [WARN] PackLoader:240 - Cannot read IP mode file for STMicroelectronics.X-CUBE-BLE1.6.2.4
2025-12-11 10:05:08,032 [WARN] PackLoader:240 - Cannot read IP mode file for STMicroelectronics.FP-SNS-MOTENV1.5.1.0
2025-12-11 10:05:08,041 [WARN] PackLoader:240 - Cannot read IP mode file for STMicroelectronics.X-CUBE-BLE1.6.2.2
2025-12-11 10:05:08,045 [WARN] PackLoader:240 - Cannot read IP mode file for STMicroelectronics.FP-SNS-FLIGHT1.5.0.2
2025-12-11 10:05:08,054 [WARN] PackLoader:240 - Cannot read IP mode file for STMicroelectronics.X-CUBE-BLE2.3.2.2
2025-12-11 10:05:08,094 [WARN] PackLoader:240 - Cannot read IP mode file for STMicroelectronics.X-CUBE-AZRTOS-H7.3.4.0
2025-12-11 10:05:08,111 [WARN] PackLoader:240 - Cannot read IP mode file for STMicroelectronics.X-CUBE-DISPLAY.3.0.0
2025-12-11 10:05:08,121 [WARN] PackLoader:240 - Cannot read IP mode file for STMicroelectronics.X-CUBE-BLE1.7.0.0
2025-12-11 10:05:08,131 [WARN] PackLoader:240 - Cannot read IP mode file for STMicroelectronics.X-CUBE-NFC10.1.0.0
2025-12-11 10:05:08,148 [WARN] PackLoader:240 - Cannot read IP mode file for STMicroelectronics.X-CUBE-BLEMGR.4.0.0
2025-12-11 10:05:08,160 [WARN] PackLoader:240 - Cannot read IP mode file for STMicroelectronics.X-CUBE-ST60.1.1.0
2025-12-11 10:05:08,166 [WARN] PackLoader:240 - Cannot read IP mode file for STMicroelectronics.X-CUBE-TOUCHGFX.4.22.0
2025-12-11 10:05:08,174 [WARN] PackLoader:240 - Cannot read IP mode file for STMicroelectronics.X-CUBE-GNSS1.7.1.0
2025-12-11 10:05:08,180 [WARN] PackLoader:240 - Cannot read IP mode file for STMicroelectronics.X-CUBE-TOUCHGFX.4.22.1
2025-12-11 10:05:08,193 [WARN] PackLoader:240 - Cannot read IP mode file for STMicroelectronics.X-CUBE-SUBG2.4.2.0
2025-12-11 10:05:08,248 [WARN] PackLoader:240 - Cannot read IP mode file for STMicroelectronics.X-CUBE-MEMS1.9.3.0
2025-12-11 10:05:08,400 [WARN] PackLoader:240 - Cannot read IP mode file for STMicroelectronics.X-CUBE-AI.7.2.0
2025-12-11 10:05:08,411 [WARN] PackLoader:240 - Cannot read IP mode file for STMicroelectronics.X-CUBE-BLEMGR.3.1.0
2025-12-11 10:05:08,417 [WARN] PackLoader:240 - Cannot read IP mode file for STMicroelectronics.X-CUBE-AI.10.0.0
2025-12-11 10:05:08,427 [WARN] PackLoader:240 - Cannot read IP mode file for STMicroelectronics.FP-SNS-STBOX1.2.1.0
2025-12-11 10:05:08,436 [WARN] PackLoader:240 - Cannot read IP mode file for STMicroelectronics.FP-SNS-SMARTAG2.1.2.0
2025-12-11 10:05:08,447 [WARN] PackLoader:240 - Cannot read IP mode file for STMicroelectronics.FP-SNS-FLIGHT1.5.1.0
2025-12-11 10:05:08,498 [WARN] PackLoader:240 - Cannot read IP mode file for STMicroelectronics.X-CUBE-MEMS1.11.1.0
2025-12-11 10:05:08,625 [INFO] LogOutputStream:77 - [STDOUT_REDIRECT] 1 : Invalid condition id : UX_CORESTACK_Condition cause : null
2025-12-11 10:05:08,626 [INFO] LogOutputStream:77 - [STDOUT_REDIRECT] 1 : Invalid condition id : UX_CORESTACK_Condition cause : null
2025-12-11 10:05:08,628 [INFO] LogOutputStream:77 - [STDOUT_REDIRECT] 1 : Invalid condition id : UX_CORESTACK_Condition cause : null
2025-12-11 10:05:08,630 [INFO] LogOutputStream:77 - [STDOUT_REDIRECT] 1 : Invalid condition id : UX_CORESTACK_Condition cause : null
2025-12-11 10:05:08,632 [INFO] LogOutputStream:77 - [STDOUT_REDIRECT] 1 : Invalid condition id : UX_CORESTACK_Condition cause : null
2025-12-11 10:05:08,636 [WARN] PackLoader:240 - Cannot read IP mode file for STMicroelectronics.X-CUBE-AZRTOS-WL.2.0.0
2025-12-11 10:05:08,645 [WARN] PackLoader:240 - Cannot read IP mode file for STMicroelectronics.X-CUBE-ALGOBUILD.1.2.1
2025-12-11 10:05:08,649 [WARN] PackLoader:240 - Cannot read IP mode file for STMicroelectronics.FP-SNS-MOTENV1.5.0.0
2025-12-11 10:05:08,688 [WARN] PackLoader:240 - Cannot read IP mode file for STMicroelectronics.X-CUBE-AZRTOS-H7RS.1.2.0
2025-12-11 10:05:08,695 [WARN] PackLoader:240 - Cannot read IP mode file for wolfSSL.I-CUBE-wolfMQTT.1.19.0
2025-12-11 10:05:08,704 [WARN] PackLoader:240 - Cannot read IP mode file for WES.I-CUBE-Cesium.1.3.0
2025-12-11 10:05:08,707 [WARN] PackLoader:240 - Cannot read IP mode file for STMicroelectronics.X-CUBE-BLE2.3.3.0
2025-12-11 10:05:08,726 [WARN] PackLoader:240 - Cannot read IP mode file for STMicroelectronics.X-CUBE-DISPLAY.2.2.0
2025-12-11 10:05:08,737 [WARN] PackLoader:240 - Cannot read IP mode file for STMicroelectronics.X-CUBE-TOF1.3.2.0
2025-12-11 10:05:08,742 [WARN] PackLoader:240 - Cannot read IP mode file for STMicroelectronics.X-CUBE-TOUCHGFX.4.18.1
2025-12-11 10:05:08,746 [WARN] PackLoader:240 - Cannot read IP mode file for STMicroelectronics.X-CUBE-ISPU.1.0.0
2025-12-11 10:05:08,750 [WARN] PackLoader:240 - Cannot read IP mode file for wolfSSL.I-CUBE-wolfSSL.5.0.0
2025-12-11 10:05:08,755 [WARN] PackLoader:240 - Cannot read IP mode file for STMicroelectronics.X-CUBE-NFC9.1.0.0
2025-12-11 10:05:08,773 [WARN] PackLoader:240 - Cannot read IP mode file for STMicroelectronics.X-CUBE-AZRTOS-H7.2.1.0
2025-12-11 10:05:08,778 [WARN] PackLoader:240 - Cannot read IP mode file for STMicroelectronics.X-CUBE-BLE1.7.1.0
2025-12-11 10:05:08,783 [WARN] PackLoader:240 - Cannot read IP mode file for STMicroelectronics.X-CUBE-TCPP.4.1.0
2025-12-11 10:05:08,789 [WARN] PackLoader:240 - Cannot read IP mode file for STMicroelectronics.X-CUBE-FREERTOS.1.4.0
2025-12-11 10:05:08,795 [WARN] PackLoader:240 - Cannot read IP mode file for STMicroelectronics.X-CUBE-EEPRMA1.5.2.0
2025-12-11 10:05:08,799 [WARN] PackLoader:240 - Cannot read IP mode file for STMicroelectronics.X-CUBE-TOUCHGFX.4.21.1
2025-12-11 10:05:08,801 [WARN] PackLoader:240 - Cannot read IP mode file for STMicroelectronics.X-CUBE-TOUCHGFX.4.21.0
2025-12-11 10:05:08,804 [WARN] PackLoader:240 - Cannot read IP mode file for STMicroelectronics.X-CUBE-TOUCHGFX.4.21.3
2025-12-11 10:05:08,806 [WARN] PackLoader:240 - Cannot read IP mode file for STMicroelectronics.X-CUBE-TOUCHGFX.4.21.4
2025-12-11 10:05:08,841 [WARN] PackLoader:240 - Cannot read IP mode file for STMicroelectronics.X-CUBE-MEMS1.9.4.0
2025-12-11 10:05:08,936 [WARN] PackLoader:240 - Cannot read IP mode file for STMicroelectronics.X-CUBE-AI.7.3.0
2025-12-11 10:05:08,944 [WARN] PackLoader:240 - Cannot read IP mode file for STMicroelectronics.X-CUBE-ST67W61.1.1.0
2025-12-11 10:05:09,010 [WARN] PackLoader:240 - Cannot read IP mode file for STMicroelectronics.X-CUBE-MEMS1.12.0.0
2025-12-11 10:05:09,097 [WARN] PackLoader:240 - Cannot read IP mode file for STMicroelectronics.X-CUBE-ALGOBUILD.1.3.0
2025-12-11 10:05:09,117 [WARN] PackLoader:240 - Cannot read IP mode file for STMicroelectronics.X-CUBE-AZRTOS-G0.1.1.0
2025-12-11 10:05:09,128 [WARN] PackLoader:240 - Cannot read IP mode file for STMicroelectronics.X-CUBE-SAFEA1.1.2.2
2025-12-11 10:05:09,135 [WARN] PackLoader:240 - Cannot read IP mode file for STMicroelectronics.X-CUBE-NFC4.3.0.0
2025-12-11 10:05:09,183 [WARN] PackLoader:240 - Cannot read IP mode file for SEGGER.I-CUBE-embOS.1.2.0
2025-12-11 10:05:09,228 [WARN] PackLoader:240 - Cannot read IP mode file for wolfSSL.I-CUBE-wolfMQTT.1.18.0
2025-12-11 10:05:09,240 [WARN] PackLoader:240 - Cannot read IP mode file for EmbeddedOffice.I-CUBE-FS-RTOS.1.0.1
2025-12-11 10:05:09,244 [WARN] PackLoader:240 - Cannot read IP mode file for STMicroelectronics.X-CUBE-WB05N.2.0.0
2025-12-11 10:05:09,254 [WARN] PackLoader:240 - Cannot read IP mode file for STMicroelectronics.X-CUBE-BLEMGR.3.0.0
2025-12-11 10:05:09,264 [WARN] PackLoader:240 - Cannot read IP mode file for STMicroelectronics.X-CUBE-BLEMGR.1.3.0
2025-12-11 10:05:09,270 [WARN] PackLoader:240 - Cannot read IP mode file for STMicroelectronics.X-CUBE-TCPP.4.2.0
2025-12-11 10:05:09,277 [WARN] PackLoader:240 - Cannot read IP mode file for RealThread.X-CUBE-RT-Thread_Nano.4.1.1
2025-12-11 10:05:09,293 [WARN] PackLoader:240 - Cannot read IP mode file for STMicroelectronics.X-CUBE-AZRTOS-H7.2.0.0
2025-12-11 10:05:09,300 [WARN] PackLoader:240 - Cannot read IP mode file for STMicroelectronics.FP-ATR-SIGFOX1.3.2.0
2025-12-11 10:05:09,307 [WARN] ConditionMgr:438 - getConditionDescription Invalid condition id : Cortex-A Device cause : null
2025-12-11 10:05:09,315 [WARN] ConditionMgr:1044 - genDependencies : Invalid condition id : Cortex-A Device cause : null
2025-12-11 10:05:09,315 [WARN] ConditionMgr:1044 - genDependencies : Invalid condition id : Cortex-A Device cause : null
2025-12-11 10:05:09,315 [WARN] ConditionMgr:1044 - genDependencies : Invalid condition id : Cortex-A Device cause : null
2025-12-11 10:05:09,321 [WARN] PackLoader:240 - Cannot read IP mode file for STMicroelectronics.X-CUBE-EEPRMA1.5.1.0
2025-12-11 10:05:09,329 [WARN] PackLoader:240 - Cannot read IP mode file for emotas.I-CUBE-CANOPEN.1.1.2
2025-12-11 10:05:09,333 [WARN] PackLoader:240 - Cannot read IP mode file for STMicroelectronics.X-CUBE-TOUCHGFX.4.20.0
2025-12-11 10:05:09,404 [WARN] PackLoader:240 - Cannot read IP mode file for STMicroelectronics.X-CUBE-MEMS1.9.5.0
2025-12-11 10:05:09,597 [WARN] PackLoader:240 - Cannot read IP mode file for STMicroelectronics.X-CUBE-AI.10.2.0
2025-12-11 10:05:09,647 [WARN] PackLoader:240 - Cannot read IP mode file for SEGGER.I-CUBE-embOS.1.3.1
2025-12-11 10:05:09,695 [WARN] PackLoader:240 - Cannot read IP mode file for STMicroelectronics.X-CUBE-ALGOBUILD.1.4.0
2025-12-11 10:05:09,760 [WARN] PackLoader:240 - Cannot read IP mode file for STMicroelectronics.X-CUBE-MEMS1.11.3.0
2025-12-11 10:05:09,853 [INFO] WebApp:463 - Apply proxy settings
2025-12-11 10:05:09,853 [INFO] WebApp:548 - Chromium requires no authentication
2025-12-11 10:05:09,878 [INFO] WebApp:491 - Direct internet connection detected
2025-12-11 10:05:09,903 [WARN] PackLoader:240 - Cannot read IP mode file for STMicroelectronics.X-CUBE-DISPLAY.2.0.0
2025-12-11 10:05:09,908 [WARN] PackLoader:240 - Cannot read IP mode file for STMicroelectronics.X-CUBE-AI.9.1.0
2025-12-11 10:05:09,914 [WARN] PackLoader:240 - Cannot read IP mode file for STMicroelectronics.X-CUBE-PM33A1.1.0.0
2025-12-11 10:05:09,919 [WARN] PackLoader:240 - Cannot read IP mode file for STMicroelectronics.X-CUBE-GNSS1.6.0.0
2025-12-11 10:05:09,934 [WARN] PackLoader:240 - Cannot read IP mode file for STMicroelectronics.X-CUBE-AZRTOS-F4.1.1.0
2025-12-11 10:05:09,939 [INFO] WebApp:900 - Register for checkConnection events
2025-12-11 10:05:09,939 [INFO] WebApp:463 - Apply proxy settings
2025-12-11 10:05:09,939 [INFO] WebApp:548 - Chromium requires no authentication
2025-12-11 10:05:09,940 [INFO] WebApp:491 - Direct internet connection detected
2025-12-11 10:05:09,940 [WARN] PackLoader:240 - Cannot read IP mode file for STMicroelectronics.X-CUBE-ISPU.2.1.0
2025-12-11 10:05:09,949 [WARN] PackLoader:240 - Cannot read IP mode file for STMicroelectronics.X-CUBE-IPS.3.2.0
2025-12-11 10:05:09,956 [WARN] PackLoader:240 - Cannot read IP mode file for STMicroelectronics.X-CUBE-FREERTOS.1.2.0
2025-12-11 10:05:09,962 [WARN] PackLoader:240 - Cannot read IP mode file for STMicroelectronics.X-CUBE-NFC12.1.0.0
2025-12-11 10:05:09,970 [WARN] PackLoader:240 - Cannot read IP mode file for STMicroelectronics.X-CUBE-BLEMGR.1.2.0
2025-12-11 10:05:09,986 [WARN] PackLoader:240 - Cannot read IP mode file for STMicroelectronics.X-CUBE-AZRTOS-L5.2.0.0
2025-12-11 10:05:10,033 [WARN] PackLoader:240 - Cannot read IP mode file for STMicroelectronics.X-CUBE-MEMS1.9.6.0
2025-12-11 10:05:10,129 [WARN] PackLoader:240 - Cannot read IP mode file for STMicroelectronics.X-CUBE-EEPRMA1.4.2.0
2025-12-11 10:05:10,141 [WARN] PackLoader:240 - Cannot read IP mode file for STMicroelectronics.X-CUBE-NFC6.3.1.0
2025-12-11 10:05:10,151 [WARN] PackLoader:240 - Cannot read IP mode file for ITTIA_DB.I-CUBE-ITTIADB.8.8.0
2025-12-11 10:05:10,162 [WARN] PackLoader:240 - Cannot read IP mode file for STMicroelectronics.X-CUBE-BLEMGR.2.0.0
2025-12-11 10:05:10,171 [WARN] PackLoader:240 - Cannot read IP mode file for STMicroelectronics.X-CUBE-DPower.1.2.0
2025-12-11 10:05:10,177 [WARN] PackLoader:240 - Cannot read IP mode file for STMicroelectronics.X-CUBE-NFC4.2.0.5
2025-12-11 10:05:10,185 [WARN] PackLoader:240 - Cannot read IP mode file for STMicroelectronics.X-CUBE-NFC4.2.0.4
2025-12-11 10:05:10,193 [WARN] PackLoader:240 - Cannot read IP mode file for STMicroelectronics.X-CUBE-NFC4.2.0.3
2025-12-11 10:05:10,199 [WARN] PackLoader:240 - Cannot read IP mode file for STMicroelectronics.X-CUBE-AI.9.0.0
2025-12-11 10:05:10,218 [INFO] WebApp:191 - Connection restablished
2025-12-11 10:05:10,220 [WARN] ConditionMgr:438 - getConditionDescription Invalid condition id : UX DEVICE CLASS RTOS Condition cause : null
2025-12-11 10:05:10,221 [WARN] ConditionMgr:438 - getConditionDescription Invalid condition id : UX DEVICE CLASS RTOS Condition cause : null
2025-12-11 10:05:10,226 [WARN] PackLoader:240 - Cannot read IP mode file for STMicroelectronics.X-CUBE-AZRTOS-H7.3.1.0
2025-12-11 10:05:10,227 [WARN] ConditionMgr:1044 - genDependencies : Invalid condition id : UX DEVICE CLASS RTOS Condition cause : null
2025-12-11 10:05:10,227 [WARN] ConditionMgr:1044 - genDependencies : Invalid condition id : UX DEVICE CLASS RTOS Condition cause : null
2025-12-11 10:05:10,228 [WARN] ConditionMgr:1044 - genDependencies : Invalid condition id : UX DEVICE CLASS RTOS Condition cause : null
2025-12-11 10:05:10,228 [WARN] ConditionMgr:1044 - genDependencies : Invalid condition id : UX DEVICE CLASS RTOS Condition cause : null
2025-12-11 10:05:10,228 [WARN] ConditionMgr:1044 - genDependencies : Invalid condition id : UX DEVICE CLASS RTOS Condition cause : null
2025-12-11 10:05:10,238 [WARN] PackLoader:240 - Cannot read IP mode file for STMicroelectronics.X-CUBE-SFXS2LP1.3.1.0
2025-12-11 10:05:10,260 [WARN] PackLoader:240 - Cannot read IP mode file for STMicroelectronics.X-CUBE-AZRTOS-F4.1.0.0
2025-12-11 10:05:10,270 [WARN] PackLoader:240 - Cannot read IP mode file for STMicroelectronics.X-CUBE-TOF1.2.0.0
2025-12-11 10:05:10,277 [WARN] PackLoader:240 - Cannot read IP mode file for STMicroelectronics.X-CUBE-FREERTOS.1.3.1
2025-12-11 10:05:10,282 [WARN] PackLoader:240 - Cannot read IP mode file for STMicroelectronics.X-CUBE-FREERTOS.1.3.0
2025-12-11 10:05:10,290 [WARN] PackLoader:240 - Cannot read IP mode file for STMicroelectronics.X-CUBE-NFC7.1.0.1
2025-12-11 10:05:10,297 [WARN] PackLoader:240 - Cannot read IP mode file for STMicroelectronics.X-CUBE-NFC7.1.0.0
2025-12-11 10:05:10,303 [WARN] PackLoader:240 - Cannot read IP mode file for wolfSSL.I-CUBE-wolfTPM.3.2.0
2025-12-11 10:05:10,307 [WARN] PackLoader:240 - Cannot read IP mode file for STMicroelectronics.X-CUBE-TOUCHGFX.4.26.0
2025-12-11 10:05:10,315 [WARN] PackLoader:240 - Cannot read IP mode file for STMicroelectronics.X-CUBE-NFC6.3.0.0
2025-12-11 10:05:10,323 [WARN] PackLoader:240 - Cannot read IP mode file for STMicroelectronics.X-CUBE-EEPRMA1.4.1.0
2025-12-11 10:05:10,331 [WARN] PackLoader:240 - Cannot read IP mode file for STMicroelectronics.FP-SNS-STAIOTCFT.1.0.0
2025-12-11 10:05:10,336 [WARN] PackLoader:240 - Cannot read IP mode file for STMicroelectronics.X-CUBE-DPower.1.3.0
2025-12-11 10:05:10,341 [WARN] PackLoader:240 - Cannot read IP mode file for STMicroelectronics.X-CUBE-AI.8.1.0
2025-12-11 10:05:10,365 [WARN] ConditionMgr:438 - getConditionDescription Invalid condition id : LAN8742 Phy interface Condition cause : null
2025-12-11 10:05:10,366 [WARN] PackLoader:240 - Cannot read IP mode file for STMicroelectronics.X-CUBE-AZRTOS-L4.2.0.0
2025-12-11 10:05:10,368 [WARN] ConditionMgr:1044 - genDependencies : Invalid condition id : LAN8742 Phy interface Condition cause : null
2025-12-11 10:05:10,368 [WARN] ConditionMgr:1044 - genDependencies : Invalid condition id : LAN8742 Phy interface Condition cause : null
2025-12-11 10:05:10,369 [WARN] ConditionMgr:1044 - genDependencies : Invalid condition id : LAN8742 Phy interface Condition cause : null
2025-12-11 10:05:10,380 [WARN] PackLoader:240 - Cannot read IP mode file for STMicroelectronics.X-CUBE-SFXS2LP1.4.0.0
2025-12-11 10:05:10,407 [WARN] PackLoader:240 - Cannot read IP mode file for STMicroelectronics.X-CUBE-AZRTOS-H7.3.0.0
2025-12-11 10:05:10,417 [WARN] PackLoader:240 - Cannot read IP mode file for STMicroelectronics.X-CUBE-ISPU.1.1.0
2025-12-11 10:05:10,444 [WARN] PackLoader:240 - Cannot read IP mode file for STMicroelectronics.X-CUBE-AZRTOS-H7.3.3.0
2025-12-11 10:05:10,459 [WARN] PackLoader:240 - Cannot read IP mode file for RoweBots.I-CUBE-UNISONRTOS.5.5.0-4
2025-12-11 10:05:10,474 [WARN] PackLoader:240 - Cannot read IP mode file for STMicroelectronics.X-CUBE-BLEMGR.4.1.0
2025-12-11 10:05:10,484 [WARN] PackLoader:240 - Cannot read IP mode file for STMicroelectronics.X-CUBE-AI.8.0.0
2025-12-11 10:05:10,494 [WARN] PackLoader:240 - Cannot read IP mode file for STMicroelectronics.X-CUBE-IPS.3.0.0
2025-12-11 10:05:10,513 [WARN] ConditionMgr:438 - getConditionDescription Invalid condition id : UX DEVICE CLASS RTOS Condition cause : null
2025-12-11 10:05:10,513 [WARN] ConditionMgr:438 - getConditionDescription Invalid condition id : UX DEVICE CLASS RTOS Condition cause : null
2025-12-11 10:05:10,516 [WARN] PackLoader:240 - Cannot read IP mode file for STMicroelectronics.X-CUBE-AZRTOS-WB.2.0.0
2025-12-11 10:05:10,517 [WARN] ConditionMgr:1044 - genDependencies : Invalid condition id : UX DEVICE CLASS RTOS Condition cause : null
2025-12-11 10:05:10,517 [WARN] ConditionMgr:1044 - genDependencies : Invalid condition id : UX DEVICE CLASS RTOS Condition cause : null
2025-12-11 10:05:10,517 [WARN] ConditionMgr:1044 - genDependencies : Invalid condition id : UX DEVICE CLASS RTOS Condition cause : null
2025-12-11 10:05:10,518 [WARN] ConditionMgr:1044 - genDependencies : Invalid condition id : UX DEVICE CLASS RTOS Condition cause : null
2025-12-11 10:05:10,518 [WARN] ConditionMgr:1044 - genDependencies : Invalid condition id : UX DEVICE CLASS RTOS Condition cause : null
2025-12-11 10:05:10,524 [WARN] PackLoader:240 - Cannot read IP mode file for STMicroelectronics.X-CUBE-FREERTOS.1.0.0
2025-12-11 10:05:10,529 [WARN] PackLoader:240 - Cannot read IP mode file for STMicroelectronics.X-CUBE-FREERTOS.1.0.1
2025-12-11 10:05:10,535 [WARN] PackLoader:240 - Cannot read IP mode file for STMicroelectronics.X-CUBE-GNSS1.7.0.0
2025-12-11 10:05:10,543 [WARN] PackLoader:240 - Cannot read IP mode file for STMicroelectronics.X-CUBE-GNSS1.7.0.1
2025-12-11 10:05:10,546 [INFO] WebApp:225 - Starting web application
2025-12-11 10:05:10,547 [INFO] WebApp:593 - Web application path used C:\ST\STM32CubeIDE_1.19.0\STM32CubeIDE\plugins\com.st.stm32cube.common.mx_6.15.0.202507011659\db\plugins\mcufinder\reactClient1\index.html
2025-12-11 10:05:10,554 [WARN] PackLoader:240 - Cannot read IP mode file for STMicroelectronics.FP-SNS-STBOX1.2.0.0
2025-12-11 10:05:10,581 [WARN] PackLoader:240 - Cannot read IP mode file for STMicroelectronics.X-CUBE-AZRTOS-L5.1.1.0
2025-12-11 10:05:10,588 [WARN] PackLoader:240 - Cannot read IP mode file for STMicroelectronics.X-CUBE-AI.8.0.1
2025-12-11 10:05:10,600 [WARN] PackLoader:240 - Cannot read IP mode file for STMicroelectronics.X-CUBE-SUBG2.5.0.0
2025-12-11 10:05:10,638 [WARN] PackLoader:240 - Cannot read IP mode file for STMicroelectronics.X-CUBE-AZRTOS-H7RS.1.1.0
2025-12-11 10:05:10,662 [WARN] PackLoader:240 - Cannot read IP mode file for STMicroelectronics.X-CUBE-AZRTOS-G4.2.0.0
2025-12-11 10:05:10,679 [WARN] PackLoader:240 - Cannot read IP mode file for STMicroelectronics.X-CUBE-TOF1.3.3.0
2025-12-11 10:05:10,700 [WARN] PackLoader:240 - Cannot read IP mode file for STMicroelectronics.FP-ATR-ASTRA1.1.1.1
2025-12-11 10:05:10,718 [WARN] PackLoader:240 - Cannot read IP mode file for Infineon.AIROC-Wi-Fi-Bluetooth-STM32.1.5.1
2025-12-11 10:05:10,730 [WARN] PackLoader:240 - Cannot read IP mode file for STMicroelectronics.X-CUBE-NFC7.2.0.0
2025-12-11 10:05:10,736 [WARN] PackLoader:240 - Cannot read IP mode file for STMicroelectronics.FP-SNS-MOTENVWB1.1.3.1
2025-12-11 10:05:10,755 [WARN] PackLoader:240 - Cannot read IP mode file for STMicroelectronics.X-CUBE-AZRTOS-G4.1.0.0
2025-12-11 10:05:10,778 [WARN] PackLoader:240 - Cannot read IP mode file for STMicroelectronics.X-CUBE-AZRTOS-L4.1.0.0
2025-12-11 10:05:10,785 [WARN] PackLoader:240 - Cannot read IP mode file for STMicroelectronics.X-CUBE-ISPU.2.0.0
2025-12-11 10:05:10,800 [WARN] PackLoader:240 - Cannot read IP mode file for STMicroelectronics.X-CUBE-IPS.3.1.0
2025-12-11 10:05:10,822 [WARN] PackLoader:240 - Cannot read IP mode file for STMicroelectronics.X-CUBE-ALS.1.0.2
2025-12-11 10:05:10,900 [WARN] PackLoader:240 - Cannot read IP mode file for STMicroelectronics.X-CUBE-MEMS1.10.0.0
2025-12-11 10:05:11,029 [WARN] PackLoader:240 - Cannot read IP mode file for STMicroelectronics.X-CUBE-FREERTOS.1.1.0
2025-12-11 10:05:11,033 [WARN] PackLoader:240 - Cannot read IP mode file for STMicroelectronics.X-CUBE-TOUCHGFX.4.24.0
2025-12-11 10:05:11,052 [WARN] PackLoader:240 - Cannot read IP mode file for STMicroelectronics.X-CUBE-AZRTOS-F7.1.0.0
2025-12-11 10:05:11,058 [WARN] PackLoader:240 - Cannot read IP mode file for STMicroelectronics.X-CUBE-TOUCHGFX.4.24.2
2025-12-11 10:05:11,071 [WARN] PackLoader:240 - Cannot read IP mode file for STMicroelectronics.X-CUBE-AZRTOS-WL.1.0.0
2025-12-11 10:05:11,077 [WARN] PackLoader:240 - Cannot read IP mode file for STMicroelectronics.X-CUBE-TOUCHGFX.4.24.1
2025-12-11 10:05:11,085 [WARN] PackLoader:240 - Cannot read IP mode file for STMicroelectronics.X-CUBE-STSE01.1.0.0
2025-12-11 10:05:11,086 [INFO] UserAuth:487 - Internet connection configuration mode: 1
2025-12-11 10:05:11,127 [WARN] PackLoader:240 - Cannot read IP mode file for STMicroelectronics.X-CUBE-MEMS1.9.1.0
2025-12-11 10:05:11,247 [WARN] PackLoader:240 - Cannot read IP mode file for portGmbH.I-Cube-SoM-uGOAL.1.1.0
2025-12-11 10:05:11,251 [WARN] PackLoader:240 - Cannot read IP mode file for STMicroelectronics.X-CUBE-ALS.1.0.1
2025-12-11 10:05:11,257 [WARN] PackLoader:240 - Cannot read IP mode file for STMicroelectronics.X-CUBE-AI.7.0.0
2025-12-11 10:05:11,272 [WARN] PackLoader:240 - Cannot read IP mode file for STMicroelectronics.X-CUBE-AZRTOS-WB.1.1.0
2025-12-11 10:05:11,292 [WARN] PackLoader:240 - Cannot read IP mode file for STMicroelectronics.X-CUBE-AZRTOS-L5.1.0.0
2025-12-11 10:05:11,299 [WARN] PackLoader:240 - Cannot read IP mode file for STMicroelectronics.X-CUBE-EEPRMA1.3.1.0
2025-12-11 10:05:11,304 [WARN] PackLoader:240 - Cannot read IP mode file for STMicroelectronics.X-CUBE-EEPRMA1.3.1.1
2025-12-11 10:05:11,328 [WARN] PackLoader:240 - Cannot read IP mode file for STMicroelectronics.X-CUBE-AZRTOS-H7RS.1.0.0
2025-12-11 10:05:11,339 [WARN] PackLoader:240 - Cannot read IP mode file for STMicroelectronics.X-CUBE-GNSS1.5.2.0
2025-12-11 10:05:11,344 [WARN] PackLoader:240 - Cannot read IP mode file for STMicroelectronics.FP-ATR-ASTRA1.2.0.0
2025-12-11 10:05:11,358 [WARN] PackLoader:240 - Cannot read IP mode file for STMicroelectronics.X-CUBE-TOF1.3.4.2
2025-12-11 10:05:11,388 [WARN] PackLoader:240 - Cannot read IP mode file for STMicroelectronics.X-CUBE-TOF1.3.4.3
2025-12-11 10:05:11,416 [WARN] PackLoader:240 - Cannot read IP mode file for STMicroelectronics.X-CUBE-TOF1.3.4.0
2025-12-11 10:05:11,439 [WARN] PackLoader:240 - Cannot read IP mode file for STMicroelectronics.X-CUBE-TOF1.3.4.1
2025-12-11 10:05:11,475 [WARN] PackLoader:240 - Cannot read IP mode file for STMicroelectronics.X-CUBE-AZRTOS-H7.3.2.0
2025-12-11 10:05:11,483 [WARN] PackLoader:240 - Cannot read IP mode file for wolfSSL.I-CUBE-wolfSSH.1.4.17
2025-12-11 10:05:11,484 [INFO] ThirdParty:978 - Integrity check success = true
2025-12-11 10:05:11,484 [INFO] IntegrityCheckThread:100 - exiting critical section [integrity check]
2025-12-11 10:05:11,484 [INFO] IntegrityCheckThread:103 - End integrity checks thread
2025-12-11 10:06:21,300 [INFO] WebApp:194 - Connection lost
2025-12-11 10:06:21,555 [INFO] WebApp:191 - Connection restablished
2025-12-11 10:09:25,367 [INFO] WebApp:194 - Connection lost
2025-12-11 10:09:25,595 [INFO] WebApp:191 - Connection restablished
2025-12-11 10:12:29,815 [INFO] WebApp:194 - Connection lost
2025-12-11 10:12:30,033 [INFO] WebApp:191 - Connection restablished
2025-12-11 10:15:34,871 [INFO] WebApp:194 - Connection lost
2025-12-11 10:15:35,115 [INFO] WebApp:191 - Connection restablished
2025-12-11 10:18:39,864 [INFO] WebApp:194 - Connection lost
2025-12-11 10:18:40,094 [INFO] WebApp:191 - Connection restablished
2025-12-11 10:21:44,827 [INFO] WebApp:194 - Connection lost
2025-12-11 10:21:45,066 [INFO] WebApp:191 - Connection restablished
2025-12-11 10:24:50,302 [INFO] WebApp:194 - Connection lost
2025-12-11 10:24:50,592 [INFO] WebApp:191 - Connection restablished
2025-12-11 10:28:04,377 [INFO] WebApp:194 - Connection lost
2025-12-11 10:28:04,608 [INFO] WebApp:191 - Connection restablished
2025-12-11 10:31:11,865 [INFO] WebApp:194 - Connection lost
2025-12-11 10:31:12,110 [INFO] WebApp:191 - Connection restablished
2025-12-11 10:34:16,856 [INFO] WebApp:194 - Connection lost
2025-12-11 10:34:17,122 [INFO] WebApp:191 - Connection restablished
2025-12-11 10:37:21,824 [INFO] WebApp:194 - Connection lost
2025-12-11 10:37:22,061 [INFO] WebApp:191 - Connection restablished
2025-12-11 10:40:26,802 [INFO] WebApp:194 - Connection lost
2025-12-11 10:40:27,027 [INFO] WebApp:191 - Connection restablished
2025-12-11 10:43:31,288 [INFO] WebApp:194 - Connection lost
2025-12-11 10:43:31,498 [INFO] WebApp:191 - Connection restablished
2025-12-11 10:46:36,299 [INFO] WebApp:194 - Connection lost
2025-12-11 10:46:36,526 [INFO] WebApp:191 - Connection restablished
2025-12-11 10:49:41,795 [INFO] WebApp:194 - Connection lost
2025-12-11 10:49:42,098 [INFO] WebApp:191 - Connection restablished
2025-12-11 10:52:46,861 [INFO] WebApp:194 - Connection lost
2025-12-11 10:52:47,087 [INFO] WebApp:191 - Connection restablished
2025-12-11 10:55:51,799 [INFO] WebApp:194 - Connection lost
2025-12-11 10:55:52,032 [INFO] WebApp:191 - Connection restablished
2025-12-11 10:58:56,824 [INFO] WebApp:194 - Connection lost
2025-12-11 10:58:57,067 [INFO] WebApp:191 - Connection restablished
2025-12-11 11:02:01,339 [INFO] WebApp:194 - Connection lost
2025-12-11 11:02:01,564 [INFO] WebApp:191 - Connection restablished
2025-12-11 11:05:06,304 [INFO] WebApp:194 - Connection lost
2025-12-11 11:05:06,520 [INFO] WebApp:191 - Connection restablished
2025-12-11 11:08:13,351 [INFO] WebApp:194 - Connection lost
2025-12-11 11:08:13,581 [INFO] WebApp:191 - Connection restablished
2025-12-11 11:11:18,340 [INFO] WebApp:194 - Connection lost
2025-12-11 11:11:18,554 [INFO] WebApp:191 - Connection restablished
2025-12-11 11:14:22,814 [INFO] WebApp:194 - Connection lost
2025-12-11 11:14:23,051 [INFO] WebApp:191 - Connection restablished
2025-12-11 11:17:27,858 [INFO] WebApp:194 - Connection lost
2025-12-11 11:17:28,082 [INFO] WebApp:191 - Connection restablished
2025-12-11 11:20:32,882 [INFO] WebApp:194 - Connection lost
2025-12-11 11:20:33,136 [INFO] WebApp:191 - Connection restablished
2025-12-11 11:23:38,372 [INFO] WebApp:194 - Connection lost
2025-12-11 11:23:38,693 [INFO] WebApp:191 - Connection restablished
2025-12-11 11:26:42,867 [INFO] WebApp:194 - Connection lost
2025-12-11 11:26:43,098 [INFO] WebApp:191 - Connection restablished
2025-12-11 11:29:47,825 [INFO] WebApp:194 - Connection lost
2025-12-11 11:29:48,150 [INFO] WebApp:191 - Connection restablished
2025-12-11 11:32:52,839 [INFO] WebApp:194 - Connection lost
2025-12-11 11:32:53,221 [INFO] WebApp:191 - Connection restablished
2025-12-11 11:35:57,813 [INFO] WebApp:194 - Connection lost
2025-12-11 11:35:58,049 [INFO] WebApp:191 - Connection restablished
2025-12-11 11:39:03,800 [INFO] WebApp:194 - Connection lost
2025-12-11 11:39:04,018 [INFO] WebApp:191 - Connection restablished
2025-12-11 11:42:08,840 [INFO] WebApp:194 - Connection lost
2025-12-11 11:42:09,047 [INFO] WebApp:191 - Connection restablished
2025-12-11 11:45:15,814 [INFO] WebApp:194 - Connection lost
2025-12-11 11:45:16,170 [INFO] WebApp:191 - Connection restablished
2025-12-11 11:45:30,108 [INFO] McuFinderGlobals:63 - Set McuFinder mode to 2 (CubeIDE integrated)
2025-12-11 11:45:30,114 [INFO] MainUpdater:2872 - connection check result : 10
2025-12-11 11:45:30,117 [INFO] MainUpdater:2872 - connection check result : 10
2025-12-11 11:45:30,173 [INFO] MicroXplorer:468 - Change Database Path : 
2025-12-11 11:45:30,174 [INFO] MicroXplorer:498 - Change Database Version : DB.6.0.150
2025-12-11 11:45:30,179 [WARN] ThirdParty:871 - waiting for thirdparty lock release [close project]
2025-12-11 11:45:30,179 [INFO] ThirdParty:873 - entering critical section [close project]
2025-12-11 11:45:30,184 [INFO] ThirdParty:883 - exiting critical section [close project]
2025-12-11 11:45:30,193 [INFO] PinOutPanel:1589 - setPackage(No Configuration,No Configuration)
2025-12-11 11:45:30,203 [INFO] UtilMem:75 - Begin LoadConfig() Used Memory: 603732720 Bytes (1073741824)
2025-12-11 11:45:30,207 [INFO] MicroXplorer:468 - Change Database Path : 
2025-12-11 11:45:30,207 [INFO] MicroXplorer:498 - Change Database Version : DB.6.0.150
2025-12-11 11:45:30,207 [INFO] OpenFileManager:355 - Change cursor
2025-12-11 11:45:30,331 [INFO] Mcu:2029 - Initializing MCU STM32G491R(C-E)Tx STM32G491RETx STM32G491RET3
2025-12-11 11:45:34,610 [INFO] Context:786 - Trying to add GPIOservice into a context  which must be forbidden
2025-12-11 11:45:35,504 [INFO] ImportTextPane:234 - (OptionalMessage_ERROR) Pin28 (VP_RIF_VS_RIF1) cannot be retrieved for this MCU
2025-12-11 11:45:35,778 [INFO] RtosManager:558 - Registered RTOS mode: class=CMSIS, group=RTOS, mode=CMSIS_V1, owner=FREERTOS
2025-12-11 11:45:35,778 [INFO] RtosManager:558 - Registered RTOS mode: class=CMSIS, group=RTOS2, mode=CMSIS_V2, owner=FREERTOS
2025-12-11 11:45:35,779 [INFO] RtosManager:558 - Registered RTOS mode: class=RTOS, group=Core, mode=CMSIS_V1, owner=FREERTOS
2025-12-11 11:45:35,779 [INFO] RtosManager:558 - Registered RTOS mode: class=RTOS, group=Core, mode=CMSIS_V2, owner=FREERTOS
2025-12-11 11:45:35,779 [WARN] ModelIntegratedComponent:184 - Missing modes for component STMicroelectronics:FreeRTOS:0.0.1:STMicroelectronics:RTOS:FreeRTOS:Core:::10.2.0:
2025-12-11 11:45:35,789 [WARN] ModelIntegratedComponent:63 - No mode defined for component null
2025-12-11 11:45:35,789 [WARN] ModelIntegratedComponent:63 - No mode defined for component null
2025-12-11 11:45:35,789 [WARN] ModelIntegratedComponent:63 - No mode defined for component null
2025-12-11 11:45:35,789 [WARN] ModelIntegratedComponent:63 - No mode defined for component null
2025-12-11 11:45:35,789 [WARN] ModelIntegratedComponent:63 - No mode defined for component null
2025-12-11 11:45:35,789 [WARN] ModelIntegratedComponent:63 - No mode defined for component null
2025-12-11 11:45:35,789 [WARN] ModelIntegratedComponent:63 - No mode defined for component null
2025-12-11 11:45:35,789 [WARN] ModelIntegratedComponent:63 - No mode defined for component null
2025-12-11 11:45:35,789 [WARN] ModelIntegratedComponent:63 - No mode defined for component null
2025-12-11 11:45:35,790 [WARN] ModelIntegratedComponent:63 - No mode defined for component null
2025-12-11 11:45:35,790 [WARN] ModelIntegratedComponent:63 - No mode defined for component null
2025-12-11 11:45:35,790 [WARN] ModelIntegratedComponent:63 - No mode defined for component null
2025-12-11 11:45:35,790 [WARN] ModelIntegratedComponent:63 - No mode defined for component null
2025-12-11 11:45:35,790 [WARN] ModelIntegratedComponent:63 - No mode defined for component null
2025-12-11 11:45:35,790 [WARN] ModelIntegratedComponent:63 - No mode defined for component null
2025-12-11 11:45:35,790 [WARN] ModelIntegratedComponent:63 - No mode defined for component null
2025-12-11 11:45:35,790 [WARN] ModelIntegratedComponent:63 - No mode defined for component null
2025-12-11 11:45:35,790 [WARN] ModelIntegratedComponent:63 - No mode defined for component null
2025-12-11 11:45:35,790 [WARN] ModelIntegratedComponent:63 - No mode defined for component null
2025-12-11 11:45:35,790 [WARN] ModelIntegratedComponent:63 - No mode defined for component null
2025-12-11 11:45:35,790 [WARN] ModelIntegratedComponent:63 - No mode defined for component null
2025-12-11 11:45:35,790 [WARN] ModelIntegratedComponent:63 - No mode defined for component null
2025-12-11 11:45:35,790 [WARN] ModelIntegratedComponent:63 - No mode defined for component null
2025-12-11 11:45:35,790 [WARN] ModelIntegratedComponent:63 - No mode defined for component null
2025-12-11 11:45:35,790 [WARN] ModelIntegratedComponent:63 - No mode defined for component null
2025-12-11 11:45:35,790 [WARN] ModelIntegratedComponent:63 - No mode defined for component null
2025-12-11 11:45:35,790 [WARN] ModelIntegratedComponent:63 - No mode defined for component null
2025-12-11 11:45:35,790 [WARN] ModelIntegratedComponent:63 - No mode defined for component null
2025-12-11 11:45:35,791 [WARN] ModelIntegratedComponent:63 - No mode defined for component null
2025-12-11 11:45:35,791 [WARN] ModelIntegratedComponent:63 - No mode defined for component null
2025-12-11 11:45:35,791 [WARN] ModelIntegratedComponent:63 - No mode defined for component null
2025-12-11 11:45:35,791 [WARN] ModelIntegratedComponent:63 - No mode defined for component null
2025-12-11 11:45:35,791 [WARN] ModelIntegratedComponent:63 - No mode defined for component null
2025-12-11 11:45:35,791 [WARN] ModelIntegratedComponent:63 - No mode defined for component null
2025-12-11 11:45:35,791 [WARN] ModelIntegratedComponent:63 - No mode defined for component null
2025-12-11 11:45:35,791 [WARN] ModelPack:524 - Component already loaded: STMicroelectronics:HAL Drivers:0.0.0:STMicroelectronics:Device:STMicro_Driver:XSPI:HAL::0.0.1:HAL_XSPI
2025-12-11 11:45:36,459 [INFO] ThirdPartyModel:298 - Start build external matchings
2025-12-11 11:45:44,312 [INFO] ThirdPartyModel:316 - End build external matchings
2025-12-11 11:45:44,538 [INFO] ImportTextPane:234 - (OptionalMessage_ERROR) IP (ADC1) : Parameter (CommonPathInternal) has invalid value (null|null|null|null)
2025-12-11 11:45:44,538 [INFO] ImportTextPane:234 - (OptionalMessage_ERROR) IP (DMA) : Parameter (Instance) has Id (ADC1) currently not set
2025-12-11 11:45:44,538 [INFO] ImportTextPane:234 - (OptionalMessage_ERROR) IP (DMA) : Parameter (Request) has Id (ADC1) currently not set
2025-12-11 11:45:44,538 [INFO] ImportTextPane:234 - (OptionalMessage_ERROR) IP (DMA) : Parameter (Direction) has Id (ADC1) currently not set
2025-12-11 11:45:44,538 [INFO] ImportTextPane:234 - (OptionalMessage_ERROR) IP (DMA) : Parameter (PeriphInc) has Id (ADC1) currently not set
2025-12-11 11:45:44,538 [INFO] ImportTextPane:234 - (OptionalMessage_ERROR) IP (DMA) : Parameter (MemInc) has Id (ADC1) currently not set
2025-12-11 11:45:44,539 [INFO] ImportTextPane:234 - (OptionalMessage_ERROR) IP (DMA) : Parameter (PeriphDataAlignment) has Id (ADC1) currently not set
2025-12-11 11:45:44,540 [INFO] ImportTextPane:234 - (OptionalMessage_ERROR) IP (DMA) : Parameter (MemDataAlignment) has Id (ADC1) currently not set
2025-12-11 11:45:44,541 [INFO] ImportTextPane:234 - (OptionalMessage_ERROR) IP (DMA) : Parameter (Mode) has Id (ADC1) currently not set
2025-12-11 11:45:44,541 [INFO] ImportTextPane:234 - (OptionalMessage_ERROR) IP (DMA) : Parameter (Priority) has Id (ADC1) currently not set
2025-12-11 11:45:44,541 [INFO] ImportTextPane:234 - (OptionalMessage_ERROR) IP (DMA) : Parameter (SignalID) has Id (ADC1) currently not set
2025-12-11 11:45:44,541 [INFO] ImportTextPane:234 - (OptionalMessage_ERROR) IP (DMA) : Parameter (Polarity) has Id (ADC1) currently not set
2025-12-11 11:45:44,541 [INFO] ImportTextPane:234 - (OptionalMessage_ERROR) IP (DMA) : Parameter (RequestNumber) has Id (ADC1) currently not set
2025-12-11 11:45:44,541 [INFO] ImportTextPane:234 - (OptionalMessage_ERROR) IP (DMA) : Parameter (SyncSignalID) has Id (ADC1) currently not set
2025-12-11 11:45:44,541 [INFO] ImportTextPane:234 - (OptionalMessage_ERROR) IP (DMA) : Parameter (SyncPolarity) has Id (ADC1) currently not set
2025-12-11 11:45:44,541 [INFO] ImportTextPane:234 - (OptionalMessage_ERROR) IP (DMA) : Parameter (SyncEnable) has Id (ADC1) currently not set
2025-12-11 11:45:44,541 [INFO] ImportTextPane:234 - (OptionalMessage_ERROR) IP (DMA) : Parameter (EventEnable) has Id (ADC1) currently not set
2025-12-11 11:45:44,541 [INFO] ImportTextPane:234 - (OptionalMessage_ERROR) IP (DMA) : Parameter (SyncRequestNumber) has Id (ADC1) currently not set
2025-12-11 11:45:44,544 [INFO] ImportTextPane:234 - (OptionalMessage_ERROR) IP (RCC) : Invalid parameter (FamilyName)
2025-12-11 11:45:44,544 [INFO] ImportTextPane:234 - (OptionalMessage_ERROR) IP (RCC) : Parameter (HRTIM1Freq_Value) has invalid value (16000000)
2025-12-11 11:45:45,294 [INFO] ApiDb:581 - Connected to CubeFinder SQLite database (C:\Users\ivanp\.stmcufinder\plugins\mcufinder\mcu\cube-finder-db.db)
2025-12-11 11:45:45,456 [INFO] ApiDb:668 - CubeFinder database Data Model version=2.1
2025-12-11 11:45:45,456 [INFO] ApiDb:669 - CubeFinder database Configuration version=3.0.39
2025-12-11 11:45:45,457 [INFO] ApiDb:670 - CubeFinder database generation date=2025-10-27 (1761571959)
2025-12-11 11:45:45,457 [INFO] ApiDb:671 - CubeFinder database FW Pack versions=[FP-ATR-ASTRA1_V2.0.0, FP-SNS-FLIGHT1_V5.1.0, FP-SNS-MOTENV1_V5.0.0, FP-SNS-MOTENVWB1_V1.4.0, FP-SNS-SMARTAG2_V1.2.0, FP-SNS-STBOX1_V2.1.0, STM32Cube_FW_C0_V1.4.0, STM32Cube_FW_F4_V1.28.3, STM32Cube_FW_F7_V1.17.4, STM32Cube_FW_G0_V1.6.2, STM32Cube_FW_G4_V1.6.1, STM32Cube_FW_H5_V1.5.0, STM32Cube_FW_H7RS_V1.2.0, STM32Cube_FW_H7_V1.12.1, STM32Cube_FW_L0_V1.12.2, STM32Cube_FW_L4_V1.18.1, STM32Cube_FW_L5_V1.5.1, STM32Cube_FW_N6_V1.2.0, STM32Cube_FW_U0_V1.3.0, STM32Cube_FW_U3_V1.2.1, STM32Cube_FW_U5_V1.8.0, STM32Cube_FW_WB0_V1.3.0, STM32Cube_FW_WBA_V1.7.0, STM32Cube_FW_WB_V1.23.0, STM32Cube_FW_WL3_V1.2.0, STM32Cube_FW_WL_V1.3.1, X-CUBE-ALGOBUILD_V1.4.0, X-CUBE-ALS_V1.0.2, X-CUBE-AZRTOS-F4_V1.1.0, X-CUBE-AZRTOS-F7_V1.1.0, X-CUBE-AZRTOS-G0_V1.1.0, X-CUBE-AZRTOS-G4_V2.0.0, X-CUBE-AZRTOS-H7RS_V1.1.0, X-CUBE-AZRTOS-H7_V3.4.0, X-CUBE-AZRTOS-L4_V2.0.0, X-CUBE-AZRTOS-L5_V2.0.0, X-CUBE-AZRTOS-WB_V2.0.0, X-CUBE-AZRTOS-WL_V2.0.0, X-CUBE-BLE1_V7.1.0, X-CUBE-BLE2_V3.3.0, X-CUBE-BLEMGR_V4.1.0, X-CUBE-EEPRMA1_V5.2.0, X-CUBE-FREERTOS_V1.3.1, X-CUBE-GNSS1_V6.0.0, X-CUBE-MEMS1_V11.3.0, X-CUBE-NFC4_V3.0.0, X-CUBE-NFC7_V2.0.0, X-CUBE-SFXS2LP1_V4.0.0, X-CUBE-ST67W61_V1.1.0, X-CUBE-SUBG2_V5.0.0, X-CUBE-TOF1_V3.4.3]
2025-12-11 11:45:45,636 [INFO] DbBoardsSqlite:226 - include board P-NUCLEO-WB55-NUCLEO as a kit item of type 'Nucleo-64'
2025-12-11 11:45:45,636 [INFO] DbBoardsSqlite:226 - include board P-NUCLEO-WB55-USBDONGLE as a kit item of type 'Nucleo USB Dongle'
2025-12-11 11:45:45,637 [INFO] DbBoardsSqlite:226 - include board STEVAL-IDP005V1 as a kit item of type 'Evaluation Board'
2025-12-11 11:45:45,638 [INFO] DbBoardsSqlite:226 - include board STEVAL-IDP005V2 as a kit item of type 'Evaluation Board'
2025-12-11 11:45:46,520 [INFO] ApiDb:240 - Found 880 in-development CPN: [B-G473E-ZEST1S, B-WB1M-WPAN1, B-WBA5M-WPAN, B-WL5M-SUBG1, NUCLEO-C031C6, NUCLEO-C051C8, NUCLEO-C071RB, NUCLEO-C092RC, NUCLEO-H503RB, NUCLEO-H533RE, NUCLEO-H563ZI, NUCLEO-H7S3L8, NUCLEO-N657X0-Q, NUCLEO-U031R8, NUCLEO-U083RC, NUCLEO-U385RG-Q, NUCLEO-U545RE-Q, NUCLEO-U5A5ZJ-Q, NUCLEO-WB05KZ, NUCLEO-WB07CC, NUCLEO-WB09KE, NUCLEO-WBA52CG, NUCLEO-WBA55CG, NUCLEO-WL33CC1, NUCLEO-WL33CC2, STEVAL-PROTEUS1, STEVAL-SMARTAG2, STEVAL-STWINBX1, STM320518-EVAL, STM32C0116-DK, STM32C011D6Y3TR, STM32C011D6Y6TR, STM32C011F4P3, STM32C011F4P6, STM32C011F4U3, STM32C011F4U6TR, STM32C011F6P3, STM32C011F6P6, STM32C011F6U3, STM32C011F6U6TR, STM32C011J4M3, STM32C011J4M6, STM32C011J6M3, STM32C011J6M6, STM32C0316-DK, STM32C031C4T3, STM32C031C4T6, STM32C031C4U3, STM32C031C4U6, STM32C031C6T3, STM32C031C6T6, STM32C031C6U3, STM32C031C6U6, STM32C031F4P3, STM32C031F4P6, STM32C031F6P3, STM32C031F6P6, STM32C031G4U3, STM32C031G4U6, STM32C031G6U3, STM32C031G6U6, STM32C031K4T3, STM32C031K4T6, STM32C031K4U3, STM32C031K4U6, STM32C031K6T3, STM32C031K6T6, STM32C031K6U3, STM32C031K6U6, STM32C051C6T6, STM32C051C6U6, STM32C051C8T6, STM32C051C8U6, STM32C051D8Y6TR, STM32C051F6P6, STM32C051F8P6, STM32C051G6U6, STM32C051G8U6, STM32C051K6T6, STM32C051K6U6, STM32C051K8T6, STM32C071C8T6, STM32C071C8T6N, STM32C071C8U6, STM32C071C8U6N, STM32C071CBT6, STM32C071CBT6N, STM32C071CBU6, STM32C071CBU6N, STM32C071F8P6, STM32C071F8P6N, STM32C071FBP6, STM32C071FBP6N, STM32C071FBY6TR, STM32C071G8U6, STM32C071G8U6N, STM32C071GBU6, STM32C071GBU6N, STM32C071K8T6, STM32C071K8T6N, STM32C071K8U6, STM32C071K8U6N, STM32C071KBT6, STM32C071KBT6N, STM32C071KBU6, STM32C071KBU6N, STM32C071R8T6, STM32C071R8T6N, STM32C071RBI6N, STM32C071RBT6, STM32C071RBT6N, STM32C091CBT6, STM32C091CBU6, STM32C091CCT6, STM32C091CCU6, STM32C091ECY6TR, STM32C091FBP6, STM32C091FCP6, STM32C091GBU6, STM32C091GCU6, STM32C091KBT6, STM32C091KBU6, STM32C091KCT6, STM32C091KCU6, STM32C091RBT6, STM32C091RCI6, STM32C091RCT6, STM32C092CBT6, STM32C092CBU6, STM32C092CCT6, STM32C092CCU6, STM32C092ECY6TR, STM32C092FBP6, STM32C092FCP6, STM32C092GBU6, STM32C092GCU6, STM32C092KBT6, STM32C092KBU6, STM32C092KCT6, STM32C092KCU6, STM32C092RBT6, STM32C092RCI6, STM32C092RCT6, STM32G071K8TXN, STM32G071K8UXN, STM32G081GBU6N, STM32G081KBT6N, STM32G081KBUXN, STM32G0B1CCT6N, STM32G0B1KCT6, STM32G0B1NEY6TR, STM32G0B1RCT6N, STM32G0C1CCT6, STM32G0C1CCT6N, STM32G0C1CCU6N, STM32G0C1CET6N, STM32G0C1CEU6N, STM32G0C1KCT6, STM32G0C1NEY6TR, STM32G0C1RCI6N, STM32G0C1RCT6N, STM32G0C1REI6N, STM32G0C1RET6N, STM32G0C1VCI6, STM32G0C1VEI6, STM32G411C6T3, STM32G411C6T6, STM32G411C6U3, STM32G411C6U6, STM32G411C8T3, STM32G411C8T6, STM32G411C8U3, STM32G411C8U6, STM32G411CBT3, STM32G411CBT6, STM32G411CBU3, STM32G411CBU6, STM32G411K6T3, STM32G411K6T6, STM32G411K6U3, STM32G411K6U6, STM32G411K8T3, STM32G411K8T6, STM32G411K8U3, STM32G411K8U6, STM32G411KBT3, STM32G411KBT6, STM32G411KBU3, STM32G411KBU6, STM32G411M6T3, STM32G411M6T6, STM32G411M8T3, STM32G411M8T6, STM32G411MBT3, STM32G411MBT6, STM32G411R6T3, STM32G411R6T6, STM32G411R8T3, STM32G411R8T6, STM32G411RBT3, STM32G411RBT6, STM32G414CBT3, STM32G414CBT6, STM32G414CBU3, STM32G414CBU6, STM32G414CCT3, STM32G414CCT6, STM32G414CCU3, STM32G414CCU6, STM32G414MBT3, STM32G414MBT6, STM32G414MCT3, STM32G414MCT6, STM32G414RBT3, STM32G414RBT6, STM32G414RCT3, STM32G414RCT6, STM32G414VBT3, STM32G414VBT6, STM32G414VCT3, STM32G414VCT6, STM32G431CBT3Z, STM32G431RBT3Z, STM32G471CCT6, STM32G471CCU6, STM32G471CET3, STM32G471CET6, STM32G471CEU3, STM32G471CEU6, STM32G471MCT6, STM32G471MET3, STM32G471MET6, STM32G471MEY6TR, STM32G471QCT6, STM32G471QET3, STM32G471RCT6, STM32G471RET3, STM32G471RET6, STM32G471VCH6, STM32G471VCI6, STM32G471VCT6, STM32G471VEH3, STM32G471VEH6, STM32G471VEI3, STM32G471VEI6, STM32G471VET3, STM32G471VET6, STM32G473QET3Z, STM32G473RET3Z, STM32G474CCT6, STM32G491RET3Z, STM32H503CBT6, STM32H503CBU6, STM32H503EBY6TR, STM32H503KBU6, STM32H503RBT6, STM32H523CCT6, STM32H523CCU6, STM32H523CET6, STM32H523CEU6, STM32H523HEY6TR, STM32H523RCT6, STM32H523RET6, STM32H523VCI6, STM32H523VCT6, STM32H523VEI6, STM32H523VET6, STM32H523ZCJ6, STM32H523ZCT6, STM32H523ZEJ6, STM32H523ZET6, STM32H533CET6, STM32H533CEU6, STM32H533HEY6TR, STM32H533RET6, STM32H533VEI6, STM32H533VET6, STM32H533ZEJ6, STM32H533ZET6, STM32H562AGI6, STM32H562AII6, STM32H562IGK6, STM32H562IGT6, STM32H562IIK6, STM32H562IIT6, STM32H562RGT6, STM32H562RGV6, STM32H562RIT6, STM32H562RIV6, STM32H562VGT6, STM32H562VIT6, STM32H562ZGT6, STM32H562ZIT6, STM32H563AGI6, STM32H563AII3Q, STM32H563AII6, STM32H563IGK6, STM32H563IGT6, STM32H563IIK3Q, STM32H563IIK6, STM32H563IIT3Q, STM32H563IIT6, STM32H563MIY3QTR, STM32H563RGT6, STM32H563RGV6, STM32H563RIT6, STM32H563RIV6, STM32H563VGT6, STM32H563VIT3Q, STM32H563VIT6, STM32H563ZGT6, STM32H563ZIT3Q, STM32H563ZIT6, STM32H573AII3Q, STM32H573AII6, STM32H573I-DK, STM32H573IIK3Q, STM32H573IIK6, STM32H573IIT3Q, STM32H573IIT6, STM32H573MIY3QTR, STM32H573RIT6, STM32H573RIV6, STM32H573VIT3Q, STM32H573VIT6, STM32H573ZIT3Q, STM32H573ZIT6, STM32H7R3A8I6, STM32H7R3I8K6, STM32H7R3I8T6, STM32H7R3L8H6, STM32H7R3L8H6H, STM32H7R3R8V6, STM32H7R3V8H6, STM32H7R3V8T6, STM32H7R3V8Y6TR, STM32H7R3Z8J6, STM32H7R3Z8T6, STM32H7R7A8I6, STM32H7R7I8K6, STM32H7R7I8T6, STM32H7R7L8H6, STM32H7R7L8H6H, STM32H7R7Z8J6, STM32H7S3A8I6, STM32H7S3I8K6, STM32H7S3I8T6, STM32H7S3L8H6, STM32H7S3L8H6H, STM32H7S3R8V6, STM32H7S3V8H6, STM32H7S3V8T6, STM32H7S3V8Y6TR, STM32H7S3Z8J6, STM32H7S3Z8T6, STM32H7S78-DK, STM32H7S7A8I6, STM32H7S7I8K6, STM32H7S7I8T6, STM32H7S7L8H6, STM32H7S7L8H6H, STM32H7S7Z8J6, STM32L4R5QGI6STR, STM32MP131AAE3, STM32MP131AAF3, STM32MP131AAG3, STM32MP131CAE3, STM32MP131CAF3, STM32MP131CAG3, STM32MP131DAE7, STM32MP131DAF7, STM32MP131DAG7, STM32MP131FAE7, STM32MP131FAF7, STM32MP131FAG7, STM32MP133AAE3, STM32MP133AAF3, STM32MP133AAG3, STM32MP133CAE3, STM32MP133CAF3, STM32MP133CAG3, STM32MP133DAE7, STM32MP133DAF7, STM32MP133DAG7, STM32MP133FAE7, STM32MP133FAF7, STM32MP133FAG7, STM32MP135AAE3, STM32MP135AAF3, STM32MP135AAG3, STM32MP135CAE3, STM32MP135CAF3, STM32MP135CAG3, STM32MP135DAE7, STM32MP135DAF7, STM32MP135DAG7, STM32MP135F-DK, STM32MP135FAE7, STM32MP135FAF7, STM32MP135FAF7T, STM32MP135FAF7U, STM32MP135FAG7, STM32MP211AAL3, STM32MP211AAM3, STM32MP211AAN3, STM32MP211AAO3, STM32MP211CAL3, STM32MP211CAM3, STM32MP211CAN3, STM32MP211CAO3, STM32MP211DAL3, STM32MP211DAM3, STM32MP211DAN3, STM32MP211DAO3, STM32MP211FAL3, STM32MP211FAM3, STM32MP211FAN3, STM32MP211FAO3, STM32MP213AAL3, STM32MP213AAM3, STM32MP213AAN3, STM32MP213AAO3, STM32MP213CAL3, STM32MP213CAM3, STM32MP213CAN3, STM32MP213CAO3, STM32MP213DAL3, STM32MP213DAM3, STM32MP213DAN3, STM32MP213DAO3, STM32MP213FAL3, STM32MP213FAM3, STM32MP213FAN3, STM32MP213FAO3, STM32MP215AAL3, STM32MP215AAM3, STM32MP215AAN3, STM32MP215AAO3, STM32MP215CAL3, STM32MP215CAM3, STM32MP215CAN3, STM32MP215CAO3, STM32MP215DAL3, STM32MP215DAM3, STM32MP215DAN3, STM32MP215DAO3, STM32MP215F-DK, STM32MP215FAL3, STM32MP215FAM3, STM32MP215FAN3, STM32MP215FAO3, STM32MP231AAJ3, STM32MP231AAK3, STM32MP231AAL3, STM32MP231CAJ3, STM32MP231CAK3, STM32MP231CAL3, STM32MP231DAJ3, STM32MP231DAK3, STM32MP231DAL3, STM32MP231FAJ3, STM32MP231FAK3, STM32MP231FAL3, STM32MP233AAJ3, STM32MP233AAK3, STM32MP233AAL3, STM32MP233CAJ3, STM32MP233CAK3, STM32MP233CAL3, STM32MP233DAJ3, STM32MP233DAK3, STM32MP233DAL3, STM32MP233FAJ3, STM32MP233FAK3, STM32MP233FAL3, STM32MP235AAJ3, STM32MP235AAK3, STM32MP235AAL3, STM32MP235CAJ3, STM32MP235CAK3, STM32MP235CAL3, STM32MP235DAJ3, STM32MP235DAK3, STM32MP235DAL3, STM32MP235FAJ3, STM32MP235FAK3, STM32MP235FAL3, STM32MP251AAI3, STM32MP251AAK3, STM32MP251AAL3, STM32MP251CAI3, STM32MP251CAK3, STM32MP251CAL3, STM32MP251DAI3, STM32MP251DAK3, STM32MP251DAL3, STM32MP251FAI3, STM32MP251FAK3, STM32MP251FAL3, STM32MP253AAI3, STM32MP253AAK3, STM32MP253AAL3, STM32MP253CAI3, STM32MP253CAK3, STM32MP253CAL3, STM32MP253DAI3, STM32MP253DAK3, STM32MP253DAL3, STM32MP253FAI3, STM32MP253FAK3, STM32MP253FAL3, STM32MP255AAI3, STM32MP255AAK3, STM32MP255AAL3, STM32MP255CAI3, STM32MP255CAK3, STM32MP255CAL3, STM32MP255DAI3, STM32MP255DAK3, STM32MP255DAL3, STM32MP255FAI3, STM32MP255FAK3, STM32MP255FAL3, STM32MP257AAI3, STM32MP257AAK3, STM32MP257AAL3, STM32MP257CAI3, STM32MP257CAK3, STM32MP257CAL3, STM32MP257DAI3, STM32MP257DAK3, STM32MP257DAL3, STM32MP257F-DK, STM32MP257F-EV1, STM32MP257FAI3, STM32MP257FAK3, STM32MP257FAL3, STM32N645A0H3Q, STM32N645B0H3Q, STM32N645I0H3Q, STM32N645L0H3Q, STM32N645X0H3Q, STM32N645Z0H3Q, STM32N647A0H3Q, STM32N647B0H3Q, STM32N647I0H3Q, STM32N647L0H3Q, STM32N647X0H3Q, STM32N647Z0H3Q, STM32N655A0H3Q, STM32N655B0H3Q, STM32N655I0H3Q, STM32N655L0H3Q, STM32N655X0H3Q, STM32N655Z0H3Q, STM32N6570-DK, STM32N657A0H3Q, STM32N657B0H3Q, STM32N657I0H3Q, STM32N657L0H3Q, STM32N657X0H3Q, STM32N657Z0H3Q, STM32U031C6T6, STM32U031C6U6, STM32U031C8T6, STM32U031C8U6, STM32U031F4P6, STM32U031F6P6, STM32U031F8P6, STM32U031G6Y6TR, STM32U031G8Y6TR, STM32U031K4U6, STM32U031K6U6, STM32U031K8U6, STM32U031R6I6, STM32U031R6T6, STM32U031R8I6, STM32U031R8T6, STM32U073C8T6, STM32U073C8U6, STM32U073CBT6, STM32U073CBU6, STM32U073CCT6, STM32U073CCU6, STM32U073H8Y6TR, STM32U073HBY6TR, STM32U073HCY6TR, STM32U073K8U6, STM32U073KBU6, STM32U073KCU6, STM32U073M8I6, STM32U073M8T6, STM32U073MBI6, STM32U073MBT6, STM32U073MCI6, STM32U073MCT6, STM32U073R8I6, STM32U073R8T6, STM32U073RBI6, STM32U073RBT6, STM32U073RCI6, STM32U073RCT6, STM32U083C-DK, STM32U083CCT6, STM32U083CCU6, STM32U083HCY6TR, STM32U083KCU6, STM32U083MCI6, STM32U083MCT6, STM32U083RCI6, STM32U083RCT6, STM32U375CET6, STM32U375CET6Q, STM32U375CEU6, STM32U375CEU6Q, STM32U375CEY6QTR, STM32U375CGT6, STM32U375CGT6Q, STM32U375CGU6, STM32U375CGU6Q, STM32U375CGY6QTR, STM32U375KEU6, STM32U375KGU6, STM32U375REI6, STM32U375REI6Q, STM32U375RET6, STM32U375RET6Q, STM32U375REY6GTR, STM32U375REY6QTR, STM32U375RGI6, STM32U375RGI6Q, STM32U375RGT6, STM32U375RGT6Q, STM32U375RGY6GTR, STM32U375RGY6QTR, STM32U375VEI6, STM32U375VEI6Q, STM32U375VET6, STM32U375VET6Q, STM32U375VGI6, STM32U375VGI6Q, STM32U375VGT6, STM32U375VGT6Q, STM32U385CGT6, STM32U385CGT6Q, STM32U385CGU6, STM32U385CGU6Q, STM32U385CGY6QTR, STM32U385KGU6, STM32U385RGI6, STM32U385RGI6Q, STM32U385RGT6, STM32U385RGT6Q, STM32U385RGY6GTR, STM32U385RGY6QTR, STM32U385VGI6, STM32U385VGI6Q, STM32U385VGT6, STM32U385VGT6Q, STM32U535CBT6, STM32U535CBT6Q, STM32U535CBU6, STM32U535CBU6Q, STM32U535CCT6, STM32U535CCT6Q, STM32U535CCU6, STM32U535CCU6Q, STM32U535CET6, STM32U535CET6Q, STM32U535CEU6, STM32U535CEU6Q, STM32U535JEY6QTR, STM32U535NCY6QTR, STM32U535NEY6QTR, STM32U535RBI6, STM32U535RBI6Q, STM32U535RBT6, STM32U535RBT6Q, STM32U535RCI6, STM32U535RCI6Q, STM32U535RCT6, STM32U535RCT6Q, STM32U535REI6, STM32U535REI6Q, STM32U535RET6, STM32U535RET6Q, STM32U535VCI6, STM32U535VCI6Q, STM32U535VCT6, STM32U535VCT6Q, STM32U535VEI6, STM32U535VEI6Q, STM32U535VET6, STM32U535VET6Q, STM32U545CET6, STM32U545CET6Q, STM32U545CEU6, STM32U545CEU6Q, STM32U545JEY6QTR, STM32U545NEY6QTR, STM32U545REI6, STM32U545REI6Q, STM32U545RET6, STM32U545RET6Q, STM32U545VEI6, STM32U545VEI6Q, STM32U545VET6, STM32U545VET6Q, STM32U595AIH6, STM32U595AIH6Q, STM32U595AJH6, STM32U595AJH6Q, STM32U595QII6, STM32U595QII6Q, STM32U595QJI6, STM32U595QJI6Q, STM32U595RIT6, STM32U595RIT6Q, STM32U595RJT6, STM32U595RJT6Q, STM32U595VIT6, STM32U595VIT6Q, STM32U595VJT6, STM32U595VJT6Q, STM32U595ZIT6, STM32U595ZIT6Q, STM32U595ZIY6QTR, STM32U595ZJT6, STM32U595ZJT6Q, STM32U595ZJY6QTR, STM32U599BJY6QTR, STM32U599NIH6Q, STM32U599NJH6Q, STM32U599VIT6Q, STM32U599VJT6, STM32U599VJT6Q, STM32U599ZIT6Q, STM32U599ZIY6QTR, STM32U599ZJT6Q, STM32U599ZJY6QTR, STM32U5A5AJH6, STM32U5A5AJH6Q, STM32U5A5QII3Q , STM32U5A5QJI6, STM32U5A5QJI6Q, STM32U5A5RJT6, STM32U5A5RJT6Q, STM32U5A5VJT6, STM32U5A5VJT6Q, STM32U5A5ZJT6, STM32U5A5ZJT6Q, STM32U5A5ZJY6QTR, STM32U5A9BJY6QTR, STM32U5A9J-DK, STM32U5A9NJH6Q, STM32U5A9VJT6Q, STM32U5A9ZJT6Q, STM32U5A9ZJY6QTR, STM32U5F7VIT6, STM32U5F7VIT6Q, STM32U5F7VJT6, STM32U5F7VJT6Q, STM32U5F9BJY6QTR, STM32U5F9NJH6Q, STM32U5F9VIT6Q, STM32U5F9VJT6Q, STM32U5F9ZIJ6QTR, STM32U5F9ZIT6Q, STM32U5F9ZJJ6QTR, STM32U5F9ZJT6Q, STM32U5G7VJT6, STM32U5G7VJT6Q, STM32U5G9BJY6QTR, STM32U5G9J-DK1, STM32U5G9J-DK2, STM32U5G9NJH6Q, STM32U5G9VJT6Q, STM32U5G9ZJJ6QTR, STM32U5G9ZJT6Q, STM32WB05KZV6TR, STM32WB05KZV7TR, STM32WB05TZF6TR, STM32WB05TZF7TR, STM32WB06CCF6TR, STM32WB06CCF7TR, STM32WB06CCV6TR, STM32WB06CCV7TR, STM32WB06KCV6TR, STM32WB06KCV7TR, STM32WB07CCF6TR, STM32WB07CCF7TR, STM32WB07CCV6TR, STM32WB07CCV7TR, STM32WB07KCV6TR, STM32WB07KCV7TR, STM32WB09KEV6TR, STM32WB09KEV7TR, STM32WB09TEF6TR, STM32WB09TEF7TR, STM32WB1MMCH6, STM32WBA50KGU6, STM32WBA50KGU6TR, STM32WBA52CEU6, STM32WBA52CEU6TR, STM32WBA52CEU7, STM32WBA52CEU7TR, STM32WBA52CGU6, STM32WBA52CGU6TR, STM32WBA52CGU6U, STM32WBA52CGU7, STM32WBA52CGU7TR, STM32WBA52KEU6, STM32WBA52KEU6TR, STM32WBA52KGU6, STM32WBA52KGU6TR, STM32WBA54CEU6, STM32WBA54CEU6TR, STM32WBA54CEU7, STM32WBA54CEU7TR, STM32WBA54CGU6, STM32WBA54CGU6TR, STM32WBA54CGU7, STM32WBA54CGU7TR, STM32WBA54KEU6, STM32WBA54KEU6TR, STM32WBA54KEU7, STM32WBA54KEU7TR, STM32WBA54KGU6, STM32WBA54KGU6TR, STM32WBA54KGU7, STM32WBA54KGU7TR, STM32WBA55CEU6, STM32WBA55CEU6TR, STM32WBA55CEU7, STM32WBA55CEU7TR, STM32WBA55CGU6, STM32WBA55CGU6TR, STM32WBA55CGU6U, STM32WBA55CGU7, STM32WBA55CGU7TR, STM32WBA55G-DK1, STM32WBA55HEF6, STM32WBA55HEF7, STM32WBA55HGF6, STM32WBA55HGF7, STM32WBA55UEI6, STM32WBA55UEI6TR, STM32WBA55UEI7, STM32WBA55UEI7TR, STM32WBA55UGI6, STM32WBA55UGI6TR, STM32WBA55UGI7, STM32WBA55UGI7TR, STM32WBA5MMGH6TR, STM32WBA62MGF6, STM32WBA62MIF6, STM32WBA65MGF7, STM32WBA65MIF6, STM32WBA65MIF7, STM32WL30K8V6, STM32WL30KBV6, STM32WL31C8V6, STM32WL31CBV6, STM32WL31K8V6, STM32WL31KBV6, STM32WL33C8V6, STM32WL33C8V6X, STM32WL33CBV6, STM32WL33CBV6X, STM32WL33CCV6, STM32WL33CCV6A, STM32WL33CCV6X, STM32WL33K8V7, STM32WL33K8V7X, STM32WL33KBV7 , STM32WL33KBV7X, STM32WL33KCV7, STM32WL33KCV7X, STM32WL5MOCH6, STM32WL5MOCH6TR]
2025-12-11 11:45:46,866 [INFO] BoardInfo:889 - No configuration file found for board P-NUCLEO-WB55
2025-12-11 11:45:46,868 [INFO] DbBoards:161 - Kit is not supported: P-NUCLEO-WB55
2025-12-11 11:45:46,878 [INFO] BoardInfo:889 - No configuration file found for board STEVAL-BFA001V1B
2025-12-11 11:45:46,880 [INFO] DbBoards:161 - Kit is not supported: STEVAL-BFA001V1B
2025-12-11 11:45:46,881 [INFO] BoardInfo:889 - No configuration file found for board STEVAL-BFA001V2B
2025-12-11 11:45:46,882 [INFO] DbBoards:161 - Kit is not supported: STEVAL-BFA001V2B
2025-12-11 11:45:47,179 [INFO] DbBoards:168 - Found 212 boards, 209 are supported
2025-12-11 11:45:47,179 [INFO] DbBoards:169 - Found 212 boards, 43 of them is supported for  Bsp
2025-12-11 11:45:47,184 [INFO] ApiDb:668 - CubeFinder database Data Model version=2.1
2025-12-11 11:45:47,184 [INFO] ApiDb:669 - CubeFinder database Configuration version=3.0.39
2025-12-11 11:45:47,184 [INFO] ApiDb:670 - CubeFinder database generation date=2025-10-27 (1761571959)
2025-12-11 11:45:47,184 [INFO] ApiDb:671 - CubeFinder database FW Pack versions=[FP-ATR-ASTRA1_V2.0.0, FP-SNS-FLIGHT1_V5.1.0, FP-SNS-MOTENV1_V5.0.0, FP-SNS-MOTENVWB1_V1.4.0, FP-SNS-SMARTAG2_V1.2.0, FP-SNS-STBOX1_V2.1.0, STM32Cube_FW_C0_V1.4.0, STM32Cube_FW_F4_V1.28.3, STM32Cube_FW_F7_V1.17.4, STM32Cube_FW_G0_V1.6.2, STM32Cube_FW_G4_V1.6.1, STM32Cube_FW_H5_V1.5.0, STM32Cube_FW_H7RS_V1.2.0, STM32Cube_FW_H7_V1.12.1, STM32Cube_FW_L0_V1.12.2, STM32Cube_FW_L4_V1.18.1, STM32Cube_FW_L5_V1.5.1, STM32Cube_FW_N6_V1.2.0, STM32Cube_FW_U0_V1.3.0, STM32Cube_FW_U3_V1.2.1, STM32Cube_FW_U5_V1.8.0, STM32Cube_FW_WB0_V1.3.0, STM32Cube_FW_WBA_V1.7.0, STM32Cube_FW_WB_V1.23.0, STM32Cube_FW_WL3_V1.2.0, STM32Cube_FW_WL_V1.3.1, X-CUBE-ALGOBUILD_V1.4.0, X-CUBE-ALS_V1.0.2, X-CUBE-AZRTOS-F4_V1.1.0, X-CUBE-AZRTOS-F7_V1.1.0, X-CUBE-AZRTOS-G0_V1.1.0, X-CUBE-AZRTOS-G4_V2.0.0, X-CUBE-AZRTOS-H7RS_V1.1.0, X-CUBE-AZRTOS-H7_V3.4.0, X-CUBE-AZRTOS-L4_V2.0.0, X-CUBE-AZRTOS-L5_V2.0.0, X-CUBE-AZRTOS-WB_V2.0.0, X-CUBE-AZRTOS-WL_V2.0.0, X-CUBE-BLE1_V7.1.0, X-CUBE-BLE2_V3.3.0, X-CUBE-BLEMGR_V4.1.0, X-CUBE-EEPRMA1_V5.2.0, X-CUBE-FREERTOS_V1.3.1, X-CUBE-GNSS1_V6.0.0, X-CUBE-MEMS1_V11.3.0, X-CUBE-NFC4_V3.0.0, X-CUBE-NFC7_V2.0.0, X-CUBE-SFXS2LP1_V4.0.0, X-CUBE-ST67W61_V1.1.0, X-CUBE-SUBG2_V5.0.0, X-CUBE-TOF1_V3.4.3]
2025-12-11 11:45:49,439 [INFO] ApiDb:240 - Found 880 in-development CPN: [B-G473E-ZEST1S, B-WB1M-WPAN1, B-WBA5M-WPAN, B-WL5M-SUBG1, NUCLEO-C031C6, NUCLEO-C051C8, NUCLEO-C071RB, NUCLEO-C092RC, NUCLEO-H503RB, NUCLEO-H533RE, NUCLEO-H563ZI, NUCLEO-H7S3L8, NUCLEO-N657X0-Q, NUCLEO-U031R8, NUCLEO-U083RC, NUCLEO-U385RG-Q, NUCLEO-U545RE-Q, NUCLEO-U5A5ZJ-Q, NUCLEO-WB05KZ, NUCLEO-WB07CC, NUCLEO-WB09KE, NUCLEO-WBA52CG, NUCLEO-WBA55CG, NUCLEO-WL33CC1, NUCLEO-WL33CC2, STEVAL-PROTEUS1, STEVAL-SMARTAG2, STEVAL-STWINBX1, STM320518-EVAL, STM32C0116-DK, STM32C011D6Y3TR, STM32C011D6Y6TR, STM32C011F4P3, STM32C011F4P6, STM32C011F4U3, STM32C011F4U6TR, STM32C011F6P3, STM32C011F6P6, STM32C011F6U3, STM32C011F6U6TR, STM32C011J4M3, STM32C011J4M6, STM32C011J6M3, STM32C011J6M6, STM32C0316-DK, STM32C031C4T3, STM32C031C4T6, STM32C031C4U3, STM32C031C4U6, STM32C031C6T3, STM32C031C6T6, STM32C031C6U3, STM32C031C6U6, STM32C031F4P3, STM32C031F4P6, STM32C031F6P3, STM32C031F6P6, STM32C031G4U3, STM32C031G4U6, STM32C031G6U3, STM32C031G6U6, STM32C031K4T3, STM32C031K4T6, STM32C031K4U3, STM32C031K4U6, STM32C031K6T3, STM32C031K6T6, STM32C031K6U3, STM32C031K6U6, STM32C051C6T6, STM32C051C6U6, STM32C051C8T6, STM32C051C8U6, STM32C051D8Y6TR, STM32C051F6P6, STM32C051F8P6, STM32C051G6U6, STM32C051G8U6, STM32C051K6T6, STM32C051K6U6, STM32C051K8T6, STM32C071C8T6, STM32C071C8T6N, STM32C071C8U6, STM32C071C8U6N, STM32C071CBT6, STM32C071CBT6N, STM32C071CBU6, STM32C071CBU6N, STM32C071F8P6, STM32C071F8P6N, STM32C071FBP6, STM32C071FBP6N, STM32C071FBY6TR, STM32C071G8U6, STM32C071G8U6N, STM32C071GBU6, STM32C071GBU6N, STM32C071K8T6, STM32C071K8T6N, STM32C071K8U6, STM32C071K8U6N, STM32C071KBT6, STM32C071KBT6N, STM32C071KBU6, STM32C071KBU6N, STM32C071R8T6, STM32C071R8T6N, STM32C071RBI6N, STM32C071RBT6, STM32C071RBT6N, STM32C091CBT6, STM32C091CBU6, STM32C091CCT6, STM32C091CCU6, STM32C091ECY6TR, STM32C091FBP6, STM32C091FCP6, STM32C091GBU6, STM32C091GCU6, STM32C091KBT6, STM32C091KBU6, STM32C091KCT6, STM32C091KCU6, STM32C091RBT6, STM32C091RCI6, STM32C091RCT6, STM32C092CBT6, STM32C092CBU6, STM32C092CCT6, STM32C092CCU6, STM32C092ECY6TR, STM32C092FBP6, STM32C092FCP6, STM32C092GBU6, STM32C092GCU6, STM32C092KBT6, STM32C092KBU6, STM32C092KCT6, STM32C092KCU6, STM32C092RBT6, STM32C092RCI6, STM32C092RCT6, STM32G071K8TXN, STM32G071K8UXN, STM32G081GBU6N, STM32G081KBT6N, STM32G081KBUXN, STM32G0B1CCT6N, STM32G0B1KCT6, STM32G0B1NEY6TR, STM32G0B1RCT6N, STM32G0C1CCT6, STM32G0C1CCT6N, STM32G0C1CCU6N, STM32G0C1CET6N, STM32G0C1CEU6N, STM32G0C1KCT6, STM32G0C1NEY6TR, STM32G0C1RCI6N, STM32G0C1RCT6N, STM32G0C1REI6N, STM32G0C1RET6N, STM32G0C1VCI6, STM32G0C1VEI6, STM32G411C6T3, STM32G411C6T6, STM32G411C6U3, STM32G411C6U6, STM32G411C8T3, STM32G411C8T6, STM32G411C8U3, STM32G411C8U6, STM32G411CBT3, STM32G411CBT6, STM32G411CBU3, STM32G411CBU6, STM32G411K6T3, STM32G411K6T6, STM32G411K6U3, STM32G411K6U6, STM32G411K8T3, STM32G411K8T6, STM32G411K8U3, STM32G411K8U6, STM32G411KBT3, STM32G411KBT6, STM32G411KBU3, STM32G411KBU6, STM32G411M6T3, STM32G411M6T6, STM32G411M8T3, STM32G411M8T6, STM32G411MBT3, STM32G411MBT6, STM32G411R6T3, STM32G411R6T6, STM32G411R8T3, STM32G411R8T6, STM32G411RBT3, STM32G411RBT6, STM32G414CBT3, STM32G414CBT6, STM32G414CBU3, STM32G414CBU6, STM32G414CCT3, STM32G414CCT6, STM32G414CCU3, STM32G414CCU6, STM32G414MBT3, STM32G414MBT6, STM32G414MCT3, STM32G414MCT6, STM32G414RBT3, STM32G414RBT6, STM32G414RCT3, STM32G414RCT6, STM32G414VBT3, STM32G414VBT6, STM32G414VCT3, STM32G414VCT6, STM32G431CBT3Z, STM32G431RBT3Z, STM32G471CCT6, STM32G471CCU6, STM32G471CET3, STM32G471CET6, STM32G471CEU3, STM32G471CEU6, STM32G471MCT6, STM32G471MET3, STM32G471MET6, STM32G471MEY6TR, STM32G471QCT6, STM32G471QET3, STM32G471RCT6, STM32G471RET3, STM32G471RET6, STM32G471VCH6, STM32G471VCI6, STM32G471VCT6, STM32G471VEH3, STM32G471VEH6, STM32G471VEI3, STM32G471VEI6, STM32G471VET3, STM32G471VET6, STM32G473QET3Z, STM32G473RET3Z, STM32G474CCT6, STM32G491RET3Z, STM32H503CBT6, STM32H503CBU6, STM32H503EBY6TR, STM32H503KBU6, STM32H503RBT6, STM32H523CCT6, STM32H523CCU6, STM32H523CET6, STM32H523CEU6, STM32H523HEY6TR, STM32H523RCT6, STM32H523RET6, STM32H523VCI6, STM32H523VCT6, STM32H523VEI6, STM32H523VET6, STM32H523ZCJ6, STM32H523ZCT6, STM32H523ZEJ6, STM32H523ZET6, STM32H533CET6, STM32H533CEU6, STM32H533HEY6TR, STM32H533RET6, STM32H533VEI6, STM32H533VET6, STM32H533ZEJ6, STM32H533ZET6, STM32H562AGI6, STM32H562AII6, STM32H562IGK6, STM32H562IGT6, STM32H562IIK6, STM32H562IIT6, STM32H562RGT6, STM32H562RGV6, STM32H562RIT6, STM32H562RIV6, STM32H562VGT6, STM32H562VIT6, STM32H562ZGT6, STM32H562ZIT6, STM32H563AGI6, STM32H563AII3Q, STM32H563AII6, STM32H563IGK6, STM32H563IGT6, STM32H563IIK3Q, STM32H563IIK6, STM32H563IIT3Q, STM32H563IIT6, STM32H563MIY3QTR, STM32H563RGT6, STM32H563RGV6, STM32H563RIT6, STM32H563RIV6, STM32H563VGT6, STM32H563VIT3Q, STM32H563VIT6, STM32H563ZGT6, STM32H563ZIT3Q, STM32H563ZIT6, STM32H573AII3Q, STM32H573AII6, STM32H573I-DK, STM32H573IIK3Q, STM32H573IIK6, STM32H573IIT3Q, STM32H573IIT6, STM32H573MIY3QTR, STM32H573RIT6, STM32H573RIV6, STM32H573VIT3Q, STM32H573VIT6, STM32H573ZIT3Q, STM32H573ZIT6, STM32H7R3A8I6, STM32H7R3I8K6, STM32H7R3I8T6, STM32H7R3L8H6, STM32H7R3L8H6H, STM32H7R3R8V6, STM32H7R3V8H6, STM32H7R3V8T6, STM32H7R3V8Y6TR, STM32H7R3Z8J6, STM32H7R3Z8T6, STM32H7R7A8I6, STM32H7R7I8K6, STM32H7R7I8T6, STM32H7R7L8H6, STM32H7R7L8H6H, STM32H7R7Z8J6, STM32H7S3A8I6, STM32H7S3I8K6, STM32H7S3I8T6, STM32H7S3L8H6, STM32H7S3L8H6H, STM32H7S3R8V6, STM32H7S3V8H6, STM32H7S3V8T6, STM32H7S3V8Y6TR, STM32H7S3Z8J6, STM32H7S3Z8T6, STM32H7S78-DK, STM32H7S7A8I6, STM32H7S7I8K6, STM32H7S7I8T6, STM32H7S7L8H6, STM32H7S7L8H6H, STM32H7S7Z8J6, STM32L4R5QGI6STR, STM32MP131AAE3, STM32MP131AAF3, STM32MP131AAG3, STM32MP131CAE3, STM32MP131CAF3, STM32MP131CAG3, STM32MP131DAE7, STM32MP131DAF7, STM32MP131DAG7, STM32MP131FAE7, STM32MP131FAF7, STM32MP131FAG7, STM32MP133AAE3, STM32MP133AAF3, STM32MP133AAG3, STM32MP133CAE3, STM32MP133CAF3, STM32MP133CAG3, STM32MP133DAE7, STM32MP133DAF7, STM32MP133DAG7, STM32MP133FAE7, STM32MP133FAF7, STM32MP133FAG7, STM32MP135AAE3, STM32MP135AAF3, STM32MP135AAG3, STM32MP135CAE3, STM32MP135CAF3, STM32MP135CAG3, STM32MP135DAE7, STM32MP135DAF7, STM32MP135DAG7, STM32MP135F-DK, STM32MP135FAE7, STM32MP135FAF7, STM32MP135FAF7T, STM32MP135FAF7U, STM32MP135FAG7, STM32MP211AAL3, STM32MP211AAM3, STM32MP211AAN3, STM32MP211AAO3, STM32MP211CAL3, STM32MP211CAM3, STM32MP211CAN3, STM32MP211CAO3, STM32MP211DAL3, STM32MP211DAM3, STM32MP211DAN3, STM32MP211DAO3, STM32MP211FAL3, STM32MP211FAM3, STM32MP211FAN3, STM32MP211FAO3, STM32MP213AAL3, STM32MP213AAM3, STM32MP213AAN3, STM32MP213AAO3, STM32MP213CAL3, STM32MP213CAM3, STM32MP213CAN3, STM32MP213CAO3, STM32MP213DAL3, STM32MP213DAM3, STM32MP213DAN3, STM32MP213DAO3, STM32MP213FAL3, STM32MP213FAM3, STM32MP213FAN3, STM32MP213FAO3, STM32MP215AAL3, STM32MP215AAM3, STM32MP215AAN3, STM32MP215AAO3, STM32MP215CAL3, STM32MP215CAM3, STM32MP215CAN3, STM32MP215CAO3, STM32MP215DAL3, STM32MP215DAM3, STM32MP215DAN3, STM32MP215DAO3, STM32MP215F-DK, STM32MP215FAL3, STM32MP215FAM3, STM32MP215FAN3, STM32MP215FAO3, STM32MP231AAJ3, STM32MP231AAK3, STM32MP231AAL3, STM32MP231CAJ3, STM32MP231CAK3, STM32MP231CAL3, STM32MP231DAJ3, STM32MP231DAK3, STM32MP231DAL3, STM32MP231FAJ3, STM32MP231FAK3, STM32MP231FAL3, STM32MP233AAJ3, STM32MP233AAK3, STM32MP233AAL3, STM32MP233CAJ3, STM32MP233CAK3, STM32MP233CAL3, STM32MP233DAJ3, STM32MP233DAK3, STM32MP233DAL3, STM32MP233FAJ3, STM32MP233FAK3, STM32MP233FAL3, STM32MP235AAJ3, STM32MP235AAK3, STM32MP235AAL3, STM32MP235CAJ3, STM32MP235CAK3, STM32MP235CAL3, STM32MP235DAJ3, STM32MP235DAK3, STM32MP235DAL3, STM32MP235FAJ3, STM32MP235FAK3, STM32MP235FAL3, STM32MP251AAI3, STM32MP251AAK3, STM32MP251AAL3, STM32MP251CAI3, STM32MP251CAK3, STM32MP251CAL3, STM32MP251DAI3, STM32MP251DAK3, STM32MP251DAL3, STM32MP251FAI3, STM32MP251FAK3, STM32MP251FAL3, STM32MP253AAI3, STM32MP253AAK3, STM32MP253AAL3, STM32MP253CAI3, STM32MP253CAK3, STM32MP253CAL3, STM32MP253DAI3, STM32MP253DAK3, STM32MP253DAL3, STM32MP253FAI3, STM32MP253FAK3, STM32MP253FAL3, STM32MP255AAI3, STM32MP255AAK3, STM32MP255AAL3, STM32MP255CAI3, STM32MP255CAK3, STM32MP255CAL3, STM32MP255DAI3, STM32MP255DAK3, STM32MP255DAL3, STM32MP255FAI3, STM32MP255FAK3, STM32MP255FAL3, STM32MP257AAI3, STM32MP257AAK3, STM32MP257AAL3, STM32MP257CAI3, STM32MP257CAK3, STM32MP257CAL3, STM32MP257DAI3, STM32MP257DAK3, STM32MP257DAL3, STM32MP257F-DK, STM32MP257F-EV1, STM32MP257FAI3, STM32MP257FAK3, STM32MP257FAL3, STM32N645A0H3Q, STM32N645B0H3Q, STM32N645I0H3Q, STM32N645L0H3Q, STM32N645X0H3Q, STM32N645Z0H3Q, STM32N647A0H3Q, STM32N647B0H3Q, STM32N647I0H3Q, STM32N647L0H3Q, STM32N647X0H3Q, STM32N647Z0H3Q, STM32N655A0H3Q, STM32N655B0H3Q, STM32N655I0H3Q, STM32N655L0H3Q, STM32N655X0H3Q, STM32N655Z0H3Q, STM32N6570-DK, STM32N657A0H3Q, STM32N657B0H3Q, STM32N657I0H3Q, STM32N657L0H3Q, STM32N657X0H3Q, STM32N657Z0H3Q, STM32U031C6T6, STM32U031C6U6, STM32U031C8T6, STM32U031C8U6, STM32U031F4P6, STM32U031F6P6, STM32U031F8P6, STM32U031G6Y6TR, STM32U031G8Y6TR, STM32U031K4U6, STM32U031K6U6, STM32U031K8U6, STM32U031R6I6, STM32U031R6T6, STM32U031R8I6, STM32U031R8T6, STM32U073C8T6, STM32U073C8U6, STM32U073CBT6, STM32U073CBU6, STM32U073CCT6, STM32U073CCU6, STM32U073H8Y6TR, STM32U073HBY6TR, STM32U073HCY6TR, STM32U073K8U6, STM32U073KBU6, STM32U073KCU6, STM32U073M8I6, STM32U073M8T6, STM32U073MBI6, STM32U073MBT6, STM32U073MCI6, STM32U073MCT6, STM32U073R8I6, STM32U073R8T6, STM32U073RBI6, STM32U073RBT6, STM32U073RCI6, STM32U073RCT6, STM32U083C-DK, STM32U083CCT6, STM32U083CCU6, STM32U083HCY6TR, STM32U083KCU6, STM32U083MCI6, STM32U083MCT6, STM32U083RCI6, STM32U083RCT6, STM32U375CET6, STM32U375CET6Q, STM32U375CEU6, STM32U375CEU6Q, STM32U375CEY6QTR, STM32U375CGT6, STM32U375CGT6Q, STM32U375CGU6, STM32U375CGU6Q, STM32U375CGY6QTR, STM32U375KEU6, STM32U375KGU6, STM32U375REI6, STM32U375REI6Q, STM32U375RET6, STM32U375RET6Q, STM32U375REY6GTR, STM32U375REY6QTR, STM32U375RGI6, STM32U375RGI6Q, STM32U375RGT6, STM32U375RGT6Q, STM32U375RGY6GTR, STM32U375RGY6QTR, STM32U375VEI6, STM32U375VEI6Q, STM32U375VET6, STM32U375VET6Q, STM32U375VGI6, STM32U375VGI6Q, STM32U375VGT6, STM32U375VGT6Q, STM32U385CGT6, STM32U385CGT6Q, STM32U385CGU6, STM32U385CGU6Q, STM32U385CGY6QTR, STM32U385KGU6, STM32U385RGI6, STM32U385RGI6Q, STM32U385RGT6, STM32U385RGT6Q, STM32U385RGY6GTR, STM32U385RGY6QTR, STM32U385VGI6, STM32U385VGI6Q, STM32U385VGT6, STM32U385VGT6Q, STM32U535CBT6, STM32U535CBT6Q, STM32U535CBU6, STM32U535CBU6Q, STM32U535CCT6, STM32U535CCT6Q, STM32U535CCU6, STM32U535CCU6Q, STM32U535CET6, STM32U535CET6Q, STM32U535CEU6, STM32U535CEU6Q, STM32U535JEY6QTR, STM32U535NCY6QTR, STM32U535NEY6QTR, STM32U535RBI6, STM32U535RBI6Q, STM32U535RBT6, STM32U535RBT6Q, STM32U535RCI6, STM32U535RCI6Q, STM32U535RCT6, STM32U535RCT6Q, STM32U535REI6, STM32U535REI6Q, STM32U535RET6, STM32U535RET6Q, STM32U535VCI6, STM32U535VCI6Q, STM32U535VCT6, STM32U535VCT6Q, STM32U535VEI6, STM32U535VEI6Q, STM32U535VET6, STM32U535VET6Q, STM32U545CET6, STM32U545CET6Q, STM32U545CEU6, STM32U545CEU6Q, STM32U545JEY6QTR, STM32U545NEY6QTR, STM32U545REI6, STM32U545REI6Q, STM32U545RET6, STM32U545RET6Q, STM32U545VEI6, STM32U545VEI6Q, STM32U545VET6, STM32U545VET6Q, STM32U595AIH6, STM32U595AIH6Q, STM32U595AJH6, STM32U595AJH6Q, STM32U595QII6, STM32U595QII6Q, STM32U595QJI6, STM32U595QJI6Q, STM32U595RIT6, STM32U595RIT6Q, STM32U595RJT6, STM32U595RJT6Q, STM32U595VIT6, STM32U595VIT6Q, STM32U595VJT6, STM32U595VJT6Q, STM32U595ZIT6, STM32U595ZIT6Q, STM32U595ZIY6QTR, STM32U595ZJT6, STM32U595ZJT6Q, STM32U595ZJY6QTR, STM32U599BJY6QTR, STM32U599NIH6Q, STM32U599NJH6Q, STM32U599VIT6Q, STM32U599VJT6, STM32U599VJT6Q, STM32U599ZIT6Q, STM32U599ZIY6QTR, STM32U599ZJT6Q, STM32U599ZJY6QTR, STM32U5A5AJH6, STM32U5A5AJH6Q, STM32U5A5QII3Q , STM32U5A5QJI6, STM32U5A5QJI6Q, STM32U5A5RJT6, STM32U5A5RJT6Q, STM32U5A5VJT6, STM32U5A5VJT6Q, STM32U5A5ZJT6, STM32U5A5ZJT6Q, STM32U5A5ZJY6QTR, STM32U5A9BJY6QTR, STM32U5A9J-DK, STM32U5A9NJH6Q, STM32U5A9VJT6Q, STM32U5A9ZJT6Q, STM32U5A9ZJY6QTR, STM32U5F7VIT6, STM32U5F7VIT6Q, STM32U5F7VJT6, STM32U5F7VJT6Q, STM32U5F9BJY6QTR, STM32U5F9NJH6Q, STM32U5F9VIT6Q, STM32U5F9VJT6Q, STM32U5F9ZIJ6QTR, STM32U5F9ZIT6Q, STM32U5F9ZJJ6QTR, STM32U5F9ZJT6Q, STM32U5G7VJT6, STM32U5G7VJT6Q, STM32U5G9BJY6QTR, STM32U5G9J-DK1, STM32U5G9J-DK2, STM32U5G9NJH6Q, STM32U5G9VJT6Q, STM32U5G9ZJJ6QTR, STM32U5G9ZJT6Q, STM32WB05KZV6TR, STM32WB05KZV7TR, STM32WB05TZF6TR, STM32WB05TZF7TR, STM32WB06CCF6TR, STM32WB06CCF7TR, STM32WB06CCV6TR, STM32WB06CCV7TR, STM32WB06KCV6TR, STM32WB06KCV7TR, STM32WB07CCF6TR, STM32WB07CCF7TR, STM32WB07CCV6TR, STM32WB07CCV7TR, STM32WB07KCV6TR, STM32WB07KCV7TR, STM32WB09KEV6TR, STM32WB09KEV7TR, STM32WB09TEF6TR, STM32WB09TEF7TR, STM32WB1MMCH6, STM32WBA50KGU6, STM32WBA50KGU6TR, STM32WBA52CEU6, STM32WBA52CEU6TR, STM32WBA52CEU7, STM32WBA52CEU7TR, STM32WBA52CGU6, STM32WBA52CGU6TR, STM32WBA52CGU6U, STM32WBA52CGU7, STM32WBA52CGU7TR, STM32WBA52KEU6, STM32WBA52KEU6TR, STM32WBA52KGU6, STM32WBA52KGU6TR, STM32WBA54CEU6, STM32WBA54CEU6TR, STM32WBA54CEU7, STM32WBA54CEU7TR, STM32WBA54CGU6, STM32WBA54CGU6TR, STM32WBA54CGU7, STM32WBA54CGU7TR, STM32WBA54KEU6, STM32WBA54KEU6TR, STM32WBA54KEU7, STM32WBA54KEU7TR, STM32WBA54KGU6, STM32WBA54KGU6TR, STM32WBA54KGU7, STM32WBA54KGU7TR, STM32WBA55CEU6, STM32WBA55CEU6TR, STM32WBA55CEU7, STM32WBA55CEU7TR, STM32WBA55CGU6, STM32WBA55CGU6TR, STM32WBA55CGU6U, STM32WBA55CGU7, STM32WBA55CGU7TR, STM32WBA55G-DK1, STM32WBA55HEF6, STM32WBA55HEF7, STM32WBA55HGF6, STM32WBA55HGF7, STM32WBA55UEI6, STM32WBA55UEI6TR, STM32WBA55UEI7, STM32WBA55UEI7TR, STM32WBA55UGI6, STM32WBA55UGI6TR, STM32WBA55UGI7, STM32WBA55UGI7TR, STM32WBA5MMGH6TR, STM32WBA62MGF6, STM32WBA62MIF6, STM32WBA65MGF7, STM32WBA65MIF6, STM32WBA65MIF7, STM32WL30K8V6, STM32WL30KBV6, STM32WL31C8V6, STM32WL31CBV6, STM32WL31K8V6, STM32WL31KBV6, STM32WL33C8V6, STM32WL33C8V6X, STM32WL33CBV6, STM32WL33CBV6X, STM32WL33CCV6, STM32WL33CCV6A, STM32WL33CCV6X, STM32WL33K8V7, STM32WL33K8V7X, STM32WL33KBV7 , STM32WL33KBV7X, STM32WL33KCV7, STM32WL33KCV7X, STM32WL5MOCH6, STM32WL5MOCH6TR]
2025-12-11 11:45:49,442 [INFO] DbMcus:218 - Found 4801 MCUs, 4801 are supported
2025-12-11 11:45:49,443 [INFO] ApiDb:423 - Load user favorites file C:\Users\ivanp/.stm32cubeide/favorites.mcus.txt: 0 item(s)
2025-12-11 11:45:49,443 [INFO] ApiDb:427 - User favorites MCUs=[]
2025-12-11 11:45:49,444 [INFO] DbMcus:224 - Set 0 / 0 favorites MCUs
2025-12-11 11:45:49,928 [INFO] ApiDb:423 - Load user favorites file C:\Users\ivanp/.stm32cubeide/favorites.boards.txt: 0 item(s)
2025-12-11 11:45:49,928 [INFO] ApiDb:427 - User favorites Boards=[]
2025-12-11 11:45:49,928 [INFO] DbBoards:198 - Set 0 / 0 favorites Boards
2025-12-11 11:45:49,970 [INFO] UtilMem:75 - End LoadConfig() Used Memory: 796879480 Bytes (1073741824)
2025-12-11 11:45:50,138 [WARN] ThirdParty:833 - waiting for thirdparty lock release [change project]
2025-12-11 11:45:50,138 [INFO] ThirdParty:835 - entering critical section [change project]
2025-12-11 11:45:50,139 [INFO] ThirdParty:1030 - CMSIS Pack Vendor :STMicroelectronics USBPD 4.1
2025-12-11 11:45:50,139 [INFO] ThirdParty:1030 - CMSIS Pack Vendor :STMicroelectronics USB_HOST 2.0.0
2025-12-11 11:45:50,139 [INFO] ThirdParty:1030 - CMSIS Pack Vendor :STMicroelectronics FP-SNS-MOTENVWB1 1.4.0
2025-12-11 11:45:50,139 [INFO] ThirdParty:1030 - CMSIS Pack Vendor :STMicroelectronics FP-ATR-ASTRA1 2.0.2
2025-12-11 11:45:50,139 [INFO] ThirdParty:1030 - CMSIS Pack Vendor :STMicroelectronics FP-ATR-ASTRA1 2.0.1
2025-12-11 11:45:50,139 [INFO] ThirdParty:1030 - CMSIS Pack Vendor :STMicroelectronics X-CUBE-SMBUS 2.1.0
2025-12-11 11:45:50,139 [INFO] ThirdParty:1030 - CMSIS Pack Vendor :STMicroelectronics X-CUBE-WB05N 1.1.0
2025-12-11 11:45:50,139 [INFO] ThirdParty:1030 - CMSIS Pack Vendor :STMicroelectronics X-CUBE-TOUCHGFX 4.23.0
2025-12-11 11:45:50,139 [INFO] ThirdParty:1030 - CMSIS Pack Vendor :STMicroelectronics X-CUBE-TOUCHGFX 4.23.2
2025-12-11 11:45:50,139 [INFO] ThirdParty:1030 - CMSIS Pack Vendor :STMicroelectronics X-CUBE-AZRTOS-F7 1.1.0
2025-12-11 11:45:50,139 [INFO] ThirdParty:1030 - CMSIS Pack Vendor :STMicroelectronics USB_DEVICE 2.0.0
2025-12-11 11:45:50,139 [INFO] ThirdParty:1030 - CMSIS Pack Vendor :STMicroelectronics FP-SNS-MOTENV1 4.3.2
2025-12-11 11:45:50,139 [INFO] ThirdParty:1030 - CMSIS Pack Vendor :STMicroelectronics FP-SNS-MOTENV1 4.3.1
2025-12-11 11:45:50,139 [INFO] ThirdParty:1030 - CMSIS Pack Vendor :STMicroelectronics FP-SNS-FLIGHT1 5.0.1
2025-12-11 11:45:50,139 [INFO] ThirdParty:1030 - CMSIS Pack Vendor :STMicroelectronics X-CUBE-BLE1 6.2.3
2025-12-11 11:45:50,139 [INFO] ThirdParty:1030 - CMSIS Pack Vendor :STMicroelectronics X-CUBE-MEMS1 11.0.0
2025-12-11 11:45:50,139 [INFO] ThirdParty:1030 - CMSIS Pack Vendor :STMicroelectronics X-CUBE-BLE1 6.2.4
2025-12-11 11:45:50,139 [INFO] ThirdParty:1030 - CMSIS Pack Vendor :STMicroelectronics FP-SNS-MOTENV1 5.1.0
2025-12-11 11:45:50,139 [INFO] ThirdParty:1030 - CMSIS Pack Vendor :STMicroelectronics FreeRTOS 0.0.1
2025-12-11 11:45:50,139 [INFO] ThirdParty:1030 - CMSIS Pack Vendor :STMicroelectronics X-CUBE-BLE1 6.2.2
2025-12-11 11:45:50,139 [INFO] ThirdParty:1030 - CMSIS Pack Vendor :STMicroelectronics FP-SNS-FLIGHT1 5.0.2
2025-12-11 11:45:50,139 [INFO] ThirdParty:1030 - CMSIS Pack Vendor :STMicroelectronics X-CUBE-BLE2 3.2.2
2025-12-11 11:45:50,139 [INFO] ThirdParty:1030 - CMSIS Pack Vendor :STMicroelectronics X-CUBE-AZRTOS-H7 3.4.0
2025-12-11 11:45:50,139 [INFO] ThirdParty:1030 - CMSIS Pack Vendor :STMicroelectronics X-CUBE-DISPLAY 3.0.0
2025-12-11 11:45:50,140 [INFO] ThirdParty:1030 - CMSIS Pack Vendor :STMicroelectronics X-CUBE-BLE1 7.0.0
2025-12-11 11:45:50,140 [INFO] ThirdParty:1030 - CMSIS Pack Vendor :STMicroelectronics X-CUBE-NFC10 1.0.0
2025-12-11 11:45:50,140 [INFO] ThirdParty:1030 - CMSIS Pack Vendor :STMicroelectronics X-CUBE-BLEMGR 4.0.0
2025-12-11 11:45:50,140 [INFO] ThirdParty:1030 - CMSIS Pack Vendor :STMicroelectronics HAL Drivers 0.0.0
2025-12-11 11:45:50,140 [INFO] ThirdParty:1030 - CMSIS Pack Vendor :STMicroelectronics X-CUBE-ST60 1.1.0
2025-12-11 11:45:50,140 [INFO] ThirdParty:1030 - CMSIS Pack Vendor :STMicroelectronics X-CUBE-TOUCHGFX 4.22.0
2025-12-11 11:45:50,140 [INFO] ThirdParty:1030 - CMSIS Pack Vendor :STMicroelectronics X-CUBE-GNSS1 7.1.0
2025-12-11 11:45:50,140 [INFO] ThirdParty:1030 - CMSIS Pack Vendor :STMicroelectronics X-CUBE-TOUCHGFX 4.22.1
2025-12-11 11:45:50,140 [INFO] ThirdParty:1030 - CMSIS Pack Vendor :STMicroelectronics X-CUBE-SUBG2 4.2.0
2025-12-11 11:45:50,140 [INFO] ThirdParty:1030 - CMSIS Pack Vendor :STMicroelectronics X-CUBE-MEMS1 9.3.0
2025-12-11 11:45:50,140 [INFO] ThirdParty:1030 - CMSIS Pack Vendor :STMicroelectronics X-CUBE-AI 7.2.0
2025-12-11 11:45:50,140 [INFO] ThirdParty:1030 - CMSIS Pack Vendor :STMicroelectronics X-CUBE-BLEMGR 3.1.0
2025-12-11 11:45:50,140 [INFO] ThirdParty:1030 - CMSIS Pack Vendor :STMicroelectronics X-CUBE-AI 10.0.0
2025-12-11 11:45:50,140 [INFO] ThirdParty:1030 - CMSIS Pack Vendor :STMicroelectronics FP-SNS-STBOX1 2.1.0
2025-12-11 11:45:50,140 [INFO] ThirdParty:1030 - CMSIS Pack Vendor :STMicroelectronics FP-SNS-SMARTAG2 1.2.0
2025-12-11 11:45:50,140 [INFO] ThirdParty:1030 - CMSIS Pack Vendor :STMicroelectronics FP-SNS-FLIGHT1 5.1.0
2025-12-11 11:45:50,140 [INFO] ThirdParty:1030 - CMSIS Pack Vendor :STMicroelectronics X-CUBE-MEMS1 11.1.0
2025-12-11 11:45:50,140 [INFO] ThirdParty:1030 - CMSIS Pack Vendor :STMicroelectronics X-CUBE-AZRTOS-WL 2.0.0
2025-12-11 11:45:50,140 [INFO] ThirdParty:1030 - CMSIS Pack Vendor :STMicroelectronics X-CUBE-ALGOBUILD 1.2.1
2025-12-11 11:45:50,140 [INFO] ThirdParty:1030 - CMSIS Pack Vendor :STMicroelectronics FP-SNS-MOTENV1 5.0.0
2025-12-11 11:45:50,140 [INFO] ThirdParty:1030 - CMSIS Pack Vendor :STMicroelectronics X-CUBE-AZRTOS-H7RS 1.2.0
2025-12-11 11:45:50,140 [INFO] ThirdParty:1030 - CMSIS Pack Vendor :wolfSSL I-CUBE-wolfMQTT 1.19.0
2025-12-11 11:45:50,140 [INFO] ThirdParty:1030 - CMSIS Pack Vendor :STMicroelectronics ThreadX 0.0.2
2025-12-11 11:45:50,140 [INFO] ThirdParty:1030 - CMSIS Pack Vendor :WES I-CUBE-Cesium 1.3.0
2025-12-11 11:45:50,141 [INFO] ThirdParty:1030 - CMSIS Pack Vendor :STMicroelectronics X-CUBE-BLE2 3.3.0
2025-12-11 11:45:50,141 [INFO] ThirdParty:1030 - CMSIS Pack Vendor :Avnet-IOTCONNECT X-CUBE-iotc-st67-sdk 1.0.0
2025-12-11 11:45:50,141 [INFO] ThirdParty:1030 - CMSIS Pack Vendor :STMicroelectronics X-CUBE-DISPLAY 2.2.0
2025-12-11 11:45:50,141 [INFO] ThirdParty:1030 - CMSIS Pack Vendor :STMicroelectronics X-CUBE-TOF1 3.2.0
2025-12-11 11:45:50,141 [INFO] ThirdParty:1030 - CMSIS Pack Vendor :STMicroelectronics X-CUBE-TOUCHGFX 4.18.1
2025-12-11 11:45:50,141 [INFO] ThirdParty:1030 - CMSIS Pack Vendor :STMicroelectronics X-CUBE-ISPU 1.0.0
2025-12-11 11:45:50,141 [INFO] ThirdParty:1030 - CMSIS Pack Vendor :wolfSSL I-CUBE-wolfSSL 5.0.0
2025-12-11 11:45:50,141 [INFO] ThirdParty:1030 - CMSIS Pack Vendor :STMicroelectronics X-CUBE-NFC9 1.0.0
2025-12-11 11:45:50,141 [INFO] ThirdParty:1030 - CMSIS Pack Vendor :STMicroelectronics X-CUBE-AZRTOS-H7 2.1.0
2025-12-11 11:45:50,141 [INFO] ThirdParty:1030 - CMSIS Pack Vendor :STMicroelectronics X-CUBE-BLE1 7.1.0
2025-12-11 11:45:50,141 [INFO] ThirdParty:1030 - CMSIS Pack Vendor :STMicroelectronics USB_DEVICE 3.0.0
2025-12-11 11:45:50,141 [INFO] ThirdParty:1030 - CMSIS Pack Vendor :STMicroelectronics X-CUBE-TCPP 4.1.0
2025-12-11 11:45:50,141 [INFO] ThirdParty:1030 - CMSIS Pack Vendor :STMicroelectronics X-CUBE-FREERTOS 1.4.0
2025-12-11 11:45:50,141 [INFO] ThirdParty:1030 - CMSIS Pack Vendor :STMicroelectronics X-CUBE-EEPRMA1 5.2.0
2025-12-11 11:45:50,141 [INFO] ThirdParty:1030 - CMSIS Pack Vendor :STMicroelectronics X-CUBE-TOUCHGFX 4.21.1
2025-12-11 11:45:50,141 [INFO] ThirdParty:1030 - CMSIS Pack Vendor :STMicroelectronics X-CUBE-TOUCHGFX 4.21.0
2025-12-11 11:45:50,141 [INFO] ThirdParty:1030 - CMSIS Pack Vendor :STMicroelectronics X-CUBE-TOUCHGFX 4.21.3
2025-12-11 11:45:50,141 [INFO] ThirdParty:1030 - CMSIS Pack Vendor :STMicroelectronics X-CUBE-TOUCHGFX 4.21.4
2025-12-11 11:45:50,141 [INFO] ThirdParty:1030 - CMSIS Pack Vendor :STMicroelectronics X-CUBE-MEMS1 9.4.0
2025-12-11 11:45:50,141 [INFO] ThirdParty:1030 - CMSIS Pack Vendor :STMicroelectronics X-CUBE-AI 7.3.0
2025-12-11 11:45:50,141 [INFO] ThirdParty:1030 - CMSIS Pack Vendor :STMicroelectronics X-CUBE-ST67W61 1.1.0
2025-12-11 11:45:50,141 [INFO] ThirdParty:1030 - CMSIS Pack Vendor :STMicroelectronics X-CUBE-MEMS1 12.0.0
2025-12-11 11:45:50,141 [INFO] ThirdParty:1030 - CMSIS Pack Vendor :STMicroelectronics X-CUBE-ALGOBUILD 1.3.0
2025-12-11 11:45:50,141 [INFO] ThirdParty:1030 - CMSIS Pack Vendor :STMicroelectronics X-CUBE-AZRTOS-G0 1.1.0
2025-12-11 11:45:50,142 [INFO] ThirdParty:1030 - CMSIS Pack Vendor :STMicroelectronics X-CUBE-SAFEA1 1.2.2
2025-12-11 11:45:50,142 [INFO] ThirdParty:1030 - CMSIS Pack Vendor :STMicroelectronics X-CUBE-NFC4 3.0.0
2025-12-11 11:45:50,142 [INFO] ThirdParty:1030 - CMSIS Pack Vendor :SEGGER I-CUBE-embOS 1.2.0
2025-12-11 11:45:50,142 [INFO] ThirdParty:1030 - CMSIS Pack Vendor :wolfSSL I-CUBE-wolfMQTT 1.18.0
2025-12-11 11:45:50,142 [INFO] ThirdParty:1030 - CMSIS Pack Vendor :EmbeddedOffice I-CUBE-FS-RTOS 1.0.1
2025-12-11 11:45:50,142 [INFO] ThirdParty:1030 - CMSIS Pack Vendor :STMicroelectronics X-CUBE-WB05N 2.0.0
2025-12-11 11:45:50,142 [INFO] ThirdParty:1030 - CMSIS Pack Vendor :STMicroelectronics PDM2PCM 3.1.0
2025-12-11 11:45:50,142 [INFO] ThirdParty:1030 - CMSIS Pack Vendor :STMicroelectronics X-CUBE-BLEMGR 3.0.0
2025-12-11 11:45:50,142 [INFO] ThirdParty:1030 - CMSIS Pack Vendor :STMicroelectronics X-CUBE-BLEMGR 1.3.0
2025-12-11 11:45:50,142 [INFO] ThirdParty:1030 - CMSIS Pack Vendor :STMicroelectronics X-CUBE-TCPP 4.2.0
2025-12-11 11:45:50,142 [INFO] ThirdParty:1030 - CMSIS Pack Vendor :RealThread X-CUBE-RT-Thread_Nano 4.1.1
2025-12-11 11:45:50,142 [INFO] ThirdParty:1030 - CMSIS Pack Vendor :STMicroelectronics X-CUBE-AZRTOS-H7 2.0.0
2025-12-11 11:45:50,142 [INFO] ThirdParty:1030 - CMSIS Pack Vendor :STMicroelectronics FP-ATR-SIGFOX1 3.2.0
2025-12-11 11:45:50,142 [INFO] ThirdParty:1030 - CMSIS Pack Vendor :quantropi X-CUBE-qispace-sdk-base 1.9.3
2025-12-11 11:45:50,142 [INFO] ThirdParty:1030 - CMSIS Pack Vendor :STMicroelectronics X-CUBE-EEPRMA1 5.1.0
2025-12-11 11:45:50,142 [INFO] ThirdParty:1030 - CMSIS Pack Vendor :STMicroelectronics MBEDTLS 2.16.2
2025-12-11 11:45:50,142 [INFO] ThirdParty:1030 - CMSIS Pack Vendor :emotas I-CUBE-CANOPEN 1.1.2
2025-12-11 11:45:50,142 [INFO] ThirdParty:1030 - CMSIS Pack Vendor :STMicroelectronics X-CUBE-TOUCHGFX 4.20.0
2025-12-11 11:45:50,142 [INFO] ThirdParty:1030 - CMSIS Pack Vendor :STMicroelectronics X-CUBE-MEMS1 9.5.0
2025-12-11 11:45:50,142 [INFO] ThirdParty:1030 - CMSIS Pack Vendor :STMicroelectronics X-CUBE-AI 10.2.0
2025-12-11 11:45:50,142 [INFO] ThirdParty:1030 - CMSIS Pack Vendor :STMicroelectronics ThreadX 1.0.0
2025-12-11 11:45:50,142 [INFO] ThirdParty:1030 - CMSIS Pack Vendor :SEGGER I-CUBE-embOS 1.3.1
2025-12-11 11:45:50,142 [INFO] ThirdParty:1030 - CMSIS Pack Vendor :STMicroelectronics X-CUBE-ALGOBUILD 1.4.0
2025-12-11 11:45:50,142 [INFO] ThirdParty:1030 - CMSIS Pack Vendor :STMicroelectronics X-CUBE-MEMS1 11.3.0
2025-12-11 11:45:50,143 [INFO] ThirdParty:1030 - CMSIS Pack Vendor :STMicroelectronics X-CUBE-DISPLAY 2.0.0
2025-12-11 11:45:50,143 [INFO] ThirdParty:1030 - CMSIS Pack Vendor :STMicroelectronics X-CUBE-AI 9.1.0
2025-12-11 11:45:50,143 [INFO] ThirdParty:1030 - CMSIS Pack Vendor :STMicroelectronics X-CUBE-PM33A1 1.0.0
2025-12-11 11:45:50,143 [INFO] ThirdParty:1030 - CMSIS Pack Vendor :STMicroelectronics X-CUBE-GNSS1 6.0.0
2025-12-11 11:45:50,143 [INFO] ThirdParty:1030 - CMSIS Pack Vendor :STMicroelectronics X-CUBE-AZRTOS-F4 1.1.0
2025-12-11 11:45:50,143 [INFO] ThirdParty:1030 - CMSIS Pack Vendor :STMicroelectronics LIBJPEG 8.0.0
2025-12-11 11:45:50,143 [INFO] ThirdParty:1030 - CMSIS Pack Vendor :STMicroelectronics X-CUBE-ISPU 2.1.0
2025-12-11 11:45:50,143 [INFO] ThirdParty:1030 - CMSIS Pack Vendor :STMicroelectronics X-CUBE-IPS 3.2.0
2025-12-11 11:45:50,143 [INFO] ThirdParty:1030 - CMSIS Pack Vendor :STMicroelectronics X-CUBE-FREERTOS 1.2.0
2025-12-11 11:45:50,143 [INFO] ThirdParty:1030 - CMSIS Pack Vendor :STMicroelectronics X-CUBE-NFC12 1.0.0
2025-12-11 11:45:50,143 [INFO] ThirdParty:1030 - CMSIS Pack Vendor :STMicroelectronics X-CUBE-BLEMGR 1.2.0
2025-12-11 11:45:50,143 [INFO] ThirdParty:1030 - CMSIS Pack Vendor :STMicroelectronics X-CUBE-AZRTOS-L5 2.0.0
2025-12-11 11:45:50,144 [INFO] ThirdParty:1030 - CMSIS Pack Vendor :STMicroelectronics X-CUBE-MEMS1 9.6.0
2025-12-11 11:45:50,144 [INFO] ThirdParty:1030 - CMSIS Pack Vendor :STMicroelectronics X-CUBE-EEPRMA1 4.2.0
2025-12-11 11:45:50,144 [INFO] ThirdParty:1030 - CMSIS Pack Vendor :STMicroelectronics X-CUBE-NFC6 3.1.0
2025-12-11 11:45:50,144 [INFO] ThirdParty:1030 - CMSIS Pack Vendor :ITTIA_DB I-CUBE-ITTIADB 8.8.0
2025-12-11 11:45:50,144 [INFO] ThirdParty:1030 - CMSIS Pack Vendor :STMicroelectronics X-CUBE-BLEMGR 2.0.0
2025-12-11 11:45:50,144 [INFO] ThirdParty:1030 - CMSIS Pack Vendor :STMicroelectronics X-CUBE-DPower 1.2.0
2025-12-11 11:45:50,144 [INFO] ThirdParty:1030 - CMSIS Pack Vendor :STMicroelectronics X-CUBE-NFC4 2.0.5
2025-12-11 11:45:50,144 [INFO] ThirdParty:1030 - CMSIS Pack Vendor :STMicroelectronics X-CUBE-NFC4 2.0.4
2025-12-11 11:45:50,144 [INFO] ThirdParty:1030 - CMSIS Pack Vendor :STMicroelectronics X-CUBE-NFC4 2.0.3
2025-12-11 11:45:50,144 [INFO] ThirdParty:1030 - CMSIS Pack Vendor :STMicroelectronics X-CUBE-AI 9.0.0
2025-12-11 11:45:50,144 [INFO] ThirdParty:1030 - CMSIS Pack Vendor :STMicroelectronics X-CUBE-AZRTOS-H7 3.1.0
2025-12-11 11:45:50,144 [INFO] ThirdParty:1030 - CMSIS Pack Vendor :STMicroelectronics PDM2PCM 3.3.0
2025-12-11 11:45:50,144 [INFO] ThirdParty:1030 - CMSIS Pack Vendor :STMicroelectronics X-CUBE-SFXS2LP1 3.1.0
2025-12-11 11:45:50,144 [INFO] ThirdParty:1030 - CMSIS Pack Vendor :STMicroelectronics X-CUBE-AZRTOS-F4 1.0.0
2025-12-11 11:45:50,144 [INFO] ThirdParty:1030 - CMSIS Pack Vendor :STMicroelectronics X-CUBE-TOF1 2.0.0
2025-12-11 11:45:50,144 [INFO] ThirdParty:1030 - CMSIS Pack Vendor :STMicroelectronics X-CUBE-FREERTOS 1.3.1
2025-12-11 11:45:50,144 [INFO] ThirdParty:1030 - CMSIS Pack Vendor :STMicroelectronics X-CUBE-FREERTOS 1.3.0
2025-12-11 11:45:50,144 [INFO] ThirdParty:1030 - CMSIS Pack Vendor :STMicroelectronics X-CUBE-NFC7 1.0.1
2025-12-11 11:45:50,144 [INFO] ThirdParty:1030 - CMSIS Pack Vendor :STMicroelectronics MBEDTLS 2.14.1
2025-12-11 11:45:50,144 [INFO] ThirdParty:1030 - CMSIS Pack Vendor :STMicroelectronics X-CUBE-NFC7 1.0.0
2025-12-11 11:45:50,144 [INFO] ThirdParty:1030 - CMSIS Pack Vendor :wolfSSL I-CUBE-wolfTPM 3.2.0
2025-12-11 11:45:50,144 [INFO] ThirdParty:1030 - CMSIS Pack Vendor :STMicroelectronics X-CUBE-TOUCHGFX 4.26.0
2025-12-11 11:45:50,144 [INFO] ThirdParty:1030 - CMSIS Pack Vendor :STMicroelectronics X-CUBE-NFC6 3.0.0
2025-12-11 11:45:50,144 [INFO] ThirdParty:1030 - CMSIS Pack Vendor :STMicroelectronics X-CUBE-EEPRMA1 4.1.0
2025-12-11 11:45:50,144 [INFO] ThirdParty:1030 - CMSIS Pack Vendor :STMicroelectronics FP-SNS-STAIOTCFT 1.0.0
2025-12-11 11:45:50,144 [INFO] ThirdParty:1030 - CMSIS Pack Vendor :STMicroelectronics X-CUBE-DPower 1.3.0
2025-12-11 11:45:50,144 [INFO] ThirdParty:1030 - CMSIS Pack Vendor :STMicroelectronics USB_DEVICE 1.0.0
2025-12-11 11:45:50,146 [INFO] ThirdParty:1030 - CMSIS Pack Vendor :STMicroelectronics X-CUBE-AI 8.1.0
2025-12-11 11:45:50,146 [INFO] ThirdParty:1030 - CMSIS Pack Vendor :STMicroelectronics X-CUBE-AZRTOS-L4 2.0.0
2025-12-11 11:45:50,146 [INFO] ThirdParty:1030 - CMSIS Pack Vendor :STMicroelectronics lwIP 2.1.2
2025-12-11 11:45:50,146 [INFO] ThirdParty:1030 - CMSIS Pack Vendor :STMicroelectronics X-CUBE-SFXS2LP1 4.0.0
2025-12-11 11:45:50,146 [INFO] ThirdParty:1030 - CMSIS Pack Vendor :STMicroelectronics PDM2PCM 3.2.0
2025-12-11 11:45:50,146 [INFO] ThirdParty:1030 - CMSIS Pack Vendor :STMicroelectronics X-CUBE-AZRTOS-H7 3.0.0
2025-12-11 11:45:50,146 [INFO] ThirdParty:1030 - CMSIS Pack Vendor :STMicroelectronics X-CUBE-ISPU 1.1.0
2025-12-11 11:45:50,146 [INFO] ThirdParty:1030 - CMSIS Pack Vendor :STMicroelectronics X-CUBE-AZRTOS-H7 3.3.0
2025-12-11 11:45:50,146 [INFO] ThirdParty:1030 - CMSIS Pack Vendor :RoweBots I-CUBE-UNISONRTOS 5.5.0-4
2025-12-11 11:45:50,146 [INFO] ThirdParty:1030 - CMSIS Pack Vendor :STMicroelectronics X-CUBE-BLEMGR 4.1.0
2025-12-11 11:45:50,146 [INFO] ThirdParty:1030 - CMSIS Pack Vendor :STMicroelectronics X-CUBE-AI 8.0.0
2025-12-11 11:45:50,146 [INFO] ThirdParty:1030 - CMSIS Pack Vendor :STMicroelectronics X-CUBE-IPS 3.0.0
2025-12-11 11:45:50,146 [INFO] ThirdParty:1030 - CMSIS Pack Vendor :STMicroelectronics X-CUBE-AZRTOS-WB 2.0.0
2025-12-11 11:45:50,146 [INFO] ThirdParty:1030 - CMSIS Pack Vendor :STMicroelectronics X-CUBE-FREERTOS 1.0.0
2025-12-11 11:45:50,146 [INFO] ThirdParty:1030 - CMSIS Pack Vendor :STMicroelectronics X-CUBE-FREERTOS 1.0.1
2025-12-11 11:45:50,146 [INFO] ThirdParty:1030 - CMSIS Pack Vendor :STMicroelectronics X-CUBE-GNSS1 7.0.0
2025-12-11 11:45:50,146 [INFO] ThirdParty:1030 - CMSIS Pack Vendor :STMicroelectronics X-CUBE-GNSS1 7.0.1
2025-12-11 11:45:50,146 [INFO] ThirdParty:1030 - CMSIS Pack Vendor :STMicroelectronics FP-SNS-STBOX1 2.0.0
2025-12-11 11:45:50,146 [INFO] ThirdParty:1030 - CMSIS Pack Vendor :STMicroelectronics X-CUBE-AZRTOS-L5 1.1.0
2025-12-11 11:45:50,146 [INFO] ThirdParty:1030 - CMSIS Pack Vendor :STMicroelectronics X-CUBE-AI 8.0.1
2025-12-11 11:45:50,146 [INFO] ThirdParty:1030 - CMSIS Pack Vendor :STMicroelectronics X-CUBE-SUBG2 5.0.0
2025-12-11 11:45:50,146 [INFO] ThirdParty:1030 - CMSIS Pack Vendor :STMicroelectronics X-CUBE-AZRTOS-H7RS 1.1.0
2025-12-11 11:45:50,146 [INFO] ThirdParty:1030 - CMSIS Pack Vendor :STMicroelectronics STM32_WPAN 1.0.0
2025-12-11 11:45:50,146 [INFO] ThirdParty:1030 - CMSIS Pack Vendor :STMicroelectronics lwIP 2.0.3
2025-12-11 11:45:50,146 [INFO] ThirdParty:1030 - CMSIS Pack Vendor :STMicroelectronics USB_HOST 1.0.0
2025-12-11 11:45:50,146 [INFO] ThirdParty:1030 - CMSIS Pack Vendor :STMicroelectronics X-CUBE-AZRTOS-G4 2.0.0
2025-12-11 11:45:50,146 [INFO] ThirdParty:1030 - CMSIS Pack Vendor :STMicroelectronics X-CUBE-TOF1 3.3.0
2025-12-11 11:45:50,146 [INFO] ThirdParty:1030 - CMSIS Pack Vendor :STMicroelectronics FP-ATR-ASTRA1 1.1.1
2025-12-11 11:45:50,146 [INFO] ThirdParty:1030 - CMSIS Pack Vendor :Infineon AIROC-Wi-Fi-Bluetooth-STM32 1.5.1
2025-12-11 11:45:50,146 [INFO] ThirdParty:1030 - CMSIS Pack Vendor :STMicroelectronics X-CUBE-NFC7 2.0.0
2025-12-11 11:45:50,146 [INFO] ThirdParty:1030 - CMSIS Pack Vendor :STMicroelectronics FP-SNS-MOTENVWB1 1.3.1
2025-12-11 11:45:50,146 [INFO] ThirdParty:1030 - CMSIS Pack Vendor :STMicroelectronics X-CUBE-AZRTOS-G4 1.0.0
2025-12-11 11:45:50,146 [INFO] ThirdParty:1030 - CMSIS Pack Vendor :STMicroelectronics X-CUBE-AZRTOS-L4 1.0.0
2025-12-11 11:45:50,146 [INFO] ThirdParty:1030 - CMSIS Pack Vendor :STMicroelectronics X-CUBE-ISPU 2.0.0
2025-12-11 11:45:50,146 [INFO] ThirdParty:1030 - CMSIS Pack Vendor :STMicroelectronics X-CUBE-IPS 3.1.0
2025-12-11 11:45:50,146 [INFO] ThirdParty:1030 - CMSIS Pack Vendor :STMicroelectronics X-CUBE-ALS 1.0.2
2025-12-11 11:45:50,146 [INFO] ThirdParty:1030 - CMSIS Pack Vendor :STMicroelectronics X-CUBE-MEMS1 10.0.0
2025-12-11 11:45:50,146 [INFO] ThirdParty:1030 - CMSIS Pack Vendor :STMicroelectronics X-CUBE-FREERTOS 1.1.0
2025-12-11 11:45:50,146 [INFO] ThirdParty:1030 - CMSIS Pack Vendor :STMicroelectronics X-CUBE-TOUCHGFX 4.24.0
2025-12-11 11:45:50,146 [INFO] ThirdParty:1030 - CMSIS Pack Vendor :STMicroelectronics X-CUBE-AZRTOS-F7 1.0.0
2025-12-11 11:45:50,146 [INFO] ThirdParty:1030 - CMSIS Pack Vendor :STMicroelectronics X-CUBE-TOUCHGFX 4.24.2
2025-12-11 11:45:50,146 [INFO] ThirdParty:1030 - CMSIS Pack Vendor :STMicroelectronics X-CUBE-AZRTOS-WL 1.0.0
2025-12-11 11:45:50,147 [INFO] ThirdParty:1030 - CMSIS Pack Vendor :STMicroelectronics X-CUBE-TOUCHGFX 4.24.1
2025-12-11 11:45:50,147 [INFO] ThirdParty:1030 - CMSIS Pack Vendor :STMicroelectronics X-CUBE-STSE01 1.0.0
2025-12-11 11:45:50,147 [INFO] ThirdParty:1030 - CMSIS Pack Vendor :STMicroelectronics X-CUBE-MEMS1 9.1.0
2025-12-11 11:45:50,147 [INFO] ThirdParty:1030 - CMSIS Pack Vendor :portGmbH I-Cube-SoM-uGOAL 1.1.0
2025-12-11 11:45:50,147 [INFO] ThirdParty:1030 - CMSIS Pack Vendor :STMicroelectronics X-CUBE-ALS 1.0.1
2025-12-11 11:45:50,147 [INFO] ThirdParty:1030 - CMSIS Pack Vendor :STMicroelectronics X-CUBE-AI 7.0.0
2025-12-11 11:45:50,147 [INFO] ThirdParty:1030 - CMSIS Pack Vendor :STMicroelectronics X-CUBE-AZRTOS-WB 1.1.0
2025-12-11 11:45:50,147 [INFO] ThirdParty:1030 - CMSIS Pack Vendor :STMicroelectronics X-CUBE-AZRTOS-L5 1.0.0
2025-12-11 11:45:50,147 [INFO] ThirdParty:1030 - CMSIS Pack Vendor :STMicroelectronics X-CUBE-EEPRMA1 3.1.0
2025-12-11 11:45:50,147 [INFO] ThirdParty:1030 - CMSIS Pack Vendor :STMicroelectronics X-CUBE-EEPRMA1 3.1.1
2025-12-11 11:45:50,147 [INFO] ThirdParty:1030 - CMSIS Pack Vendor :STMicroelectronics X-CUBE-AZRTOS-H7RS 1.0.0
2025-12-11 11:45:50,147 [INFO] ThirdParty:1030 - CMSIS Pack Vendor :STMicroelectronics X-CUBE-GNSS1 5.2.0
2025-12-11 11:45:50,147 [INFO] ThirdParty:1030 - CMSIS Pack Vendor :STMicroelectronics FP-ATR-ASTRA1 2.0.0
2025-12-11 11:45:50,147 [INFO] ThirdParty:1030 - CMSIS Pack Vendor :STMicroelectronics X-CUBE-TOF1 3.4.2
2025-12-11 11:45:50,147 [INFO] ThirdParty:1030 - CMSIS Pack Vendor :STMicroelectronics X-CUBE-TOF1 3.4.3
2025-12-11 11:45:50,147 [INFO] ThirdParty:1030 - CMSIS Pack Vendor :STMicroelectronics X-CUBE-TOF1 3.4.0
2025-12-11 11:45:50,147 [INFO] ThirdParty:1030 - CMSIS Pack Vendor :STMicroelectronics X-CUBE-TOF1 3.4.1
2025-12-11 11:45:50,147 [INFO] ThirdParty:1030 - CMSIS Pack Vendor :STMicroelectronics X-CUBE-AZRTOS-H7 3.2.0
2025-12-11 11:45:50,147 [INFO] ThirdParty:1030 - CMSIS Pack Vendor :wolfSSL I-CUBE-wolfSSH 1.4.17
2025-12-11 11:45:50,147 [INFO] ThirdParty:841 - exiting critical section [change project]
2025-12-11 11:45:50,771 [INFO] PinOutPanel:1589 - setPackage(No Configuration,No Configuration)
2025-12-11 11:45:50,777 [INFO] PinOutPanel:1589 - setPackage(STM32G491RETx,LQFP64)
2025-12-11 11:45:51,794 [INFO] UtilMem:75 - Before build in PCC Used Memory: 934659456 Bytes (1073741824)
2025-12-11 11:45:53,361 [INFO] UtilMem:75 - After build in PCC Used Memory: 883052624 Bytes (1073741824)
2025-12-11 11:45:53,400 [INFO] IPUIPlugin:80 - create IPUIPlugin
2025-12-11 11:45:53,400 [INFO] IPUIPlugin:80 - create IPUIPlugin
2025-12-11 11:45:53,400 [INFO] IPUIPlugin:80 - create IPUIPlugin
2025-12-11 11:45:53,400 [INFO] IPUIPlugin:80 - create IPUIPlugin
2025-12-11 11:45:53,400 [INFO] IPUIPlugin:80 - create IPUIPlugin
2025-12-11 11:45:53,400 [INFO] IPUIPlugin:80 - create IPUIPlugin
2025-12-11 11:45:53,400 [INFO] IPUIPlugin:80 - create IPUIPlugin
2025-12-11 11:45:53,400 [INFO] IPUIPlugin:80 - create IPUIPlugin
2025-12-11 11:45:53,400 [INFO] IPUIPlugin:80 - create IPUIPlugin
2025-12-11 11:45:53,400 [INFO] IPUIPlugin:80 - create IPUIPlugin
2025-12-11 11:45:53,401 [INFO] IPUIPlugin:80 - create IPUIPlugin
2025-12-11 11:45:53,401 [INFO] IPUIPlugin:80 - create IPUIPlugin
2025-12-11 11:45:53,401 [INFO] IPUIPlugin:80 - create IPUIPlugin
2025-12-11 11:45:53,401 [INFO] IPUIPlugin:80 - create IPUIPlugin
2025-12-11 11:45:53,401 [INFO] IPUIPlugin:80 - create IPUIPlugin
2025-12-11 11:45:53,401 [INFO] IPUIPlugin:80 - create IPUIPlugin
2025-12-11 11:45:53,401 [INFO] IPUIPlugin:80 - create IPUIPlugin
2025-12-11 11:45:53,401 [INFO] IPUIPlugin:80 - create IPUIPlugin
2025-12-11 11:45:53,402 [INFO] IPUIPlugin:80 - create IPUIPlugin
2025-12-11 11:45:53,402 [INFO] IPUIPlugin:80 - create IPUIPlugin
2025-12-11 11:45:53,402 [INFO] IPUIPlugin:80 - create IPUIPlugin
2025-12-11 11:45:53,402 [INFO] IPUIPlugin:80 - create IPUIPlugin
2025-12-11 11:45:53,402 [INFO] IPUIPlugin:80 - create IPUIPlugin
2025-12-11 11:45:53,402 [INFO] IPUIPlugin:80 - create IPUIPlugin
2025-12-11 11:45:53,402 [INFO] IPUIPlugin:80 - create IPUIPlugin
2025-12-11 11:45:53,402 [INFO] IPUIPlugin:80 - create IPUIPlugin
2025-12-11 11:45:53,403 [INFO] IPUIPlugin:80 - create IPUIPlugin
2025-12-11 11:45:53,403 [INFO] IPUIPlugin:80 - create IPUIPlugin
2025-12-11 11:45:53,403 [INFO] IPUIPlugin:80 - create IPUIPlugin
2025-12-11 11:45:53,403 [INFO] IPUIPlugin:80 - create IPUIPlugin
2025-12-11 11:45:53,403 [INFO] IPUIPlugin:80 - create IPUIPlugin
2025-12-11 11:45:53,403 [INFO] IPUIPlugin:80 - create IPUIPlugin
2025-12-11 11:45:53,404 [INFO] IPUIPlugin:80 - create IPUIPlugin
2025-12-11 11:45:53,404 [INFO] IPUIPlugin:80 - create IPUIPlugin
2025-12-11 11:45:53,404 [INFO] IPUIPlugin:80 - create IPUIPlugin
2025-12-11 11:45:53,404 [INFO] IPUIPlugin:80 - create IPUIPlugin
2025-12-11 11:45:53,404 [INFO] IPUIPlugin:80 - create IPUIPlugin
2025-12-11 11:45:53,404 [INFO] IPUIPlugin:80 - create IPUIPlugin
2025-12-11 11:45:53,404 [INFO] IPUIPlugin:80 - create IPUIPlugin
2025-12-11 11:45:53,404 [INFO] IPUIPlugin:80 - create IPUIPlugin
2025-12-11 11:45:53,406 [INFO] IPUIPlugin:80 - create IPUIPlugin
2025-12-11 11:45:53,406 [INFO] IPUIPlugin:80 - create IPUIPlugin
2025-12-11 11:45:53,406 [INFO] IPUIPlugin:80 - create IPUIPlugin
2025-12-11 11:45:53,406 [INFO] IPUIPlugin:80 - create IPUIPlugin
2025-12-11 11:45:53,406 [INFO] IPUIPlugin:80 - create IPUIPlugin
2025-12-11 11:45:53,407 [INFO] IPUIPlugin:80 - create IPUIPlugin
2025-12-11 11:45:53,407 [INFO] IPUIPlugin:80 - create IPUIPlugin
2025-12-11 11:45:53,407 [INFO] IPUIPlugin:80 - create IPUIPlugin
2025-12-11 11:45:53,407 [INFO] IPUIPlugin:80 - create IPUIPlugin
2025-12-11 11:45:53,407 [INFO] IPUIPlugin:80 - create IPUIPlugin
2025-12-11 11:45:53,408 [INFO] IPUIPlugin:80 - create IPUIPlugin
2025-12-11 11:45:53,408 [INFO] IPUIPlugin:80 - create IPUIPlugin
2025-12-11 11:45:53,408 [INFO] IPUIPlugin:80 - create IPUIPlugin
2025-12-11 11:45:53,409 [INFO] IPUIPlugin:80 - create IPUIPlugin
2025-12-11 11:45:53,409 [INFO] IPUIPlugin:80 - create IPUIPlugin
2025-12-11 11:45:53,409 [INFO] IPUIPlugin:80 - create IPUIPlugin
2025-12-11 11:45:53,410 [INFO] IPUIPlugin:80 - create IPUIPlugin
2025-12-11 11:45:53,410 [INFO] IPUIPlugin:80 - create IPUIPlugin
2025-12-11 11:45:53,410 [INFO] IPUIPlugin:80 - create IPUIPlugin
2025-12-11 11:45:53,411 [INFO] IPUIPlugin:80 - create IPUIPlugin
2025-12-11 11:45:53,411 [INFO] IPUIPlugin:80 - create IPUIPlugin
2025-12-11 11:45:53,411 [INFO] IPUIPlugin:80 - create IPUIPlugin
2025-12-11 11:45:53,411 [INFO] IPUIPlugin:80 - create IPUIPlugin
2025-12-11 11:45:53,412 [INFO] IPUIPlugin:80 - create IPUIPlugin
2025-12-11 11:45:53,803 [INFO] CADModel:165 - CPN selected for project levelSTM32G491RET3
2025-12-11 11:45:53,803 [INFO] CADModel:114 - Register for checkConnection events
2025-12-11 11:45:53,887 [INFO] OpenFileManager:386 - Restore cursor
2025-12-11 11:46:32,494 [ERROR] LogOutputStream:75 - [STDERR_REDIRECT] Exception in thread "AWT-EventQueue-0" java.awt.IllegalComponentStateException: Native resources unavailable
2025-12-11 11:46:32,497 [ERROR] LogOutputStream:75 - [STDERR_REDIRECT] 	at java.desktop/sun.awt.windows.WWindowPeer.getScreenImOn(Native Method)
2025-12-11 11:46:32,500 [ERROR] LogOutputStream:75 - [STDERR_REDIRECT] 	at java.desktop/sun.awt.windows.WWindowPeer.updateGC(WWindowPeer.java:566)
2025-12-11 11:46:32,502 [ERROR] LogOutputStream:75 - [STDERR_REDIRECT] 	at java.desktop/java.awt.event.InvocationEvent.dispatch(InvocationEvent.java:318)
2025-12-11 11:46:32,504 [ERROR] LogOutputStream:75 - [STDERR_REDIRECT] 	at java.desktop/java.awt.EventQueue.dispatchEventImpl(EventQueue.java:773)
2025-12-11 11:46:32,506 [ERROR] LogOutputStream:75 - [STDERR_REDIRECT] 	at java.desktop/java.awt.EventQueue$4.run(EventQueue.java:720)
2025-12-11 11:46:32,508 [ERROR] LogOutputStream:75 - [STDERR_REDIRECT] 	at java.desktop/java.awt.EventQueue$4.run(EventQueue.java:714)
2025-12-11 11:46:32,510 [ERROR] LogOutputStream:75 - [STDERR_REDIRECT] 	at java.base/java.security.AccessController.doPrivileged(AccessController.java:400)
2025-12-11 11:46:32,513 [ERROR] LogOutputStream:75 - [STDERR_REDIRECT] 	at java.base/java.security.ProtectionDomain$JavaSecurityAccessImpl.doIntersectionPrivilege(ProtectionDomain.java:87)
2025-12-11 11:46:32,516 [ERROR] LogOutputStream:75 - [STDERR_REDIRECT] 	at java.base/java.security.ProtectionDomain$JavaSecurityAccessImpl.doIntersectionPrivilege(ProtectionDomain.java:98)
2025-12-11 11:46:32,517 [ERROR] LogOutputStream:75 - [STDERR_REDIRECT] 	at java.desktop/java.awt.EventQueue$5.run(EventQueue.java:747)
2025-12-11 11:46:32,519 [ERROR] LogOutputStream:75 - [STDERR_REDIRECT] 	at java.desktop/java.awt.EventQueue$5.run(EventQueue.java:745)
2025-12-11 11:46:32,521 [ERROR] LogOutputStream:75 - [STDERR_REDIRECT] 	at java.base/java.security.AccessController.doPrivileged(AccessController.java:400)
2025-12-11 11:46:32,525 [ERROR] LogOutputStream:75 - [STDERR_REDIRECT] 	at java.base/java.security.ProtectionDomain$JavaSecurityAccessImpl.doIntersectionPrivilege(ProtectionDomain.java:87)
2025-12-11 11:46:32,526 [ERROR] LogOutputStream:75 - [STDERR_REDIRECT] 	at java.desktop/java.awt.EventQueue.dispatchEvent(EventQueue.java:744)
2025-12-11 11:46:32,529 [ERROR] LogOutputStream:75 - [STDERR_REDIRECT] 	at java.desktop/java.awt.EventDispatchThread.pumpOneEventForFilters(EventDispatchThread.java:203)
2025-12-11 11:46:32,531 [ERROR] LogOutputStream:75 - [STDERR_REDIRECT] 	at java.desktop/java.awt.EventDispatchThread.pumpEventsForFilter(EventDispatchThread.java:124)
2025-12-11 11:46:32,534 [ERROR] LogOutputStream:75 - [STDERR_REDIRECT] 	at java.desktop/java.awt.EventDispatchThread.pumpEventsForHierarchy(EventDispatchThread.java:113)
2025-12-11 11:46:32,536 [ERROR] LogOutputStream:75 - [STDERR_REDIRECT] 	at java.desktop/java.awt.EventDispatchThread.pumpEvents(EventDispatchThread.java:109)
2025-12-11 11:46:32,538 [ERROR] LogOutputStream:75 - [STDERR_REDIRECT] 	at java.desktop/java.awt.EventDispatchThread.pumpEvents(EventDispatchThread.java:101)
2025-12-11 11:46:32,540 [ERROR] LogOutputStream:75 - [STDERR_REDIRECT] 	at java.desktop/java.awt.EventDispatchThread.run(EventDispatchThread.java:90)
2025-12-11 11:46:32,614 [INFO] MainUpdater:2872 - connection check result : 10
2025-12-11 11:46:32,614 [INFO] MainUpdater:2872 - connection check result : 10
2025-12-11 11:46:32,785 [INFO] MicroXplorer:468 - Change Database Path : 
2025-12-11 11:46:32,785 [INFO] MicroXplorer:498 - Change Database Version : DB.6.0.150
2025-12-11 11:46:32,807 [ERROR] ProjectManagerView:395 - 
java.lang.NullPointerException: Cannot invoke "javax.swing.JTextField.getText()" because the return value of "java.util.List.get(int)" is null
	at com.st.microxplorer.plugins.projectmanager.gui.ProjectChoiceTab$9.caretUpdate(ProjectChoiceTab.java:2706) ~[filemanager.jar:?]
	at javax.swing.text.JTextComponent.fireCaretUpdate(JTextComponent.java:408) ~[?:?]
	at javax.swing.text.JTextComponent$MutableCaretEvent.fire(JTextComponent.java:4484) ~[?:?]
	at javax.swing.text.JTextComponent$MutableCaretEvent.stateChanged(JTextComponent.java:4506) ~[?:?]
	at javax.swing.text.DefaultCaret.fireStateChanged(DefaultCaret.java:857) ~[?:?]
	at javax.swing.text.DefaultCaret.changeCaretPosition(DefaultCaret.java:1343) ~[?:?]
	at javax.swing.text.DefaultCaret.handleSetDot(DefaultCaret.java:1242) ~[?:?]
	at javax.swing.text.DefaultCaret.setDot(DefaultCaret.java:1223) ~[?:?]
	at javax.swing.text.DefaultCaret$Handler.insertUpdate(DefaultCaret.java:1819) ~[?:?]
	at javax.swing.text.AbstractDocument.fireInsertUpdate(AbstractDocument.java:227) ~[?:?]
	at javax.swing.text.AbstractDocument.handleInsertString(AbstractDocument.java:781) ~[?:?]
	at javax.swing.text.AbstractDocument.insertString(AbstractDocument.java:740) ~[?:?]
	at javax.swing.text.PlainDocument.insertString(PlainDocument.java:131) ~[?:?]
	at javax.swing.text.AbstractDocument.replace(AbstractDocument.java:699) ~[?:?]
	at javax.swing.text.JTextComponent.setText(JTextComponent.java:1725) ~[?:?]
	at com.st.microxplorer.plugins.projectmanager.gui.ProjectChoiceTab.createHeapStackFields(ProjectChoiceTab.java:993) ~[filemanager.jar:?]
	at com.st.microxplorer.plugins.projectmanager.gui.ProjectChoiceTab.buildLinkSettingsPanel(ProjectChoiceTab.java:3813) ~[filemanager.jar:?]
	at com.st.microxplorer.plugins.projectmanager.gui.ProjectChoiceTab.defineWindowsFields(ProjectChoiceTab.java:1987) ~[filemanager.jar:?]
	at com.st.microxplorer.plugins.projectmanager.gui.ProjectChoiceTab.updateSettings(ProjectChoiceTab.java:558) ~[filemanager.jar:?]
	at com.st.microxplorer.plugins.projectmanager.gui.ProjectSettingsPanel.UpdateDialog(ProjectSettingsPanel.java:247) ~[filemanager.jar:?]
	at com.st.microxplorer.plugins.projectmanager.ProjectManagerView.propertyChange(ProjectManagerView.java:392) ~[filemanager.jar:?]
	at java.beans.PropertyChangeSupport.fire(PropertyChangeSupport.java:343) ~[?:?]
	at java.beans.PropertyChangeSupport.firePropertyChange(PropertyChangeSupport.java:335) ~[?:?]
	at java.beans.PropertyChangeSupport.firePropertyChange(PropertyChangeSupport.java:268) ~[?:?]
	at com.st.microxplorer.util.MXPropertyChangeSupport.firePropertyChange(MXPropertyChangeSupport.java:54) ~[STM32CubeMX.jar:?]
	at com.st.microxplorer.mxsystem.MxSystem.closeConfig(MxSystem.java:899) ~[STM32CubeMX.jar:?]
	at com.st.microxplorer.maingui.MainPanel.closeConfig(MainPanel.java:792) ~[STM32CubeMX.jar:?]
	at com.st.microxplorer.plugins.filemanager.engine.OpenFileManager.loadConfigurationFile(OpenFileManager.java:288) ~[filemanager.jar:?]
	at com.st.microxplorer.plugins.filemanager.engine.MainFileManager.userLoadConfig(MainFileManager.java:364) ~[filemanager.jar:?]
	at com.st.microxplorer.plugins.filemanager.engine.MainFileManager.userLoadConfig(MainFileManager.java:342) ~[filemanager.jar:?]
	at com.st.microxplorer.plugins.filemanager.FileManagerView.getSpecificTask(FileManagerView.java:264) ~[filemanager.jar:?]
	at com.st.stm32cube.common.mx.editor.CubeMxEditor.getMxTabbedPaneInstance(CubeMxEditor.java:1198) ~[com.st.stm32cube.common.mx_6.15.0.202507011659/:?]
	at com.st.stm32cube.common.mx.editor.CubeMxEditor$12$1.createSwingComponent(CubeMxEditor.java:1068) ~[com.st.stm32cube.common.mx_6.15.0.202507011659/:?]
	at com.st.stm32cube.common.mx.oss.core.awtswtbridge.EmbeddedSwingComposite.doComponentCreation(EmbeddedSwingComposite.java:492) ~[com.st.stm32cube.common.mx.oss_6.15.0.202507011659/:?]
	at com.st.stm32cube.common.mx.oss.core.awtswtbridge.EmbeddedSwingComposite$4.run(EmbeddedSwingComposite.java:291) ~[com.st.stm32cube.common.mx.oss_6.15.0.202507011659/:?]
	at com.st.stm32cube.common.mx.oss.core.awtswtbridge.AwtEnvironment$2.run(AwtEnvironment.java:166) ~[com.st.stm32cube.common.mx.oss_6.15.0.202507011659/:?]
	at java.awt.event.InvocationEvent.dispatch(InvocationEvent.java:318) ~[?:?]
	at java.awt.EventQueue.dispatchEventImpl(EventQueue.java:773) ~[?:?]
	at java.awt.EventQueue$4.run(EventQueue.java:720) ~[?:?]
	at java.awt.EventQueue$4.run(EventQueue.java:714) ~[?:?]
	at java.security.AccessController.doPrivileged(AccessController.java:400) ~[?:?]
	at java.security.ProtectionDomain$JavaSecurityAccessImpl.doIntersectionPrivilege(ProtectionDomain.java:87) ~[?:?]
	at java.awt.EventQueue.dispatchEvent(EventQueue.java:742) ~[?:?]
	at java.awt.EventDispatchThread.pumpOneEventForFilters(EventDispatchThread.java:203) ~[?:?]
	at java.awt.EventDispatchThread.pumpEventsForFilter(EventDispatchThread.java:124) ~[?:?]
	at java.awt.EventDispatchThread.pumpEventsForHierarchy(EventDispatchThread.java:113) ~[?:?]
	at java.awt.EventDispatchThread.pumpEvents(EventDispatchThread.java:109) ~[?:?]
	at java.awt.EventDispatchThread.pumpEvents(EventDispatchThread.java:101) ~[?:?]
	at java.awt.EventDispatchThread.run(EventDispatchThread.java:90) ~[?:?]
2025-12-11 11:46:32,824 [WARN] ThirdParty:871 - waiting for thirdparty lock release [close project]
2025-12-11 11:46:32,824 [INFO] ThirdParty:873 - entering critical section [close project]
2025-12-11 11:46:32,824 [INFO] ThirdParty:883 - exiting critical section [close project]
2025-12-11 11:46:32,826 [INFO] PinOutPanel:1589 - setPackage(No Configuration,No Configuration)
2025-12-11 11:46:32,841 [INFO] UtilMem:75 - Begin LoadConfig() Used Memory: 958307216 Bytes (1073741824)
2025-12-11 11:46:32,842 [INFO] MicroXplorer:468 - Change Database Path : 
2025-12-11 11:46:32,842 [INFO] MicroXplorer:498 - Change Database Version : DB.6.0.150
2025-12-11 11:46:32,842 [INFO] OpenFileManager:355 - Change cursor
2025-12-11 11:46:32,850 [INFO] Mcu:2029 - Initializing MCU STM32G491R(C-E)Tx STM32G491RETx STM32G491RET6
2025-12-11 11:46:36,519 [INFO] Context:786 - Trying to add GPIOservice into a context  which must be forbidden
2025-12-11 11:46:37,596 [INFO] ImportTextPane:234 - (OptionalMessage_ERROR) Pin8 (VP_RIF_VS_RIF1) cannot be retrieved for this MCU
2025-12-11 11:46:37,785 [INFO] RtosManager:558 - Registered RTOS mode: class=CMSIS, group=RTOS, mode=CMSIS_V1, owner=FREERTOS
2025-12-11 11:46:37,785 [INFO] RtosManager:558 - Registered RTOS mode: class=CMSIS, group=RTOS2, mode=CMSIS_V2, owner=FREERTOS
2025-12-11 11:46:37,785 [INFO] RtosManager:558 - Registered RTOS mode: class=RTOS, group=Core, mode=CMSIS_V1, owner=FREERTOS
2025-12-11 11:46:37,785 [INFO] RtosManager:558 - Registered RTOS mode: class=RTOS, group=Core, mode=CMSIS_V2, owner=FREERTOS
2025-12-11 11:46:37,786 [WARN] ModelIntegratedComponent:184 - Missing modes for component STMicroelectronics:FreeRTOS:0.0.1:STMicroelectronics:RTOS:FreeRTOS:Core:::10.2.0:
2025-12-11 11:46:37,789 [WARN] ModelIntegratedComponent:63 - No mode defined for component null
2025-12-11 11:46:37,789 [WARN] ModelIntegratedComponent:63 - No mode defined for component null
2025-12-11 11:46:37,789 [WARN] ModelIntegratedComponent:63 - No mode defined for component null
2025-12-11 11:46:37,790 [WARN] ModelIntegratedComponent:63 - No mode defined for component null
2025-12-11 11:46:37,790 [WARN] ModelIntegratedComponent:63 - No mode defined for component null
2025-12-11 11:46:37,790 [WARN] ModelIntegratedComponent:63 - No mode defined for component null
2025-12-11 11:46:37,790 [WARN] ModelIntegratedComponent:63 - No mode defined for component null
2025-12-11 11:46:37,790 [WARN] ModelIntegratedComponent:63 - No mode defined for component null
2025-12-11 11:46:37,790 [WARN] ModelIntegratedComponent:63 - No mode defined for component null
2025-12-11 11:46:37,790 [WARN] ModelIntegratedComponent:63 - No mode defined for component null
2025-12-11 11:46:37,790 [WARN] ModelIntegratedComponent:63 - No mode defined for component null
2025-12-11 11:46:37,790 [WARN] ModelIntegratedComponent:63 - No mode defined for component null
2025-12-11 11:46:37,790 [WARN] ModelIntegratedComponent:63 - No mode defined for component null
2025-12-11 11:46:37,790 [WARN] ModelIntegratedComponent:63 - No mode defined for component null
2025-12-11 11:46:37,790 [WARN] ModelIntegratedComponent:63 - No mode defined for component null
2025-12-11 11:46:37,790 [WARN] ModelIntegratedComponent:63 - No mode defined for component null
2025-12-11 11:46:37,790 [WARN] ModelIntegratedComponent:63 - No mode defined for component null
2025-12-11 11:46:37,790 [WARN] ModelIntegratedComponent:63 - No mode defined for component null
2025-12-11 11:46:37,790 [WARN] ModelIntegratedComponent:63 - No mode defined for component null
2025-12-11 11:46:37,791 [WARN] ModelIntegratedComponent:63 - No mode defined for component null
2025-12-11 11:46:37,791 [WARN] ModelIntegratedComponent:63 - No mode defined for component null
2025-12-11 11:46:37,791 [WARN] ModelIntegratedComponent:63 - No mode defined for component null
2025-12-11 11:46:37,791 [WARN] ModelIntegratedComponent:63 - No mode defined for component null
2025-12-11 11:46:37,791 [WARN] ModelIntegratedComponent:63 - No mode defined for component null
2025-12-11 11:46:37,791 [WARN] ModelIntegratedComponent:63 - No mode defined for component null
2025-12-11 11:46:37,791 [WARN] ModelIntegratedComponent:63 - No mode defined for component null
2025-12-11 11:46:37,791 [WARN] ModelIntegratedComponent:63 - No mode defined for component null
2025-12-11 11:46:37,791 [WARN] ModelIntegratedComponent:63 - No mode defined for component null
2025-12-11 11:46:37,791 [WARN] ModelIntegratedComponent:63 - No mode defined for component null
2025-12-11 11:46:37,791 [WARN] ModelIntegratedComponent:63 - No mode defined for component null
2025-12-11 11:46:37,791 [WARN] ModelIntegratedComponent:63 - No mode defined for component null
2025-12-11 11:46:37,791 [WARN] ModelIntegratedComponent:63 - No mode defined for component null
2025-12-11 11:46:37,791 [WARN] ModelIntegratedComponent:63 - No mode defined for component null
2025-12-11 11:46:37,791 [WARN] ModelIntegratedComponent:63 - No mode defined for component null
2025-12-11 11:46:37,791 [WARN] ModelIntegratedComponent:63 - No mode defined for component null
2025-12-11 11:46:37,791 [WARN] ModelPack:524 - Component already loaded: STMicroelectronics:HAL Drivers:0.0.0:STMicroelectronics:Device:STMicro_Driver:XSPI:HAL::0.0.1:HAL_XSPI
2025-12-11 11:46:38,368 [INFO] ThirdPartyModel:298 - Start build external matchings
2025-12-11 11:46:46,426 [INFO] ThirdPartyModel:316 - End build external matchings
2025-12-11 11:46:47,527 [INFO] UtilMem:75 - End LoadConfig() Used Memory: 946222304 Bytes (1073741824)
2025-12-11 11:46:47,616 [WARN] ThirdParty:833 - waiting for thirdparty lock release [change project]
2025-12-11 11:46:47,616 [INFO] ThirdParty:835 - entering critical section [change project]
2025-12-11 11:46:47,616 [INFO] ThirdParty:1030 - CMSIS Pack Vendor :STMicroelectronics USBPD 4.1
2025-12-11 11:46:47,616 [INFO] ThirdParty:1030 - CMSIS Pack Vendor :STMicroelectronics USB_HOST 2.0.0
2025-12-11 11:46:47,616 [INFO] ThirdParty:1030 - CMSIS Pack Vendor :STMicroelectronics FP-SNS-MOTENVWB1 1.4.0
2025-12-11 11:46:47,616 [INFO] ThirdParty:1030 - CMSIS Pack Vendor :STMicroelectronics FP-ATR-ASTRA1 2.0.2
2025-12-11 11:46:47,616 [INFO] ThirdParty:1030 - CMSIS Pack Vendor :STMicroelectronics FP-ATR-ASTRA1 2.0.1
2025-12-11 11:46:47,616 [INFO] ThirdParty:1030 - CMSIS Pack Vendor :STMicroelectronics X-CUBE-SMBUS 2.1.0
2025-12-11 11:46:47,616 [INFO] ThirdParty:1030 - CMSIS Pack Vendor :STMicroelectronics X-CUBE-WB05N 1.1.0
2025-12-11 11:46:47,616 [INFO] ThirdParty:1030 - CMSIS Pack Vendor :STMicroelectronics X-CUBE-TOUCHGFX 4.23.0
2025-12-11 11:46:47,616 [INFO] ThirdParty:1030 - CMSIS Pack Vendor :STMicroelectronics X-CUBE-TOUCHGFX 4.23.2
2025-12-11 11:46:47,616 [INFO] ThirdParty:1030 - CMSIS Pack Vendor :STMicroelectronics X-CUBE-AZRTOS-F7 1.1.0
2025-12-11 11:46:47,616 [INFO] ThirdParty:1030 - CMSIS Pack Vendor :STMicroelectronics USB_DEVICE 2.0.0
2025-12-11 11:46:47,616 [INFO] ThirdParty:1030 - CMSIS Pack Vendor :STMicroelectronics FP-SNS-MOTENV1 4.3.2
2025-12-11 11:46:47,616 [INFO] ThirdParty:1030 - CMSIS Pack Vendor :STMicroelectronics FP-SNS-MOTENV1 4.3.1
2025-12-11 11:46:47,616 [INFO] ThirdParty:1030 - CMSIS Pack Vendor :STMicroelectronics FP-SNS-FLIGHT1 5.0.1
2025-12-11 11:46:47,616 [INFO] ThirdParty:1030 - CMSIS Pack Vendor :STMicroelectronics X-CUBE-BLE1 6.2.3
2025-12-11 11:46:47,616 [INFO] ThirdParty:1030 - CMSIS Pack Vendor :STMicroelectronics X-CUBE-MEMS1 11.0.0
2025-12-11 11:46:47,616 [INFO] ThirdParty:1030 - CMSIS Pack Vendor :STMicroelectronics X-CUBE-BLE1 6.2.4
2025-12-11 11:46:47,616 [INFO] ThirdParty:1030 - CMSIS Pack Vendor :STMicroelectronics FP-SNS-MOTENV1 5.1.0
2025-12-11 11:46:47,616 [INFO] ThirdParty:1030 - CMSIS Pack Vendor :STMicroelectronics FreeRTOS 0.0.1
2025-12-11 11:46:47,617 [INFO] ThirdParty:1030 - CMSIS Pack Vendor :STMicroelectronics X-CUBE-BLE1 6.2.2
2025-12-11 11:46:47,617 [INFO] ThirdParty:1030 - CMSIS Pack Vendor :STMicroelectronics FP-SNS-FLIGHT1 5.0.2
2025-12-11 11:46:47,617 [INFO] ThirdParty:1030 - CMSIS Pack Vendor :STMicroelectronics X-CUBE-BLE2 3.2.2
2025-12-11 11:46:47,617 [INFO] ThirdParty:1030 - CMSIS Pack Vendor :STMicroelectronics X-CUBE-AZRTOS-H7 3.4.0
2025-12-11 11:46:47,617 [INFO] ThirdParty:1030 - CMSIS Pack Vendor :STMicroelectronics X-CUBE-DISPLAY 3.0.0
2025-12-11 11:46:47,617 [INFO] ThirdParty:1030 - CMSIS Pack Vendor :STMicroelectronics X-CUBE-BLE1 7.0.0
2025-12-11 11:46:47,617 [INFO] ThirdParty:1030 - CMSIS Pack Vendor :STMicroelectronics X-CUBE-NFC10 1.0.0
2025-12-11 11:46:47,617 [INFO] ThirdParty:1030 - CMSIS Pack Vendor :STMicroelectronics X-CUBE-BLEMGR 4.0.0
2025-12-11 11:46:47,617 [INFO] ThirdParty:1030 - CMSIS Pack Vendor :STMicroelectronics HAL Drivers 0.0.0
2025-12-11 11:46:47,617 [INFO] ThirdParty:1030 - CMSIS Pack Vendor :STMicroelectronics X-CUBE-ST60 1.1.0
2025-12-11 11:46:47,617 [INFO] ThirdParty:1030 - CMSIS Pack Vendor :STMicroelectronics X-CUBE-TOUCHGFX 4.22.0
2025-12-11 11:46:47,617 [INFO] ThirdParty:1030 - CMSIS Pack Vendor :STMicroelectronics X-CUBE-GNSS1 7.1.0
2025-12-11 11:46:47,617 [INFO] ThirdParty:1030 - CMSIS Pack Vendor :STMicroelectronics X-CUBE-TOUCHGFX 4.22.1
2025-12-11 11:46:47,617 [INFO] ThirdParty:1030 - CMSIS Pack Vendor :STMicroelectronics X-CUBE-SUBG2 4.2.0
2025-12-11 11:46:47,617 [INFO] ThirdParty:1030 - CMSIS Pack Vendor :STMicroelectronics X-CUBE-MEMS1 9.3.0
2025-12-11 11:46:47,618 [INFO] ThirdParty:1030 - CMSIS Pack Vendor :STMicroelectronics X-CUBE-AI 7.2.0
2025-12-11 11:46:47,618 [INFO] ThirdParty:1030 - CMSIS Pack Vendor :STMicroelectronics X-CUBE-BLEMGR 3.1.0
2025-12-11 11:46:47,618 [INFO] ThirdParty:1030 - CMSIS Pack Vendor :STMicroelectronics X-CUBE-AI 10.0.0
2025-12-11 11:46:47,618 [INFO] ThirdParty:1030 - CMSIS Pack Vendor :STMicroelectronics FP-SNS-STBOX1 2.1.0
2025-12-11 11:46:47,618 [INFO] ThirdParty:1030 - CMSIS Pack Vendor :STMicroelectronics FP-SNS-SMARTAG2 1.2.0
2025-12-11 11:46:47,618 [INFO] ThirdParty:1030 - CMSIS Pack Vendor :STMicroelectronics FP-SNS-FLIGHT1 5.1.0
2025-12-11 11:46:47,618 [INFO] ThirdParty:1030 - CMSIS Pack Vendor :STMicroelectronics X-CUBE-MEMS1 11.1.0
2025-12-11 11:46:47,618 [INFO] ThirdParty:1030 - CMSIS Pack Vendor :STMicroelectronics X-CUBE-AZRTOS-WL 2.0.0
2025-12-11 11:46:47,618 [INFO] ThirdParty:1030 - CMSIS Pack Vendor :STMicroelectronics X-CUBE-ALGOBUILD 1.2.1
2025-12-11 11:46:47,618 [INFO] ThirdParty:1030 - CMSIS Pack Vendor :STMicroelectronics FP-SNS-MOTENV1 5.0.0
2025-12-11 11:46:47,618 [INFO] ThirdParty:1030 - CMSIS Pack Vendor :STMicroelectronics X-CUBE-AZRTOS-H7RS 1.2.0
2025-12-11 11:46:47,618 [INFO] ThirdParty:1030 - CMSIS Pack Vendor :wolfSSL I-CUBE-wolfMQTT 1.19.0
2025-12-11 11:46:47,618 [INFO] ThirdParty:1030 - CMSIS Pack Vendor :STMicroelectronics ThreadX 0.0.2
2025-12-11 11:46:47,618 [INFO] ThirdParty:1030 - CMSIS Pack Vendor :WES I-CUBE-Cesium 1.3.0
2025-12-11 11:46:47,618 [INFO] ThirdParty:1030 - CMSIS Pack Vendor :STMicroelectronics X-CUBE-BLE2 3.3.0
2025-12-11 11:46:47,618 [INFO] ThirdParty:1030 - CMSIS Pack Vendor :Avnet-IOTCONNECT X-CUBE-iotc-st67-sdk 1.0.0
2025-12-11 11:46:47,618 [INFO] ThirdParty:1030 - CMSIS Pack Vendor :STMicroelectronics X-CUBE-DISPLAY 2.2.0
2025-12-11 11:46:47,618 [INFO] ThirdParty:1030 - CMSIS Pack Vendor :STMicroelectronics X-CUBE-TOF1 3.2.0
2025-12-11 11:46:47,618 [INFO] ThirdParty:1030 - CMSIS Pack Vendor :STMicroelectronics X-CUBE-TOUCHGFX 4.18.1
2025-12-11 11:46:47,619 [INFO] ThirdParty:1030 - CMSIS Pack Vendor :STMicroelectronics X-CUBE-ISPU 1.0.0
2025-12-11 11:46:47,619 [INFO] ThirdParty:1030 - CMSIS Pack Vendor :wolfSSL I-CUBE-wolfSSL 5.0.0
2025-12-11 11:46:47,619 [INFO] ThirdParty:1030 - CMSIS Pack Vendor :STMicroelectronics X-CUBE-NFC9 1.0.0
2025-12-11 11:46:47,619 [INFO] ThirdParty:1030 - CMSIS Pack Vendor :STMicroelectronics X-CUBE-AZRTOS-H7 2.1.0
2025-12-11 11:46:47,619 [INFO] ThirdParty:1030 - CMSIS Pack Vendor :STMicroelectronics X-CUBE-BLE1 7.1.0
2025-12-11 11:46:47,619 [INFO] ThirdParty:1030 - CMSIS Pack Vendor :STMicroelectronics USB_DEVICE 3.0.0
2025-12-11 11:46:47,619 [INFO] ThirdParty:1030 - CMSIS Pack Vendor :STMicroelectronics X-CUBE-TCPP 4.1.0
2025-12-11 11:46:47,619 [INFO] ThirdParty:1030 - CMSIS Pack Vendor :STMicroelectronics X-CUBE-FREERTOS 1.4.0
2025-12-11 11:46:47,619 [INFO] ThirdParty:1030 - CMSIS Pack Vendor :STMicroelectronics X-CUBE-EEPRMA1 5.2.0
2025-12-11 11:46:47,619 [INFO] ThirdParty:1030 - CMSIS Pack Vendor :STMicroelectronics X-CUBE-TOUCHGFX 4.21.1
2025-12-11 11:46:47,619 [INFO] ThirdParty:1030 - CMSIS Pack Vendor :STMicroelectronics X-CUBE-TOUCHGFX 4.21.0
2025-12-11 11:46:47,619 [INFO] ThirdParty:1030 - CMSIS Pack Vendor :STMicroelectronics X-CUBE-TOUCHGFX 4.21.3
2025-12-11 11:46:47,619 [INFO] ThirdParty:1030 - CMSIS Pack Vendor :STMicroelectronics X-CUBE-TOUCHGFX 4.21.4
2025-12-11 11:46:47,619 [INFO] ThirdParty:1030 - CMSIS Pack Vendor :STMicroelectronics X-CUBE-MEMS1 9.4.0
2025-12-11 11:46:47,619 [INFO] ThirdParty:1030 - CMSIS Pack Vendor :STMicroelectronics X-CUBE-AI 7.3.0
2025-12-11 11:46:47,619 [INFO] ThirdParty:1030 - CMSIS Pack Vendor :STMicroelectronics X-CUBE-ST67W61 1.1.0
2025-12-11 11:46:47,619 [INFO] ThirdParty:1030 - CMSIS Pack Vendor :STMicroelectronics X-CUBE-MEMS1 12.0.0
2025-12-11 11:46:47,620 [INFO] ThirdParty:1030 - CMSIS Pack Vendor :STMicroelectronics X-CUBE-ALGOBUILD 1.3.0
2025-12-11 11:46:47,620 [INFO] ThirdParty:1030 - CMSIS Pack Vendor :STMicroelectronics X-CUBE-AZRTOS-G0 1.1.0
2025-12-11 11:46:47,620 [INFO] ThirdParty:1030 - CMSIS Pack Vendor :STMicroelectronics X-CUBE-SAFEA1 1.2.2
2025-12-11 11:46:47,620 [INFO] ThirdParty:1030 - CMSIS Pack Vendor :STMicroelectronics X-CUBE-NFC4 3.0.0
2025-12-11 11:46:47,620 [INFO] ThirdParty:1030 - CMSIS Pack Vendor :SEGGER I-CUBE-embOS 1.2.0
2025-12-11 11:46:47,620 [INFO] ThirdParty:1030 - CMSIS Pack Vendor :wolfSSL I-CUBE-wolfMQTT 1.18.0
2025-12-11 11:46:47,620 [INFO] ThirdParty:1030 - CMSIS Pack Vendor :EmbeddedOffice I-CUBE-FS-RTOS 1.0.1
2025-12-11 11:46:47,620 [INFO] ThirdParty:1030 - CMSIS Pack Vendor :STMicroelectronics X-CUBE-WB05N 2.0.0
2025-12-11 11:46:47,620 [INFO] ThirdParty:1030 - CMSIS Pack Vendor :STMicroelectronics PDM2PCM 3.1.0
2025-12-11 11:46:47,620 [INFO] ThirdParty:1030 - CMSIS Pack Vendor :STMicroelectronics X-CUBE-BLEMGR 3.0.0
2025-12-11 11:46:47,620 [INFO] ThirdParty:1030 - CMSIS Pack Vendor :STMicroelectronics X-CUBE-BLEMGR 1.3.0
2025-12-11 11:46:47,620 [INFO] ThirdParty:1030 - CMSIS Pack Vendor :STMicroelectronics X-CUBE-TCPP 4.2.0
2025-12-11 11:46:47,620 [INFO] ThirdParty:1030 - CMSIS Pack Vendor :RealThread X-CUBE-RT-Thread_Nano 4.1.1
2025-12-11 11:46:47,620 [INFO] ThirdParty:1030 - CMSIS Pack Vendor :STMicroelectronics X-CUBE-AZRTOS-H7 2.0.0
2025-12-11 11:46:47,620 [INFO] ThirdParty:1030 - CMSIS Pack Vendor :STMicroelectronics FP-ATR-SIGFOX1 3.2.0
2025-12-11 11:46:47,620 [INFO] ThirdParty:1030 - CMSIS Pack Vendor :quantropi X-CUBE-qispace-sdk-base 1.9.3
2025-12-11 11:46:47,620 [INFO] ThirdParty:1030 - CMSIS Pack Vendor :STMicroelectronics X-CUBE-EEPRMA1 5.1.0
2025-12-11 11:46:47,621 [INFO] ThirdParty:1030 - CMSIS Pack Vendor :STMicroelectronics MBEDTLS 2.16.2
2025-12-11 11:46:47,621 [INFO] ThirdParty:1030 - CMSIS Pack Vendor :emotas I-CUBE-CANOPEN 1.1.2
2025-12-11 11:46:47,621 [INFO] ThirdParty:1030 - CMSIS Pack Vendor :STMicroelectronics X-CUBE-TOUCHGFX 4.20.0
2025-12-11 11:46:47,621 [INFO] ThirdParty:1030 - CMSIS Pack Vendor :STMicroelectronics X-CUBE-MEMS1 9.5.0
2025-12-11 11:46:47,621 [INFO] ThirdParty:1030 - CMSIS Pack Vendor :STMicroelectronics X-CUBE-AI 10.2.0
2025-12-11 11:46:47,621 [INFO] ThirdParty:1030 - CMSIS Pack Vendor :STMicroelectronics ThreadX 1.0.0
2025-12-11 11:46:47,621 [INFO] ThirdParty:1030 - CMSIS Pack Vendor :SEGGER I-CUBE-embOS 1.3.1
2025-12-11 11:46:47,622 [INFO] ThirdParty:1030 - CMSIS Pack Vendor :STMicroelectronics X-CUBE-ALGOBUILD 1.4.0
2025-12-11 11:46:47,622 [INFO] ThirdParty:1030 - CMSIS Pack Vendor :STMicroelectronics X-CUBE-MEMS1 11.3.0
2025-12-11 11:46:47,622 [INFO] ThirdParty:1030 - CMSIS Pack Vendor :STMicroelectronics X-CUBE-DISPLAY 2.0.0
2025-12-11 11:46:47,622 [INFO] ThirdParty:1030 - CMSIS Pack Vendor :STMicroelectronics X-CUBE-AI 9.1.0
2025-12-11 11:46:47,623 [INFO] ThirdParty:1030 - CMSIS Pack Vendor :STMicroelectronics X-CUBE-PM33A1 1.0.0
2025-12-11 11:46:47,623 [INFO] ThirdParty:1030 - CMSIS Pack Vendor :STMicroelectronics X-CUBE-GNSS1 6.0.0
2025-12-11 11:46:47,623 [INFO] ThirdParty:1030 - CMSIS Pack Vendor :STMicroelectronics X-CUBE-AZRTOS-F4 1.1.0
2025-12-11 11:46:47,623 [INFO] ThirdParty:1030 - CMSIS Pack Vendor :STMicroelectronics LIBJPEG 8.0.0
2025-12-11 11:46:47,623 [INFO] ThirdParty:1030 - CMSIS Pack Vendor :STMicroelectronics X-CUBE-ISPU 2.1.0
2025-12-11 11:46:47,623 [INFO] ThirdParty:1030 - CMSIS Pack Vendor :STMicroelectronics X-CUBE-IPS 3.2.0
2025-12-11 11:46:47,623 [INFO] ThirdParty:1030 - CMSIS Pack Vendor :STMicroelectronics X-CUBE-FREERTOS 1.2.0
2025-12-11 11:46:47,623 [INFO] ThirdParty:1030 - CMSIS Pack Vendor :STMicroelectronics X-CUBE-NFC12 1.0.0
2025-12-11 11:46:47,623 [INFO] ThirdParty:1030 - CMSIS Pack Vendor :STMicroelectronics X-CUBE-BLEMGR 1.2.0
2025-12-11 11:46:47,623 [INFO] ThirdParty:1030 - CMSIS Pack Vendor :STMicroelectronics X-CUBE-AZRTOS-L5 2.0.0
2025-12-11 11:46:47,623 [INFO] ThirdParty:1030 - CMSIS Pack Vendor :STMicroelectronics X-CUBE-MEMS1 9.6.0
2025-12-11 11:46:47,624 [INFO] ThirdParty:1030 - CMSIS Pack Vendor :STMicroelectronics X-CUBE-EEPRMA1 4.2.0
2025-12-11 11:46:47,624 [INFO] ThirdParty:1030 - CMSIS Pack Vendor :STMicroelectronics X-CUBE-NFC6 3.1.0
2025-12-11 11:46:47,624 [INFO] ThirdParty:1030 - CMSIS Pack Vendor :ITTIA_DB I-CUBE-ITTIADB 8.8.0
2025-12-11 11:46:47,624 [INFO] ThirdParty:1030 - CMSIS Pack Vendor :STMicroelectronics X-CUBE-BLEMGR 2.0.0
2025-12-11 11:46:47,624 [INFO] ThirdParty:1030 - CMSIS Pack Vendor :STMicroelectronics X-CUBE-DPower 1.2.0
2025-12-11 11:46:47,624 [INFO] ThirdParty:1030 - CMSIS Pack Vendor :STMicroelectronics X-CUBE-NFC4 2.0.5
2025-12-11 11:46:47,624 [INFO] ThirdParty:1030 - CMSIS Pack Vendor :STMicroelectronics X-CUBE-NFC4 2.0.4
2025-12-11 11:46:47,624 [INFO] ThirdParty:1030 - CMSIS Pack Vendor :STMicroelectronics X-CUBE-NFC4 2.0.3
2025-12-11 11:46:47,624 [INFO] ThirdParty:1030 - CMSIS Pack Vendor :STMicroelectronics X-CUBE-AI 9.0.0
2025-12-11 11:46:47,624 [INFO] ThirdParty:1030 - CMSIS Pack Vendor :STMicroelectronics X-CUBE-AZRTOS-H7 3.1.0
2025-12-11 11:46:47,625 [INFO] ThirdParty:1030 - CMSIS Pack Vendor :STMicroelectronics PDM2PCM 3.3.0
2025-12-11 11:46:47,625 [INFO] ThirdParty:1030 - CMSIS Pack Vendor :STMicroelectronics X-CUBE-SFXS2LP1 3.1.0
2025-12-11 11:46:47,625 [INFO] ThirdParty:1030 - CMSIS Pack Vendor :STMicroelectronics X-CUBE-AZRTOS-F4 1.0.0
2025-12-11 11:46:47,625 [INFO] ThirdParty:1030 - CMSIS Pack Vendor :STMicroelectronics X-CUBE-TOF1 2.0.0
2025-12-11 11:46:47,625 [INFO] ThirdParty:1030 - CMSIS Pack Vendor :STMicroelectronics X-CUBE-FREERTOS 1.3.1
2025-12-11 11:46:47,625 [INFO] ThirdParty:1030 - CMSIS Pack Vendor :STMicroelectronics X-CUBE-FREERTOS 1.3.0
2025-12-11 11:46:47,626 [INFO] ThirdParty:1030 - CMSIS Pack Vendor :STMicroelectronics X-CUBE-NFC7 1.0.1
2025-12-11 11:46:47,626 [INFO] ThirdParty:1030 - CMSIS Pack Vendor :STMicroelectronics MBEDTLS 2.14.1
2025-12-11 11:46:47,626 [INFO] ThirdParty:1030 - CMSIS Pack Vendor :STMicroelectronics X-CUBE-NFC7 1.0.0
2025-12-11 11:46:47,626 [INFO] ThirdParty:1030 - CMSIS Pack Vendor :wolfSSL I-CUBE-wolfTPM 3.2.0
2025-12-11 11:46:47,626 [INFO] ThirdParty:1030 - CMSIS Pack Vendor :STMicroelectronics X-CUBE-TOUCHGFX 4.26.0
2025-12-11 11:46:47,626 [INFO] ThirdParty:1030 - CMSIS Pack Vendor :STMicroelectronics X-CUBE-NFC6 3.0.0
2025-12-11 11:46:47,626 [INFO] ThirdParty:1030 - CMSIS Pack Vendor :STMicroelectronics X-CUBE-EEPRMA1 4.1.0
2025-12-11 11:46:47,626 [INFO] ThirdParty:1030 - CMSIS Pack Vendor :STMicroelectronics FP-SNS-STAIOTCFT 1.0.0
2025-12-11 11:46:47,626 [INFO] ThirdParty:1030 - CMSIS Pack Vendor :STMicroelectronics X-CUBE-DPower 1.3.0
2025-12-11 11:46:47,626 [INFO] ThirdParty:1030 - CMSIS Pack Vendor :STMicroelectronics USB_DEVICE 1.0.0
2025-12-11 11:46:47,626 [INFO] ThirdParty:1030 - CMSIS Pack Vendor :STMicroelectronics X-CUBE-AI 8.1.0
2025-12-11 11:46:47,626 [INFO] ThirdParty:1030 - CMSIS Pack Vendor :STMicroelectronics X-CUBE-AZRTOS-L4 2.0.0
2025-12-11 11:46:47,626 [INFO] ThirdParty:1030 - CMSIS Pack Vendor :STMicroelectronics lwIP 2.1.2
2025-12-11 11:46:47,626 [INFO] ThirdParty:1030 - CMSIS Pack Vendor :STMicroelectronics X-CUBE-SFXS2LP1 4.0.0
2025-12-11 11:46:47,626 [INFO] ThirdParty:1030 - CMSIS Pack Vendor :STMicroelectronics PDM2PCM 3.2.0
2025-12-11 11:46:47,626 [INFO] ThirdParty:1030 - CMSIS Pack Vendor :STMicroelectronics X-CUBE-AZRTOS-H7 3.0.0
2025-12-11 11:46:47,626 [INFO] ThirdParty:1030 - CMSIS Pack Vendor :STMicroelectronics X-CUBE-ISPU 1.1.0
2025-12-11 11:46:47,626 [INFO] ThirdParty:1030 - CMSIS Pack Vendor :STMicroelectronics X-CUBE-AZRTOS-H7 3.3.0
2025-12-11 11:46:47,626 [INFO] ThirdParty:1030 - CMSIS Pack Vendor :RoweBots I-CUBE-UNISONRTOS 5.5.0-4
2025-12-11 11:46:47,626 [INFO] ThirdParty:1030 - CMSIS Pack Vendor :STMicroelectronics X-CUBE-BLEMGR 4.1.0
2025-12-11 11:46:47,626 [INFO] ThirdParty:1030 - CMSIS Pack Vendor :STMicroelectronics X-CUBE-AI 8.0.0
2025-12-11 11:46:47,626 [INFO] ThirdParty:1030 - CMSIS Pack Vendor :STMicroelectronics X-CUBE-IPS 3.0.0
2025-12-11 11:46:47,626 [INFO] ThirdParty:1030 - CMSIS Pack Vendor :STMicroelectronics X-CUBE-AZRTOS-WB 2.0.0
2025-12-11 11:46:47,627 [INFO] ThirdParty:1030 - CMSIS Pack Vendor :STMicroelectronics X-CUBE-FREERTOS 1.0.0
2025-12-11 11:46:47,627 [INFO] ThirdParty:1030 - CMSIS Pack Vendor :STMicroelectronics X-CUBE-FREERTOS 1.0.1
2025-12-11 11:46:47,627 [INFO] ThirdParty:1030 - CMSIS Pack Vendor :STMicroelectronics X-CUBE-GNSS1 7.0.0
2025-12-11 11:46:47,627 [INFO] ThirdParty:1030 - CMSIS Pack Vendor :STMicroelectronics X-CUBE-GNSS1 7.0.1
2025-12-11 11:46:47,627 [INFO] ThirdParty:1030 - CMSIS Pack Vendor :STMicroelectronics FP-SNS-STBOX1 2.0.0
2025-12-11 11:46:47,627 [INFO] ThirdParty:1030 - CMSIS Pack Vendor :STMicroelectronics X-CUBE-AZRTOS-L5 1.1.0
2025-12-11 11:46:47,627 [INFO] ThirdParty:1030 - CMSIS Pack Vendor :STMicroelectronics X-CUBE-AI 8.0.1
2025-12-11 11:46:47,627 [INFO] ThirdParty:1030 - CMSIS Pack Vendor :STMicroelectronics X-CUBE-SUBG2 5.0.0
2025-12-11 11:46:47,627 [INFO] ThirdParty:1030 - CMSIS Pack Vendor :STMicroelectronics X-CUBE-AZRTOS-H7RS 1.1.0
2025-12-11 11:46:47,627 [INFO] ThirdParty:1030 - CMSIS Pack Vendor :STMicroelectronics STM32_WPAN 1.0.0
2025-12-11 11:46:47,627 [INFO] ThirdParty:1030 - CMSIS Pack Vendor :STMicroelectronics lwIP 2.0.3
2025-12-11 11:46:47,627 [INFO] ThirdParty:1030 - CMSIS Pack Vendor :STMicroelectronics USB_HOST 1.0.0
2025-12-11 11:46:47,627 [INFO] ThirdParty:1030 - CMSIS Pack Vendor :STMicroelectronics X-CUBE-AZRTOS-G4 2.0.0
2025-12-11 11:46:47,627 [INFO] ThirdParty:1030 - CMSIS Pack Vendor :STMicroelectronics X-CUBE-TOF1 3.3.0
2025-12-11 11:46:47,627 [INFO] ThirdParty:1030 - CMSIS Pack Vendor :STMicroelectronics FP-ATR-ASTRA1 1.1.1
2025-12-11 11:46:47,627 [INFO] ThirdParty:1030 - CMSIS Pack Vendor :Infineon AIROC-Wi-Fi-Bluetooth-STM32 1.5.1
2025-12-11 11:46:47,627 [INFO] ThirdParty:1030 - CMSIS Pack Vendor :STMicroelectronics X-CUBE-NFC7 2.0.0
2025-12-11 11:46:47,627 [INFO] ThirdParty:1030 - CMSIS Pack Vendor :STMicroelectronics FP-SNS-MOTENVWB1 1.3.1
2025-12-11 11:46:47,627 [INFO] ThirdParty:1030 - CMSIS Pack Vendor :STMicroelectronics X-CUBE-AZRTOS-G4 1.0.0
2025-12-11 11:46:47,627 [INFO] ThirdParty:1030 - CMSIS Pack Vendor :STMicroelectronics X-CUBE-AZRTOS-L4 1.0.0
2025-12-11 11:46:47,627 [INFO] ThirdParty:1030 - CMSIS Pack Vendor :STMicroelectronics X-CUBE-ISPU 2.0.0
2025-12-11 11:46:47,627 [INFO] ThirdParty:1030 - CMSIS Pack Vendor :STMicroelectronics X-CUBE-IPS 3.1.0
2025-12-11 11:46:47,627 [INFO] ThirdParty:1030 - CMSIS Pack Vendor :STMicroelectronics X-CUBE-ALS 1.0.2
2025-12-11 11:46:47,627 [INFO] ThirdParty:1030 - CMSIS Pack Vendor :STMicroelectronics X-CUBE-MEMS1 10.0.0
2025-12-11 11:46:47,627 [INFO] ThirdParty:1030 - CMSIS Pack Vendor :STMicroelectronics X-CUBE-FREERTOS 1.1.0
2025-12-11 11:46:47,628 [INFO] ThirdParty:1030 - CMSIS Pack Vendor :STMicroelectronics X-CUBE-TOUCHGFX 4.24.0
2025-12-11 11:46:47,628 [INFO] ThirdParty:1030 - CMSIS Pack Vendor :STMicroelectronics X-CUBE-AZRTOS-F7 1.0.0
2025-12-11 11:46:47,628 [INFO] ThirdParty:1030 - CMSIS Pack Vendor :STMicroelectronics X-CUBE-TOUCHGFX 4.24.2
2025-12-11 11:46:47,628 [INFO] ThirdParty:1030 - CMSIS Pack Vendor :STMicroelectronics X-CUBE-AZRTOS-WL 1.0.0
2025-12-11 11:46:47,628 [INFO] ThirdParty:1030 - CMSIS Pack Vendor :STMicroelectronics X-CUBE-TOUCHGFX 4.24.1
2025-12-11 11:46:47,628 [INFO] ThirdParty:1030 - CMSIS Pack Vendor :STMicroelectronics X-CUBE-STSE01 1.0.0
2025-12-11 11:46:47,628 [INFO] ThirdParty:1030 - CMSIS Pack Vendor :STMicroelectronics X-CUBE-MEMS1 9.1.0
2025-12-11 11:46:47,628 [INFO] ThirdParty:1030 - CMSIS Pack Vendor :portGmbH I-Cube-SoM-uGOAL 1.1.0
2025-12-11 11:46:47,628 [INFO] ThirdParty:1030 - CMSIS Pack Vendor :STMicroelectronics X-CUBE-ALS 1.0.1
2025-12-11 11:46:47,628 [INFO] ThirdParty:1030 - CMSIS Pack Vendor :STMicroelectronics X-CUBE-AI 7.0.0
2025-12-11 11:46:47,628 [INFO] ThirdParty:1030 - CMSIS Pack Vendor :STMicroelectronics X-CUBE-AZRTOS-WB 1.1.0
2025-12-11 11:46:47,628 [INFO] ThirdParty:1030 - CMSIS Pack Vendor :STMicroelectronics X-CUBE-AZRTOS-L5 1.0.0
2025-12-11 11:46:47,628 [INFO] ThirdParty:1030 - CMSIS Pack Vendor :STMicroelectronics X-CUBE-EEPRMA1 3.1.0
2025-12-11 11:46:47,628 [INFO] ThirdParty:1030 - CMSIS Pack Vendor :STMicroelectronics X-CUBE-EEPRMA1 3.1.1
2025-12-11 11:46:47,628 [INFO] ThirdParty:1030 - CMSIS Pack Vendor :STMicroelectronics X-CUBE-AZRTOS-H7RS 1.0.0
2025-12-11 11:46:47,628 [INFO] ThirdParty:1030 - CMSIS Pack Vendor :STMicroelectronics X-CUBE-GNSS1 5.2.0
2025-12-11 11:46:47,628 [INFO] ThirdParty:1030 - CMSIS Pack Vendor :STMicroelectronics FP-ATR-ASTRA1 2.0.0
2025-12-11 11:46:47,628 [INFO] ThirdParty:1030 - CMSIS Pack Vendor :STMicroelectronics X-CUBE-TOF1 3.4.2
2025-12-11 11:46:47,628 [INFO] ThirdParty:1030 - CMSIS Pack Vendor :STMicroelectronics X-CUBE-TOF1 3.4.3
2025-12-11 11:46:47,628 [INFO] ThirdParty:1030 - CMSIS Pack Vendor :STMicroelectronics X-CUBE-TOF1 3.4.0
2025-12-11 11:46:47,628 [INFO] ThirdParty:1030 - CMSIS Pack Vendor :STMicroelectronics X-CUBE-TOF1 3.4.1
2025-12-11 11:46:47,628 [INFO] ThirdParty:1030 - CMSIS Pack Vendor :STMicroelectronics X-CUBE-AZRTOS-H7 3.2.0
2025-12-11 11:46:47,629 [INFO] ThirdParty:1030 - CMSIS Pack Vendor :wolfSSL I-CUBE-wolfSSH 1.4.17
2025-12-11 11:46:47,629 [INFO] ThirdParty:841 - exiting critical section [change project]
2025-12-11 11:46:48,193 [INFO] PinOutPanel:1589 - setPackage(No Configuration,No Configuration)
2025-12-11 11:46:48,194 [INFO] PinOutPanel:1589 - setPackage(STM32G491RETx,LQFP64)
2025-12-11 11:46:48,533 [INFO] UtilMem:75 - Before build in PCC Used Memory: 858296576 Bytes (1073741824)
2025-12-11 11:46:49,151 [INFO] UtilMem:75 - After build in PCC Used Memory: 1010866432 Bytes (1073741824)
2025-12-11 11:46:49,189 [INFO] IPUIPlugin:80 - create IPUIPlugin
2025-12-11 11:46:49,189 [INFO] IPUIPlugin:80 - create IPUIPlugin
2025-12-11 11:46:49,189 [INFO] IPUIPlugin:80 - create IPUIPlugin
2025-12-11 11:46:49,189 [INFO] IPUIPlugin:80 - create IPUIPlugin
2025-12-11 11:46:49,189 [INFO] IPUIPlugin:80 - create IPUIPlugin
2025-12-11 11:46:49,190 [INFO] IPUIPlugin:80 - create IPUIPlugin
2025-12-11 11:46:49,190 [INFO] IPUIPlugin:80 - create IPUIPlugin
2025-12-11 11:46:49,190 [INFO] IPUIPlugin:80 - create IPUIPlugin
2025-12-11 11:46:49,190 [INFO] IPUIPlugin:80 - create IPUIPlugin
2025-12-11 11:46:49,190 [INFO] IPUIPlugin:80 - create IPUIPlugin
2025-12-11 11:46:49,190 [INFO] IPUIPlugin:80 - create IPUIPlugin
2025-12-11 11:46:49,190 [INFO] IPUIPlugin:80 - create IPUIPlugin
2025-12-11 11:46:49,190 [INFO] IPUIPlugin:80 - create IPUIPlugin
2025-12-11 11:46:49,190 [INFO] IPUIPlugin:80 - create IPUIPlugin
2025-12-11 11:46:49,191 [INFO] IPUIPlugin:80 - create IPUIPlugin
2025-12-11 11:46:49,191 [INFO] IPUIPlugin:80 - create IPUIPlugin
2025-12-11 11:46:49,191 [INFO] IPUIPlugin:80 - create IPUIPlugin
2025-12-11 11:46:49,191 [INFO] IPUIPlugin:80 - create IPUIPlugin
2025-12-11 11:46:49,191 [INFO] IPUIPlugin:80 - create IPUIPlugin
2025-12-11 11:46:49,191 [INFO] IPUIPlugin:80 - create IPUIPlugin
2025-12-11 11:46:49,191 [INFO] IPUIPlugin:80 - create IPUIPlugin
2025-12-11 11:46:49,191 [INFO] IPUIPlugin:80 - create IPUIPlugin
2025-12-11 11:46:49,191 [INFO] IPUIPlugin:80 - create IPUIPlugin
2025-12-11 11:46:49,192 [INFO] IPUIPlugin:80 - create IPUIPlugin
2025-12-11 11:46:49,192 [INFO] IPUIPlugin:80 - create IPUIPlugin
2025-12-11 11:46:49,192 [INFO] IPUIPlugin:80 - create IPUIPlugin
2025-12-11 11:46:49,192 [INFO] IPUIPlugin:80 - create IPUIPlugin
2025-12-11 11:46:49,192 [INFO] IPUIPlugin:80 - create IPUIPlugin
2025-12-11 11:46:49,193 [INFO] IPUIPlugin:80 - create IPUIPlugin
2025-12-11 11:46:49,193 [INFO] IPUIPlugin:80 - create IPUIPlugin
2025-12-11 11:46:49,193 [INFO] IPUIPlugin:80 - create IPUIPlugin
2025-12-11 11:46:49,193 [INFO] IPUIPlugin:80 - create IPUIPlugin
2025-12-11 11:46:49,193 [INFO] IPUIPlugin:80 - create IPUIPlugin
2025-12-11 11:46:49,194 [INFO] IPUIPlugin:80 - create IPUIPlugin
2025-12-11 11:46:49,194 [INFO] IPUIPlugin:80 - create IPUIPlugin
2025-12-11 11:46:49,194 [INFO] IPUIPlugin:80 - create IPUIPlugin
2025-12-11 11:46:49,194 [INFO] IPUIPlugin:80 - create IPUIPlugin
2025-12-11 11:46:49,195 [INFO] IPUIPlugin:80 - create IPUIPlugin
2025-12-11 11:46:49,195 [INFO] IPUIPlugin:80 - create IPUIPlugin
2025-12-11 11:46:49,195 [INFO] IPUIPlugin:80 - create IPUIPlugin
2025-12-11 11:46:49,195 [INFO] IPUIPlugin:80 - create IPUIPlugin
2025-12-11 11:46:49,195 [INFO] IPUIPlugin:80 - create IPUIPlugin
2025-12-11 11:46:49,195 [INFO] IPUIPlugin:80 - create IPUIPlugin
2025-12-11 11:46:49,197 [INFO] IPUIPlugin:80 - create IPUIPlugin
2025-12-11 11:46:49,197 [INFO] IPUIPlugin:80 - create IPUIPlugin
2025-12-11 11:46:49,197 [INFO] IPUIPlugin:80 - create IPUIPlugin
2025-12-11 11:46:49,197 [INFO] IPUIPlugin:80 - create IPUIPlugin
2025-12-11 11:46:49,198 [INFO] IPUIPlugin:80 - create IPUIPlugin
2025-12-11 11:46:49,198 [INFO] IPUIPlugin:80 - create IPUIPlugin
2025-12-11 11:46:49,199 [INFO] IPUIPlugin:80 - create IPUIPlugin
2025-12-11 11:46:49,199 [INFO] IPUIPlugin:80 - create IPUIPlugin
2025-12-11 11:46:49,199 [INFO] IPUIPlugin:80 - create IPUIPlugin
2025-12-11 11:46:49,199 [INFO] IPUIPlugin:80 - create IPUIPlugin
2025-12-11 11:46:49,200 [INFO] IPUIPlugin:80 - create IPUIPlugin
2025-12-11 11:46:49,200 [INFO] IPUIPlugin:80 - create IPUIPlugin
2025-12-11 11:46:49,200 [INFO] IPUIPlugin:80 - create IPUIPlugin
2025-12-11 11:46:49,201 [INFO] IPUIPlugin:80 - create IPUIPlugin
2025-12-11 11:46:49,201 [INFO] IPUIPlugin:80 - create IPUIPlugin
2025-12-11 11:46:49,201 [INFO] IPUIPlugin:80 - create IPUIPlugin
2025-12-11 11:46:49,201 [INFO] IPUIPlugin:80 - create IPUIPlugin
2025-12-11 11:46:49,202 [INFO] IPUIPlugin:80 - create IPUIPlugin
2025-12-11 11:46:49,204 [INFO] IPUIPlugin:80 - create IPUIPlugin
2025-12-11 11:46:49,204 [INFO] IPUIPlugin:80 - create IPUIPlugin
2025-12-11 11:46:49,205 [INFO] IPUIPlugin:80 - create IPUIPlugin
2025-12-11 11:46:49,283 [INFO] CADModel:165 - CPN selected for project levelSTM32G491RET6
2025-12-11 11:46:49,284 [INFO] CADModel:114 - Register for checkConnection events
2025-12-11 11:46:49,357 [INFO] OpenFileManager:386 - Restore cursor
2025-12-11 11:47:00,419 [INFO] MainUpdater:2872 - connection check result : 10
2025-12-11 11:47:00,419 [INFO] MainUpdater:2872 - connection check result : 10
2025-12-11 11:47:00,523 [INFO] MicroXplorer:468 - Change Database Path : 
2025-12-11 11:47:00,525 [INFO] MicroXplorer:498 - Change Database Version : DB.6.0.150
2025-12-11 11:47:00,550 [ERROR] ProjectManagerView:395 - 
java.lang.NullPointerException: Cannot invoke "javax.swing.JTextField.getText()" because the return value of "java.util.List.get(int)" is null
	at com.st.microxplorer.plugins.projectmanager.gui.ProjectChoiceTab$9.caretUpdate(ProjectChoiceTab.java:2706) ~[filemanager.jar:?]
	at javax.swing.text.JTextComponent.fireCaretUpdate(JTextComponent.java:408) ~[?:?]
	at javax.swing.text.JTextComponent$MutableCaretEvent.fire(JTextComponent.java:4484) ~[?:?]
	at javax.swing.text.JTextComponent$MutableCaretEvent.stateChanged(JTextComponent.java:4506) ~[?:?]
	at javax.swing.text.DefaultCaret.fireStateChanged(DefaultCaret.java:857) ~[?:?]
	at javax.swing.text.DefaultCaret.changeCaretPosition(DefaultCaret.java:1343) ~[?:?]
	at javax.swing.text.DefaultCaret.handleSetDot(DefaultCaret.java:1242) ~[?:?]
	at javax.swing.text.DefaultCaret.setDot(DefaultCaret.java:1223) ~[?:?]
	at javax.swing.text.DefaultCaret$Handler.insertUpdate(DefaultCaret.java:1819) ~[?:?]
	at javax.swing.text.AbstractDocument.fireInsertUpdate(AbstractDocument.java:227) ~[?:?]
	at javax.swing.text.AbstractDocument.handleInsertString(AbstractDocument.java:781) ~[?:?]
	at javax.swing.text.AbstractDocument.insertString(AbstractDocument.java:740) ~[?:?]
	at javax.swing.text.PlainDocument.insertString(PlainDocument.java:131) ~[?:?]
	at javax.swing.text.AbstractDocument.replace(AbstractDocument.java:699) ~[?:?]
	at javax.swing.text.JTextComponent.setText(JTextComponent.java:1725) ~[?:?]
	at com.st.microxplorer.plugins.projectmanager.gui.ProjectChoiceTab.createHeapStackFields(ProjectChoiceTab.java:993) ~[filemanager.jar:?]
	at com.st.microxplorer.plugins.projectmanager.gui.ProjectChoiceTab.buildLinkSettingsPanel(ProjectChoiceTab.java:3813) ~[filemanager.jar:?]
	at com.st.microxplorer.plugins.projectmanager.gui.ProjectChoiceTab.defineWindowsFields(ProjectChoiceTab.java:1987) ~[filemanager.jar:?]
	at com.st.microxplorer.plugins.projectmanager.gui.ProjectChoiceTab.updateSettings(ProjectChoiceTab.java:558) ~[filemanager.jar:?]
	at com.st.microxplorer.plugins.projectmanager.gui.ProjectSettingsPanel.UpdateDialog(ProjectSettingsPanel.java:247) ~[filemanager.jar:?]
	at com.st.microxplorer.plugins.projectmanager.ProjectManagerView.propertyChange(ProjectManagerView.java:392) ~[filemanager.jar:?]
	at java.beans.PropertyChangeSupport.fire(PropertyChangeSupport.java:343) ~[?:?]
	at java.beans.PropertyChangeSupport.firePropertyChange(PropertyChangeSupport.java:335) ~[?:?]
	at java.beans.PropertyChangeSupport.firePropertyChange(PropertyChangeSupport.java:268) ~[?:?]
	at com.st.microxplorer.util.MXPropertyChangeSupport.firePropertyChange(MXPropertyChangeSupport.java:54) ~[STM32CubeMX.jar:?]
	at com.st.microxplorer.mxsystem.MxSystem.closeConfig(MxSystem.java:899) ~[STM32CubeMX.jar:?]
	at com.st.microxplorer.maingui.MainPanel.closeConfig(MainPanel.java:792) ~[STM32CubeMX.jar:?]
	at com.st.microxplorer.plugins.filemanager.engine.OpenFileManager.loadConfigurationFile(OpenFileManager.java:288) ~[filemanager.jar:?]
	at com.st.microxplorer.plugins.filemanager.engine.MainFileManager.userLoadConfig(MainFileManager.java:364) ~[filemanager.jar:?]
	at com.st.microxplorer.plugins.filemanager.engine.MainFileManager.userLoadConfig(MainFileManager.java:342) ~[filemanager.jar:?]
	at com.st.microxplorer.plugins.filemanager.FileManagerView.getSpecificTask(FileManagerView.java:264) ~[filemanager.jar:?]
	at com.st.stm32cube.common.mx.editor.CubeMxEditor.getMxTabbedPaneInstance(CubeMxEditor.java:1198) ~[com.st.stm32cube.common.mx_6.15.0.202507011659/:?]
	at com.st.stm32cube.common.mx.editor.CubeMxEditor$12$1.createSwingComponent(CubeMxEditor.java:1068) ~[com.st.stm32cube.common.mx_6.15.0.202507011659/:?]
	at com.st.stm32cube.common.mx.oss.core.awtswtbridge.EmbeddedSwingComposite.doComponentCreation(EmbeddedSwingComposite.java:492) ~[com.st.stm32cube.common.mx.oss_6.15.0.202507011659/:?]
	at com.st.stm32cube.common.mx.oss.core.awtswtbridge.EmbeddedSwingComposite$4.run(EmbeddedSwingComposite.java:291) ~[com.st.stm32cube.common.mx.oss_6.15.0.202507011659/:?]
	at com.st.stm32cube.common.mx.oss.core.awtswtbridge.AwtEnvironment$2.run(AwtEnvironment.java:166) ~[com.st.stm32cube.common.mx.oss_6.15.0.202507011659/:?]
	at java.awt.event.InvocationEvent.dispatch(InvocationEvent.java:318) ~[?:?]
	at java.awt.EventQueue.dispatchEventImpl(EventQueue.java:773) ~[?:?]
	at java.awt.EventQueue$4.run(EventQueue.java:720) ~[?:?]
	at java.awt.EventQueue$4.run(EventQueue.java:714) ~[?:?]
	at java.security.AccessController.doPrivileged(AccessController.java:400) ~[?:?]
	at java.security.ProtectionDomain$JavaSecurityAccessImpl.doIntersectionPrivilege(ProtectionDomain.java:87) ~[?:?]
	at java.awt.EventQueue.dispatchEvent(EventQueue.java:742) ~[?:?]
	at java.awt.EventDispatchThread.pumpOneEventForFilters(EventDispatchThread.java:203) ~[?:?]
	at java.awt.EventDispatchThread.pumpEventsForFilter(EventDispatchThread.java:124) ~[?:?]
	at java.awt.EventDispatchThread.pumpEventsForHierarchy(EventDispatchThread.java:113) ~[?:?]
	at java.awt.EventDispatchThread.pumpEvents(EventDispatchThread.java:109) ~[?:?]
	at java.awt.EventDispatchThread.pumpEvents(EventDispatchThread.java:101) ~[?:?]
	at java.awt.EventDispatchThread.run(EventDispatchThread.java:90) ~[?:?]
2025-12-11 11:47:00,552 [WARN] ThirdParty:871 - waiting for thirdparty lock release [close project]
2025-12-11 11:47:00,552 [INFO] ThirdParty:873 - entering critical section [close project]
2025-12-11 11:47:00,552 [INFO] ThirdParty:883 - exiting critical section [close project]
2025-12-11 11:47:00,554 [INFO] PinOutPanel:1589 - setPackage(No Configuration,No Configuration)
2025-12-11 11:47:00,562 [INFO] UtilMem:75 - Begin LoadConfig() Used Memory: 835877360 Bytes (1073741824)
2025-12-11 11:47:00,563 [INFO] MicroXplorer:468 - Change Database Path : 
2025-12-11 11:47:00,563 [INFO] MicroXplorer:498 - Change Database Version : DB.6.0.150
2025-12-11 11:47:00,563 [INFO] OpenFileManager:355 - Change cursor
2025-12-11 11:47:00,576 [INFO] Mcu:2029 - Initializing MCU STM32G491R(C-E)Tx STM32G491RETx STM32G491RET3
2025-12-11 11:47:04,204 [INFO] Context:786 - Trying to add GPIOservice into a context  which must be forbidden
2025-12-11 11:47:05,134 [INFO] ImportTextPane:234 - (OptionalMessage_ERROR) Pin28 (VP_RIF_VS_RIF1) cannot be retrieved for this MCU
2025-12-11 11:47:05,395 [INFO] RtosManager:558 - Registered RTOS mode: class=CMSIS, group=RTOS, mode=CMSIS_V1, owner=FREERTOS
2025-12-11 11:47:05,395 [INFO] RtosManager:558 - Registered RTOS mode: class=CMSIS, group=RTOS2, mode=CMSIS_V2, owner=FREERTOS
2025-12-11 11:47:05,395 [INFO] RtosManager:558 - Registered RTOS mode: class=RTOS, group=Core, mode=CMSIS_V1, owner=FREERTOS
2025-12-11 11:47:05,395 [INFO] RtosManager:558 - Registered RTOS mode: class=RTOS, group=Core, mode=CMSIS_V2, owner=FREERTOS
2025-12-11 11:47:05,395 [WARN] ModelIntegratedComponent:184 - Missing modes for component STMicroelectronics:FreeRTOS:0.0.1:STMicroelectronics:RTOS:FreeRTOS:Core:::10.2.0:
2025-12-11 11:47:05,401 [WARN] ModelIntegratedComponent:63 - No mode defined for component null
2025-12-11 11:47:05,401 [WARN] ModelIntegratedComponent:63 - No mode defined for component null
2025-12-11 11:47:05,401 [WARN] ModelIntegratedComponent:63 - No mode defined for component null
2025-12-11 11:47:05,401 [WARN] ModelIntegratedComponent:63 - No mode defined for component null
2025-12-11 11:47:05,401 [WARN] ModelIntegratedComponent:63 - No mode defined for component null
2025-12-11 11:47:05,401 [WARN] ModelIntegratedComponent:63 - No mode defined for component null
2025-12-11 11:47:05,401 [WARN] ModelIntegratedComponent:63 - No mode defined for component null
2025-12-11 11:47:05,401 [WARN] ModelIntegratedComponent:63 - No mode defined for component null
2025-12-11 11:47:05,401 [WARN] ModelIntegratedComponent:63 - No mode defined for component null
2025-12-11 11:47:05,401 [WARN] ModelIntegratedComponent:63 - No mode defined for component null
2025-12-11 11:47:05,401 [WARN] ModelIntegratedComponent:63 - No mode defined for component null
2025-12-11 11:47:05,401 [WARN] ModelIntegratedComponent:63 - No mode defined for component null
2025-12-11 11:47:05,401 [WARN] ModelIntegratedComponent:63 - No mode defined for component null
2025-12-11 11:47:05,401 [WARN] ModelIntegratedComponent:63 - No mode defined for component null
2025-12-11 11:47:05,401 [WARN] ModelIntegratedComponent:63 - No mode defined for component null
2025-12-11 11:47:05,402 [WARN] ModelIntegratedComponent:63 - No mode defined for component null
2025-12-11 11:47:05,402 [WARN] ModelIntegratedComponent:63 - No mode defined for component null
2025-12-11 11:47:05,402 [WARN] ModelIntegratedComponent:63 - No mode defined for component null
2025-12-11 11:47:05,402 [WARN] ModelIntegratedComponent:63 - No mode defined for component null
2025-12-11 11:47:05,402 [WARN] ModelIntegratedComponent:63 - No mode defined for component null
2025-12-11 11:47:05,402 [WARN] ModelIntegratedComponent:63 - No mode defined for component null
2025-12-11 11:47:05,402 [WARN] ModelIntegratedComponent:63 - No mode defined for component null
2025-12-11 11:47:05,402 [WARN] ModelIntegratedComponent:63 - No mode defined for component null
2025-12-11 11:47:05,402 [WARN] ModelIntegratedComponent:63 - No mode defined for component null
2025-12-11 11:47:05,402 [WARN] ModelIntegratedComponent:63 - No mode defined for component null
2025-12-11 11:47:05,402 [WARN] ModelIntegratedComponent:63 - No mode defined for component null
2025-12-11 11:47:05,402 [WARN] ModelIntegratedComponent:63 - No mode defined for component null
2025-12-11 11:47:05,402 [WARN] ModelIntegratedComponent:63 - No mode defined for component null
2025-12-11 11:47:05,402 [WARN] ModelIntegratedComponent:63 - No mode defined for component null
2025-12-11 11:47:05,402 [WARN] ModelIntegratedComponent:63 - No mode defined for component null
2025-12-11 11:47:05,402 [WARN] ModelIntegratedComponent:63 - No mode defined for component null
2025-12-11 11:47:05,402 [WARN] ModelIntegratedComponent:63 - No mode defined for component null
2025-12-11 11:47:05,402 [WARN] ModelIntegratedComponent:63 - No mode defined for component null
2025-12-11 11:47:05,402 [WARN] ModelIntegratedComponent:63 - No mode defined for component null
2025-12-11 11:47:05,402 [WARN] ModelIntegratedComponent:63 - No mode defined for component null
2025-12-11 11:47:05,403 [WARN] ModelPack:524 - Component already loaded: STMicroelectronics:HAL Drivers:0.0.0:STMicroelectronics:Device:STMicro_Driver:XSPI:HAL::0.0.1:HAL_XSPI
2025-12-11 11:47:06,234 [INFO] ThirdPartyModel:298 - Start build external matchings
2025-12-11 11:47:13,901 [INFO] ThirdPartyModel:316 - End build external matchings
2025-12-11 11:47:14,104 [INFO] ImportTextPane:234 - (OptionalMessage_ERROR) IP (ADC1) : Parameter (CommonPathInternal) has invalid value (null|null|null|null)
2025-12-11 11:47:14,104 [INFO] ImportTextPane:234 - (OptionalMessage_ERROR) IP (DMA) : Parameter (Instance) has Id (ADC1) currently not set
2025-12-11 11:47:14,104 [INFO] ImportTextPane:234 - (OptionalMessage_ERROR) IP (DMA) : Parameter (Request) has Id (ADC1) currently not set
2025-12-11 11:47:14,104 [INFO] ImportTextPane:234 - (OptionalMessage_ERROR) IP (DMA) : Parameter (Direction) has Id (ADC1) currently not set
2025-12-11 11:47:14,104 [INFO] ImportTextPane:234 - (OptionalMessage_ERROR) IP (DMA) : Parameter (PeriphInc) has Id (ADC1) currently not set
2025-12-11 11:47:14,104 [INFO] ImportTextPane:234 - (OptionalMessage_ERROR) IP (DMA) : Parameter (MemInc) has Id (ADC1) currently not set
2025-12-11 11:47:14,105 [INFO] ImportTextPane:234 - (OptionalMessage_ERROR) IP (DMA) : Parameter (PeriphDataAlignment) has Id (ADC1) currently not set
2025-12-11 11:47:14,105 [INFO] ImportTextPane:234 - (OptionalMessage_ERROR) IP (DMA) : Parameter (MemDataAlignment) has Id (ADC1) currently not set
2025-12-11 11:47:14,105 [INFO] ImportTextPane:234 - (OptionalMessage_ERROR) IP (DMA) : Parameter (Mode) has Id (ADC1) currently not set
2025-12-11 11:47:14,105 [INFO] ImportTextPane:234 - (OptionalMessage_ERROR) IP (DMA) : Parameter (Priority) has Id (ADC1) currently not set
2025-12-11 11:47:14,105 [INFO] ImportTextPane:234 - (OptionalMessage_ERROR) IP (DMA) : Parameter (SignalID) has Id (ADC1) currently not set
2025-12-11 11:47:14,105 [INFO] ImportTextPane:234 - (OptionalMessage_ERROR) IP (DMA) : Parameter (Polarity) has Id (ADC1) currently not set
2025-12-11 11:47:14,105 [INFO] ImportTextPane:234 - (OptionalMessage_ERROR) IP (DMA) : Parameter (RequestNumber) has Id (ADC1) currently not set
2025-12-11 11:47:14,105 [INFO] ImportTextPane:234 - (OptionalMessage_ERROR) IP (DMA) : Parameter (SyncSignalID) has Id (ADC1) currently not set
2025-12-11 11:47:14,105 [INFO] ImportTextPane:234 - (OptionalMessage_ERROR) IP (DMA) : Parameter (SyncPolarity) has Id (ADC1) currently not set
2025-12-11 11:47:14,105 [INFO] ImportTextPane:234 - (OptionalMessage_ERROR) IP (DMA) : Parameter (SyncEnable) has Id (ADC1) currently not set
2025-12-11 11:47:14,105 [INFO] ImportTextPane:234 - (OptionalMessage_ERROR) IP (DMA) : Parameter (EventEnable) has Id (ADC1) currently not set
2025-12-11 11:47:14,106 [INFO] ImportTextPane:234 - (OptionalMessage_ERROR) IP (DMA) : Parameter (SyncRequestNumber) has Id (ADC1) currently not set
2025-12-11 11:47:14,107 [INFO] ImportTextPane:234 - (OptionalMessage_ERROR) IP (RCC) : Invalid parameter (FamilyName)
2025-12-11 11:47:14,107 [INFO] ImportTextPane:234 - (OptionalMessage_ERROR) IP (RCC) : Parameter (HRTIM1Freq_Value) has invalid value (16000000)
2025-12-11 11:47:14,633 [INFO] UtilMem:75 - End LoadConfig() Used Memory: 1013869560 Bytes (1073741824)
2025-12-11 11:47:14,725 [WARN] ThirdParty:833 - waiting for thirdparty lock release [change project]
2025-12-11 11:47:14,726 [INFO] ThirdParty:835 - entering critical section [change project]
2025-12-11 11:47:14,726 [INFO] ThirdParty:1030 - CMSIS Pack Vendor :STMicroelectronics USBPD 4.1
2025-12-11 11:47:14,726 [INFO] ThirdParty:1030 - CMSIS Pack Vendor :STMicroelectronics USB_HOST 2.0.0
2025-12-11 11:47:14,726 [INFO] ThirdParty:1030 - CMSIS Pack Vendor :STMicroelectronics FP-SNS-MOTENVWB1 1.4.0
2025-12-11 11:47:14,726 [INFO] ThirdParty:1030 - CMSIS Pack Vendor :STMicroelectronics FP-ATR-ASTRA1 2.0.2
2025-12-11 11:47:14,726 [INFO] ThirdParty:1030 - CMSIS Pack Vendor :STMicroelectronics FP-ATR-ASTRA1 2.0.1
2025-12-11 11:47:14,726 [INFO] ThirdParty:1030 - CMSIS Pack Vendor :STMicroelectronics X-CUBE-SMBUS 2.1.0
2025-12-11 11:47:14,726 [INFO] ThirdParty:1030 - CMSIS Pack Vendor :STMicroelectronics X-CUBE-WB05N 1.1.0
2025-12-11 11:47:14,726 [INFO] ThirdParty:1030 - CMSIS Pack Vendor :STMicroelectronics X-CUBE-TOUCHGFX 4.23.0
2025-12-11 11:47:14,726 [INFO] ThirdParty:1030 - CMSIS Pack Vendor :STMicroelectronics X-CUBE-TOUCHGFX 4.23.2
2025-12-11 11:47:14,726 [INFO] ThirdParty:1030 - CMSIS Pack Vendor :STMicroelectronics X-CUBE-AZRTOS-F7 1.1.0
2025-12-11 11:47:14,726 [INFO] ThirdParty:1030 - CMSIS Pack Vendor :STMicroelectronics USB_DEVICE 2.0.0
2025-12-11 11:47:14,726 [INFO] ThirdParty:1030 - CMSIS Pack Vendor :STMicroelectronics FP-SNS-MOTENV1 4.3.2
2025-12-11 11:47:14,726 [INFO] ThirdParty:1030 - CMSIS Pack Vendor :STMicroelectronics FP-SNS-MOTENV1 4.3.1
2025-12-11 11:47:14,726 [INFO] ThirdParty:1030 - CMSIS Pack Vendor :STMicroelectronics FP-SNS-FLIGHT1 5.0.1
2025-12-11 11:47:14,726 [INFO] ThirdParty:1030 - CMSIS Pack Vendor :STMicroelectronics X-CUBE-BLE1 6.2.3
2025-12-11 11:47:14,726 [INFO] ThirdParty:1030 - CMSIS Pack Vendor :STMicroelectronics X-CUBE-MEMS1 11.0.0
2025-12-11 11:47:14,726 [INFO] ThirdParty:1030 - CMSIS Pack Vendor :STMicroelectronics X-CUBE-BLE1 6.2.4
2025-12-11 11:47:14,726 [INFO] ThirdParty:1030 - CMSIS Pack Vendor :STMicroelectronics FP-SNS-MOTENV1 5.1.0
2025-12-11 11:47:14,726 [INFO] ThirdParty:1030 - CMSIS Pack Vendor :STMicroelectronics FreeRTOS 0.0.1
2025-12-11 11:47:14,726 [INFO] ThirdParty:1030 - CMSIS Pack Vendor :STMicroelectronics X-CUBE-BLE1 6.2.2
2025-12-11 11:47:14,726 [INFO] ThirdParty:1030 - CMSIS Pack Vendor :STMicroelectronics FP-SNS-FLIGHT1 5.0.2
2025-12-11 11:47:14,726 [INFO] ThirdParty:1030 - CMSIS Pack Vendor :STMicroelectronics X-CUBE-BLE2 3.2.2
2025-12-11 11:47:14,726 [INFO] ThirdParty:1030 - CMSIS Pack Vendor :STMicroelectronics X-CUBE-AZRTOS-H7 3.4.0
2025-12-11 11:47:14,726 [INFO] ThirdParty:1030 - CMSIS Pack Vendor :STMicroelectronics X-CUBE-DISPLAY 3.0.0
2025-12-11 11:47:14,728 [INFO] ThirdParty:1030 - CMSIS Pack Vendor :STMicroelectronics X-CUBE-BLE1 7.0.0
2025-12-11 11:47:14,728 [INFO] ThirdParty:1030 - CMSIS Pack Vendor :STMicroelectronics X-CUBE-NFC10 1.0.0
2025-12-11 11:47:14,728 [INFO] ThirdParty:1030 - CMSIS Pack Vendor :STMicroelectronics X-CUBE-BLEMGR 4.0.0
2025-12-11 11:47:14,728 [INFO] ThirdParty:1030 - CMSIS Pack Vendor :STMicroelectronics HAL Drivers 0.0.0
2025-12-11 11:47:14,728 [INFO] ThirdParty:1030 - CMSIS Pack Vendor :STMicroelectronics X-CUBE-ST60 1.1.0
2025-12-11 11:47:14,728 [INFO] ThirdParty:1030 - CMSIS Pack Vendor :STMicroelectronics X-CUBE-TOUCHGFX 4.22.0
2025-12-11 11:47:14,728 [INFO] ThirdParty:1030 - CMSIS Pack Vendor :STMicroelectronics X-CUBE-GNSS1 7.1.0
2025-12-11 11:47:14,728 [INFO] ThirdParty:1030 - CMSIS Pack Vendor :STMicroelectronics X-CUBE-TOUCHGFX 4.22.1
2025-12-11 11:47:14,728 [INFO] ThirdParty:1030 - CMSIS Pack Vendor :STMicroelectronics X-CUBE-SUBG2 4.2.0
2025-12-11 11:47:14,728 [INFO] ThirdParty:1030 - CMSIS Pack Vendor :STMicroelectronics X-CUBE-MEMS1 9.3.0
2025-12-11 11:47:14,728 [INFO] ThirdParty:1030 - CMSIS Pack Vendor :STMicroelectronics X-CUBE-AI 7.2.0
2025-12-11 11:47:14,728 [INFO] ThirdParty:1030 - CMSIS Pack Vendor :STMicroelectronics X-CUBE-BLEMGR 3.1.0
2025-12-11 11:47:14,728 [INFO] ThirdParty:1030 - CMSIS Pack Vendor :STMicroelectronics X-CUBE-AI 10.0.0
2025-12-11 11:47:14,728 [INFO] ThirdParty:1030 - CMSIS Pack Vendor :STMicroelectronics FP-SNS-STBOX1 2.1.0
2025-12-11 11:47:14,728 [INFO] ThirdParty:1030 - CMSIS Pack Vendor :STMicroelectronics FP-SNS-SMARTAG2 1.2.0
2025-12-11 11:47:14,728 [INFO] ThirdParty:1030 - CMSIS Pack Vendor :STMicroelectronics FP-SNS-FLIGHT1 5.1.0
2025-12-11 11:47:14,728 [INFO] ThirdParty:1030 - CMSIS Pack Vendor :STMicroelectronics X-CUBE-MEMS1 11.1.0
2025-12-11 11:47:14,728 [INFO] ThirdParty:1030 - CMSIS Pack Vendor :STMicroelectronics X-CUBE-AZRTOS-WL 2.0.0
2025-12-11 11:47:14,729 [INFO] ThirdParty:1030 - CMSIS Pack Vendor :STMicroelectronics X-CUBE-ALGOBUILD 1.2.1
2025-12-11 11:47:14,729 [INFO] ThirdParty:1030 - CMSIS Pack Vendor :STMicroelectronics FP-SNS-MOTENV1 5.0.0
2025-12-11 11:47:14,729 [INFO] ThirdParty:1030 - CMSIS Pack Vendor :STMicroelectronics X-CUBE-AZRTOS-H7RS 1.2.0
2025-12-11 11:47:14,729 [INFO] ThirdParty:1030 - CMSIS Pack Vendor :wolfSSL I-CUBE-wolfMQTT 1.19.0
2025-12-11 11:47:14,729 [INFO] ThirdParty:1030 - CMSIS Pack Vendor :STMicroelectronics ThreadX 0.0.2
2025-12-11 11:47:14,729 [INFO] ThirdParty:1030 - CMSIS Pack Vendor :WES I-CUBE-Cesium 1.3.0
2025-12-11 11:47:14,729 [INFO] ThirdParty:1030 - CMSIS Pack Vendor :STMicroelectronics X-CUBE-BLE2 3.3.0
2025-12-11 11:47:14,729 [INFO] ThirdParty:1030 - CMSIS Pack Vendor :Avnet-IOTCONNECT X-CUBE-iotc-st67-sdk 1.0.0
2025-12-11 11:47:14,729 [INFO] ThirdParty:1030 - CMSIS Pack Vendor :STMicroelectronics X-CUBE-DISPLAY 2.2.0
2025-12-11 11:47:14,729 [INFO] ThirdParty:1030 - CMSIS Pack Vendor :STMicroelectronics X-CUBE-TOF1 3.2.0
2025-12-11 11:47:14,729 [INFO] ThirdParty:1030 - CMSIS Pack Vendor :STMicroelectronics X-CUBE-TOUCHGFX 4.18.1
2025-12-11 11:47:14,729 [INFO] ThirdParty:1030 - CMSIS Pack Vendor :STMicroelectronics X-CUBE-ISPU 1.0.0
2025-12-11 11:47:14,729 [INFO] ThirdParty:1030 - CMSIS Pack Vendor :wolfSSL I-CUBE-wolfSSL 5.0.0
2025-12-11 11:47:14,729 [INFO] ThirdParty:1030 - CMSIS Pack Vendor :STMicroelectronics X-CUBE-NFC9 1.0.0
2025-12-11 11:47:14,729 [INFO] ThirdParty:1030 - CMSIS Pack Vendor :STMicroelectronics X-CUBE-AZRTOS-H7 2.1.0
2025-12-11 11:47:14,729 [INFO] ThirdParty:1030 - CMSIS Pack Vendor :STMicroelectronics X-CUBE-BLE1 7.1.0
2025-12-11 11:47:14,729 [INFO] ThirdParty:1030 - CMSIS Pack Vendor :STMicroelectronics USB_DEVICE 3.0.0
2025-12-11 11:47:14,729 [INFO] ThirdParty:1030 - CMSIS Pack Vendor :STMicroelectronics X-CUBE-TCPP 4.1.0
2025-12-11 11:47:14,729 [INFO] ThirdParty:1030 - CMSIS Pack Vendor :STMicroelectronics X-CUBE-FREERTOS 1.4.0
2025-12-11 11:47:14,729 [INFO] ThirdParty:1030 - CMSIS Pack Vendor :STMicroelectronics X-CUBE-EEPRMA1 5.2.0
2025-12-11 11:47:14,729 [INFO] ThirdParty:1030 - CMSIS Pack Vendor :STMicroelectronics X-CUBE-TOUCHGFX 4.21.1
2025-12-11 11:47:14,729 [INFO] ThirdParty:1030 - CMSIS Pack Vendor :STMicroelectronics X-CUBE-TOUCHGFX 4.21.0
2025-12-11 11:47:14,730 [INFO] ThirdParty:1030 - CMSIS Pack Vendor :STMicroelectronics X-CUBE-TOUCHGFX 4.21.3
2025-12-11 11:47:14,730 [INFO] ThirdParty:1030 - CMSIS Pack Vendor :STMicroelectronics X-CUBE-TOUCHGFX 4.21.4
2025-12-11 11:47:14,730 [INFO] ThirdParty:1030 - CMSIS Pack Vendor :STMicroelectronics X-CUBE-MEMS1 9.4.0
2025-12-11 11:47:14,730 [INFO] ThirdParty:1030 - CMSIS Pack Vendor :STMicroelectronics X-CUBE-AI 7.3.0
2025-12-11 11:47:14,730 [INFO] ThirdParty:1030 - CMSIS Pack Vendor :STMicroelectronics X-CUBE-ST67W61 1.1.0
2025-12-11 11:47:14,730 [INFO] ThirdParty:1030 - CMSIS Pack Vendor :STMicroelectronics X-CUBE-MEMS1 12.0.0
2025-12-11 11:47:14,730 [INFO] ThirdParty:1030 - CMSIS Pack Vendor :STMicroelectronics X-CUBE-ALGOBUILD 1.3.0
2025-12-11 11:47:14,730 [INFO] ThirdParty:1030 - CMSIS Pack Vendor :STMicroelectronics X-CUBE-AZRTOS-G0 1.1.0
2025-12-11 11:47:14,730 [INFO] ThirdParty:1030 - CMSIS Pack Vendor :STMicroelectronics X-CUBE-SAFEA1 1.2.2
2025-12-11 11:47:14,730 [INFO] ThirdParty:1030 - CMSIS Pack Vendor :STMicroelectronics X-CUBE-NFC4 3.0.0
2025-12-11 11:47:14,730 [INFO] ThirdParty:1030 - CMSIS Pack Vendor :SEGGER I-CUBE-embOS 1.2.0
2025-12-11 11:47:14,730 [INFO] ThirdParty:1030 - CMSIS Pack Vendor :wolfSSL I-CUBE-wolfMQTT 1.18.0
2025-12-11 11:47:14,730 [INFO] ThirdParty:1030 - CMSIS Pack Vendor :EmbeddedOffice I-CUBE-FS-RTOS 1.0.1
2025-12-11 11:47:14,731 [INFO] ThirdParty:1030 - CMSIS Pack Vendor :STMicroelectronics X-CUBE-WB05N 2.0.0
2025-12-11 11:47:14,731 [INFO] ThirdParty:1030 - CMSIS Pack Vendor :STMicroelectronics PDM2PCM 3.1.0
2025-12-11 11:47:14,731 [INFO] ThirdParty:1030 - CMSIS Pack Vendor :STMicroelectronics X-CUBE-BLEMGR 3.0.0
2025-12-11 11:47:14,731 [INFO] ThirdParty:1030 - CMSIS Pack Vendor :STMicroelectronics X-CUBE-BLEMGR 1.3.0
2025-12-11 11:47:14,731 [INFO] ThirdParty:1030 - CMSIS Pack Vendor :STMicroelectronics X-CUBE-TCPP 4.2.0
2025-12-11 11:47:14,731 [INFO] ThirdParty:1030 - CMSIS Pack Vendor :RealThread X-CUBE-RT-Thread_Nano 4.1.1
2025-12-11 11:47:14,731 [INFO] ThirdParty:1030 - CMSIS Pack Vendor :STMicroelectronics X-CUBE-AZRTOS-H7 2.0.0
2025-12-11 11:47:14,731 [INFO] ThirdParty:1030 - CMSIS Pack Vendor :STMicroelectronics FP-ATR-SIGFOX1 3.2.0
2025-12-11 11:47:14,731 [INFO] ThirdParty:1030 - CMSIS Pack Vendor :quantropi X-CUBE-qispace-sdk-base 1.9.3
2025-12-11 11:47:14,731 [INFO] ThirdParty:1030 - CMSIS Pack Vendor :STMicroelectronics X-CUBE-EEPRMA1 5.1.0
2025-12-11 11:47:14,731 [INFO] ThirdParty:1030 - CMSIS Pack Vendor :STMicroelectronics MBEDTLS 2.16.2
2025-12-11 11:47:14,731 [INFO] ThirdParty:1030 - CMSIS Pack Vendor :emotas I-CUBE-CANOPEN 1.1.2
2025-12-11 11:47:14,731 [INFO] ThirdParty:1030 - CMSIS Pack Vendor :STMicroelectronics X-CUBE-TOUCHGFX 4.20.0
2025-12-11 11:47:14,731 [INFO] ThirdParty:1030 - CMSIS Pack Vendor :STMicroelectronics X-CUBE-MEMS1 9.5.0
2025-12-11 11:47:14,731 [INFO] ThirdParty:1030 - CMSIS Pack Vendor :STMicroelectronics X-CUBE-AI 10.2.0
2025-12-11 11:47:14,732 [INFO] ThirdParty:1030 - CMSIS Pack Vendor :STMicroelectronics ThreadX 1.0.0
2025-12-11 11:47:14,732 [INFO] ThirdParty:1030 - CMSIS Pack Vendor :SEGGER I-CUBE-embOS 1.3.1
2025-12-11 11:47:14,732 [INFO] ThirdParty:1030 - CMSIS Pack Vendor :STMicroelectronics X-CUBE-ALGOBUILD 1.4.0
2025-12-11 11:47:14,732 [INFO] ThirdParty:1030 - CMSIS Pack Vendor :STMicroelectronics X-CUBE-MEMS1 11.3.0
2025-12-11 11:47:14,732 [INFO] ThirdParty:1030 - CMSIS Pack Vendor :STMicroelectronics X-CUBE-DISPLAY 2.0.0
2025-12-11 11:47:14,732 [INFO] ThirdParty:1030 - CMSIS Pack Vendor :STMicroelectronics X-CUBE-AI 9.1.0
2025-12-11 11:47:14,732 [INFO] ThirdParty:1030 - CMSIS Pack Vendor :STMicroelectronics X-CUBE-PM33A1 1.0.0
2025-12-11 11:47:14,732 [INFO] ThirdParty:1030 - CMSIS Pack Vendor :STMicroelectronics X-CUBE-GNSS1 6.0.0
2025-12-11 11:47:14,732 [INFO] ThirdParty:1030 - CMSIS Pack Vendor :STMicroelectronics X-CUBE-AZRTOS-F4 1.1.0
2025-12-11 11:47:14,732 [INFO] ThirdParty:1030 - CMSIS Pack Vendor :STMicroelectronics LIBJPEG 8.0.0
2025-12-11 11:47:14,732 [INFO] ThirdParty:1030 - CMSIS Pack Vendor :STMicroelectronics X-CUBE-ISPU 2.1.0
2025-12-11 11:47:14,732 [INFO] ThirdParty:1030 - CMSIS Pack Vendor :STMicroelectronics X-CUBE-IPS 3.2.0
2025-12-11 11:47:14,732 [INFO] ThirdParty:1030 - CMSIS Pack Vendor :STMicroelectronics X-CUBE-FREERTOS 1.2.0
2025-12-11 11:47:14,732 [INFO] ThirdParty:1030 - CMSIS Pack Vendor :STMicroelectronics X-CUBE-NFC12 1.0.0
2025-12-11 11:47:14,732 [INFO] ThirdParty:1030 - CMSIS Pack Vendor :STMicroelectronics X-CUBE-BLEMGR 1.2.0
2025-12-11 11:47:14,732 [INFO] ThirdParty:1030 - CMSIS Pack Vendor :STMicroelectronics X-CUBE-AZRTOS-L5 2.0.0
2025-12-11 11:47:14,732 [INFO] ThirdParty:1030 - CMSIS Pack Vendor :STMicroelectronics X-CUBE-MEMS1 9.6.0
2025-12-11 11:47:14,732 [INFO] ThirdParty:1030 - CMSIS Pack Vendor :STMicroelectronics X-CUBE-EEPRMA1 4.2.0
2025-12-11 11:47:14,733 [INFO] ThirdParty:1030 - CMSIS Pack Vendor :STMicroelectronics X-CUBE-NFC6 3.1.0
2025-12-11 11:47:14,733 [INFO] ThirdParty:1030 - CMSIS Pack Vendor :ITTIA_DB I-CUBE-ITTIADB 8.8.0
2025-12-11 11:47:14,733 [INFO] ThirdParty:1030 - CMSIS Pack Vendor :STMicroelectronics X-CUBE-BLEMGR 2.0.0
2025-12-11 11:47:14,733 [INFO] ThirdParty:1030 - CMSIS Pack Vendor :STMicroelectronics X-CUBE-DPower 1.2.0
2025-12-11 11:47:14,733 [INFO] ThirdParty:1030 - CMSIS Pack Vendor :STMicroelectronics X-CUBE-NFC4 2.0.5
2025-12-11 11:47:14,733 [INFO] ThirdParty:1030 - CMSIS Pack Vendor :STMicroelectronics X-CUBE-NFC4 2.0.4
2025-12-11 11:47:14,733 [INFO] ThirdParty:1030 - CMSIS Pack Vendor :STMicroelectronics X-CUBE-NFC4 2.0.3
2025-12-11 11:47:14,733 [INFO] ThirdParty:1030 - CMSIS Pack Vendor :STMicroelectronics X-CUBE-AI 9.0.0
2025-12-11 11:47:14,733 [INFO] ThirdParty:1030 - CMSIS Pack Vendor :STMicroelectronics X-CUBE-AZRTOS-H7 3.1.0
2025-12-11 11:47:14,733 [INFO] ThirdParty:1030 - CMSIS Pack Vendor :STMicroelectronics PDM2PCM 3.3.0
2025-12-11 11:47:14,733 [INFO] ThirdParty:1030 - CMSIS Pack Vendor :STMicroelectronics X-CUBE-SFXS2LP1 3.1.0
2025-12-11 11:47:14,733 [INFO] ThirdParty:1030 - CMSIS Pack Vendor :STMicroelectronics X-CUBE-AZRTOS-F4 1.0.0
2025-12-11 11:47:14,733 [INFO] ThirdParty:1030 - CMSIS Pack Vendor :STMicroelectronics X-CUBE-TOF1 2.0.0
2025-12-11 11:47:14,733 [INFO] ThirdParty:1030 - CMSIS Pack Vendor :STMicroelectronics X-CUBE-FREERTOS 1.3.1
2025-12-11 11:47:14,733 [INFO] ThirdParty:1030 - CMSIS Pack Vendor :STMicroelectronics X-CUBE-FREERTOS 1.3.0
2025-12-11 11:47:14,733 [INFO] ThirdParty:1030 - CMSIS Pack Vendor :STMicroelectronics X-CUBE-NFC7 1.0.1
2025-12-11 11:47:14,733 [INFO] ThirdParty:1030 - CMSIS Pack Vendor :STMicroelectronics MBEDTLS 2.14.1
2025-12-11 11:47:14,733 [INFO] ThirdParty:1030 - CMSIS Pack Vendor :STMicroelectronics X-CUBE-NFC7 1.0.0
2025-12-11 11:47:14,733 [INFO] ThirdParty:1030 - CMSIS Pack Vendor :wolfSSL I-CUBE-wolfTPM 3.2.0
2025-12-11 11:47:14,733 [INFO] ThirdParty:1030 - CMSIS Pack Vendor :STMicroelectronics X-CUBE-TOUCHGFX 4.26.0
2025-12-11 11:47:14,733 [INFO] ThirdParty:1030 - CMSIS Pack Vendor :STMicroelectronics X-CUBE-NFC6 3.0.0
2025-12-11 11:47:14,733 [INFO] ThirdParty:1030 - CMSIS Pack Vendor :STMicroelectronics X-CUBE-EEPRMA1 4.1.0
2025-12-11 11:47:14,733 [INFO] ThirdParty:1030 - CMSIS Pack Vendor :STMicroelectronics FP-SNS-STAIOTCFT 1.0.0
2025-12-11 11:47:14,733 [INFO] ThirdParty:1030 - CMSIS Pack Vendor :STMicroelectronics X-CUBE-DPower 1.3.0
2025-12-11 11:47:14,733 [INFO] ThirdParty:1030 - CMSIS Pack Vendor :STMicroelectronics USB_DEVICE 1.0.0
2025-12-11 11:47:14,734 [INFO] ThirdParty:1030 - CMSIS Pack Vendor :STMicroelectronics X-CUBE-AI 8.1.0
2025-12-11 11:47:14,734 [INFO] ThirdParty:1030 - CMSIS Pack Vendor :STMicroelectronics X-CUBE-AZRTOS-L4 2.0.0
2025-12-11 11:47:14,734 [INFO] ThirdParty:1030 - CMSIS Pack Vendor :STMicroelectronics lwIP 2.1.2
2025-12-11 11:47:14,734 [INFO] ThirdParty:1030 - CMSIS Pack Vendor :STMicroelectronics X-CUBE-SFXS2LP1 4.0.0
2025-12-11 11:47:14,734 [INFO] ThirdParty:1030 - CMSIS Pack Vendor :STMicroelectronics PDM2PCM 3.2.0
2025-12-11 11:47:14,734 [INFO] ThirdParty:1030 - CMSIS Pack Vendor :STMicroelectronics X-CUBE-AZRTOS-H7 3.0.0
2025-12-11 11:47:14,734 [INFO] ThirdParty:1030 - CMSIS Pack Vendor :STMicroelectronics X-CUBE-ISPU 1.1.0
2025-12-11 11:47:14,734 [INFO] ThirdParty:1030 - CMSIS Pack Vendor :STMicroelectronics X-CUBE-AZRTOS-H7 3.3.0
2025-12-11 11:47:14,734 [INFO] ThirdParty:1030 - CMSIS Pack Vendor :RoweBots I-CUBE-UNISONRTOS 5.5.0-4
2025-12-11 11:47:14,734 [INFO] ThirdParty:1030 - CMSIS Pack Vendor :STMicroelectronics X-CUBE-BLEMGR 4.1.0
2025-12-11 11:47:14,734 [INFO] ThirdParty:1030 - CMSIS Pack Vendor :STMicroelectronics X-CUBE-AI 8.0.0
2025-12-11 11:47:14,734 [INFO] ThirdParty:1030 - CMSIS Pack Vendor :STMicroelectronics X-CUBE-IPS 3.0.0
2025-12-11 11:47:14,734 [INFO] ThirdParty:1030 - CMSIS Pack Vendor :STMicroelectronics X-CUBE-AZRTOS-WB 2.0.0
2025-12-11 11:47:14,734 [INFO] ThirdParty:1030 - CMSIS Pack Vendor :STMicroelectronics X-CUBE-FREERTOS 1.0.0
2025-12-11 11:47:14,734 [INFO] ThirdParty:1030 - CMSIS Pack Vendor :STMicroelectronics X-CUBE-FREERTOS 1.0.1
2025-12-11 11:47:14,734 [INFO] ThirdParty:1030 - CMSIS Pack Vendor :STMicroelectronics X-CUBE-GNSS1 7.0.0
2025-12-11 11:47:14,734 [INFO] ThirdParty:1030 - CMSIS Pack Vendor :STMicroelectronics X-CUBE-GNSS1 7.0.1
2025-12-11 11:47:14,734 [INFO] ThirdParty:1030 - CMSIS Pack Vendor :STMicroelectronics FP-SNS-STBOX1 2.0.0
2025-12-11 11:47:14,734 [INFO] ThirdParty:1030 - CMSIS Pack Vendor :STMicroelectronics X-CUBE-AZRTOS-L5 1.1.0
2025-12-11 11:47:14,734 [INFO] ThirdParty:1030 - CMSIS Pack Vendor :STMicroelectronics X-CUBE-AI 8.0.1
2025-12-11 11:47:14,734 [INFO] ThirdParty:1030 - CMSIS Pack Vendor :STMicroelectronics X-CUBE-SUBG2 5.0.0
2025-12-11 11:47:14,734 [INFO] ThirdParty:1030 - CMSIS Pack Vendor :STMicroelectronics X-CUBE-AZRTOS-H7RS 1.1.0
2025-12-11 11:47:14,734 [INFO] ThirdParty:1030 - CMSIS Pack Vendor :STMicroelectronics STM32_WPAN 1.0.0
2025-12-11 11:47:14,735 [INFO] ThirdParty:1030 - CMSIS Pack Vendor :STMicroelectronics lwIP 2.0.3
2025-12-11 11:47:14,735 [INFO] ThirdParty:1030 - CMSIS Pack Vendor :STMicroelectronics USB_HOST 1.0.0
2025-12-11 11:47:14,735 [INFO] ThirdParty:1030 - CMSIS Pack Vendor :STMicroelectronics X-CUBE-AZRTOS-G4 2.0.0
2025-12-11 11:47:14,735 [INFO] ThirdParty:1030 - CMSIS Pack Vendor :STMicroelectronics X-CUBE-TOF1 3.3.0
2025-12-11 11:47:14,735 [INFO] ThirdParty:1030 - CMSIS Pack Vendor :STMicroelectronics FP-ATR-ASTRA1 1.1.1
2025-12-11 11:47:14,735 [INFO] ThirdParty:1030 - CMSIS Pack Vendor :Infineon AIROC-Wi-Fi-Bluetooth-STM32 1.5.1
2025-12-11 11:47:14,735 [INFO] ThirdParty:1030 - CMSIS Pack Vendor :STMicroelectronics X-CUBE-NFC7 2.0.0
2025-12-11 11:47:14,735 [INFO] ThirdParty:1030 - CMSIS Pack Vendor :STMicroelectronics FP-SNS-MOTENVWB1 1.3.1
2025-12-11 11:47:14,735 [INFO] ThirdParty:1030 - CMSIS Pack Vendor :STMicroelectronics X-CUBE-AZRTOS-G4 1.0.0
2025-12-11 11:47:14,735 [INFO] ThirdParty:1030 - CMSIS Pack Vendor :STMicroelectronics X-CUBE-AZRTOS-L4 1.0.0
2025-12-11 11:47:14,735 [INFO] ThirdParty:1030 - CMSIS Pack Vendor :STMicroelectronics X-CUBE-ISPU 2.0.0
2025-12-11 11:47:14,735 [INFO] ThirdParty:1030 - CMSIS Pack Vendor :STMicroelectronics X-CUBE-IPS 3.1.0
2025-12-11 11:47:14,736 [INFO] ThirdParty:1030 - CMSIS Pack Vendor :STMicroelectronics X-CUBE-ALS 1.0.2
2025-12-11 11:47:14,736 [INFO] ThirdParty:1030 - CMSIS Pack Vendor :STMicroelectronics X-CUBE-MEMS1 10.0.0
2025-12-11 11:47:14,736 [INFO] ThirdParty:1030 - CMSIS Pack Vendor :STMicroelectronics X-CUBE-FREERTOS 1.1.0
2025-12-11 11:47:14,736 [INFO] ThirdParty:1030 - CMSIS Pack Vendor :STMicroelectronics X-CUBE-TOUCHGFX 4.24.0
2025-12-11 11:47:14,736 [INFO] ThirdParty:1030 - CMSIS Pack Vendor :STMicroelectronics X-CUBE-AZRTOS-F7 1.0.0
2025-12-11 11:47:14,736 [INFO] ThirdParty:1030 - CMSIS Pack Vendor :STMicroelectronics X-CUBE-TOUCHGFX 4.24.2
2025-12-11 11:47:14,736 [INFO] ThirdParty:1030 - CMSIS Pack Vendor :STMicroelectronics X-CUBE-AZRTOS-WL 1.0.0
2025-12-11 11:47:14,736 [INFO] ThirdParty:1030 - CMSIS Pack Vendor :STMicroelectronics X-CUBE-TOUCHGFX 4.24.1
2025-12-11 11:47:14,736 [INFO] ThirdParty:1030 - CMSIS Pack Vendor :STMicroelectronics X-CUBE-STSE01 1.0.0
2025-12-11 11:47:14,736 [INFO] ThirdParty:1030 - CMSIS Pack Vendor :STMicroelectronics X-CUBE-MEMS1 9.1.0
2025-12-11 11:47:14,736 [INFO] ThirdParty:1030 - CMSIS Pack Vendor :portGmbH I-Cube-SoM-uGOAL 1.1.0
2025-12-11 11:47:14,736 [INFO] ThirdParty:1030 - CMSIS Pack Vendor :STMicroelectronics X-CUBE-ALS 1.0.1
2025-12-11 11:47:14,736 [INFO] ThirdParty:1030 - CMSIS Pack Vendor :STMicroelectronics X-CUBE-AI 7.0.0
2025-12-11 11:47:14,736 [INFO] ThirdParty:1030 - CMSIS Pack Vendor :STMicroelectronics X-CUBE-AZRTOS-WB 1.1.0
2025-12-11 11:47:14,736 [INFO] ThirdParty:1030 - CMSIS Pack Vendor :STMicroelectronics X-CUBE-AZRTOS-L5 1.0.0
2025-12-11 11:47:14,736 [INFO] ThirdParty:1030 - CMSIS Pack Vendor :STMicroelectronics X-CUBE-EEPRMA1 3.1.0
2025-12-11 11:47:14,736 [INFO] ThirdParty:1030 - CMSIS Pack Vendor :STMicroelectronics X-CUBE-EEPRMA1 3.1.1
2025-12-11 11:47:14,736 [INFO] ThirdParty:1030 - CMSIS Pack Vendor :STMicroelectronics X-CUBE-AZRTOS-H7RS 1.0.0
2025-12-11 11:47:14,736 [INFO] ThirdParty:1030 - CMSIS Pack Vendor :STMicroelectronics X-CUBE-GNSS1 5.2.0
2025-12-11 11:47:14,736 [INFO] ThirdParty:1030 - CMSIS Pack Vendor :STMicroelectronics FP-ATR-ASTRA1 2.0.0
2025-12-11 11:47:14,736 [INFO] ThirdParty:1030 - CMSIS Pack Vendor :STMicroelectronics X-CUBE-TOF1 3.4.2
2025-12-11 11:47:14,737 [INFO] ThirdParty:1030 - CMSIS Pack Vendor :STMicroelectronics X-CUBE-TOF1 3.4.3
2025-12-11 11:47:14,737 [INFO] ThirdParty:1030 - CMSIS Pack Vendor :STMicroelectronics X-CUBE-TOF1 3.4.0
2025-12-11 11:47:14,737 [INFO] ThirdParty:1030 - CMSIS Pack Vendor :STMicroelectronics X-CUBE-TOF1 3.4.1
2025-12-11 11:47:14,737 [INFO] ThirdParty:1030 - CMSIS Pack Vendor :STMicroelectronics X-CUBE-AZRTOS-H7 3.2.0
2025-12-11 11:47:14,737 [INFO] ThirdParty:1030 - CMSIS Pack Vendor :wolfSSL I-CUBE-wolfSSH 1.4.17
2025-12-11 11:47:14,737 [INFO] ThirdParty:841 - exiting critical section [change project]
2025-12-11 11:47:15,079 [INFO] PinOutPanel:1589 - setPackage(No Configuration,No Configuration)
2025-12-11 11:47:15,079 [INFO] PinOutPanel:1589 - setPackage(STM32G491RETx,LQFP64)
2025-12-11 11:47:15,730 [INFO] UtilMem:75 - Before build in PCC Used Memory: 977932680 Bytes (1073741824)
2025-12-11 11:47:16,604 [INFO] UtilMem:75 - After build in PCC Used Memory: 862460672 Bytes (1073741824)
2025-12-11 11:47:16,631 [INFO] IPUIPlugin:80 - create IPUIPlugin
2025-12-11 11:47:16,631 [INFO] IPUIPlugin:80 - create IPUIPlugin
2025-12-11 11:47:16,631 [INFO] IPUIPlugin:80 - create IPUIPlugin
2025-12-11 11:47:16,631 [INFO] IPUIPlugin:80 - create IPUIPlugin
2025-12-11 11:47:16,631 [INFO] IPUIPlugin:80 - create IPUIPlugin
2025-12-11 11:47:16,632 [INFO] IPUIPlugin:80 - create IPUIPlugin
2025-12-11 11:47:16,632 [INFO] IPUIPlugin:80 - create IPUIPlugin
2025-12-11 11:47:16,632 [INFO] IPUIPlugin:80 - create IPUIPlugin
2025-12-11 11:47:16,632 [INFO] IPUIPlugin:80 - create IPUIPlugin
2025-12-11 11:47:16,632 [INFO] IPUIPlugin:80 - create IPUIPlugin
2025-12-11 11:47:16,632 [INFO] IPUIPlugin:80 - create IPUIPlugin
2025-12-11 11:47:16,632 [INFO] IPUIPlugin:80 - create IPUIPlugin
2025-12-11 11:47:16,632 [INFO] IPUIPlugin:80 - create IPUIPlugin
2025-12-11 11:47:16,632 [INFO] IPUIPlugin:80 - create IPUIPlugin
2025-12-11 11:47:16,632 [INFO] IPUIPlugin:80 - create IPUIPlugin
2025-12-11 11:47:16,632 [INFO] IPUIPlugin:80 - create IPUIPlugin
2025-12-11 11:47:16,632 [INFO] IPUIPlugin:80 - create IPUIPlugin
2025-12-11 11:47:16,633 [INFO] IPUIPlugin:80 - create IPUIPlugin
2025-12-11 11:47:16,633 [INFO] IPUIPlugin:80 - create IPUIPlugin
2025-12-11 11:47:16,633 [INFO] IPUIPlugin:80 - create IPUIPlugin
2025-12-11 11:47:16,633 [INFO] IPUIPlugin:80 - create IPUIPlugin
2025-12-11 11:47:16,633 [INFO] IPUIPlugin:80 - create IPUIPlugin
2025-12-11 11:47:16,633 [INFO] IPUIPlugin:80 - create IPUIPlugin
2025-12-11 11:47:16,633 [INFO] IPUIPlugin:80 - create IPUIPlugin
2025-12-11 11:47:16,633 [INFO] IPUIPlugin:80 - create IPUIPlugin
2025-12-11 11:47:16,634 [INFO] IPUIPlugin:80 - create IPUIPlugin
2025-12-11 11:47:16,634 [INFO] IPUIPlugin:80 - create IPUIPlugin
2025-12-11 11:47:16,635 [INFO] IPUIPlugin:80 - create IPUIPlugin
2025-12-11 11:47:16,635 [INFO] IPUIPlugin:80 - create IPUIPlugin
2025-12-11 11:47:16,636 [INFO] IPUIPlugin:80 - create IPUIPlugin
2025-12-11 11:47:16,636 [INFO] IPUIPlugin:80 - create IPUIPlugin
2025-12-11 11:47:16,636 [INFO] IPUIPlugin:80 - create IPUIPlugin
2025-12-11 11:47:16,636 [INFO] IPUIPlugin:80 - create IPUIPlugin
2025-12-11 11:47:16,636 [INFO] IPUIPlugin:80 - create IPUIPlugin
2025-12-11 11:47:16,637 [INFO] IPUIPlugin:80 - create IPUIPlugin
2025-12-11 11:47:16,637 [INFO] IPUIPlugin:80 - create IPUIPlugin
2025-12-11 11:47:16,637 [INFO] IPUIPlugin:80 - create IPUIPlugin
2025-12-11 11:47:16,637 [INFO] IPUIPlugin:80 - create IPUIPlugin
2025-12-11 11:47:16,637 [INFO] IPUIPlugin:80 - create IPUIPlugin
2025-12-11 11:47:16,638 [INFO] IPUIPlugin:80 - create IPUIPlugin
2025-12-11 11:47:16,638 [INFO] IPUIPlugin:80 - create IPUIPlugin
2025-12-11 11:47:16,638 [INFO] IPUIPlugin:80 - create IPUIPlugin
2025-12-11 11:47:16,638 [INFO] IPUIPlugin:80 - create IPUIPlugin
2025-12-11 11:47:16,638 [INFO] IPUIPlugin:80 - create IPUIPlugin
2025-12-11 11:47:16,639 [INFO] IPUIPlugin:80 - create IPUIPlugin
2025-12-11 11:47:16,639 [INFO] IPUIPlugin:80 - create IPUIPlugin
2025-12-11 11:47:16,639 [INFO] IPUIPlugin:80 - create IPUIPlugin
2025-12-11 11:47:16,639 [INFO] IPUIPlugin:80 - create IPUIPlugin
2025-12-11 11:47:16,639 [INFO] IPUIPlugin:80 - create IPUIPlugin
2025-12-11 11:47:16,640 [INFO] IPUIPlugin:80 - create IPUIPlugin
2025-12-11 11:47:16,640 [INFO] IPUIPlugin:80 - create IPUIPlugin
2025-12-11 11:47:16,640 [INFO] IPUIPlugin:80 - create IPUIPlugin
2025-12-11 11:47:16,640 [INFO] IPUIPlugin:80 - create IPUIPlugin
2025-12-11 11:47:16,641 [INFO] IPUIPlugin:80 - create IPUIPlugin
2025-12-11 11:47:16,641 [INFO] IPUIPlugin:80 - create IPUIPlugin
2025-12-11 11:47:16,641 [INFO] IPUIPlugin:80 - create IPUIPlugin
2025-12-11 11:47:16,641 [INFO] IPUIPlugin:80 - create IPUIPlugin
2025-12-11 11:47:16,642 [INFO] IPUIPlugin:80 - create IPUIPlugin
2025-12-11 11:47:16,642 [INFO] IPUIPlugin:80 - create IPUIPlugin
2025-12-11 11:47:16,642 [INFO] IPUIPlugin:80 - create IPUIPlugin
2025-12-11 11:47:16,642 [INFO] IPUIPlugin:80 - create IPUIPlugin
2025-12-11 11:47:16,643 [INFO] IPUIPlugin:80 - create IPUIPlugin
2025-12-11 11:47:16,643 [INFO] IPUIPlugin:80 - create IPUIPlugin
2025-12-11 11:47:16,643 [INFO] IPUIPlugin:80 - create IPUIPlugin
2025-12-11 11:47:16,714 [INFO] CADModel:165 - CPN selected for project levelSTM32G491RET3
2025-12-11 11:47:16,714 [INFO] CADModel:114 - Register for checkConnection events
2025-12-11 11:47:16,797 [INFO] OpenFileManager:386 - Restore cursor
2025-12-11 11:48:18,587 [ERROR] LogOutputStream:75 - [STDERR_REDIRECT] Exception in thread "AWT-EventQueue-0" java.awt.IllegalComponentStateException: component must be showing on the screen to determine its location
2025-12-11 11:48:18,590 [ERROR] LogOutputStream:75 - [STDERR_REDIRECT] 	at java.desktop/java.awt.Component.getLocationOnScreen_NoTreeLock(Component.java:2113)
2025-12-11 11:48:18,592 [ERROR] LogOutputStream:75 - [STDERR_REDIRECT] 	at java.desktop/java.awt.Component.getLocationOnScreen(Component.java:2087)
2025-12-11 11:48:18,593 [ERROR] LogOutputStream:75 - [STDERR_REDIRECT] 	at java.desktop/javax.swing.JPopupMenu.show(JPopupMenu.java:982)
2025-12-11 11:48:18,596 [ERROR] LogOutputStream:75 - [STDERR_REDIRECT] 	at java.desktop/javax.swing.plaf.basic.BasicComboPopup.show(BasicComboPopup.java:235)
2025-12-11 11:48:18,598 [ERROR] LogOutputStream:75 - [STDERR_REDIRECT] 	at java.desktop/javax.swing.plaf.basic.BasicComboPopup.togglePopup(BasicComboPopup.java:1265)
2025-12-11 11:48:18,600 [ERROR] LogOutputStream:75 - [STDERR_REDIRECT] 	at java.desktop/javax.swing.plaf.basic.BasicComboPopup$Handler.mousePressed(BasicComboPopup.java:936)
2025-12-11 11:48:18,601 [ERROR] LogOutputStream:75 - [STDERR_REDIRECT] 	at java.desktop/java.awt.Component.processMouseEvent(Component.java:6618)
2025-12-11 11:48:18,603 [ERROR] LogOutputStream:75 - [STDERR_REDIRECT] 	at java.desktop/javax.swing.JComponent.processMouseEvent(JComponent.java:3398)
2025-12-11 11:48:18,606 [ERROR] LogOutputStream:75 - [STDERR_REDIRECT] 	at java.desktop/java.awt.Component.processEvent(Component.java:6386)
2025-12-11 11:48:18,607 [ERROR] LogOutputStream:75 - [STDERR_REDIRECT] 	at java.desktop/java.awt.Container.processEvent(Container.java:2266)
2025-12-11 11:48:18,607 [ERROR] LogOutputStream:75 - [STDERR_REDIRECT] 	at java.desktop/java.awt.Component.dispatchEventImpl(Component.java:4996)
2025-12-11 11:48:18,608 [ERROR] LogOutputStream:75 - [STDERR_REDIRECT] 	at java.desktop/java.awt.Container.dispatchEventImpl(Container.java:2324)
2025-12-11 11:48:18,609 [ERROR] LogOutputStream:75 - [STDERR_REDIRECT] 	at java.desktop/java.awt.Component.dispatchEvent(Component.java:4828)
2025-12-11 11:48:18,610 [ERROR] LogOutputStream:75 - [STDERR_REDIRECT] 	at java.desktop/javax.swing.plaf.basic.BasicTableUI$Handler.repostEvent(BasicTableUI.java:978)
2025-12-11 11:48:18,612 [ERROR] LogOutputStream:75 - [STDERR_REDIRECT] 	at java.desktop/javax.swing.plaf.basic.BasicTableUI$Handler.adjustSelection(BasicTableUI.java:1140)
2025-12-11 11:48:18,613 [ERROR] LogOutputStream:75 - [STDERR_REDIRECT] 	at java.desktop/javax.swing.plaf.basic.BasicTableUI$Handler.mousePressed(BasicTableUI.java:1068)
2025-12-11 11:48:18,614 [ERROR] LogOutputStream:75 - [STDERR_REDIRECT] 	at java.desktop/java.awt.AWTEventMulticaster.mousePressed(AWTEventMulticaster.java:288)
2025-12-11 11:48:18,616 [ERROR] LogOutputStream:75 - [STDERR_REDIRECT] 	at java.desktop/java.awt.AWTEventMulticaster.mousePressed(AWTEventMulticaster.java:287)
2025-12-11 11:48:18,617 [ERROR] LogOutputStream:75 - [STDERR_REDIRECT] 	at java.desktop/java.awt.AWTEventMulticaster.mousePressed(AWTEventMulticaster.java:287)
2025-12-11 11:48:18,618 [ERROR] LogOutputStream:75 - [STDERR_REDIRECT] 	at java.desktop/java.awt.AWTEventMulticaster.mousePressed(AWTEventMulticaster.java:287)
2025-12-11 11:48:18,620 [ERROR] LogOutputStream:75 - [STDERR_REDIRECT] 	at java.desktop/java.awt.Component.processMouseEvent(Component.java:6618)
2025-12-11 11:48:18,621 [ERROR] LogOutputStream:75 - [STDERR_REDIRECT] 	at java.desktop/javax.swing.JComponent.processMouseEvent(JComponent.java:3398)
2025-12-11 11:48:18,622 [ERROR] LogOutputStream:75 - [STDERR_REDIRECT] 	at java.desktop/java.awt.Component.processEvent(Component.java:6386)
2025-12-11 11:48:18,623 [ERROR] LogOutputStream:75 - [STDERR_REDIRECT] 	at java.desktop/java.awt.Container.processEvent(Container.java:2266)
2025-12-11 11:48:18,624 [ERROR] LogOutputStream:75 - [STDERR_REDIRECT] 	at java.desktop/java.awt.Component.dispatchEventImpl(Component.java:4996)
2025-12-11 11:48:18,626 [ERROR] LogOutputStream:75 - [STDERR_REDIRECT] 	at java.desktop/java.awt.Container.dispatchEventImpl(Container.java:2324)
2025-12-11 11:48:18,627 [ERROR] LogOutputStream:75 - [STDERR_REDIRECT] 	at java.desktop/java.awt.Component.dispatchEvent(Component.java:4828)
2025-12-11 11:48:18,628 [ERROR] LogOutputStream:75 - [STDERR_REDIRECT] 	at java.desktop/java.awt.LightweightDispatcher.retargetMouseEvent(Container.java:4948)
2025-12-11 11:48:18,630 [ERROR] LogOutputStream:75 - [STDERR_REDIRECT] 	at java.desktop/java.awt.LightweightDispatcher.processMouseEvent(Container.java:4572)
2025-12-11 11:48:18,631 [ERROR] LogOutputStream:75 - [STDERR_REDIRECT] 	at java.desktop/java.awt.LightweightDispatcher.dispatchEvent(Container.java:4516)
2025-12-11 11:48:18,632 [ERROR] LogOutputStream:75 - [STDERR_REDIRECT] 	at java.desktop/java.awt.Container.dispatchEventImpl(Container.java:2310)
2025-12-11 11:48:18,634 [ERROR] LogOutputStream:75 - [STDERR_REDIRECT] 	at java.desktop/java.awt.Component.dispatchEvent(Component.java:4828)
2025-12-11 11:48:18,636 [ERROR] LogOutputStream:75 - [STDERR_REDIRECT] 	at java.desktop/java.awt.EventQueue.dispatchEventImpl(EventQueue.java:775)
2025-12-11 11:48:18,637 [ERROR] LogOutputStream:75 - [STDERR_REDIRECT] 	at java.desktop/java.awt.EventQueue$4.run(EventQueue.java:720)
2025-12-11 11:48:18,638 [ERROR] LogOutputStream:75 - [STDERR_REDIRECT] 	at java.desktop/java.awt.EventQueue$4.run(EventQueue.java:714)
2025-12-11 11:48:18,639 [ERROR] LogOutputStream:75 - [STDERR_REDIRECT] 	at java.base/java.security.AccessController.doPrivileged(AccessController.java:400)
2025-12-11 11:48:18,641 [ERROR] LogOutputStream:75 - [STDERR_REDIRECT] 	at java.base/java.security.ProtectionDomain$JavaSecurityAccessImpl.doIntersectionPrivilege(ProtectionDomain.java:87)
2025-12-11 11:48:18,643 [ERROR] LogOutputStream:75 - [STDERR_REDIRECT] 	at java.base/java.security.ProtectionDomain$JavaSecurityAccessImpl.doIntersectionPrivilege(ProtectionDomain.java:98)
2025-12-11 11:48:18,644 [ERROR] LogOutputStream:75 - [STDERR_REDIRECT] 	at java.desktop/java.awt.EventQueue$5.run(EventQueue.java:747)
2025-12-11 11:48:18,645 [ERROR] LogOutputStream:75 - [STDERR_REDIRECT] 	at java.desktop/java.awt.EventQueue$5.run(EventQueue.java:745)
2025-12-11 11:48:18,646 [ERROR] LogOutputStream:75 - [STDERR_REDIRECT] 	at java.base/java.security.AccessController.doPrivileged(AccessController.java:400)
2025-12-11 11:48:18,647 [ERROR] LogOutputStream:75 - [STDERR_REDIRECT] 	at java.base/java.security.ProtectionDomain$JavaSecurityAccessImpl.doIntersectionPrivilege(ProtectionDomain.java:87)
2025-12-11 11:48:18,649 [ERROR] LogOutputStream:75 - [STDERR_REDIRECT] 	at java.desktop/java.awt.EventQueue.dispatchEvent(EventQueue.java:744)
2025-12-11 11:48:18,651 [ERROR] LogOutputStream:75 - [STDERR_REDIRECT] 	at java.desktop/java.awt.EventDispatchThread.pumpOneEventForFilters(EventDispatchThread.java:203)
2025-12-11 11:48:18,652 [ERROR] LogOutputStream:75 - [STDERR_REDIRECT] 	at java.desktop/java.awt.EventDispatchThread.pumpEventsForFilter(EventDispatchThread.java:124)
2025-12-11 11:48:18,654 [ERROR] LogOutputStream:75 - [STDERR_REDIRECT] 	at java.desktop/java.awt.EventDispatchThread.pumpEventsForHierarchy(EventDispatchThread.java:113)
2025-12-11 11:48:18,656 [ERROR] LogOutputStream:75 - [STDERR_REDIRECT] 	at java.desktop/java.awt.EventDispatchThread.pumpEvents(EventDispatchThread.java:109)
2025-12-11 11:48:18,657 [ERROR] LogOutputStream:75 - [STDERR_REDIRECT] 	at java.desktop/java.awt.EventDispatchThread.pumpEvents(EventDispatchThread.java:101)
2025-12-11 11:48:18,658 [ERROR] LogOutputStream:75 - [STDERR_REDIRECT] 	at java.desktop/java.awt.EventDispatchThread.run(EventDispatchThread.java:90)
2025-12-11 11:48:20,819 [INFO] WebApp:194 - Connection lost
2025-12-11 11:48:21,062 [INFO] WebApp:191 - Connection restablished
2025-12-11 11:48:37,552 [INFO] NvicIntPanel:101 - NVIC parent = com.st.microxplorer.plugins.ip.nvic.MultiNvicIntPanel[,0,0,0x0,invalid,layout=javax.swing.BoxLayout,alignmentX=0.0,alignmentY=0.0,border=,flags=9,maximumSize=,minimumSize=,preferredSize=]
2025-12-11 11:48:40,884 [INFO] NvicIntPanel:101 - NVIC parent = com.st.microxplorer.plugins.ip.nvic.MultiNvicIntPanel[,0,0,0x0,invalid,layout=javax.swing.BoxLayout,alignmentX=0.0,alignmentY=0.0,border=,flags=9,maximumSize=,minimumSize=,preferredSize=]
2025-12-11 11:48:52,417 [INFO] UtilMem:75 - End SaveConfig() Used Memory: 930517520 Bytes (1073741824)
2025-12-11 11:48:53,805 [INFO] UtilMem:75 - End SaveConfig() Used Memory: 954747840 Bytes (1073741824)
2025-12-11 11:48:55,080 [INFO] UtilMem:75 - End SaveConfig() Used Memory: 899157072 Bytes (1073741824)
2025-12-11 11:48:56,134 [INFO] BlockDiagram:2775 - set Specific Code input for plugin: TIM6_7G4
2025-12-11 11:48:56,135 [INFO] BlockDiagram:2775 - set Specific Code input for plugin: TIM1_8G4
2025-12-11 11:48:56,135 [INFO] BlockDiagram:2775 - set Specific Code input for plugin: TIM1_8G4
2025-12-11 11:48:56,135 [INFO] BlockDiagram:2775 - set Specific Code input for plugin: TIM1_8G4
2025-12-11 11:48:56,135 [INFO] BlockDiagram:2775 - set Specific Code input for plugin: SYS
2025-12-11 11:48:56,135 [INFO] BlockDiagram:2775 - set Specific Code input for plugin: ADC
2025-12-11 11:48:56,136 [INFO] BlockDiagram:2775 - set Specific Code input for plugin: RCC
2025-12-11 11:48:56,136 [INFO] BlockDiagram:2775 - set Specific Code input for plugin: NVIC
2025-12-11 11:48:56,136 [INFO] BlockDiagram:2775 - set Specific Code input for plugin: USART
2025-12-11 11:48:56,136 [INFO] BlockDiagram:2775 - set Specific Code input for plugin: DMA
2025-12-11 11:48:56,136 [INFO] BlockDiagram:2775 - set Specific Code input for plugin: GPIO
2025-12-11 11:48:56,138 [INFO] CodeGenerator:892 - code generatio: config db path: C:\ST\STM32CubeIDE_1.19.0\STM32CubeIDE\plugins\com.st.stm32cube.common.mx_6.15.0.202507011659\\db\
2025-12-11 11:48:56,594 [INFO] CodeEngine:265 - oldGeneratedFile, C:\STM32_projekti\STM32G491-FOC_Motor_Control\STM32G491-FOC_Motor_Control\PWM_output\MXTmpFiles\license.tmp_save
2025-12-11 11:48:57,342 [INFO] CodeEngine:289 - Generated code: C:\STM32_projekti\STM32G491-FOC_Motor_Control\STM32G491-FOC_Motor_Control\PWM_output\MXTmpFiles\license.tmp
2025-12-11 11:48:57,560 [INFO] CodeEngine:265 - oldGeneratedFile, C:\STM32_projekti\STM32G491-FOC_Motor_Control\STM32G491-FOC_Motor_Control\PWM_output\MXTmpFiles\gpio.tmp_save
2025-12-11 11:48:57,740 [INFO] CodeEngine:289 - Generated code: C:\STM32_projekti\STM32G491-FOC_Motor_Control\STM32G491-FOC_Motor_Control\PWM_output\MXTmpFiles\gpio.tmp
2025-12-11 11:48:58,592 [INFO] CodeEngine:265 - oldGeneratedFile, C:\STM32_projekti\STM32G491-FOC_Motor_Control\STM32G491-FOC_Motor_Control\PWM_output\MXTmpFiles\dma.tmp_save
2025-12-11 11:48:58,688 [INFO] CodeEngine:289 - Generated code: C:\STM32_projekti\STM32G491-FOC_Motor_Control\STM32G491-FOC_Motor_Control\PWM_output\MXTmpFiles\dma.tmp
2025-12-11 11:48:58,695 [INFO] CodeEngine:265 - oldGeneratedFile, C:\STM32_projekti\STM32G491-FOC_Motor_Control\STM32G491-FOC_Motor_Control\PWM_output\MXTmpFiles\dma_GV.tmp_save
2025-12-11 11:48:58,779 [INFO] CodeEngine:289 - Generated code: C:\STM32_projekti\STM32G491-FOC_Motor_Control\STM32G491-FOC_Motor_Control\PWM_output\MXTmpFiles\dma_GV.tmp
2025-12-11 11:48:58,807 [INFO] CodeEngine:265 - oldGeneratedFile, C:\STM32_projekti\STM32G491-FOC_Motor_Control\STM32G491-FOC_Motor_Control\PWM_output\Core\Src\stm32g4xx_it.c_save
2025-12-11 11:48:58,943 [INFO] CodeEngine:289 - Generated code: C:\STM32_projekti\STM32G491-FOC_Motor_Control\STM32G491-FOC_Motor_Control\PWM_output\Core\Src\stm32g4xx_it.c
2025-12-11 11:48:58,954 [INFO] CodeEngine:265 - oldGeneratedFile, C:\STM32_projekti\STM32G491-FOC_Motor_Control\STM32G491-FOC_Motor_Control\PWM_output\Core\Inc\stm32g4xx_it.h_save
2025-12-11 11:48:59,053 [INFO] CodeEngine:289 - Generated code: C:\STM32_projekti\STM32G491-FOC_Motor_Control\STM32G491-FOC_Motor_Control\PWM_output\Core\Inc\stm32g4xx_it.h
2025-12-11 11:48:59,087 [INFO] CodeEngine:265 - oldGeneratedFile, C:\STM32_projekti\STM32G491-FOC_Motor_Control\STM32G491-FOC_Motor_Control\PWM_output\Core\Src\stm32g4xx_hal_msp.c_save
2025-12-11 11:48:59,309 [INFO] CodeEngine:289 - Generated code: C:\STM32_projekti\STM32G491-FOC_Motor_Control\STM32G491-FOC_Motor_Control\PWM_output\Core\Src\stm32g4xx_hal_msp.c
2025-12-11 11:48:59,321 [INFO] CodeEngine:265 - oldGeneratedFile, C:\STM32_projekti\STM32G491-FOC_Motor_Control\STM32G491-FOC_Motor_Control\PWM_output\MXTmpFiles\system.tmp_save
2025-12-11 11:48:59,456 [INFO] CodeEngine:289 - Generated code: C:\STM32_projekti\STM32G491-FOC_Motor_Control\STM32G491-FOC_Motor_Control\PWM_output\MXTmpFiles\system.tmp
2025-12-11 11:48:59,485 [INFO] CodeEngine:321 - oldGeneratedFile, C:\STM32_projekti\STM32G491-FOC_Motor_Control\STM32G491-FOC_Motor_Control\PWM_output\Core\Inc\stm32g4xx_hal_conf.h_save
2025-12-11 11:48:59,644 [INFO] CodeEngine:345 - Generated code: C:\STM32_projekti\STM32G491-FOC_Motor_Control\STM32G491-FOC_Motor_Control\PWM_output\Core\Inc\stm32g4xx_hal_conf.h
2025-12-11 11:48:59,697 [WARN] IPConfigManager:3238 - Warning: the RefConfig RCC_CommonPeriphClockConfig is not available in your config.xml file
2025-12-11 11:48:59,720 [INFO] ApiDbMcu:532 - Load IP Config File for ADC1
2025-12-11 11:48:59,763 [INFO] ApiDbMcu:532 - Load IP Config File for TIM1
2025-12-11 11:48:59,801 [INFO] ApiDbMcu:532 - Load IP Config File for TIM2
2025-12-11 11:48:59,831 [INFO] ApiDbMcu:532 - Load IP Config File for TIM3
2025-12-11 11:48:59,864 [INFO] ApiDbMcu:532 - Load IP Config File for TIM7
2025-12-11 11:48:59,882 [INFO] ApiDbMcu:532 - Load IP Config File for USART2
2025-12-11 11:48:59,886 [INFO] ApiDbMcu:532 - Load IP Config File for RCC
2025-12-11 11:48:59,889 [WARN] IPConfigManager:3811 - IP not found : TIM
2025-12-11 11:48:59,892 [WARN] CodeGenerator:4259 - IP not found : null
2025-12-11 11:48:59,907 [INFO] CodeEngine:265 - oldGeneratedFile, C:\STM32_projekti\STM32G491-FOC_Motor_Control\STM32G491-FOC_Motor_Control\PWM_output\Core\Inc\main.h_save
2025-12-11 11:49:00,070 [INFO] CodeEngine:289 - Generated code: C:\STM32_projekti\STM32G491-FOC_Motor_Control\STM32G491-FOC_Motor_Control\PWM_output\Core\Inc\main.h
2025-12-11 11:49:00,083 [INFO] CodeEngine:265 - oldGeneratedFile, C:\STM32_projekti\STM32G491-FOC_Motor_Control\STM32G491-FOC_Motor_Control\PWM_output\Core\Src\main.c_save
2025-12-11 11:49:00,529 [INFO] CodeEngine:289 - Generated code: C:\STM32_projekti\STM32G491-FOC_Motor_Control\STM32G491-FOC_Motor_Control\PWM_output\Core\Src\main.c
2025-12-11 11:49:01,260 [INFO] ProjectBuilder:3606 - Time for Copy HAL[1] : 308mS.
2025-12-11 11:49:01,268 [INFO] ProjectBuilder:5216 - Project Generator version: 4.7.0-B52
2025-12-11 11:49:01,345 [INFO] ConfigFileManager:1595 - The Die is : DIE479
2025-12-11 11:49:01,356 [INFO] ApiDbMcu:532 - Load IP Config File for FATFS
2025-12-11 11:49:01,359 [INFO] ApiDbMcu:532 - Load IP Config File for FREERTOS
2025-12-11 11:49:01,366 [INFO] ApiDbMcu:532 - Load IP Config File for USBPD
2025-12-11 11:49:01,381 [INFO] ApiDbMcu:532 - Load IP Config File for USB_DEVICE
2025-12-11 11:49:01,789 [INFO] LogOutputStream:77 - [STDOUT_REDIRECT] 
2025-12-11 11:49:03,319 [INFO] ProjectBuilder:5496 - Time for Generating toolchain IDE Files: 2051mS.
2025-12-11 11:49:03,321 [INFO] ProjectBuilder:3463 - Time for Copy CMSIS : 1mS.
2025-12-11 11:49:03,327 [INFO] ProjectBuilder:3463 - Time for Copy CMSIS : 1mS.
2025-12-11 11:51:26,802 [INFO] WebApp:194 - Connection lost
2025-12-11 11:51:27,039 [INFO] WebApp:191 - Connection restablished
2025-12-11 11:54:32,334 [INFO] WebApp:194 - Connection lost
2025-12-11 11:54:32,580 [INFO] WebApp:191 - Connection restablished
2025-12-11 11:57:38,332 [INFO] WebApp:194 - Connection lost
2025-12-11 11:57:38,553 [INFO] WebApp:191 - Connection restablished
2025-12-11 12:00:43,325 [INFO] WebApp:194 - Connection lost
2025-12-11 12:00:43,597 [INFO] WebApp:191 - Connection restablished
2025-12-11 12:03:37,002 [INFO] MainUpdater:2872 - connection check result : 10
2025-12-11 12:03:37,003 [INFO] MainUpdater:2872 - connection check result : 10
2025-12-11 12:03:37,182 [INFO] MicroXplorer:468 - Change Database Path : 
2025-12-11 12:03:37,182 [INFO] MicroXplorer:498 - Change Database Version : DB.6.0.150
2025-12-11 12:03:37,227 [ERROR] ProjectManagerView:395 - 
java.lang.NullPointerException: Cannot invoke "javax.swing.JTextField.getText()" because the return value of "java.util.List.get(int)" is null
	at com.st.microxplorer.plugins.projectmanager.gui.ProjectChoiceTab$9.caretUpdate(ProjectChoiceTab.java:2706) ~[filemanager.jar:?]
	at javax.swing.text.JTextComponent.fireCaretUpdate(JTextComponent.java:408) ~[?:?]
	at javax.swing.text.JTextComponent$MutableCaretEvent.fire(JTextComponent.java:4484) ~[?:?]
	at javax.swing.text.JTextComponent$MutableCaretEvent.stateChanged(JTextComponent.java:4506) ~[?:?]
	at javax.swing.text.DefaultCaret.fireStateChanged(DefaultCaret.java:857) ~[?:?]
	at javax.swing.text.DefaultCaret.changeCaretPosition(DefaultCaret.java:1343) ~[?:?]
	at javax.swing.text.DefaultCaret.handleSetDot(DefaultCaret.java:1242) ~[?:?]
	at javax.swing.text.DefaultCaret.setDot(DefaultCaret.java:1223) ~[?:?]
	at javax.swing.text.DefaultCaret$Handler.insertUpdate(DefaultCaret.java:1819) ~[?:?]
	at javax.swing.text.AbstractDocument.fireInsertUpdate(AbstractDocument.java:227) ~[?:?]
	at javax.swing.text.AbstractDocument.handleInsertString(AbstractDocument.java:781) ~[?:?]
	at javax.swing.text.AbstractDocument.insertString(AbstractDocument.java:740) ~[?:?]
	at javax.swing.text.PlainDocument.insertString(PlainDocument.java:131) ~[?:?]
	at javax.swing.text.AbstractDocument.replace(AbstractDocument.java:699) ~[?:?]
	at javax.swing.text.JTextComponent.setText(JTextComponent.java:1725) ~[?:?]
	at com.st.microxplorer.plugins.projectmanager.gui.ProjectChoiceTab.createHeapStackFields(ProjectChoiceTab.java:993) ~[filemanager.jar:?]
	at com.st.microxplorer.plugins.projectmanager.gui.ProjectChoiceTab.buildLinkSettingsPanel(ProjectChoiceTab.java:3813) ~[filemanager.jar:?]
	at com.st.microxplorer.plugins.projectmanager.gui.ProjectChoiceTab.defineWindowsFields(ProjectChoiceTab.java:1987) ~[filemanager.jar:?]
	at com.st.microxplorer.plugins.projectmanager.gui.ProjectChoiceTab.updateSettings(ProjectChoiceTab.java:558) ~[filemanager.jar:?]
	at com.st.microxplorer.plugins.projectmanager.gui.ProjectSettingsPanel.UpdateDialog(ProjectSettingsPanel.java:247) ~[filemanager.jar:?]
	at com.st.microxplorer.plugins.projectmanager.ProjectManagerView.propertyChange(ProjectManagerView.java:392) ~[filemanager.jar:?]
	at java.beans.PropertyChangeSupport.fire(PropertyChangeSupport.java:343) ~[?:?]
	at java.beans.PropertyChangeSupport.firePropertyChange(PropertyChangeSupport.java:335) ~[?:?]
	at java.beans.PropertyChangeSupport.firePropertyChange(PropertyChangeSupport.java:268) ~[?:?]
	at com.st.microxplorer.util.MXPropertyChangeSupport.firePropertyChange(MXPropertyChangeSupport.java:54) ~[STM32CubeMX.jar:?]
	at com.st.microxplorer.mxsystem.MxSystem.closeConfig(MxSystem.java:899) ~[STM32CubeMX.jar:?]
	at com.st.microxplorer.maingui.MainPanel.closeConfig(MainPanel.java:792) ~[STM32CubeMX.jar:?]
	at com.st.microxplorer.plugins.filemanager.engine.OpenFileManager.loadConfigurationFile(OpenFileManager.java:288) ~[filemanager.jar:?]
	at com.st.microxplorer.plugins.filemanager.engine.MainFileManager.userLoadConfig(MainFileManager.java:364) ~[filemanager.jar:?]
	at com.st.microxplorer.plugins.filemanager.engine.MainFileManager.userLoadConfig(MainFileManager.java:342) ~[filemanager.jar:?]
	at com.st.microxplorer.plugins.filemanager.FileManagerView.getSpecificTask(FileManagerView.java:264) ~[filemanager.jar:?]
	at com.st.stm32cube.common.mx.editor.CubeMxEditor.getMxTabbedPaneInstance(CubeMxEditor.java:1198) ~[com.st.stm32cube.common.mx_6.15.0.202507011659/:?]
	at com.st.stm32cube.common.mx.editor.CubeMxEditor$12$1.createSwingComponent(CubeMxEditor.java:1068) ~[com.st.stm32cube.common.mx_6.15.0.202507011659/:?]
	at com.st.stm32cube.common.mx.oss.core.awtswtbridge.EmbeddedSwingComposite.doComponentCreation(EmbeddedSwingComposite.java:492) ~[com.st.stm32cube.common.mx.oss_6.15.0.202507011659/:?]
	at com.st.stm32cube.common.mx.oss.core.awtswtbridge.EmbeddedSwingComposite$4.run(EmbeddedSwingComposite.java:291) ~[com.st.stm32cube.common.mx.oss_6.15.0.202507011659/:?]
	at com.st.stm32cube.common.mx.oss.core.awtswtbridge.AwtEnvironment$2.run(AwtEnvironment.java:166) ~[com.st.stm32cube.common.mx.oss_6.15.0.202507011659/:?]
	at java.awt.event.InvocationEvent.dispatch(InvocationEvent.java:318) ~[?:?]
	at java.awt.EventQueue.dispatchEventImpl(EventQueue.java:773) ~[?:?]
	at java.awt.EventQueue$4.run(EventQueue.java:720) ~[?:?]
	at java.awt.EventQueue$4.run(EventQueue.java:714) ~[?:?]
	at java.security.AccessController.doPrivileged(AccessController.java:400) ~[?:?]
	at java.security.ProtectionDomain$JavaSecurityAccessImpl.doIntersectionPrivilege(ProtectionDomain.java:87) ~[?:?]
	at java.awt.EventQueue.dispatchEvent(EventQueue.java:742) ~[?:?]
	at java.awt.EventDispatchThread.pumpOneEventForFilters(EventDispatchThread.java:203) ~[?:?]
	at java.awt.EventDispatchThread.pumpEventsForFilter(EventDispatchThread.java:124) ~[?:?]
	at java.awt.EventDispatchThread.pumpEventsForHierarchy(EventDispatchThread.java:113) ~[?:?]
	at java.awt.EventDispatchThread.pumpEvents(EventDispatchThread.java:109) ~[?:?]
	at java.awt.EventDispatchThread.pumpEvents(EventDispatchThread.java:101) ~[?:?]
	at java.awt.EventDispatchThread.run(EventDispatchThread.java:90) ~[?:?]
2025-12-11 12:03:37,228 [WARN] ThirdParty:871 - waiting for thirdparty lock release [close project]
2025-12-11 12:03:37,228 [INFO] ThirdParty:873 - entering critical section [close project]
2025-12-11 12:03:37,229 [INFO] ThirdParty:883 - exiting critical section [close project]
2025-12-11 12:03:37,231 [INFO] PinOutPanel:1589 - setPackage(No Configuration,No Configuration)
2025-12-11 12:03:37,240 [INFO] UtilMem:75 - Begin LoadConfig() Used Memory: 881767416 Bytes (1073741824)
2025-12-11 12:03:37,241 [INFO] MicroXplorer:468 - Change Database Path : 
2025-12-11 12:03:37,242 [INFO] MicroXplorer:498 - Change Database Version : DB.6.0.150
2025-12-11 12:03:37,242 [INFO] OpenFileManager:355 - Change cursor
2025-12-11 12:03:37,331 [INFO] RulesReader:64 - Compatibility file has been processed (317 Rules)
2025-12-11 12:03:37,348 [INFO] Mcu:2029 - Initializing MCU STM32G491R(C-E)Tx STM32G491RETx STM32G491RET6
2025-12-11 12:03:42,501 [INFO] Context:786 - Trying to add GPIOservice into a context  which must be forbidden
2025-12-11 12:03:43,922 [INFO] ImportTextPane:234 - (OptionalMessage_ERROR) Pin8 (VP_RIF_VS_RIF1) cannot be retrieved for this MCU
2025-12-11 12:03:44,461 [INFO] RtosManager:558 - Registered RTOS mode: class=CMSIS, group=RTOS, mode=CMSIS_V1, owner=FREERTOS
2025-12-11 12:03:44,461 [INFO] RtosManager:558 - Registered RTOS mode: class=CMSIS, group=RTOS2, mode=CMSIS_V2, owner=FREERTOS
2025-12-11 12:03:44,461 [INFO] RtosManager:558 - Registered RTOS mode: class=RTOS, group=Core, mode=CMSIS_V1, owner=FREERTOS
2025-12-11 12:03:44,461 [INFO] RtosManager:558 - Registered RTOS mode: class=RTOS, group=Core, mode=CMSIS_V2, owner=FREERTOS
2025-12-11 12:03:44,461 [WARN] ModelIntegratedComponent:184 - Missing modes for component STMicroelectronics:FreeRTOS:0.0.1:STMicroelectronics:RTOS:FreeRTOS:Core:::10.2.0:
2025-12-11 12:03:44,469 [WARN] ModelIntegratedComponent:63 - No mode defined for component null
2025-12-11 12:03:44,469 [WARN] ModelIntegratedComponent:63 - No mode defined for component null
2025-12-11 12:03:44,469 [WARN] ModelIntegratedComponent:63 - No mode defined for component null
2025-12-11 12:03:44,469 [WARN] ModelIntegratedComponent:63 - No mode defined for component null
2025-12-11 12:03:44,470 [WARN] ModelIntegratedComponent:63 - No mode defined for component null
2025-12-11 12:03:44,470 [WARN] ModelIntegratedComponent:63 - No mode defined for component null
2025-12-11 12:03:44,470 [WARN] ModelIntegratedComponent:63 - No mode defined for component null
2025-12-11 12:03:44,470 [WARN] ModelIntegratedComponent:63 - No mode defined for component null
2025-12-11 12:03:44,470 [WARN] ModelIntegratedComponent:63 - No mode defined for component null
2025-12-11 12:03:44,470 [WARN] ModelIntegratedComponent:63 - No mode defined for component null
2025-12-11 12:03:44,471 [WARN] ModelIntegratedComponent:63 - No mode defined for component null
2025-12-11 12:03:44,471 [WARN] ModelIntegratedComponent:63 - No mode defined for component null
2025-12-11 12:03:44,471 [WARN] ModelIntegratedComponent:63 - No mode defined for component null
2025-12-11 12:03:44,471 [WARN] ModelIntegratedComponent:63 - No mode defined for component null
2025-12-11 12:03:44,471 [WARN] ModelIntegratedComponent:63 - No mode defined for component null
2025-12-11 12:03:44,471 [WARN] ModelIntegratedComponent:63 - No mode defined for component null
2025-12-11 12:03:44,471 [WARN] ModelIntegratedComponent:63 - No mode defined for component null
2025-12-11 12:03:44,472 [WARN] ModelIntegratedComponent:63 - No mode defined for component null
2025-12-11 12:03:44,472 [WARN] ModelIntegratedComponent:63 - No mode defined for component null
2025-12-11 12:03:44,472 [WARN] ModelIntegratedComponent:63 - No mode defined for component null
2025-12-11 12:03:44,472 [WARN] ModelIntegratedComponent:63 - No mode defined for component null
2025-12-11 12:03:44,472 [WARN] ModelIntegratedComponent:63 - No mode defined for component null
2025-12-11 12:03:44,473 [WARN] ModelIntegratedComponent:63 - No mode defined for component null
2025-12-11 12:03:44,473 [WARN] ModelIntegratedComponent:63 - No mode defined for component null
2025-12-11 12:03:44,473 [WARN] ModelIntegratedComponent:63 - No mode defined for component null
2025-12-11 12:03:44,473 [WARN] ModelIntegratedComponent:63 - No mode defined for component null
2025-12-11 12:03:44,474 [WARN] ModelIntegratedComponent:63 - No mode defined for component null
2025-12-11 12:03:44,474 [WARN] ModelIntegratedComponent:63 - No mode defined for component null
2025-12-11 12:03:44,474 [WARN] ModelIntegratedComponent:63 - No mode defined for component null
2025-12-11 12:03:44,474 [WARN] ModelIntegratedComponent:63 - No mode defined for component null
2025-12-11 12:03:44,474 [WARN] ModelIntegratedComponent:63 - No mode defined for component null
2025-12-11 12:03:44,474 [WARN] ModelIntegratedComponent:63 - No mode defined for component null
2025-12-11 12:03:44,474 [WARN] ModelIntegratedComponent:63 - No mode defined for component null
2025-12-11 12:03:44,474 [WARN] ModelIntegratedComponent:63 - No mode defined for component null
2025-12-11 12:03:44,474 [WARN] ModelIntegratedComponent:63 - No mode defined for component null
2025-12-11 12:03:44,475 [WARN] ModelPack:524 - Component already loaded: STMicroelectronics:HAL Drivers:0.0.0:STMicroelectronics:Device:STMicro_Driver:XSPI:HAL::0.0.1:HAL_XSPI
2025-12-11 12:03:45,232 [INFO] ThirdPartyModel:298 - Start build external matchings
2025-12-11 12:03:48,307 [INFO] WebApp:194 - Connection lost
2025-12-11 12:03:48,587 [INFO] WebApp:191 - Connection restablished
2025-12-11 12:03:57,876 [INFO] ThirdPartyModel:316 - End build external matchings
2025-12-11 12:03:58,920 [INFO] UtilMem:75 - End LoadConfig() Used Memory: 1033614792 Bytes (1073741824)
2025-12-11 12:03:59,004 [WARN] ThirdParty:833 - waiting for thirdparty lock release [change project]
2025-12-11 12:03:59,004 [INFO] ThirdParty:835 - entering critical section [change project]
2025-12-11 12:03:59,004 [INFO] ThirdParty:1030 - CMSIS Pack Vendor :STMicroelectronics USBPD 4.1
2025-12-11 12:03:59,004 [INFO] ThirdParty:1030 - CMSIS Pack Vendor :STMicroelectronics USB_HOST 2.0.0
2025-12-11 12:03:59,004 [INFO] ThirdParty:1030 - CMSIS Pack Vendor :STMicroelectronics FP-SNS-MOTENVWB1 1.4.0
2025-12-11 12:03:59,004 [INFO] ThirdParty:1030 - CMSIS Pack Vendor :STMicroelectronics FP-ATR-ASTRA1 2.0.2
2025-12-11 12:03:59,004 [INFO] ThirdParty:1030 - CMSIS Pack Vendor :STMicroelectronics FP-ATR-ASTRA1 2.0.1
2025-12-11 12:03:59,004 [INFO] ThirdParty:1030 - CMSIS Pack Vendor :STMicroelectronics X-CUBE-SMBUS 2.1.0
2025-12-11 12:03:59,004 [INFO] ThirdParty:1030 - CMSIS Pack Vendor :STMicroelectronics X-CUBE-WB05N 1.1.0
2025-12-11 12:03:59,005 [INFO] ThirdParty:1030 - CMSIS Pack Vendor :STMicroelectronics X-CUBE-TOUCHGFX 4.23.0
2025-12-11 12:03:59,005 [INFO] ThirdParty:1030 - CMSIS Pack Vendor :STMicroelectronics X-CUBE-TOUCHGFX 4.23.2
2025-12-11 12:03:59,005 [INFO] ThirdParty:1030 - CMSIS Pack Vendor :STMicroelectronics X-CUBE-AZRTOS-F7 1.1.0
2025-12-11 12:03:59,005 [INFO] ThirdParty:1030 - CMSIS Pack Vendor :STMicroelectronics USB_DEVICE 2.0.0
2025-12-11 12:03:59,005 [INFO] ThirdParty:1030 - CMSIS Pack Vendor :STMicroelectronics FP-SNS-MOTENV1 4.3.2
2025-12-11 12:03:59,005 [INFO] ThirdParty:1030 - CMSIS Pack Vendor :STMicroelectronics FP-SNS-MOTENV1 4.3.1
2025-12-11 12:03:59,005 [INFO] ThirdParty:1030 - CMSIS Pack Vendor :STMicroelectronics FP-SNS-FLIGHT1 5.0.1
2025-12-11 12:03:59,005 [INFO] ThirdParty:1030 - CMSIS Pack Vendor :STMicroelectronics X-CUBE-BLE1 6.2.3
2025-12-11 12:03:59,006 [INFO] ThirdParty:1030 - CMSIS Pack Vendor :STMicroelectronics X-CUBE-MEMS1 11.0.0
2025-12-11 12:03:59,007 [INFO] ThirdParty:1030 - CMSIS Pack Vendor :STMicroelectronics X-CUBE-BLE1 6.2.4
2025-12-11 12:03:59,010 [INFO] ThirdParty:1030 - CMSIS Pack Vendor :STMicroelectronics FP-SNS-MOTENV1 5.1.0
2025-12-11 12:03:59,014 [INFO] ThirdParty:1030 - CMSIS Pack Vendor :STMicroelectronics FreeRTOS 0.0.1
2025-12-11 12:03:59,014 [INFO] ThirdParty:1030 - CMSIS Pack Vendor :STMicroelectronics X-CUBE-BLE1 6.2.2
2025-12-11 12:03:59,014 [INFO] ThirdParty:1030 - CMSIS Pack Vendor :STMicroelectronics FP-SNS-FLIGHT1 5.0.2
2025-12-11 12:03:59,014 [INFO] ThirdParty:1030 - CMSIS Pack Vendor :STMicroelectronics X-CUBE-BLE2 3.2.2
2025-12-11 12:03:59,014 [INFO] ThirdParty:1030 - CMSIS Pack Vendor :STMicroelectronics X-CUBE-AZRTOS-H7 3.4.0
2025-12-11 12:03:59,014 [INFO] ThirdParty:1030 - CMSIS Pack Vendor :STMicroelectronics X-CUBE-DISPLAY 3.0.0
2025-12-11 12:03:59,014 [INFO] ThirdParty:1030 - CMSIS Pack Vendor :STMicroelectronics X-CUBE-BLE1 7.0.0
2025-12-11 12:03:59,015 [INFO] ThirdParty:1030 - CMSIS Pack Vendor :STMicroelectronics X-CUBE-NFC10 1.0.0
2025-12-11 12:03:59,015 [INFO] ThirdParty:1030 - CMSIS Pack Vendor :STMicroelectronics X-CUBE-BLEMGR 4.0.0
2025-12-11 12:03:59,015 [INFO] ThirdParty:1030 - CMSIS Pack Vendor :STMicroelectronics HAL Drivers 0.0.0
2025-12-11 12:03:59,015 [INFO] ThirdParty:1030 - CMSIS Pack Vendor :STMicroelectronics X-CUBE-ST60 1.1.0
2025-12-11 12:03:59,015 [INFO] ThirdParty:1030 - CMSIS Pack Vendor :STMicroelectronics X-CUBE-TOUCHGFX 4.22.0
2025-12-11 12:03:59,015 [INFO] ThirdParty:1030 - CMSIS Pack Vendor :STMicroelectronics X-CUBE-GNSS1 7.1.0
2025-12-11 12:03:59,015 [INFO] ThirdParty:1030 - CMSIS Pack Vendor :STMicroelectronics X-CUBE-TOUCHGFX 4.22.1
2025-12-11 12:03:59,015 [INFO] ThirdParty:1030 - CMSIS Pack Vendor :STMicroelectronics X-CUBE-SUBG2 4.2.0
2025-12-11 12:03:59,015 [INFO] ThirdParty:1030 - CMSIS Pack Vendor :STMicroelectronics X-CUBE-MEMS1 9.3.0
2025-12-11 12:03:59,015 [INFO] ThirdParty:1030 - CMSIS Pack Vendor :STMicroelectronics X-CUBE-AI 7.2.0
2025-12-11 12:03:59,016 [INFO] ThirdParty:1030 - CMSIS Pack Vendor :STMicroelectronics X-CUBE-BLEMGR 3.1.0
2025-12-11 12:03:59,016 [INFO] ThirdParty:1030 - CMSIS Pack Vendor :STMicroelectronics X-CUBE-AI 10.0.0
2025-12-11 12:03:59,018 [INFO] ThirdParty:1030 - CMSIS Pack Vendor :STMicroelectronics FP-SNS-STBOX1 2.1.0
2025-12-11 12:03:59,018 [INFO] ThirdParty:1030 - CMSIS Pack Vendor :STMicroelectronics FP-SNS-SMARTAG2 1.2.0
2025-12-11 12:03:59,018 [INFO] ThirdParty:1030 - CMSIS Pack Vendor :STMicroelectronics FP-SNS-FLIGHT1 5.1.0
2025-12-11 12:03:59,018 [INFO] ThirdParty:1030 - CMSIS Pack Vendor :STMicroelectronics X-CUBE-MEMS1 11.1.0
2025-12-11 12:03:59,019 [INFO] ThirdParty:1030 - CMSIS Pack Vendor :STMicroelectronics X-CUBE-AZRTOS-WL 2.0.0
2025-12-11 12:03:59,019 [INFO] ThirdParty:1030 - CMSIS Pack Vendor :STMicroelectronics X-CUBE-ALGOBUILD 1.2.1
2025-12-11 12:03:59,019 [INFO] ThirdParty:1030 - CMSIS Pack Vendor :STMicroelectronics FP-SNS-MOTENV1 5.0.0
2025-12-11 12:03:59,019 [INFO] ThirdParty:1030 - CMSIS Pack Vendor :STMicroelectronics X-CUBE-AZRTOS-H7RS 1.2.0
2025-12-11 12:03:59,019 [INFO] ThirdParty:1030 - CMSIS Pack Vendor :wolfSSL I-CUBE-wolfMQTT 1.19.0
2025-12-11 12:03:59,019 [INFO] ThirdParty:1030 - CMSIS Pack Vendor :STMicroelectronics ThreadX 0.0.2
2025-12-11 12:03:59,019 [INFO] ThirdParty:1030 - CMSIS Pack Vendor :WES I-CUBE-Cesium 1.3.0
2025-12-11 12:03:59,019 [INFO] ThirdParty:1030 - CMSIS Pack Vendor :STMicroelectronics X-CUBE-BLE2 3.3.0
2025-12-11 12:03:59,020 [INFO] ThirdParty:1030 - CMSIS Pack Vendor :Avnet-IOTCONNECT X-CUBE-iotc-st67-sdk 1.0.0
2025-12-11 12:03:59,020 [INFO] ThirdParty:1030 - CMSIS Pack Vendor :STMicroelectronics X-CUBE-DISPLAY 2.2.0
2025-12-11 12:03:59,020 [INFO] ThirdParty:1030 - CMSIS Pack Vendor :STMicroelectronics X-CUBE-TOF1 3.2.0
2025-12-11 12:03:59,020 [INFO] ThirdParty:1030 - CMSIS Pack Vendor :STMicroelectronics X-CUBE-TOUCHGFX 4.18.1
2025-12-11 12:03:59,020 [INFO] ThirdParty:1030 - CMSIS Pack Vendor :STMicroelectronics X-CUBE-ISPU 1.0.0
2025-12-11 12:03:59,020 [INFO] ThirdParty:1030 - CMSIS Pack Vendor :wolfSSL I-CUBE-wolfSSL 5.0.0
2025-12-11 12:03:59,021 [INFO] ThirdParty:1030 - CMSIS Pack Vendor :STMicroelectronics X-CUBE-NFC9 1.0.0
2025-12-11 12:03:59,021 [INFO] ThirdParty:1030 - CMSIS Pack Vendor :STMicroelectronics X-CUBE-AZRTOS-H7 2.1.0
2025-12-11 12:03:59,021 [INFO] ThirdParty:1030 - CMSIS Pack Vendor :STMicroelectronics X-CUBE-BLE1 7.1.0
2025-12-11 12:03:59,021 [INFO] ThirdParty:1030 - CMSIS Pack Vendor :STMicroelectronics USB_DEVICE 3.0.0
2025-12-11 12:03:59,021 [INFO] ThirdParty:1030 - CMSIS Pack Vendor :STMicroelectronics X-CUBE-TCPP 4.1.0
2025-12-11 12:03:59,021 [INFO] ThirdParty:1030 - CMSIS Pack Vendor :STMicroelectronics X-CUBE-FREERTOS 1.4.0
2025-12-11 12:03:59,022 [INFO] ThirdParty:1030 - CMSIS Pack Vendor :STMicroelectronics X-CUBE-EEPRMA1 5.2.0
2025-12-11 12:03:59,022 [INFO] ThirdParty:1030 - CMSIS Pack Vendor :STMicroelectronics X-CUBE-TOUCHGFX 4.21.1
2025-12-11 12:03:59,022 [INFO] ThirdParty:1030 - CMSIS Pack Vendor :STMicroelectronics X-CUBE-TOUCHGFX 4.21.0
2025-12-11 12:03:59,022 [INFO] ThirdParty:1030 - CMSIS Pack Vendor :STMicroelectronics X-CUBE-TOUCHGFX 4.21.3
2025-12-11 12:03:59,022 [INFO] ThirdParty:1030 - CMSIS Pack Vendor :STMicroelectronics X-CUBE-TOUCHGFX 4.21.4
2025-12-11 12:03:59,022 [INFO] ThirdParty:1030 - CMSIS Pack Vendor :STMicroelectronics X-CUBE-MEMS1 9.4.0
2025-12-11 12:03:59,022 [INFO] ThirdParty:1030 - CMSIS Pack Vendor :STMicroelectronics X-CUBE-AI 7.3.0
2025-12-11 12:03:59,022 [INFO] ThirdParty:1030 - CMSIS Pack Vendor :STMicroelectronics X-CUBE-ST67W61 1.1.0
2025-12-11 12:03:59,022 [INFO] ThirdParty:1030 - CMSIS Pack Vendor :STMicroelectronics X-CUBE-MEMS1 12.0.0
2025-12-11 12:03:59,022 [INFO] ThirdParty:1030 - CMSIS Pack Vendor :STMicroelectronics X-CUBE-ALGOBUILD 1.3.0
2025-12-11 12:03:59,022 [INFO] ThirdParty:1030 - CMSIS Pack Vendor :STMicroelectronics X-CUBE-AZRTOS-G0 1.1.0
2025-12-11 12:03:59,022 [INFO] ThirdParty:1030 - CMSIS Pack Vendor :STMicroelectronics X-CUBE-SAFEA1 1.2.2
2025-12-11 12:03:59,023 [INFO] ThirdParty:1030 - CMSIS Pack Vendor :STMicroelectronics X-CUBE-NFC4 3.0.0
2025-12-11 12:03:59,024 [INFO] ThirdParty:1030 - CMSIS Pack Vendor :SEGGER I-CUBE-embOS 1.2.0
2025-12-11 12:03:59,024 [INFO] ThirdParty:1030 - CMSIS Pack Vendor :wolfSSL I-CUBE-wolfMQTT 1.18.0
2025-12-11 12:03:59,024 [INFO] ThirdParty:1030 - CMSIS Pack Vendor :EmbeddedOffice I-CUBE-FS-RTOS 1.0.1
2025-12-11 12:03:59,024 [INFO] ThirdParty:1030 - CMSIS Pack Vendor :STMicroelectronics X-CUBE-WB05N 2.0.0
2025-12-11 12:03:59,024 [INFO] ThirdParty:1030 - CMSIS Pack Vendor :STMicroelectronics PDM2PCM 3.1.0
2025-12-11 12:03:59,024 [INFO] ThirdParty:1030 - CMSIS Pack Vendor :STMicroelectronics X-CUBE-BLEMGR 3.0.0
2025-12-11 12:03:59,024 [INFO] ThirdParty:1030 - CMSIS Pack Vendor :STMicroelectronics X-CUBE-BLEMGR 1.3.0
2025-12-11 12:03:59,026 [INFO] ThirdParty:1030 - CMSIS Pack Vendor :STMicroelectronics X-CUBE-TCPP 4.2.0
2025-12-11 12:03:59,026 [INFO] ThirdParty:1030 - CMSIS Pack Vendor :RealThread X-CUBE-RT-Thread_Nano 4.1.1
2025-12-11 12:03:59,026 [INFO] ThirdParty:1030 - CMSIS Pack Vendor :STMicroelectronics X-CUBE-AZRTOS-H7 2.0.0
2025-12-11 12:03:59,026 [INFO] ThirdParty:1030 - CMSIS Pack Vendor :STMicroelectronics FP-ATR-SIGFOX1 3.2.0
2025-12-11 12:03:59,026 [INFO] ThirdParty:1030 - CMSIS Pack Vendor :quantropi X-CUBE-qispace-sdk-base 1.9.3
2025-12-11 12:03:59,026 [INFO] ThirdParty:1030 - CMSIS Pack Vendor :STMicroelectronics X-CUBE-EEPRMA1 5.1.0
2025-12-11 12:03:59,026 [INFO] ThirdParty:1030 - CMSIS Pack Vendor :STMicroelectronics MBEDTLS 2.16.2
2025-12-11 12:03:59,026 [INFO] ThirdParty:1030 - CMSIS Pack Vendor :emotas I-CUBE-CANOPEN 1.1.2
2025-12-11 12:03:59,026 [INFO] ThirdParty:1030 - CMSIS Pack Vendor :STMicroelectronics X-CUBE-TOUCHGFX 4.20.0
2025-12-11 12:03:59,026 [INFO] ThirdParty:1030 - CMSIS Pack Vendor :STMicroelectronics X-CUBE-MEMS1 9.5.0
2025-12-11 12:03:59,027 [INFO] ThirdParty:1030 - CMSIS Pack Vendor :STMicroelectronics X-CUBE-AI 10.2.0
2025-12-11 12:03:59,027 [INFO] ThirdParty:1030 - CMSIS Pack Vendor :STMicroelectronics ThreadX 1.0.0
2025-12-11 12:03:59,027 [INFO] ThirdParty:1030 - CMSIS Pack Vendor :SEGGER I-CUBE-embOS 1.3.1
2025-12-11 12:03:59,027 [INFO] ThirdParty:1030 - CMSIS Pack Vendor :STMicroelectronics X-CUBE-ALGOBUILD 1.4.0
2025-12-11 12:03:59,027 [INFO] ThirdParty:1030 - CMSIS Pack Vendor :STMicroelectronics X-CUBE-MEMS1 11.3.0
2025-12-11 12:03:59,027 [INFO] ThirdParty:1030 - CMSIS Pack Vendor :STMicroelectronics X-CUBE-DISPLAY 2.0.0
2025-12-11 12:03:59,027 [INFO] ThirdParty:1030 - CMSIS Pack Vendor :STMicroelectronics X-CUBE-AI 9.1.0
2025-12-11 12:03:59,027 [INFO] ThirdParty:1030 - CMSIS Pack Vendor :STMicroelectronics X-CUBE-PM33A1 1.0.0
2025-12-11 12:03:59,027 [INFO] ThirdParty:1030 - CMSIS Pack Vendor :STMicroelectronics X-CUBE-GNSS1 6.0.0
2025-12-11 12:03:59,027 [INFO] ThirdParty:1030 - CMSIS Pack Vendor :STMicroelectronics X-CUBE-AZRTOS-F4 1.1.0
2025-12-11 12:03:59,027 [INFO] ThirdParty:1030 - CMSIS Pack Vendor :STMicroelectronics LIBJPEG 8.0.0
2025-12-11 12:03:59,027 [INFO] ThirdParty:1030 - CMSIS Pack Vendor :STMicroelectronics X-CUBE-ISPU 2.1.0
2025-12-11 12:03:59,027 [INFO] ThirdParty:1030 - CMSIS Pack Vendor :STMicroelectronics X-CUBE-IPS 3.2.0
2025-12-11 12:03:59,027 [INFO] ThirdParty:1030 - CMSIS Pack Vendor :STMicroelectronics X-CUBE-FREERTOS 1.2.0
2025-12-11 12:03:59,027 [INFO] ThirdParty:1030 - CMSIS Pack Vendor :STMicroelectronics X-CUBE-NFC12 1.0.0
2025-12-11 12:03:59,027 [INFO] ThirdParty:1030 - CMSIS Pack Vendor :STMicroelectronics X-CUBE-BLEMGR 1.2.0
2025-12-11 12:03:59,027 [INFO] ThirdParty:1030 - CMSIS Pack Vendor :STMicroelectronics X-CUBE-AZRTOS-L5 2.0.0
2025-12-11 12:03:59,027 [INFO] ThirdParty:1030 - CMSIS Pack Vendor :STMicroelectronics X-CUBE-MEMS1 9.6.0
2025-12-11 12:03:59,027 [INFO] ThirdParty:1030 - CMSIS Pack Vendor :STMicroelectronics X-CUBE-EEPRMA1 4.2.0
2025-12-11 12:03:59,027 [INFO] ThirdParty:1030 - CMSIS Pack Vendor :STMicroelectronics X-CUBE-NFC6 3.1.0
2025-12-11 12:03:59,027 [INFO] ThirdParty:1030 - CMSIS Pack Vendor :ITTIA_DB I-CUBE-ITTIADB 8.8.0
2025-12-11 12:03:59,029 [INFO] ThirdParty:1030 - CMSIS Pack Vendor :STMicroelectronics X-CUBE-BLEMGR 2.0.0
2025-12-11 12:03:59,029 [INFO] ThirdParty:1030 - CMSIS Pack Vendor :STMicroelectronics X-CUBE-DPower 1.2.0
2025-12-11 12:03:59,029 [INFO] ThirdParty:1030 - CMSIS Pack Vendor :STMicroelectronics X-CUBE-NFC4 2.0.5
2025-12-11 12:03:59,029 [INFO] ThirdParty:1030 - CMSIS Pack Vendor :STMicroelectronics X-CUBE-NFC4 2.0.4
2025-12-11 12:03:59,029 [INFO] ThirdParty:1030 - CMSIS Pack Vendor :STMicroelectronics X-CUBE-NFC4 2.0.3
2025-12-11 12:03:59,029 [INFO] ThirdParty:1030 - CMSIS Pack Vendor :STMicroelectronics X-CUBE-AI 9.0.0
2025-12-11 12:03:59,029 [INFO] ThirdParty:1030 - CMSIS Pack Vendor :STMicroelectronics X-CUBE-AZRTOS-H7 3.1.0
2025-12-11 12:03:59,029 [INFO] ThirdParty:1030 - CMSIS Pack Vendor :STMicroelectronics PDM2PCM 3.3.0
2025-12-11 12:03:59,029 [INFO] ThirdParty:1030 - CMSIS Pack Vendor :STMicroelectronics X-CUBE-SFXS2LP1 3.1.0
2025-12-11 12:03:59,029 [INFO] ThirdParty:1030 - CMSIS Pack Vendor :STMicroelectronics X-CUBE-AZRTOS-F4 1.0.0
2025-12-11 12:03:59,030 [INFO] ThirdParty:1030 - CMSIS Pack Vendor :STMicroelectronics X-CUBE-TOF1 2.0.0
2025-12-11 12:03:59,030 [INFO] ThirdParty:1030 - CMSIS Pack Vendor :STMicroelectronics X-CUBE-FREERTOS 1.3.1
2025-12-11 12:03:59,030 [INFO] ThirdParty:1030 - CMSIS Pack Vendor :STMicroelectronics X-CUBE-FREERTOS 1.3.0
2025-12-11 12:03:59,030 [INFO] ThirdParty:1030 - CMSIS Pack Vendor :STMicroelectronics X-CUBE-NFC7 1.0.1
2025-12-11 12:03:59,030 [INFO] ThirdParty:1030 - CMSIS Pack Vendor :STMicroelectronics MBEDTLS 2.14.1
2025-12-11 12:03:59,030 [INFO] ThirdParty:1030 - CMSIS Pack Vendor :STMicroelectronics X-CUBE-NFC7 1.0.0
2025-12-11 12:03:59,030 [INFO] ThirdParty:1030 - CMSIS Pack Vendor :wolfSSL I-CUBE-wolfTPM 3.2.0
2025-12-11 12:03:59,030 [INFO] ThirdParty:1030 - CMSIS Pack Vendor :STMicroelectronics X-CUBE-TOUCHGFX 4.26.0
2025-12-11 12:03:59,030 [INFO] ThirdParty:1030 - CMSIS Pack Vendor :STMicroelectronics X-CUBE-NFC6 3.0.0
2025-12-11 12:03:59,030 [INFO] ThirdParty:1030 - CMSIS Pack Vendor :STMicroelectronics X-CUBE-EEPRMA1 4.1.0
2025-12-11 12:03:59,031 [INFO] ThirdParty:1030 - CMSIS Pack Vendor :STMicroelectronics FP-SNS-STAIOTCFT 1.0.0
2025-12-11 12:03:59,031 [INFO] ThirdParty:1030 - CMSIS Pack Vendor :STMicroelectronics X-CUBE-DPower 1.3.0
2025-12-11 12:03:59,031 [INFO] ThirdParty:1030 - CMSIS Pack Vendor :STMicroelectronics USB_DEVICE 1.0.0
2025-12-11 12:03:59,031 [INFO] ThirdParty:1030 - CMSIS Pack Vendor :STMicroelectronics X-CUBE-AI 8.1.0
2025-12-11 12:03:59,031 [INFO] ThirdParty:1030 - CMSIS Pack Vendor :STMicroelectronics X-CUBE-AZRTOS-L4 2.0.0
2025-12-11 12:03:59,031 [INFO] ThirdParty:1030 - CMSIS Pack Vendor :STMicroelectronics lwIP 2.1.2
2025-12-11 12:03:59,031 [INFO] ThirdParty:1030 - CMSIS Pack Vendor :STMicroelectronics X-CUBE-SFXS2LP1 4.0.0
2025-12-11 12:03:59,031 [INFO] ThirdParty:1030 - CMSIS Pack Vendor :STMicroelectronics PDM2PCM 3.2.0
2025-12-11 12:03:59,032 [INFO] ThirdParty:1030 - CMSIS Pack Vendor :STMicroelectronics X-CUBE-AZRTOS-H7 3.0.0
2025-12-11 12:03:59,032 [INFO] ThirdParty:1030 - CMSIS Pack Vendor :STMicroelectronics X-CUBE-ISPU 1.1.0
2025-12-11 12:03:59,032 [INFO] ThirdParty:1030 - CMSIS Pack Vendor :STMicroelectronics X-CUBE-AZRTOS-H7 3.3.0
2025-12-11 12:03:59,032 [INFO] ThirdParty:1030 - CMSIS Pack Vendor :RoweBots I-CUBE-UNISONRTOS 5.5.0-4
2025-12-11 12:03:59,032 [INFO] ThirdParty:1030 - CMSIS Pack Vendor :STMicroelectronics X-CUBE-BLEMGR 4.1.0
2025-12-11 12:03:59,032 [INFO] ThirdParty:1030 - CMSIS Pack Vendor :STMicroelectronics X-CUBE-AI 8.0.0
2025-12-11 12:03:59,032 [INFO] ThirdParty:1030 - CMSIS Pack Vendor :STMicroelectronics X-CUBE-IPS 3.0.0
2025-12-11 12:03:59,032 [INFO] ThirdParty:1030 - CMSIS Pack Vendor :STMicroelectronics X-CUBE-AZRTOS-WB 2.0.0
2025-12-11 12:03:59,032 [INFO] ThirdParty:1030 - CMSIS Pack Vendor :STMicroelectronics X-CUBE-FREERTOS 1.0.0
2025-12-11 12:03:59,032 [INFO] ThirdParty:1030 - CMSIS Pack Vendor :STMicroelectronics X-CUBE-FREERTOS 1.0.1
2025-12-11 12:03:59,032 [INFO] ThirdParty:1030 - CMSIS Pack Vendor :STMicroelectronics X-CUBE-GNSS1 7.0.0
2025-12-11 12:03:59,033 [INFO] ThirdParty:1030 - CMSIS Pack Vendor :STMicroelectronics X-CUBE-GNSS1 7.0.1
2025-12-11 12:03:59,033 [INFO] ThirdParty:1030 - CMSIS Pack Vendor :STMicroelectronics FP-SNS-STBOX1 2.0.0
2025-12-11 12:03:59,033 [INFO] ThirdParty:1030 - CMSIS Pack Vendor :STMicroelectronics X-CUBE-AZRTOS-L5 1.1.0
2025-12-11 12:03:59,033 [INFO] ThirdParty:1030 - CMSIS Pack Vendor :STMicroelectronics X-CUBE-AI 8.0.1
2025-12-11 12:03:59,033 [INFO] ThirdParty:1030 - CMSIS Pack Vendor :STMicroelectronics X-CUBE-SUBG2 5.0.0
2025-12-11 12:03:59,033 [INFO] ThirdParty:1030 - CMSIS Pack Vendor :STMicroelectronics X-CUBE-AZRTOS-H7RS 1.1.0
2025-12-11 12:03:59,033 [INFO] ThirdParty:1030 - CMSIS Pack Vendor :STMicroelectronics STM32_WPAN 1.0.0
2025-12-11 12:03:59,033 [INFO] ThirdParty:1030 - CMSIS Pack Vendor :STMicroelectronics lwIP 2.0.3
2025-12-11 12:03:59,033 [INFO] ThirdParty:1030 - CMSIS Pack Vendor :STMicroelectronics USB_HOST 1.0.0
2025-12-11 12:03:59,033 [INFO] ThirdParty:1030 - CMSIS Pack Vendor :STMicroelectronics X-CUBE-AZRTOS-G4 2.0.0
2025-12-11 12:03:59,033 [INFO] ThirdParty:1030 - CMSIS Pack Vendor :STMicroelectronics X-CUBE-TOF1 3.3.0
2025-12-11 12:03:59,034 [INFO] ThirdParty:1030 - CMSIS Pack Vendor :STMicroelectronics FP-ATR-ASTRA1 1.1.1
2025-12-11 12:03:59,034 [INFO] ThirdParty:1030 - CMSIS Pack Vendor :Infineon AIROC-Wi-Fi-Bluetooth-STM32 1.5.1
2025-12-11 12:03:59,034 [INFO] ThirdParty:1030 - CMSIS Pack Vendor :STMicroelectronics X-CUBE-NFC7 2.0.0
2025-12-11 12:03:59,034 [INFO] ThirdParty:1030 - CMSIS Pack Vendor :STMicroelectronics FP-SNS-MOTENVWB1 1.3.1
2025-12-11 12:03:59,034 [INFO] ThirdParty:1030 - CMSIS Pack Vendor :STMicroelectronics X-CUBE-AZRTOS-G4 1.0.0
2025-12-11 12:03:59,034 [INFO] ThirdParty:1030 - CMSIS Pack Vendor :STMicroelectronics X-CUBE-AZRTOS-L4 1.0.0
2025-12-11 12:03:59,034 [INFO] ThirdParty:1030 - CMSIS Pack Vendor :STMicroelectronics X-CUBE-ISPU 2.0.0
2025-12-11 12:03:59,034 [INFO] ThirdParty:1030 - CMSIS Pack Vendor :STMicroelectronics X-CUBE-IPS 3.1.0
2025-12-11 12:03:59,034 [INFO] ThirdParty:1030 - CMSIS Pack Vendor :STMicroelectronics X-CUBE-ALS 1.0.2
2025-12-11 12:03:59,034 [INFO] ThirdParty:1030 - CMSIS Pack Vendor :STMicroelectronics X-CUBE-MEMS1 10.0.0
2025-12-11 12:03:59,034 [INFO] ThirdParty:1030 - CMSIS Pack Vendor :STMicroelectronics X-CUBE-FREERTOS 1.1.0
2025-12-11 12:03:59,034 [INFO] ThirdParty:1030 - CMSIS Pack Vendor :STMicroelectronics X-CUBE-TOUCHGFX 4.24.0
2025-12-11 12:03:59,034 [INFO] ThirdParty:1030 - CMSIS Pack Vendor :STMicroelectronics X-CUBE-AZRTOS-F7 1.0.0
2025-12-11 12:03:59,035 [INFO] ThirdParty:1030 - CMSIS Pack Vendor :STMicroelectronics X-CUBE-TOUCHGFX 4.24.2
2025-12-11 12:03:59,035 [INFO] ThirdParty:1030 - CMSIS Pack Vendor :STMicroelectronics X-CUBE-AZRTOS-WL 1.0.0
2025-12-11 12:03:59,035 [INFO] ThirdParty:1030 - CMSIS Pack Vendor :STMicroelectronics X-CUBE-TOUCHGFX 4.24.1
2025-12-11 12:03:59,035 [INFO] ThirdParty:1030 - CMSIS Pack Vendor :STMicroelectronics X-CUBE-STSE01 1.0.0
2025-12-11 12:03:59,035 [INFO] ThirdParty:1030 - CMSIS Pack Vendor :STMicroelectronics X-CUBE-MEMS1 9.1.0
2025-12-11 12:03:59,035 [INFO] ThirdParty:1030 - CMSIS Pack Vendor :portGmbH I-Cube-SoM-uGOAL 1.1.0
2025-12-11 12:03:59,035 [INFO] ThirdParty:1030 - CMSIS Pack Vendor :STMicroelectronics X-CUBE-ALS 1.0.1
2025-12-11 12:03:59,035 [INFO] ThirdParty:1030 - CMSIS Pack Vendor :STMicroelectronics X-CUBE-AI 7.0.0
2025-12-11 12:03:59,035 [INFO] ThirdParty:1030 - CMSIS Pack Vendor :STMicroelectronics X-CUBE-AZRTOS-WB 1.1.0
2025-12-11 12:03:59,035 [INFO] ThirdParty:1030 - CMSIS Pack Vendor :STMicroelectronics X-CUBE-AZRTOS-L5 1.0.0
2025-12-11 12:03:59,035 [INFO] ThirdParty:1030 - CMSIS Pack Vendor :STMicroelectronics X-CUBE-EEPRMA1 3.1.0
2025-12-11 12:03:59,035 [INFO] ThirdParty:1030 - CMSIS Pack Vendor :STMicroelectronics X-CUBE-EEPRMA1 3.1.1
2025-12-11 12:03:59,035 [INFO] ThirdParty:1030 - CMSIS Pack Vendor :STMicroelectronics X-CUBE-AZRTOS-H7RS 1.0.0
2025-12-11 12:03:59,036 [INFO] ThirdParty:1030 - CMSIS Pack Vendor :STMicroelectronics X-CUBE-GNSS1 5.2.0
2025-12-11 12:03:59,036 [INFO] ThirdParty:1030 - CMSIS Pack Vendor :STMicroelectronics FP-ATR-ASTRA1 2.0.0
2025-12-11 12:03:59,036 [INFO] ThirdParty:1030 - CMSIS Pack Vendor :STMicroelectronics X-CUBE-TOF1 3.4.2
2025-12-11 12:03:59,036 [INFO] ThirdParty:1030 - CMSIS Pack Vendor :STMicroelectronics X-CUBE-TOF1 3.4.3
2025-12-11 12:03:59,036 [INFO] ThirdParty:1030 - CMSIS Pack Vendor :STMicroelectronics X-CUBE-TOF1 3.4.0
2025-12-11 12:03:59,036 [INFO] ThirdParty:1030 - CMSIS Pack Vendor :STMicroelectronics X-CUBE-TOF1 3.4.1
2025-12-11 12:03:59,036 [INFO] ThirdParty:1030 - CMSIS Pack Vendor :STMicroelectronics X-CUBE-AZRTOS-H7 3.2.0
2025-12-11 12:03:59,036 [INFO] ThirdParty:1030 - CMSIS Pack Vendor :wolfSSL I-CUBE-wolfSSH 1.4.17
2025-12-11 12:03:59,036 [INFO] ThirdParty:841 - exiting critical section [change project]
2025-12-11 12:03:59,627 [INFO] PinOutPanel:1589 - setPackage(No Configuration,No Configuration)
2025-12-11 12:03:59,628 [INFO] PinOutPanel:1589 - setPackage(STM32G491RETx,LQFP64)
2025-12-11 12:04:00,067 [INFO] UtilMem:75 - Before build in PCC Used Memory: 905206792 Bytes (1073741824)
2025-12-11 12:04:00,720 [INFO] UtilMem:75 - After build in PCC Used Memory: 898056984 Bytes (1073741824)
2025-12-11 12:04:00,758 [INFO] IPUIPlugin:80 - create IPUIPlugin
2025-12-11 12:04:00,758 [INFO] IPUIPlugin:80 - create IPUIPlugin
2025-12-11 12:04:00,758 [INFO] IPUIPlugin:80 - create IPUIPlugin
2025-12-11 12:04:00,758 [INFO] IPUIPlugin:80 - create IPUIPlugin
2025-12-11 12:04:00,758 [INFO] IPUIPlugin:80 - create IPUIPlugin
2025-12-11 12:04:00,758 [INFO] IPUIPlugin:80 - create IPUIPlugin
2025-12-11 12:04:00,758 [INFO] IPUIPlugin:80 - create IPUIPlugin
2025-12-11 12:04:00,759 [INFO] IPUIPlugin:80 - create IPUIPlugin
2025-12-11 12:04:00,759 [INFO] IPUIPlugin:80 - create IPUIPlugin
2025-12-11 12:04:00,759 [INFO] IPUIPlugin:80 - create IPUIPlugin
2025-12-11 12:04:00,759 [INFO] IPUIPlugin:80 - create IPUIPlugin
2025-12-11 12:04:00,759 [INFO] IPUIPlugin:80 - create IPUIPlugin
2025-12-11 12:04:00,760 [INFO] IPUIPlugin:80 - create IPUIPlugin
2025-12-11 12:04:00,760 [INFO] IPUIPlugin:80 - create IPUIPlugin
2025-12-11 12:04:00,760 [INFO] IPUIPlugin:80 - create IPUIPlugin
2025-12-11 12:04:00,760 [INFO] IPUIPlugin:80 - create IPUIPlugin
2025-12-11 12:04:00,760 [INFO] IPUIPlugin:80 - create IPUIPlugin
2025-12-11 12:04:00,761 [INFO] IPUIPlugin:80 - create IPUIPlugin
2025-12-11 12:04:00,761 [INFO] IPUIPlugin:80 - create IPUIPlugin
2025-12-11 12:04:00,761 [INFO] IPUIPlugin:80 - create IPUIPlugin
2025-12-11 12:04:00,761 [INFO] IPUIPlugin:80 - create IPUIPlugin
2025-12-11 12:04:00,762 [INFO] IPUIPlugin:80 - create IPUIPlugin
2025-12-11 12:04:00,762 [INFO] IPUIPlugin:80 - create IPUIPlugin
2025-12-11 12:04:00,762 [INFO] IPUIPlugin:80 - create IPUIPlugin
2025-12-11 12:04:00,762 [INFO] IPUIPlugin:80 - create IPUIPlugin
2025-12-11 12:04:00,762 [INFO] IPUIPlugin:80 - create IPUIPlugin
2025-12-11 12:04:00,763 [INFO] IPUIPlugin:80 - create IPUIPlugin
2025-12-11 12:04:00,764 [INFO] IPUIPlugin:80 - create IPUIPlugin
2025-12-11 12:04:00,764 [INFO] IPUIPlugin:80 - create IPUIPlugin
2025-12-11 12:04:00,765 [INFO] IPUIPlugin:80 - create IPUIPlugin
2025-12-11 12:04:00,765 [INFO] IPUIPlugin:80 - create IPUIPlugin
2025-12-11 12:04:00,765 [INFO] IPUIPlugin:80 - create IPUIPlugin
2025-12-11 12:04:00,765 [INFO] IPUIPlugin:80 - create IPUIPlugin
2025-12-11 12:04:00,766 [INFO] IPUIPlugin:80 - create IPUIPlugin
2025-12-11 12:04:00,766 [INFO] IPUIPlugin:80 - create IPUIPlugin
2025-12-11 12:04:00,766 [INFO] IPUIPlugin:80 - create IPUIPlugin
2025-12-11 12:04:00,767 [INFO] IPUIPlugin:80 - create IPUIPlugin
2025-12-11 12:04:00,768 [INFO] IPUIPlugin:80 - create IPUIPlugin
2025-12-11 12:04:00,768 [INFO] IPUIPlugin:80 - create IPUIPlugin
2025-12-11 12:04:00,768 [INFO] IPUIPlugin:80 - create IPUIPlugin
2025-12-11 12:04:00,769 [INFO] IPUIPlugin:80 - create IPUIPlugin
2025-12-11 12:04:00,769 [INFO] IPUIPlugin:80 - create IPUIPlugin
2025-12-11 12:04:00,770 [INFO] IPUIPlugin:80 - create IPUIPlugin
2025-12-11 12:04:00,770 [INFO] IPUIPlugin:80 - create IPUIPlugin
2025-12-11 12:04:00,770 [INFO] IPUIPlugin:80 - create IPUIPlugin
2025-12-11 12:04:00,771 [INFO] IPUIPlugin:80 - create IPUIPlugin
2025-12-11 12:04:00,771 [INFO] IPUIPlugin:80 - create IPUIPlugin
2025-12-11 12:04:00,771 [INFO] IPUIPlugin:80 - create IPUIPlugin
2025-12-11 12:04:00,772 [INFO] IPUIPlugin:80 - create IPUIPlugin
2025-12-11 12:04:00,772 [INFO] IPUIPlugin:80 - create IPUIPlugin
2025-12-11 12:04:00,773 [INFO] IPUIPlugin:80 - create IPUIPlugin
2025-12-11 12:04:00,774 [INFO] IPUIPlugin:80 - create IPUIPlugin
2025-12-11 12:04:00,774 [INFO] IPUIPlugin:80 - create IPUIPlugin
2025-12-11 12:04:00,774 [INFO] IPUIPlugin:80 - create IPUIPlugin
2025-12-11 12:04:00,775 [INFO] IPUIPlugin:80 - create IPUIPlugin
2025-12-11 12:04:00,775 [INFO] IPUIPlugin:80 - create IPUIPlugin
2025-12-11 12:04:00,775 [INFO] IPUIPlugin:80 - create IPUIPlugin
2025-12-11 12:04:00,776 [INFO] IPUIPlugin:80 - create IPUIPlugin
2025-12-11 12:04:00,777 [INFO] IPUIPlugin:80 - create IPUIPlugin
2025-12-11 12:04:00,778 [INFO] IPUIPlugin:80 - create IPUIPlugin
2025-12-11 12:04:00,778 [INFO] IPUIPlugin:80 - create IPUIPlugin
2025-12-11 12:04:00,779 [INFO] IPUIPlugin:80 - create IPUIPlugin
2025-12-11 12:04:00,780 [INFO] IPUIPlugin:80 - create IPUIPlugin
2025-12-11 12:04:00,781 [INFO] IPUIPlugin:80 - create IPUIPlugin
2025-12-11 12:04:00,879 [INFO] CADModel:165 - CPN selected for project levelSTM32G491RET6
2025-12-11 12:04:00,879 [INFO] CADModel:114 - Register for checkConnection events
2025-12-11 12:04:00,970 [INFO] OpenFileManager:386 - Restore cursor
2025-12-11 12:04:12,763 [INFO] Gpio:278 - dependency for GPIO [TIM1, TIM2, USART2]
2025-12-11 12:04:24,840 [INFO] NvicIntPanel:101 - NVIC parent = com.st.microxplorer.plugins.ip.nvic.MultiNvicIntPanel[,2,27,757x287,layout=javax.swing.BoxLayout,alignmentX=0.0,alignmentY=0.0,border=,flags=9,maximumSize=,minimumSize=,preferredSize=]
2025-12-11 12:04:35,863 [INFO] MainUpdater:2872 - connection check result : 10
2025-12-11 12:04:35,863 [INFO] MainUpdater:2872 - connection check result : 10
2025-12-11 12:04:36,020 [INFO] MicroXplorer:468 - Change Database Path : 
2025-12-11 12:04:36,020 [INFO] MicroXplorer:498 - Change Database Version : DB.6.0.150
2025-12-11 12:04:36,059 [ERROR] ProjectManagerView:395 - 
java.lang.NullPointerException: Cannot invoke "javax.swing.JTextField.getText()" because the return value of "java.util.List.get(int)" is null
	at com.st.microxplorer.plugins.projectmanager.gui.ProjectChoiceTab$9.caretUpdate(ProjectChoiceTab.java:2706) ~[filemanager.jar:?]
	at javax.swing.text.JTextComponent.fireCaretUpdate(JTextComponent.java:408) ~[?:?]
	at javax.swing.text.JTextComponent$MutableCaretEvent.fire(JTextComponent.java:4484) ~[?:?]
	at javax.swing.text.JTextComponent$MutableCaretEvent.stateChanged(JTextComponent.java:4506) ~[?:?]
	at javax.swing.text.DefaultCaret.fireStateChanged(DefaultCaret.java:857) ~[?:?]
	at javax.swing.text.DefaultCaret.changeCaretPosition(DefaultCaret.java:1343) ~[?:?]
	at javax.swing.text.DefaultCaret.handleSetDot(DefaultCaret.java:1242) ~[?:?]
	at javax.swing.text.DefaultCaret.setDot(DefaultCaret.java:1223) ~[?:?]
	at javax.swing.text.DefaultCaret$Handler.insertUpdate(DefaultCaret.java:1819) ~[?:?]
	at javax.swing.text.AbstractDocument.fireInsertUpdate(AbstractDocument.java:227) ~[?:?]
	at javax.swing.text.AbstractDocument.handleInsertString(AbstractDocument.java:781) ~[?:?]
	at javax.swing.text.AbstractDocument.insertString(AbstractDocument.java:740) ~[?:?]
	at javax.swing.text.PlainDocument.insertString(PlainDocument.java:131) ~[?:?]
	at javax.swing.text.AbstractDocument.replace(AbstractDocument.java:699) ~[?:?]
	at javax.swing.text.JTextComponent.setText(JTextComponent.java:1725) ~[?:?]
	at com.st.microxplorer.plugins.projectmanager.gui.ProjectChoiceTab.createHeapStackFields(ProjectChoiceTab.java:993) ~[filemanager.jar:?]
	at com.st.microxplorer.plugins.projectmanager.gui.ProjectChoiceTab.buildLinkSettingsPanel(ProjectChoiceTab.java:3813) ~[filemanager.jar:?]
	at com.st.microxplorer.plugins.projectmanager.gui.ProjectChoiceTab.defineWindowsFields(ProjectChoiceTab.java:1987) ~[filemanager.jar:?]
	at com.st.microxplorer.plugins.projectmanager.gui.ProjectChoiceTab.updateSettings(ProjectChoiceTab.java:558) ~[filemanager.jar:?]
	at com.st.microxplorer.plugins.projectmanager.gui.ProjectSettingsPanel.UpdateDialog(ProjectSettingsPanel.java:247) ~[filemanager.jar:?]
	at com.st.microxplorer.plugins.projectmanager.ProjectManagerView.propertyChange(ProjectManagerView.java:392) ~[filemanager.jar:?]
	at java.beans.PropertyChangeSupport.fire(PropertyChangeSupport.java:343) ~[?:?]
	at java.beans.PropertyChangeSupport.firePropertyChange(PropertyChangeSupport.java:335) ~[?:?]
	at java.beans.PropertyChangeSupport.firePropertyChange(PropertyChangeSupport.java:268) ~[?:?]
	at com.st.microxplorer.util.MXPropertyChangeSupport.firePropertyChange(MXPropertyChangeSupport.java:54) ~[STM32CubeMX.jar:?]
	at com.st.microxplorer.mxsystem.MxSystem.closeConfig(MxSystem.java:899) ~[STM32CubeMX.jar:?]
	at com.st.microxplorer.maingui.MainPanel.closeConfig(MainPanel.java:792) ~[STM32CubeMX.jar:?]
	at com.st.microxplorer.plugins.filemanager.engine.OpenFileManager.loadConfigurationFile(OpenFileManager.java:288) ~[filemanager.jar:?]
	at com.st.microxplorer.plugins.filemanager.engine.MainFileManager.userLoadConfig(MainFileManager.java:364) ~[filemanager.jar:?]
	at com.st.microxplorer.plugins.filemanager.engine.MainFileManager.userLoadConfig(MainFileManager.java:342) ~[filemanager.jar:?]
	at com.st.microxplorer.plugins.filemanager.FileManagerView.getSpecificTask(FileManagerView.java:264) ~[filemanager.jar:?]
	at com.st.stm32cube.common.mx.editor.CubeMxEditor.getMxTabbedPaneInstance(CubeMxEditor.java:1198) ~[com.st.stm32cube.common.mx_6.15.0.202507011659/:?]
	at com.st.stm32cube.common.mx.editor.CubeMxEditor$12$1.createSwingComponent(CubeMxEditor.java:1068) ~[com.st.stm32cube.common.mx_6.15.0.202507011659/:?]
	at com.st.stm32cube.common.mx.oss.core.awtswtbridge.EmbeddedSwingComposite.doComponentCreation(EmbeddedSwingComposite.java:492) ~[com.st.stm32cube.common.mx.oss_6.15.0.202507011659/:?]
	at com.st.stm32cube.common.mx.oss.core.awtswtbridge.EmbeddedSwingComposite$4.run(EmbeddedSwingComposite.java:291) ~[com.st.stm32cube.common.mx.oss_6.15.0.202507011659/:?]
	at com.st.stm32cube.common.mx.oss.core.awtswtbridge.AwtEnvironment$2.run(AwtEnvironment.java:166) ~[com.st.stm32cube.common.mx.oss_6.15.0.202507011659/:?]
	at java.awt.event.InvocationEvent.dispatch(InvocationEvent.java:318) ~[?:?]
	at java.awt.EventQueue.dispatchEventImpl(EventQueue.java:773) ~[?:?]
	at java.awt.EventQueue$4.run(EventQueue.java:720) ~[?:?]
	at java.awt.EventQueue$4.run(EventQueue.java:714) ~[?:?]
	at java.security.AccessController.doPrivileged(AccessController.java:400) ~[?:?]
	at java.security.ProtectionDomain$JavaSecurityAccessImpl.doIntersectionPrivilege(ProtectionDomain.java:87) ~[?:?]
	at java.awt.EventQueue.dispatchEvent(EventQueue.java:742) ~[?:?]
	at java.awt.EventDispatchThread.pumpOneEventForFilters(EventDispatchThread.java:203) ~[?:?]
	at java.awt.EventDispatchThread.pumpEventsForFilter(EventDispatchThread.java:124) ~[?:?]
	at java.awt.EventDispatchThread.pumpEventsForHierarchy(EventDispatchThread.java:113) ~[?:?]
	at java.awt.EventDispatchThread.pumpEvents(EventDispatchThread.java:109) ~[?:?]
	at java.awt.EventDispatchThread.pumpEvents(EventDispatchThread.java:101) ~[?:?]
	at java.awt.EventDispatchThread.run(EventDispatchThread.java:90) ~[?:?]
2025-12-11 12:04:36,061 [WARN] ThirdParty:871 - waiting for thirdparty lock release [close project]
2025-12-11 12:04:36,061 [INFO] ThirdParty:873 - entering critical section [close project]
2025-12-11 12:04:36,061 [INFO] ThirdParty:883 - exiting critical section [close project]
2025-12-11 12:04:36,064 [INFO] PinOutPanel:1589 - setPackage(No Configuration,No Configuration)
2025-12-11 12:04:36,072 [INFO] UtilMem:75 - Begin LoadConfig() Used Memory: 850446232 Bytes (1073741824)
2025-12-11 12:04:36,073 [INFO] MicroXplorer:468 - Change Database Path : 
2025-12-11 12:04:36,074 [INFO] MicroXplorer:498 - Change Database Version : DB.6.0.150
2025-12-11 12:04:36,074 [INFO] OpenFileManager:355 - Change cursor
2025-12-11 12:04:36,118 [INFO] Mcu:2029 - Initializing MCU STM32G491R(C-E)Tx STM32G491RETx STM32G491RET3
2025-12-11 12:04:41,660 [INFO] Context:786 - Trying to add GPIOservice into a context  which must be forbidden
2025-12-11 12:04:42,784 [INFO] ImportTextPane:234 - (OptionalMessage_ERROR) Pin29 (VP_RIF_VS_RIF1) cannot be retrieved for this MCU
2025-12-11 12:04:43,293 [INFO] RtosManager:558 - Registered RTOS mode: class=CMSIS, group=RTOS, mode=CMSIS_V1, owner=FREERTOS
2025-12-11 12:04:43,294 [INFO] RtosManager:558 - Registered RTOS mode: class=CMSIS, group=RTOS2, mode=CMSIS_V2, owner=FREERTOS
2025-12-11 12:04:43,294 [INFO] RtosManager:558 - Registered RTOS mode: class=RTOS, group=Core, mode=CMSIS_V1, owner=FREERTOS
2025-12-11 12:04:43,294 [INFO] RtosManager:558 - Registered RTOS mode: class=RTOS, group=Core, mode=CMSIS_V2, owner=FREERTOS
2025-12-11 12:04:43,294 [WARN] ModelIntegratedComponent:184 - Missing modes for component STMicroelectronics:FreeRTOS:0.0.1:STMicroelectronics:RTOS:FreeRTOS:Core:::10.2.0:
2025-12-11 12:04:43,300 [WARN] ModelIntegratedComponent:63 - No mode defined for component null
2025-12-11 12:04:43,300 [WARN] ModelIntegratedComponent:63 - No mode defined for component null
2025-12-11 12:04:43,301 [WARN] ModelIntegratedComponent:63 - No mode defined for component null
2025-12-11 12:04:43,301 [WARN] ModelIntegratedComponent:63 - No mode defined for component null
2025-12-11 12:04:43,301 [WARN] ModelIntegratedComponent:63 - No mode defined for component null
2025-12-11 12:04:43,301 [WARN] ModelIntegratedComponent:63 - No mode defined for component null
2025-12-11 12:04:43,301 [WARN] ModelIntegratedComponent:63 - No mode defined for component null
2025-12-11 12:04:43,301 [WARN] ModelIntegratedComponent:63 - No mode defined for component null
2025-12-11 12:04:43,301 [WARN] ModelIntegratedComponent:63 - No mode defined for component null
2025-12-11 12:04:43,301 [WARN] ModelIntegratedComponent:63 - No mode defined for component null
2025-12-11 12:04:43,301 [WARN] ModelIntegratedComponent:63 - No mode defined for component null
2025-12-11 12:04:43,302 [WARN] ModelIntegratedComponent:63 - No mode defined for component null
2025-12-11 12:04:43,302 [WARN] ModelIntegratedComponent:63 - No mode defined for component null
2025-12-11 12:04:43,302 [WARN] ModelIntegratedComponent:63 - No mode defined for component null
2025-12-11 12:04:43,302 [WARN] ModelIntegratedComponent:63 - No mode defined for component null
2025-12-11 12:04:43,302 [WARN] ModelIntegratedComponent:63 - No mode defined for component null
2025-12-11 12:04:43,302 [WARN] ModelIntegratedComponent:63 - No mode defined for component null
2025-12-11 12:04:43,302 [WARN] ModelIntegratedComponent:63 - No mode defined for component null
2025-12-11 12:04:43,302 [WARN] ModelIntegratedComponent:63 - No mode defined for component null
2025-12-11 12:04:43,302 [WARN] ModelIntegratedComponent:63 - No mode defined for component null
2025-12-11 12:04:43,302 [WARN] ModelIntegratedComponent:63 - No mode defined for component null
2025-12-11 12:04:43,302 [WARN] ModelIntegratedComponent:63 - No mode defined for component null
2025-12-11 12:04:43,303 [WARN] ModelIntegratedComponent:63 - No mode defined for component null
2025-12-11 12:04:43,303 [WARN] ModelIntegratedComponent:63 - No mode defined for component null
2025-12-11 12:04:43,303 [WARN] ModelIntegratedComponent:63 - No mode defined for component null
2025-12-11 12:04:43,303 [WARN] ModelIntegratedComponent:63 - No mode defined for component null
2025-12-11 12:04:43,303 [WARN] ModelIntegratedComponent:63 - No mode defined for component null
2025-12-11 12:04:43,303 [WARN] ModelIntegratedComponent:63 - No mode defined for component null
2025-12-11 12:04:43,303 [WARN] ModelIntegratedComponent:63 - No mode defined for component null
2025-12-11 12:04:43,303 [WARN] ModelIntegratedComponent:63 - No mode defined for component null
2025-12-11 12:04:43,303 [WARN] ModelIntegratedComponent:63 - No mode defined for component null
2025-12-11 12:04:43,303 [WARN] ModelIntegratedComponent:63 - No mode defined for component null
2025-12-11 12:04:43,303 [WARN] ModelIntegratedComponent:63 - No mode defined for component null
2025-12-11 12:04:43,303 [WARN] ModelIntegratedComponent:63 - No mode defined for component null
2025-12-11 12:04:43,303 [WARN] ModelIntegratedComponent:63 - No mode defined for component null
2025-12-11 12:04:43,303 [WARN] ModelPack:524 - Component already loaded: STMicroelectronics:HAL Drivers:0.0.0:STMicroelectronics:Device:STMicro_Driver:XSPI:HAL::0.0.1:HAL_XSPI
2025-12-11 12:04:43,963 [INFO] ThirdPartyModel:298 - Start build external matchings
2025-12-11 12:04:51,502 [INFO] ThirdPartyModel:316 - End build external matchings
2025-12-11 12:04:51,755 [INFO] ImportTextPane:234 - (OptionalMessage_ERROR) IP (ADC1) : Parameter (CommonPathInternal) has invalid value (null|null|null|null)
2025-12-11 12:04:51,755 [INFO] ImportTextPane:234 - (OptionalMessage_ERROR) IP (DMA) : Parameter (Instance) has Id (ADC1) currently not set
2025-12-11 12:04:51,755 [INFO] ImportTextPane:234 - (OptionalMessage_ERROR) IP (DMA) : Parameter (Request) has Id (ADC1) currently not set
2025-12-11 12:04:51,756 [INFO] ImportTextPane:234 - (OptionalMessage_ERROR) IP (DMA) : Parameter (Direction) has Id (ADC1) currently not set
2025-12-11 12:04:51,756 [INFO] ImportTextPane:234 - (OptionalMessage_ERROR) IP (DMA) : Parameter (PeriphInc) has Id (ADC1) currently not set
2025-12-11 12:04:51,756 [INFO] ImportTextPane:234 - (OptionalMessage_ERROR) IP (DMA) : Parameter (MemInc) has Id (ADC1) currently not set
2025-12-11 12:04:51,756 [INFO] ImportTextPane:234 - (OptionalMessage_ERROR) IP (DMA) : Parameter (PeriphDataAlignment) has Id (ADC1) currently not set
2025-12-11 12:04:51,756 [INFO] ImportTextPane:234 - (OptionalMessage_ERROR) IP (DMA) : Parameter (MemDataAlignment) has Id (ADC1) currently not set
2025-12-11 12:04:51,756 [INFO] ImportTextPane:234 - (OptionalMessage_ERROR) IP (DMA) : Parameter (Mode) has Id (ADC1) currently not set
2025-12-11 12:04:51,756 [INFO] ImportTextPane:234 - (OptionalMessage_ERROR) IP (DMA) : Parameter (Priority) has Id (ADC1) currently not set
2025-12-11 12:04:51,756 [INFO] ImportTextPane:234 - (OptionalMessage_ERROR) IP (DMA) : Parameter (SignalID) has Id (ADC1) currently not set
2025-12-11 12:04:51,756 [INFO] ImportTextPane:234 - (OptionalMessage_ERROR) IP (DMA) : Parameter (Polarity) has Id (ADC1) currently not set
2025-12-11 12:04:51,756 [INFO] ImportTextPane:234 - (OptionalMessage_ERROR) IP (DMA) : Parameter (RequestNumber) has Id (ADC1) currently not set
2025-12-11 12:04:51,757 [INFO] ImportTextPane:234 - (OptionalMessage_ERROR) IP (DMA) : Parameter (SyncSignalID) has Id (ADC1) currently not set
2025-12-11 12:04:51,757 [INFO] ImportTextPane:234 - (OptionalMessage_ERROR) IP (DMA) : Parameter (SyncPolarity) has Id (ADC1) currently not set
2025-12-11 12:04:51,757 [INFO] ImportTextPane:234 - (OptionalMessage_ERROR) IP (DMA) : Parameter (SyncEnable) has Id (ADC1) currently not set
2025-12-11 12:04:51,757 [INFO] ImportTextPane:234 - (OptionalMessage_ERROR) IP (DMA) : Parameter (EventEnable) has Id (ADC1) currently not set
2025-12-11 12:04:51,757 [INFO] ImportTextPane:234 - (OptionalMessage_ERROR) IP (DMA) : Parameter (SyncRequestNumber) has Id (ADC1) currently not set
2025-12-11 12:04:51,758 [INFO] ImportTextPane:234 - (OptionalMessage_ERROR) IP (RCC) : Invalid parameter (FamilyName)
2025-12-11 12:04:51,758 [INFO] ImportTextPane:234 - (OptionalMessage_ERROR) IP (RCC) : Parameter (HRTIM1Freq_Value) has invalid value (16000000)
2025-12-11 12:04:52,399 [INFO] UtilMem:75 - End LoadConfig() Used Memory: 1061056848 Bytes (1073741824)
2025-12-11 12:04:52,506 [WARN] ThirdParty:833 - waiting for thirdparty lock release [change project]
2025-12-11 12:04:52,507 [INFO] ThirdParty:835 - entering critical section [change project]
2025-12-11 12:04:52,507 [INFO] ThirdParty:1030 - CMSIS Pack Vendor :STMicroelectronics USBPD 4.1
2025-12-11 12:04:52,507 [INFO] ThirdParty:1030 - CMSIS Pack Vendor :STMicroelectronics USB_HOST 2.0.0
2025-12-11 12:04:52,507 [INFO] ThirdParty:1030 - CMSIS Pack Vendor :STMicroelectronics FP-SNS-MOTENVWB1 1.4.0
2025-12-11 12:04:52,507 [INFO] ThirdParty:1030 - CMSIS Pack Vendor :STMicroelectronics FP-ATR-ASTRA1 2.0.2
2025-12-11 12:04:52,507 [INFO] ThirdParty:1030 - CMSIS Pack Vendor :STMicroelectronics FP-ATR-ASTRA1 2.0.1
2025-12-11 12:04:52,507 [INFO] ThirdParty:1030 - CMSIS Pack Vendor :STMicroelectronics X-CUBE-SMBUS 2.1.0
2025-12-11 12:04:52,507 [INFO] ThirdParty:1030 - CMSIS Pack Vendor :STMicroelectronics X-CUBE-WB05N 1.1.0
2025-12-11 12:04:52,507 [INFO] ThirdParty:1030 - CMSIS Pack Vendor :STMicroelectronics X-CUBE-TOUCHGFX 4.23.0
2025-12-11 12:04:52,507 [INFO] ThirdParty:1030 - CMSIS Pack Vendor :STMicroelectronics X-CUBE-TOUCHGFX 4.23.2
2025-12-11 12:04:52,507 [INFO] ThirdParty:1030 - CMSIS Pack Vendor :STMicroelectronics X-CUBE-AZRTOS-F7 1.1.0
2025-12-11 12:04:52,508 [INFO] ThirdParty:1030 - CMSIS Pack Vendor :STMicroelectronics USB_DEVICE 2.0.0
2025-12-11 12:04:52,508 [INFO] ThirdParty:1030 - CMSIS Pack Vendor :STMicroelectronics FP-SNS-MOTENV1 4.3.2
2025-12-11 12:04:52,508 [INFO] ThirdParty:1030 - CMSIS Pack Vendor :STMicroelectronics FP-SNS-MOTENV1 4.3.1
2025-12-11 12:04:52,508 [INFO] ThirdParty:1030 - CMSIS Pack Vendor :STMicroelectronics FP-SNS-FLIGHT1 5.0.1
2025-12-11 12:04:52,508 [INFO] ThirdParty:1030 - CMSIS Pack Vendor :STMicroelectronics X-CUBE-BLE1 6.2.3
2025-12-11 12:04:52,508 [INFO] ThirdParty:1030 - CMSIS Pack Vendor :STMicroelectronics X-CUBE-MEMS1 11.0.0
2025-12-11 12:04:52,508 [INFO] ThirdParty:1030 - CMSIS Pack Vendor :STMicroelectronics X-CUBE-BLE1 6.2.4
2025-12-11 12:04:52,508 [INFO] ThirdParty:1030 - CMSIS Pack Vendor :STMicroelectronics FP-SNS-MOTENV1 5.1.0
2025-12-11 12:04:52,508 [INFO] ThirdParty:1030 - CMSIS Pack Vendor :STMicroelectronics FreeRTOS 0.0.1
2025-12-11 12:04:52,508 [INFO] ThirdParty:1030 - CMSIS Pack Vendor :STMicroelectronics X-CUBE-BLE1 6.2.2
2025-12-11 12:04:52,508 [INFO] ThirdParty:1030 - CMSIS Pack Vendor :STMicroelectronics FP-SNS-FLIGHT1 5.0.2
2025-12-11 12:04:52,508 [INFO] ThirdParty:1030 - CMSIS Pack Vendor :STMicroelectronics X-CUBE-BLE2 3.2.2
2025-12-11 12:04:52,508 [INFO] ThirdParty:1030 - CMSIS Pack Vendor :STMicroelectronics X-CUBE-AZRTOS-H7 3.4.0
2025-12-11 12:04:52,508 [INFO] ThirdParty:1030 - CMSIS Pack Vendor :STMicroelectronics X-CUBE-DISPLAY 3.0.0
2025-12-11 12:04:52,508 [INFO] ThirdParty:1030 - CMSIS Pack Vendor :STMicroelectronics X-CUBE-BLE1 7.0.0
2025-12-11 12:04:52,508 [INFO] ThirdParty:1030 - CMSIS Pack Vendor :STMicroelectronics X-CUBE-NFC10 1.0.0
2025-12-11 12:04:52,508 [INFO] ThirdParty:1030 - CMSIS Pack Vendor :STMicroelectronics X-CUBE-BLEMGR 4.0.0
2025-12-11 12:04:52,509 [INFO] ThirdParty:1030 - CMSIS Pack Vendor :STMicroelectronics HAL Drivers 0.0.0
2025-12-11 12:04:52,509 [INFO] ThirdParty:1030 - CMSIS Pack Vendor :STMicroelectronics X-CUBE-ST60 1.1.0
2025-12-11 12:04:52,509 [INFO] ThirdParty:1030 - CMSIS Pack Vendor :STMicroelectronics X-CUBE-TOUCHGFX 4.22.0
2025-12-11 12:04:52,509 [INFO] ThirdParty:1030 - CMSIS Pack Vendor :STMicroelectronics X-CUBE-GNSS1 7.1.0
2025-12-11 12:04:52,509 [INFO] ThirdParty:1030 - CMSIS Pack Vendor :STMicroelectronics X-CUBE-TOUCHGFX 4.22.1
2025-12-11 12:04:52,509 [INFO] ThirdParty:1030 - CMSIS Pack Vendor :STMicroelectronics X-CUBE-SUBG2 4.2.0
2025-12-11 12:04:52,509 [INFO] ThirdParty:1030 - CMSIS Pack Vendor :STMicroelectronics X-CUBE-MEMS1 9.3.0
2025-12-11 12:04:52,509 [INFO] ThirdParty:1030 - CMSIS Pack Vendor :STMicroelectronics X-CUBE-AI 7.2.0
2025-12-11 12:04:52,509 [INFO] ThirdParty:1030 - CMSIS Pack Vendor :STMicroelectronics X-CUBE-BLEMGR 3.1.0
2025-12-11 12:04:52,510 [INFO] ThirdParty:1030 - CMSIS Pack Vendor :STMicroelectronics X-CUBE-AI 10.0.0
2025-12-11 12:04:52,511 [INFO] ThirdParty:1030 - CMSIS Pack Vendor :STMicroelectronics FP-SNS-STBOX1 2.1.0
2025-12-11 12:04:52,512 [INFO] ThirdParty:1030 - CMSIS Pack Vendor :STMicroelectronics FP-SNS-SMARTAG2 1.2.0
2025-12-11 12:04:52,512 [INFO] ThirdParty:1030 - CMSIS Pack Vendor :STMicroelectronics FP-SNS-FLIGHT1 5.1.0
2025-12-11 12:04:52,512 [INFO] ThirdParty:1030 - CMSIS Pack Vendor :STMicroelectronics X-CUBE-MEMS1 11.1.0
2025-12-11 12:04:52,512 [INFO] ThirdParty:1030 - CMSIS Pack Vendor :STMicroelectronics X-CUBE-AZRTOS-WL 2.0.0
2025-12-11 12:04:52,513 [INFO] ThirdParty:1030 - CMSIS Pack Vendor :STMicroelectronics X-CUBE-ALGOBUILD 1.2.1
2025-12-11 12:04:52,513 [INFO] ThirdParty:1030 - CMSIS Pack Vendor :STMicroelectronics FP-SNS-MOTENV1 5.0.0
2025-12-11 12:04:52,513 [INFO] ThirdParty:1030 - CMSIS Pack Vendor :STMicroelectronics X-CUBE-AZRTOS-H7RS 1.2.0
2025-12-11 12:04:52,513 [INFO] ThirdParty:1030 - CMSIS Pack Vendor :wolfSSL I-CUBE-wolfMQTT 1.19.0
2025-12-11 12:04:52,513 [INFO] ThirdParty:1030 - CMSIS Pack Vendor :STMicroelectronics ThreadX 0.0.2
2025-12-11 12:04:52,513 [INFO] ThirdParty:1030 - CMSIS Pack Vendor :WES I-CUBE-Cesium 1.3.0
2025-12-11 12:04:52,513 [INFO] ThirdParty:1030 - CMSIS Pack Vendor :STMicroelectronics X-CUBE-BLE2 3.3.0
2025-12-11 12:04:52,513 [INFO] ThirdParty:1030 - CMSIS Pack Vendor :Avnet-IOTCONNECT X-CUBE-iotc-st67-sdk 1.0.0
2025-12-11 12:04:52,513 [INFO] ThirdParty:1030 - CMSIS Pack Vendor :STMicroelectronics X-CUBE-DISPLAY 2.2.0
2025-12-11 12:04:52,513 [INFO] ThirdParty:1030 - CMSIS Pack Vendor :STMicroelectronics X-CUBE-TOF1 3.2.0
2025-12-11 12:04:52,514 [INFO] ThirdParty:1030 - CMSIS Pack Vendor :STMicroelectronics X-CUBE-TOUCHGFX 4.18.1
2025-12-11 12:04:52,514 [INFO] ThirdParty:1030 - CMSIS Pack Vendor :STMicroelectronics X-CUBE-ISPU 1.0.0
2025-12-11 12:04:52,514 [INFO] ThirdParty:1030 - CMSIS Pack Vendor :wolfSSL I-CUBE-wolfSSL 5.0.0
2025-12-11 12:04:52,514 [INFO] ThirdParty:1030 - CMSIS Pack Vendor :STMicroelectronics X-CUBE-NFC9 1.0.0
2025-12-11 12:04:52,514 [INFO] ThirdParty:1030 - CMSIS Pack Vendor :STMicroelectronics X-CUBE-AZRTOS-H7 2.1.0
2025-12-11 12:04:52,514 [INFO] ThirdParty:1030 - CMSIS Pack Vendor :STMicroelectronics X-CUBE-BLE1 7.1.0
2025-12-11 12:04:52,514 [INFO] ThirdParty:1030 - CMSIS Pack Vendor :STMicroelectronics USB_DEVICE 3.0.0
2025-12-11 12:04:52,514 [INFO] ThirdParty:1030 - CMSIS Pack Vendor :STMicroelectronics X-CUBE-TCPP 4.1.0
2025-12-11 12:04:52,514 [INFO] ThirdParty:1030 - CMSIS Pack Vendor :STMicroelectronics X-CUBE-FREERTOS 1.4.0
2025-12-11 12:04:52,514 [INFO] ThirdParty:1030 - CMSIS Pack Vendor :STMicroelectronics X-CUBE-EEPRMA1 5.2.0
2025-12-11 12:04:52,514 [INFO] ThirdParty:1030 - CMSIS Pack Vendor :STMicroelectronics X-CUBE-TOUCHGFX 4.21.1
2025-12-11 12:04:52,515 [INFO] ThirdParty:1030 - CMSIS Pack Vendor :STMicroelectronics X-CUBE-TOUCHGFX 4.21.0
2025-12-11 12:04:52,515 [INFO] ThirdParty:1030 - CMSIS Pack Vendor :STMicroelectronics X-CUBE-TOUCHGFX 4.21.3
2025-12-11 12:04:52,515 [INFO] ThirdParty:1030 - CMSIS Pack Vendor :STMicroelectronics X-CUBE-TOUCHGFX 4.21.4
2025-12-11 12:04:52,515 [INFO] ThirdParty:1030 - CMSIS Pack Vendor :STMicroelectronics X-CUBE-MEMS1 9.4.0
2025-12-11 12:04:52,515 [INFO] ThirdParty:1030 - CMSIS Pack Vendor :STMicroelectronics X-CUBE-AI 7.3.0
2025-12-11 12:04:52,515 [INFO] ThirdParty:1030 - CMSIS Pack Vendor :STMicroelectronics X-CUBE-ST67W61 1.1.0
2025-12-11 12:04:52,515 [INFO] ThirdParty:1030 - CMSIS Pack Vendor :STMicroelectronics X-CUBE-MEMS1 12.0.0
2025-12-11 12:04:52,517 [INFO] ThirdParty:1030 - CMSIS Pack Vendor :STMicroelectronics X-CUBE-ALGOBUILD 1.3.0
2025-12-11 12:04:52,517 [INFO] ThirdParty:1030 - CMSIS Pack Vendor :STMicroelectronics X-CUBE-AZRTOS-G0 1.1.0
2025-12-11 12:04:52,517 [INFO] ThirdParty:1030 - CMSIS Pack Vendor :STMicroelectronics X-CUBE-SAFEA1 1.2.2
2025-12-11 12:04:52,517 [INFO] ThirdParty:1030 - CMSIS Pack Vendor :STMicroelectronics X-CUBE-NFC4 3.0.0
2025-12-11 12:04:52,517 [INFO] ThirdParty:1030 - CMSIS Pack Vendor :SEGGER I-CUBE-embOS 1.2.0
2025-12-11 12:04:52,517 [INFO] ThirdParty:1030 - CMSIS Pack Vendor :wolfSSL I-CUBE-wolfMQTT 1.18.0
2025-12-11 12:04:52,517 [INFO] ThirdParty:1030 - CMSIS Pack Vendor :EmbeddedOffice I-CUBE-FS-RTOS 1.0.1
2025-12-11 12:04:52,517 [INFO] ThirdParty:1030 - CMSIS Pack Vendor :STMicroelectronics X-CUBE-WB05N 2.0.0
2025-12-11 12:04:52,517 [INFO] ThirdParty:1030 - CMSIS Pack Vendor :STMicroelectronics PDM2PCM 3.1.0
2025-12-11 12:04:52,517 [INFO] ThirdParty:1030 - CMSIS Pack Vendor :STMicroelectronics X-CUBE-BLEMGR 3.0.0
2025-12-11 12:04:52,517 [INFO] ThirdParty:1030 - CMSIS Pack Vendor :STMicroelectronics X-CUBE-BLEMGR 1.3.0
2025-12-11 12:04:52,517 [INFO] ThirdParty:1030 - CMSIS Pack Vendor :STMicroelectronics X-CUBE-TCPP 4.2.0
2025-12-11 12:04:52,517 [INFO] ThirdParty:1030 - CMSIS Pack Vendor :RealThread X-CUBE-RT-Thread_Nano 4.1.1
2025-12-11 12:04:52,517 [INFO] ThirdParty:1030 - CMSIS Pack Vendor :STMicroelectronics X-CUBE-AZRTOS-H7 2.0.0
2025-12-11 12:04:52,517 [INFO] ThirdParty:1030 - CMSIS Pack Vendor :STMicroelectronics FP-ATR-SIGFOX1 3.2.0
2025-12-11 12:04:52,517 [INFO] ThirdParty:1030 - CMSIS Pack Vendor :quantropi X-CUBE-qispace-sdk-base 1.9.3
2025-12-11 12:04:52,517 [INFO] ThirdParty:1030 - CMSIS Pack Vendor :STMicroelectronics X-CUBE-EEPRMA1 5.1.0
2025-12-11 12:04:52,517 [INFO] ThirdParty:1030 - CMSIS Pack Vendor :STMicroelectronics MBEDTLS 2.16.2
2025-12-11 12:04:52,517 [INFO] ThirdParty:1030 - CMSIS Pack Vendor :emotas I-CUBE-CANOPEN 1.1.2
2025-12-11 12:04:52,517 [INFO] ThirdParty:1030 - CMSIS Pack Vendor :STMicroelectronics X-CUBE-TOUCHGFX 4.20.0
2025-12-11 12:04:52,517 [INFO] ThirdParty:1030 - CMSIS Pack Vendor :STMicroelectronics X-CUBE-MEMS1 9.5.0
2025-12-11 12:04:52,518 [INFO] ThirdParty:1030 - CMSIS Pack Vendor :STMicroelectronics X-CUBE-AI 10.2.0
2025-12-11 12:04:52,518 [INFO] ThirdParty:1030 - CMSIS Pack Vendor :STMicroelectronics ThreadX 1.0.0
2025-12-11 12:04:52,518 [INFO] ThirdParty:1030 - CMSIS Pack Vendor :SEGGER I-CUBE-embOS 1.3.1
2025-12-11 12:04:52,518 [INFO] ThirdParty:1030 - CMSIS Pack Vendor :STMicroelectronics X-CUBE-ALGOBUILD 1.4.0
2025-12-11 12:04:52,518 [INFO] ThirdParty:1030 - CMSIS Pack Vendor :STMicroelectronics X-CUBE-MEMS1 11.3.0
2025-12-11 12:04:52,518 [INFO] ThirdParty:1030 - CMSIS Pack Vendor :STMicroelectronics X-CUBE-DISPLAY 2.0.0
2025-12-11 12:04:52,518 [INFO] ThirdParty:1030 - CMSIS Pack Vendor :STMicroelectronics X-CUBE-AI 9.1.0
2025-12-11 12:04:52,518 [INFO] ThirdParty:1030 - CMSIS Pack Vendor :STMicroelectronics X-CUBE-PM33A1 1.0.0
2025-12-11 12:04:52,518 [INFO] ThirdParty:1030 - CMSIS Pack Vendor :STMicroelectronics X-CUBE-GNSS1 6.0.0
2025-12-11 12:04:52,518 [INFO] ThirdParty:1030 - CMSIS Pack Vendor :STMicroelectronics X-CUBE-AZRTOS-F4 1.1.0
2025-12-11 12:04:52,518 [INFO] ThirdParty:1030 - CMSIS Pack Vendor :STMicroelectronics LIBJPEG 8.0.0
2025-12-11 12:04:52,518 [INFO] ThirdParty:1030 - CMSIS Pack Vendor :STMicroelectronics X-CUBE-ISPU 2.1.0
2025-12-11 12:04:52,518 [INFO] ThirdParty:1030 - CMSIS Pack Vendor :STMicroelectronics X-CUBE-IPS 3.2.0
2025-12-11 12:04:52,518 [INFO] ThirdParty:1030 - CMSIS Pack Vendor :STMicroelectronics X-CUBE-FREERTOS 1.2.0
2025-12-11 12:04:52,519 [INFO] ThirdParty:1030 - CMSIS Pack Vendor :STMicroelectronics X-CUBE-NFC12 1.0.0
2025-12-11 12:04:52,519 [INFO] ThirdParty:1030 - CMSIS Pack Vendor :STMicroelectronics X-CUBE-BLEMGR 1.2.0
2025-12-11 12:04:52,519 [INFO] ThirdParty:1030 - CMSIS Pack Vendor :STMicroelectronics X-CUBE-AZRTOS-L5 2.0.0
2025-12-11 12:04:52,519 [INFO] ThirdParty:1030 - CMSIS Pack Vendor :STMicroelectronics X-CUBE-MEMS1 9.6.0
2025-12-11 12:04:52,519 [INFO] ThirdParty:1030 - CMSIS Pack Vendor :STMicroelectronics X-CUBE-EEPRMA1 4.2.0
2025-12-11 12:04:52,519 [INFO] ThirdParty:1030 - CMSIS Pack Vendor :STMicroelectronics X-CUBE-NFC6 3.1.0
2025-12-11 12:04:52,519 [INFO] ThirdParty:1030 - CMSIS Pack Vendor :ITTIA_DB I-CUBE-ITTIADB 8.8.0
2025-12-11 12:04:52,521 [INFO] ThirdParty:1030 - CMSIS Pack Vendor :STMicroelectronics X-CUBE-BLEMGR 2.0.0
2025-12-11 12:04:52,521 [INFO] ThirdParty:1030 - CMSIS Pack Vendor :STMicroelectronics X-CUBE-DPower 1.2.0
2025-12-11 12:04:52,521 [INFO] ThirdParty:1030 - CMSIS Pack Vendor :STMicroelectronics X-CUBE-NFC4 2.0.5
2025-12-11 12:04:52,522 [INFO] ThirdParty:1030 - CMSIS Pack Vendor :STMicroelectronics X-CUBE-NFC4 2.0.4
2025-12-11 12:04:52,522 [INFO] ThirdParty:1030 - CMSIS Pack Vendor :STMicroelectronics X-CUBE-NFC4 2.0.3
2025-12-11 12:04:52,522 [INFO] ThirdParty:1030 - CMSIS Pack Vendor :STMicroelectronics X-CUBE-AI 9.0.0
2025-12-11 12:04:52,522 [INFO] ThirdParty:1030 - CMSIS Pack Vendor :STMicroelectronics X-CUBE-AZRTOS-H7 3.1.0
2025-12-11 12:04:52,522 [INFO] ThirdParty:1030 - CMSIS Pack Vendor :STMicroelectronics PDM2PCM 3.3.0
2025-12-11 12:04:52,523 [INFO] ThirdParty:1030 - CMSIS Pack Vendor :STMicroelectronics X-CUBE-SFXS2LP1 3.1.0
2025-12-11 12:04:52,523 [INFO] ThirdParty:1030 - CMSIS Pack Vendor :STMicroelectronics X-CUBE-AZRTOS-F4 1.0.0
2025-12-11 12:04:52,523 [INFO] ThirdParty:1030 - CMSIS Pack Vendor :STMicroelectronics X-CUBE-TOF1 2.0.0
2025-12-11 12:04:52,524 [INFO] ThirdParty:1030 - CMSIS Pack Vendor :STMicroelectronics X-CUBE-FREERTOS 1.3.1
2025-12-11 12:04:52,524 [INFO] ThirdParty:1030 - CMSIS Pack Vendor :STMicroelectronics X-CUBE-FREERTOS 1.3.0
2025-12-11 12:04:52,524 [INFO] ThirdParty:1030 - CMSIS Pack Vendor :STMicroelectronics X-CUBE-NFC7 1.0.1
2025-12-11 12:04:52,524 [INFO] ThirdParty:1030 - CMSIS Pack Vendor :STMicroelectronics MBEDTLS 2.14.1
2025-12-11 12:04:52,524 [INFO] ThirdParty:1030 - CMSIS Pack Vendor :STMicroelectronics X-CUBE-NFC7 1.0.0
2025-12-11 12:04:52,524 [INFO] ThirdParty:1030 - CMSIS Pack Vendor :wolfSSL I-CUBE-wolfTPM 3.2.0
2025-12-11 12:04:52,524 [INFO] ThirdParty:1030 - CMSIS Pack Vendor :STMicroelectronics X-CUBE-TOUCHGFX 4.26.0
2025-12-11 12:04:52,524 [INFO] ThirdParty:1030 - CMSIS Pack Vendor :STMicroelectronics X-CUBE-NFC6 3.0.0
2025-12-11 12:04:52,524 [INFO] ThirdParty:1030 - CMSIS Pack Vendor :STMicroelectronics X-CUBE-EEPRMA1 4.1.0
2025-12-11 12:04:52,524 [INFO] ThirdParty:1030 - CMSIS Pack Vendor :STMicroelectronics FP-SNS-STAIOTCFT 1.0.0
2025-12-11 12:04:52,524 [INFO] ThirdParty:1030 - CMSIS Pack Vendor :STMicroelectronics X-CUBE-DPower 1.3.0
2025-12-11 12:04:52,524 [INFO] ThirdParty:1030 - CMSIS Pack Vendor :STMicroelectronics USB_DEVICE 1.0.0
2025-12-11 12:04:52,524 [INFO] ThirdParty:1030 - CMSIS Pack Vendor :STMicroelectronics X-CUBE-AI 8.1.0
2025-12-11 12:04:52,524 [INFO] ThirdParty:1030 - CMSIS Pack Vendor :STMicroelectronics X-CUBE-AZRTOS-L4 2.0.0
2025-12-11 12:04:52,524 [INFO] ThirdParty:1030 - CMSIS Pack Vendor :STMicroelectronics lwIP 2.1.2
2025-12-11 12:04:52,524 [INFO] ThirdParty:1030 - CMSIS Pack Vendor :STMicroelectronics X-CUBE-SFXS2LP1 4.0.0
2025-12-11 12:04:52,524 [INFO] ThirdParty:1030 - CMSIS Pack Vendor :STMicroelectronics PDM2PCM 3.2.0
2025-12-11 12:04:52,524 [INFO] ThirdParty:1030 - CMSIS Pack Vendor :STMicroelectronics X-CUBE-AZRTOS-H7 3.0.0
2025-12-11 12:04:52,524 [INFO] ThirdParty:1030 - CMSIS Pack Vendor :STMicroelectronics X-CUBE-ISPU 1.1.0
2025-12-11 12:04:52,524 [INFO] ThirdParty:1030 - CMSIS Pack Vendor :STMicroelectronics X-CUBE-AZRTOS-H7 3.3.0
2025-12-11 12:04:52,524 [INFO] ThirdParty:1030 - CMSIS Pack Vendor :RoweBots I-CUBE-UNISONRTOS 5.5.0-4
2025-12-11 12:04:52,524 [INFO] ThirdParty:1030 - CMSIS Pack Vendor :STMicroelectronics X-CUBE-BLEMGR 4.1.0
2025-12-11 12:04:52,524 [INFO] ThirdParty:1030 - CMSIS Pack Vendor :STMicroelectronics X-CUBE-AI 8.0.0
2025-12-11 12:04:52,524 [INFO] ThirdParty:1030 - CMSIS Pack Vendor :STMicroelectronics X-CUBE-IPS 3.0.0
2025-12-11 12:04:52,524 [INFO] ThirdParty:1030 - CMSIS Pack Vendor :STMicroelectronics X-CUBE-AZRTOS-WB 2.0.0
2025-12-11 12:04:52,524 [INFO] ThirdParty:1030 - CMSIS Pack Vendor :STMicroelectronics X-CUBE-FREERTOS 1.0.0
2025-12-11 12:04:52,526 [INFO] ThirdParty:1030 - CMSIS Pack Vendor :STMicroelectronics X-CUBE-FREERTOS 1.0.1
2025-12-11 12:04:52,526 [INFO] ThirdParty:1030 - CMSIS Pack Vendor :STMicroelectronics X-CUBE-GNSS1 7.0.0
2025-12-11 12:04:52,526 [INFO] ThirdParty:1030 - CMSIS Pack Vendor :STMicroelectronics X-CUBE-GNSS1 7.0.1
2025-12-11 12:04:52,526 [INFO] ThirdParty:1030 - CMSIS Pack Vendor :STMicroelectronics FP-SNS-STBOX1 2.0.0
2025-12-11 12:04:52,526 [INFO] ThirdParty:1030 - CMSIS Pack Vendor :STMicroelectronics X-CUBE-AZRTOS-L5 1.1.0
2025-12-11 12:04:52,526 [INFO] ThirdParty:1030 - CMSIS Pack Vendor :STMicroelectronics X-CUBE-AI 8.0.1
2025-12-11 12:04:52,526 [INFO] ThirdParty:1030 - CMSIS Pack Vendor :STMicroelectronics X-CUBE-SUBG2 5.0.0
2025-12-11 12:04:52,526 [INFO] ThirdParty:1030 - CMSIS Pack Vendor :STMicroelectronics X-CUBE-AZRTOS-H7RS 1.1.0
2025-12-11 12:04:52,526 [INFO] ThirdParty:1030 - CMSIS Pack Vendor :STMicroelectronics STM32_WPAN 1.0.0
2025-12-11 12:04:52,526 [INFO] ThirdParty:1030 - CMSIS Pack Vendor :STMicroelectronics lwIP 2.0.3
2025-12-11 12:04:52,526 [INFO] ThirdParty:1030 - CMSIS Pack Vendor :STMicroelectronics USB_HOST 1.0.0
2025-12-11 12:04:52,526 [INFO] ThirdParty:1030 - CMSIS Pack Vendor :STMicroelectronics X-CUBE-AZRTOS-G4 2.0.0
2025-12-11 12:04:52,526 [INFO] ThirdParty:1030 - CMSIS Pack Vendor :STMicroelectronics X-CUBE-TOF1 3.3.0
2025-12-11 12:04:52,526 [INFO] ThirdParty:1030 - CMSIS Pack Vendor :STMicroelectronics FP-ATR-ASTRA1 1.1.1
2025-12-11 12:04:52,526 [INFO] ThirdParty:1030 - CMSIS Pack Vendor :Infineon AIROC-Wi-Fi-Bluetooth-STM32 1.5.1
2025-12-11 12:04:52,526 [INFO] ThirdParty:1030 - CMSIS Pack Vendor :STMicroelectronics X-CUBE-NFC7 2.0.0
2025-12-11 12:04:52,526 [INFO] ThirdParty:1030 - CMSIS Pack Vendor :STMicroelectronics FP-SNS-MOTENVWB1 1.3.1
2025-12-11 12:04:52,527 [INFO] ThirdParty:1030 - CMSIS Pack Vendor :STMicroelectronics X-CUBE-AZRTOS-G4 1.0.0
2025-12-11 12:04:52,527 [INFO] ThirdParty:1030 - CMSIS Pack Vendor :STMicroelectronics X-CUBE-AZRTOS-L4 1.0.0
2025-12-11 12:04:52,527 [INFO] ThirdParty:1030 - CMSIS Pack Vendor :STMicroelectronics X-CUBE-ISPU 2.0.0
2025-12-11 12:04:52,527 [INFO] ThirdParty:1030 - CMSIS Pack Vendor :STMicroelectronics X-CUBE-IPS 3.1.0
2025-12-11 12:04:52,527 [INFO] ThirdParty:1030 - CMSIS Pack Vendor :STMicroelectronics X-CUBE-ALS 1.0.2
2025-12-11 12:04:52,527 [INFO] ThirdParty:1030 - CMSIS Pack Vendor :STMicroelectronics X-CUBE-MEMS1 10.0.0
2025-12-11 12:04:52,527 [INFO] ThirdParty:1030 - CMSIS Pack Vendor :STMicroelectronics X-CUBE-FREERTOS 1.1.0
2025-12-11 12:04:52,527 [INFO] ThirdParty:1030 - CMSIS Pack Vendor :STMicroelectronics X-CUBE-TOUCHGFX 4.24.0
2025-12-11 12:04:52,527 [INFO] ThirdParty:1030 - CMSIS Pack Vendor :STMicroelectronics X-CUBE-AZRTOS-F7 1.0.0
2025-12-11 12:04:52,527 [INFO] ThirdParty:1030 - CMSIS Pack Vendor :STMicroelectronics X-CUBE-TOUCHGFX 4.24.2
2025-12-11 12:04:52,527 [INFO] ThirdParty:1030 - CMSIS Pack Vendor :STMicroelectronics X-CUBE-AZRTOS-WL 1.0.0
2025-12-11 12:04:52,527 [INFO] ThirdParty:1030 - CMSIS Pack Vendor :STMicroelectronics X-CUBE-TOUCHGFX 4.24.1
2025-12-11 12:04:52,527 [INFO] ThirdParty:1030 - CMSIS Pack Vendor :STMicroelectronics X-CUBE-STSE01 1.0.0
2025-12-11 12:04:52,527 [INFO] ThirdParty:1030 - CMSIS Pack Vendor :STMicroelectronics X-CUBE-MEMS1 9.1.0
2025-12-11 12:04:52,527 [INFO] ThirdParty:1030 - CMSIS Pack Vendor :portGmbH I-Cube-SoM-uGOAL 1.1.0
2025-12-11 12:04:52,527 [INFO] ThirdParty:1030 - CMSIS Pack Vendor :STMicroelectronics X-CUBE-ALS 1.0.1
2025-12-11 12:04:52,527 [INFO] ThirdParty:1030 - CMSIS Pack Vendor :STMicroelectronics X-CUBE-AI 7.0.0
2025-12-11 12:04:52,527 [INFO] ThirdParty:1030 - CMSIS Pack Vendor :STMicroelectronics X-CUBE-AZRTOS-WB 1.1.0
2025-12-11 12:04:52,527 [INFO] ThirdParty:1030 - CMSIS Pack Vendor :STMicroelectronics X-CUBE-AZRTOS-L5 1.0.0
2025-12-11 12:04:52,527 [INFO] ThirdParty:1030 - CMSIS Pack Vendor :STMicroelectronics X-CUBE-EEPRMA1 3.1.0
2025-12-11 12:04:52,528 [INFO] ThirdParty:1030 - CMSIS Pack Vendor :STMicroelectronics X-CUBE-EEPRMA1 3.1.1
2025-12-11 12:04:52,528 [INFO] ThirdParty:1030 - CMSIS Pack Vendor :STMicroelectronics X-CUBE-AZRTOS-H7RS 1.0.0
2025-12-11 12:04:52,528 [INFO] ThirdParty:1030 - CMSIS Pack Vendor :STMicroelectronics X-CUBE-GNSS1 5.2.0
2025-12-11 12:04:52,528 [INFO] ThirdParty:1030 - CMSIS Pack Vendor :STMicroelectronics FP-ATR-ASTRA1 2.0.0
2025-12-11 12:04:52,528 [INFO] ThirdParty:1030 - CMSIS Pack Vendor :STMicroelectronics X-CUBE-TOF1 3.4.2
2025-12-11 12:04:52,528 [INFO] ThirdParty:1030 - CMSIS Pack Vendor :STMicroelectronics X-CUBE-TOF1 3.4.3
2025-12-11 12:04:52,528 [INFO] ThirdParty:1030 - CMSIS Pack Vendor :STMicroelectronics X-CUBE-TOF1 3.4.0
2025-12-11 12:04:52,528 [INFO] ThirdParty:1030 - CMSIS Pack Vendor :STMicroelectronics X-CUBE-TOF1 3.4.1
2025-12-11 12:04:52,528 [INFO] ThirdParty:1030 - CMSIS Pack Vendor :STMicroelectronics X-CUBE-AZRTOS-H7 3.2.0
2025-12-11 12:04:52,528 [INFO] ThirdParty:1030 - CMSIS Pack Vendor :wolfSSL I-CUBE-wolfSSH 1.4.17
2025-12-11 12:04:52,528 [INFO] ThirdParty:841 - exiting critical section [change project]
2025-12-11 12:04:53,130 [INFO] PinOutPanel:1589 - setPackage(No Configuration,No Configuration)
2025-12-11 12:04:53,132 [INFO] PinOutPanel:1589 - setPackage(STM32G491RETx,LQFP64)
2025-12-11 12:04:53,962 [INFO] UtilMem:75 - Before build in PCC Used Memory: 996773608 Bytes (1073741824)
2025-12-11 12:04:55,176 [INFO] UtilMem:75 - After build in PCC Used Memory: 899213648 Bytes (1073741824)
2025-12-11 12:04:55,222 [INFO] IPUIPlugin:80 - create IPUIPlugin
2025-12-11 12:04:55,222 [INFO] IPUIPlugin:80 - create IPUIPlugin
2025-12-11 12:04:55,222 [INFO] IPUIPlugin:80 - create IPUIPlugin
2025-12-11 12:04:55,222 [INFO] IPUIPlugin:80 - create IPUIPlugin
2025-12-11 12:04:55,222 [INFO] IPUIPlugin:80 - create IPUIPlugin
2025-12-11 12:04:55,222 [INFO] IPUIPlugin:80 - create IPUIPlugin
2025-12-11 12:04:55,223 [INFO] IPUIPlugin:80 - create IPUIPlugin
2025-12-11 12:04:55,223 [INFO] IPUIPlugin:80 - create IPUIPlugin
2025-12-11 12:04:55,223 [INFO] IPUIPlugin:80 - create IPUIPlugin
2025-12-11 12:04:55,223 [INFO] IPUIPlugin:80 - create IPUIPlugin
2025-12-11 12:04:55,224 [INFO] IPUIPlugin:80 - create IPUIPlugin
2025-12-11 12:04:55,224 [INFO] IPUIPlugin:80 - create IPUIPlugin
2025-12-11 12:04:55,224 [INFO] IPUIPlugin:80 - create IPUIPlugin
2025-12-11 12:04:55,224 [INFO] IPUIPlugin:80 - create IPUIPlugin
2025-12-11 12:04:55,224 [INFO] IPUIPlugin:80 - create IPUIPlugin
2025-12-11 12:04:55,224 [INFO] IPUIPlugin:80 - create IPUIPlugin
2025-12-11 12:04:55,224 [INFO] IPUIPlugin:80 - create IPUIPlugin
2025-12-11 12:04:55,224 [INFO] IPUIPlugin:80 - create IPUIPlugin
2025-12-11 12:04:55,226 [INFO] IPUIPlugin:80 - create IPUIPlugin
2025-12-11 12:04:55,226 [INFO] IPUIPlugin:80 - create IPUIPlugin
2025-12-11 12:04:55,226 [INFO] IPUIPlugin:80 - create IPUIPlugin
2025-12-11 12:04:55,226 [INFO] IPUIPlugin:80 - create IPUIPlugin
2025-12-11 12:04:55,226 [INFO] IPUIPlugin:80 - create IPUIPlugin
2025-12-11 12:04:55,226 [INFO] IPUIPlugin:80 - create IPUIPlugin
2025-12-11 12:04:55,227 [INFO] IPUIPlugin:80 - create IPUIPlugin
2025-12-11 12:04:55,227 [INFO] IPUIPlugin:80 - create IPUIPlugin
2025-12-11 12:04:55,227 [INFO] IPUIPlugin:80 - create IPUIPlugin
2025-12-11 12:04:55,227 [INFO] IPUIPlugin:80 - create IPUIPlugin
2025-12-11 12:04:55,228 [INFO] IPUIPlugin:80 - create IPUIPlugin
2025-12-11 12:04:55,230 [INFO] IPUIPlugin:80 - create IPUIPlugin
2025-12-11 12:04:55,230 [INFO] IPUIPlugin:80 - create IPUIPlugin
2025-12-11 12:04:55,230 [INFO] IPUIPlugin:80 - create IPUIPlugin
2025-12-11 12:04:55,231 [INFO] IPUIPlugin:80 - create IPUIPlugin
2025-12-11 12:04:55,231 [INFO] IPUIPlugin:80 - create IPUIPlugin
2025-12-11 12:04:55,231 [INFO] IPUIPlugin:80 - create IPUIPlugin
2025-12-11 12:04:55,232 [INFO] IPUIPlugin:80 - create IPUIPlugin
2025-12-11 12:04:55,232 [INFO] IPUIPlugin:80 - create IPUIPlugin
2025-12-11 12:04:55,232 [INFO] IPUIPlugin:80 - create IPUIPlugin
2025-12-11 12:04:55,233 [INFO] IPUIPlugin:80 - create IPUIPlugin
2025-12-11 12:04:55,233 [INFO] IPUIPlugin:80 - create IPUIPlugin
2025-12-11 12:04:55,233 [INFO] IPUIPlugin:80 - create IPUIPlugin
2025-12-11 12:04:55,234 [INFO] IPUIPlugin:80 - create IPUIPlugin
2025-12-11 12:04:55,234 [INFO] IPUIPlugin:80 - create IPUIPlugin
2025-12-11 12:04:55,234 [INFO] IPUIPlugin:80 - create IPUIPlugin
2025-12-11 12:04:55,234 [INFO] IPUIPlugin:80 - create IPUIPlugin
2025-12-11 12:04:55,236 [INFO] IPUIPlugin:80 - create IPUIPlugin
2025-12-11 12:04:55,236 [INFO] IPUIPlugin:80 - create IPUIPlugin
2025-12-11 12:04:55,236 [INFO] IPUIPlugin:80 - create IPUIPlugin
2025-12-11 12:04:55,236 [INFO] IPUIPlugin:80 - create IPUIPlugin
2025-12-11 12:04:55,237 [INFO] IPUIPlugin:80 - create IPUIPlugin
2025-12-11 12:04:55,238 [INFO] IPUIPlugin:80 - create IPUIPlugin
2025-12-11 12:04:55,238 [INFO] IPUIPlugin:80 - create IPUIPlugin
2025-12-11 12:04:55,239 [INFO] IPUIPlugin:80 - create IPUIPlugin
2025-12-11 12:04:55,239 [INFO] IPUIPlugin:80 - create IPUIPlugin
2025-12-11 12:04:55,240 [INFO] IPUIPlugin:80 - create IPUIPlugin
2025-12-11 12:04:55,240 [INFO] IPUIPlugin:80 - create IPUIPlugin
2025-12-11 12:04:55,241 [INFO] IPUIPlugin:80 - create IPUIPlugin
2025-12-11 12:04:55,241 [INFO] IPUIPlugin:80 - create IPUIPlugin
2025-12-11 12:04:55,242 [INFO] IPUIPlugin:80 - create IPUIPlugin
2025-12-11 12:04:55,242 [INFO] IPUIPlugin:80 - create IPUIPlugin
2025-12-11 12:04:55,243 [INFO] IPUIPlugin:80 - create IPUIPlugin
2025-12-11 12:04:55,243 [INFO] IPUIPlugin:80 - create IPUIPlugin
2025-12-11 12:04:55,244 [INFO] IPUIPlugin:80 - create IPUIPlugin
2025-12-11 12:04:55,244 [INFO] IPUIPlugin:80 - create IPUIPlugin
2025-12-11 12:04:55,365 [INFO] CADModel:165 - CPN selected for project levelSTM32G491RET3
2025-12-11 12:04:55,366 [INFO] CADModel:114 - Register for checkConnection events
2025-12-11 12:04:55,469 [INFO] OpenFileManager:386 - Restore cursor
2025-12-11 12:05:17,452 [INFO] Gpio:278 - dependency for GPIO [ADC1, RCC, SYS, TIM1, TIM2, USART2]
2025-12-11 12:05:35,983 [INFO] NvicIntPanel:101 - NVIC parent = com.st.microxplorer.plugins.ip.nvic.MultiNvicIntPanel[,2,27,495x287,layout=javax.swing.BoxLayout,alignmentX=0.0,alignmentY=0.0,border=,flags=9,maximumSize=,minimumSize=,preferredSize=]
2025-12-11 12:05:37,536 [INFO] Gpio:278 - dependency for GPIO [ADC1, RCC, SYS, TIM1, TIM2, USART2]
2025-12-11 12:05:41,217 [INFO] UtilMem:75 - End SaveConfig() Used Memory: 882439288 Bytes (1073741824)
2025-12-11 12:05:42,444 [INFO] UtilMem:75 - End SaveConfig() Used Memory: 917042296 Bytes (1073741824)
2025-12-11 12:05:43,698 [INFO] UtilMem:75 - End SaveConfig() Used Memory: 907520656 Bytes (1073741824)
2025-12-11 12:05:44,869 [INFO] BlockDiagram:2775 - set Specific Code input for plugin: TIM6_7G4
2025-12-11 12:05:44,869 [INFO] BlockDiagram:2775 - set Specific Code input for plugin: TIM1_8G4
2025-12-11 12:05:44,869 [INFO] BlockDiagram:2775 - set Specific Code input for plugin: TIM1_8G4
2025-12-11 12:05:44,869 [INFO] BlockDiagram:2775 - set Specific Code input for plugin: TIM1_8G4
2025-12-11 12:05:44,869 [INFO] BlockDiagram:2775 - set Specific Code input for plugin: SYS
2025-12-11 12:05:44,869 [INFO] BlockDiagram:2775 - set Specific Code input for plugin: ADC
2025-12-11 12:05:44,869 [INFO] BlockDiagram:2775 - set Specific Code input for plugin: RCC
2025-12-11 12:05:44,869 [INFO] BlockDiagram:2775 - set Specific Code input for plugin: NVIC
2025-12-11 12:05:44,869 [INFO] BlockDiagram:2775 - set Specific Code input for plugin: USART
2025-12-11 12:05:44,869 [INFO] BlockDiagram:2775 - set Specific Code input for plugin: DMA
2025-12-11 12:05:44,870 [INFO] BlockDiagram:2775 - set Specific Code input for plugin: GPIO
2025-12-11 12:05:44,872 [INFO] CodeGenerator:892 - code generatio: config db path: C:\ST\STM32CubeIDE_1.19.0\STM32CubeIDE\plugins\com.st.stm32cube.common.mx_6.15.0.202507011659\\db\
2025-12-11 12:05:44,886 [INFO] Argument:325 - Argument : hdmavalue: null
2025-12-11 12:05:44,886 [INFO] Argument:327 - 	 sub Args: 
2025-12-11 12:05:44,886 [INFO] Argument:325 - Argument : Instancevalue: DMA1_Channel1
2025-12-11 12:05:44,886 [INFO] Argument:335 - Argument : Instancevalue: DMA1_Channel1
2025-12-11 12:05:44,886 [INFO] Argument:325 - Argument : Initvalue: null
2025-12-11 12:05:44,886 [INFO] Argument:327 - 	 sub Args: 
2025-12-11 12:05:44,886 [INFO] Argument:325 - Argument : Requestvalue: DMA_REQUEST_ADC1
2025-12-11 12:05:44,886 [INFO] Argument:335 - Argument : Requestvalue: DMA_REQUEST_ADC1
2025-12-11 12:05:44,886 [INFO] Argument:325 - Argument : Directionvalue: DMA_PERIPH_TO_MEMORY
2025-12-11 12:05:44,887 [INFO] Argument:335 - Argument : Directionvalue: DMA_PERIPH_TO_MEMORY
2025-12-11 12:05:44,887 [INFO] Argument:325 - Argument : PeriphIncvalue: DMA_PINC_DISABLE
2025-12-11 12:05:44,887 [INFO] Argument:335 - Argument : PeriphIncvalue: DMA_PINC_DISABLE
2025-12-11 12:05:44,887 [INFO] Argument:325 - Argument : MemIncvalue: DMA_MINC_ENABLE
2025-12-11 12:05:44,887 [INFO] Argument:335 - Argument : MemIncvalue: DMA_MINC_ENABLE
2025-12-11 12:05:44,887 [INFO] Argument:325 - Argument : PeriphDataAlignmentvalue: DMA_PDATAALIGN_HALFWORD
2025-12-11 12:05:44,887 [INFO] Argument:335 - Argument : PeriphDataAlignmentvalue: DMA_PDATAALIGN_HALFWORD
2025-12-11 12:05:44,887 [INFO] Argument:325 - Argument : MemDataAlignmentvalue: DMA_MDATAALIGN_WORD
2025-12-11 12:05:44,888 [INFO] Argument:335 - Argument : MemDataAlignmentvalue: DMA_MDATAALIGN_WORD
2025-12-11 12:05:44,888 [INFO] Argument:325 - Argument : Modevalue: DMA_CIRCULAR
2025-12-11 12:05:44,888 [INFO] Argument:335 - Argument : Modevalue: DMA_CIRCULAR
2025-12-11 12:05:44,888 [INFO] Argument:325 - Argument : Priorityvalue: DMA_PRIORITY_LOW
2025-12-11 12:05:44,888 [INFO] Argument:335 - Argument : Priorityvalue: DMA_PRIORITY_LOW
2025-12-11 12:05:44,888 [INFO] Argument:325 - Argument : Lockvalue: null
2025-12-11 12:05:44,888 [INFO] Argument:335 - Argument : Lockvalue: null
2025-12-11 12:05:44,888 [INFO] Argument:325 - Argument : Statevalue: null
2025-12-11 12:05:44,889 [INFO] Argument:335 - Argument : Statevalue: null
2025-12-11 12:05:44,889 [INFO] Argument:325 - Argument : Parentvalue: null
2025-12-11 12:05:44,889 [INFO] Argument:335 - Argument : Parentvalue: null
2025-12-11 12:05:44,889 [INFO] Argument:325 - Argument : XferCpltCallbackvalue: null
2025-12-11 12:05:44,889 [INFO] Argument:335 - Argument : XferCpltCallbackvalue: null
2025-12-11 12:05:44,889 [INFO] Argument:325 - Argument : XferHalfCpltCallbackvalue: null
2025-12-11 12:05:44,889 [INFO] Argument:335 - Argument : XferHalfCpltCallbackvalue: null
2025-12-11 12:05:44,890 [INFO] Argument:325 - Argument : XferErrorCallbackvalue: null
2025-12-11 12:05:44,890 [INFO] Argument:335 - Argument : XferErrorCallbackvalue: null
2025-12-11 12:05:44,890 [INFO] Argument:325 - Argument : XferAbortCallbackvalue: null
2025-12-11 12:05:44,890 [INFO] Argument:335 - Argument : XferAbortCallbackvalue: null
2025-12-11 12:05:44,890 [INFO] Argument:325 - Argument : ErrorCodevalue: null
2025-12-11 12:05:44,890 [INFO] Argument:335 - Argument : ErrorCodevalue: null
2025-12-11 12:05:44,890 [INFO] Argument:325 - Argument : ChannelIndexvalue: null
2025-12-11 12:05:44,890 [INFO] Argument:335 - Argument : ChannelIndexvalue: null
2025-12-11 12:05:44,890 [INFO] Argument:325 - Argument : DMAmuxChannelvalue: null
2025-12-11 12:05:44,890 [INFO] Argument:335 - Argument : DMAmuxChannelvalue: null
2025-12-11 12:05:44,890 [INFO] Argument:325 - Argument : DMAmuxChannelStatusvalue: null
2025-12-11 12:05:44,890 [INFO] Argument:335 - Argument : DMAmuxChannelStatusvalue: null
2025-12-11 12:05:44,890 [INFO] Argument:325 - Argument : DMAmuxChannelStatusMaskvalue: null
2025-12-11 12:05:44,890 [INFO] Argument:335 - Argument : DMAmuxChannelStatusMaskvalue: null
2025-12-11 12:05:44,890 [INFO] Argument:325 - Argument : DMAmuxRequestGenvalue: null
2025-12-11 12:05:44,890 [INFO] Argument:335 - Argument : DMAmuxRequestGenvalue: null
2025-12-11 12:05:44,890 [INFO] Argument:325 - Argument : DMAmuxRequestGenStatusvalue: null
2025-12-11 12:05:44,890 [INFO] Argument:335 - Argument : DMAmuxRequestGenStatusvalue: null
2025-12-11 12:05:44,890 [INFO] Argument:325 - Argument : DMAmuxRequestGenStatusMaskvalue: null
2025-12-11 12:05:44,890 [INFO] Argument:335 - Argument : DMAmuxRequestGenStatusMaskvalue: null
2025-12-11 12:05:45,138 [INFO] CodeEngine:265 - oldGeneratedFile, C:\STM32_projekti\STM32G491-FOC_Motor_Control\STM32G491-FOC_Motor_Control\PWM_output\MXTmpFiles\license.tmp_save
2025-12-11 12:05:45,462 [INFO] CodeEngine:289 - Generated code: C:\STM32_projekti\STM32G491-FOC_Motor_Control\STM32G491-FOC_Motor_Control\PWM_output\MXTmpFiles\license.tmp
2025-12-11 12:05:45,601 [INFO] CodeEngine:265 - oldGeneratedFile, C:\STM32_projekti\STM32G491-FOC_Motor_Control\STM32G491-FOC_Motor_Control\PWM_output\MXTmpFiles\gpio.tmp_save
2025-12-11 12:05:45,760 [INFO] CodeEngine:289 - Generated code: C:\STM32_projekti\STM32G491-FOC_Motor_Control\STM32G491-FOC_Motor_Control\PWM_output\MXTmpFiles\gpio.tmp
2025-12-11 12:05:46,576 [INFO] CodeEngine:265 - oldGeneratedFile, C:\STM32_projekti\STM32G491-FOC_Motor_Control\STM32G491-FOC_Motor_Control\PWM_output\MXTmpFiles\dma.tmp_save
2025-12-11 12:05:46,704 [INFO] CodeEngine:289 - Generated code: C:\STM32_projekti\STM32G491-FOC_Motor_Control\STM32G491-FOC_Motor_Control\PWM_output\MXTmpFiles\dma.tmp
2025-12-11 12:05:46,714 [INFO] CodeEngine:265 - oldGeneratedFile, C:\STM32_projekti\STM32G491-FOC_Motor_Control\STM32G491-FOC_Motor_Control\PWM_output\MXTmpFiles\dma_GV.tmp_save
2025-12-11 12:05:46,827 [INFO] CodeEngine:289 - Generated code: C:\STM32_projekti\STM32G491-FOC_Motor_Control\STM32G491-FOC_Motor_Control\PWM_output\MXTmpFiles\dma_GV.tmp
2025-12-11 12:05:46,860 [INFO] CodeEngine:265 - oldGeneratedFile, C:\STM32_projekti\STM32G491-FOC_Motor_Control\STM32G491-FOC_Motor_Control\PWM_output\Core\Src\stm32g4xx_it.c_save
2025-12-11 12:05:47,359 [INFO] CodeEngine:289 - Generated code: C:\STM32_projekti\STM32G491-FOC_Motor_Control\STM32G491-FOC_Motor_Control\PWM_output\Core\Src\stm32g4xx_it.c
2025-12-11 12:05:47,373 [INFO] CodeEngine:265 - oldGeneratedFile, C:\STM32_projekti\STM32G491-FOC_Motor_Control\STM32G491-FOC_Motor_Control\PWM_output\Core\Inc\stm32g4xx_it.h_save
2025-12-11 12:05:47,488 [INFO] CodeEngine:289 - Generated code: C:\STM32_projekti\STM32G491-FOC_Motor_Control\STM32G491-FOC_Motor_Control\PWM_output\Core\Inc\stm32g4xx_it.h
2025-12-11 12:05:47,522 [INFO] CodeEngine:265 - oldGeneratedFile, C:\STM32_projekti\STM32G491-FOC_Motor_Control\STM32G491-FOC_Motor_Control\PWM_output\Core\Src\stm32g4xx_hal_msp.c_save
2025-12-11 12:05:47,732 [INFO] CodeEngine:289 - Generated code: C:\STM32_projekti\STM32G491-FOC_Motor_Control\STM32G491-FOC_Motor_Control\PWM_output\Core\Src\stm32g4xx_hal_msp.c
2025-12-11 12:05:47,742 [INFO] CodeEngine:265 - oldGeneratedFile, C:\STM32_projekti\STM32G491-FOC_Motor_Control\STM32G491-FOC_Motor_Control\PWM_output\MXTmpFiles\system.tmp_save
2025-12-11 12:05:47,836 [INFO] CodeEngine:289 - Generated code: C:\STM32_projekti\STM32G491-FOC_Motor_Control\STM32G491-FOC_Motor_Control\PWM_output\MXTmpFiles\system.tmp
2025-12-11 12:05:47,859 [INFO] CodeEngine:321 - oldGeneratedFile, C:\STM32_projekti\STM32G491-FOC_Motor_Control\STM32G491-FOC_Motor_Control\PWM_output\Core\Inc\stm32g4xx_hal_conf.h_save
2025-12-11 12:05:47,967 [INFO] CodeEngine:345 - Generated code: C:\STM32_projekti\STM32G491-FOC_Motor_Control\STM32G491-FOC_Motor_Control\PWM_output\Core\Inc\stm32g4xx_hal_conf.h
2025-12-11 12:05:47,996 [WARN] IPConfigManager:3238 - Warning: the RefConfig RCC_CommonPeriphClockConfig is not available in your config.xml file
2025-12-11 12:05:48,004 [INFO] ApiDbMcu:532 - Load IP Config File for ADC1
2025-12-11 12:05:48,023 [INFO] ApiDbMcu:532 - Load IP Config File for TIM1
2025-12-11 12:05:48,039 [INFO] ApiDbMcu:532 - Load IP Config File for TIM2
2025-12-11 12:05:48,055 [INFO] ApiDbMcu:532 - Load IP Config File for TIM3
2025-12-11 12:05:48,072 [INFO] ApiDbMcu:532 - Load IP Config File for TIM7
2025-12-11 12:05:48,084 [INFO] ApiDbMcu:532 - Load IP Config File for USART2
2025-12-11 12:05:48,088 [INFO] ApiDbMcu:532 - Load IP Config File for RCC
2025-12-11 12:05:48,090 [WARN] IPConfigManager:3811 - IP not found : TIM
2025-12-11 12:05:48,092 [WARN] CodeGenerator:4259 - IP not found : null
2025-12-11 12:05:48,105 [INFO] CodeEngine:265 - oldGeneratedFile, C:\STM32_projekti\STM32G491-FOC_Motor_Control\STM32G491-FOC_Motor_Control\PWM_output\Core\Inc\main.h_save
2025-12-11 12:05:48,220 [INFO] CodeEngine:289 - Generated code: C:\STM32_projekti\STM32G491-FOC_Motor_Control\STM32G491-FOC_Motor_Control\PWM_output\Core\Inc\main.h
2025-12-11 12:05:48,230 [INFO] CodeEngine:265 - oldGeneratedFile, C:\STM32_projekti\STM32G491-FOC_Motor_Control\STM32G491-FOC_Motor_Control\PWM_output\Core\Src\main.c_save
2025-12-11 12:05:48,386 [INFO] CodeEngine:289 - Generated code: C:\STM32_projekti\STM32G491-FOC_Motor_Control\STM32G491-FOC_Motor_Control\PWM_output\Core\Src\main.c
2025-12-11 12:05:48,790 [INFO] ProjectBuilder:3606 - Time for Copy HAL[1] : 225mS.
2025-12-11 12:05:48,796 [INFO] ProjectBuilder:5216 - Project Generator version: 4.7.0-B52
2025-12-11 12:05:48,882 [INFO] ConfigFileManager:1595 - The Die is : DIE479
2025-12-11 12:05:48,884 [INFO] ApiDbMcu:532 - Load IP Config File for FATFS
2025-12-11 12:05:48,889 [INFO] ApiDbMcu:532 - Load IP Config File for FREERTOS
2025-12-11 12:05:48,893 [INFO] ApiDbMcu:532 - Load IP Config File for USBPD
2025-12-11 12:05:48,897 [INFO] ApiDbMcu:532 - Load IP Config File for USB_DEVICE
2025-12-11 12:05:51,325 [INFO] ProjectBuilder:5496 - Time for Generating toolchain IDE Files: 2529mS.
2025-12-11 12:05:51,326 [INFO] ProjectBuilder:3463 - Time for Copy CMSIS : 0mS.
2025-12-11 12:05:51,332 [INFO] ProjectBuilder:3463 - Time for Copy CMSIS : 0mS.
2025-12-11 12:06:52,789 [INFO] WebApp:194 - Connection lost
2025-12-11 12:06:53,035 [INFO] WebApp:191 - Connection restablished
2025-12-11 12:09:57,812 [INFO] WebApp:194 - Connection lost
2025-12-11 12:09:58,027 [INFO] WebApp:191 - Connection restablished
2025-12-11 12:13:02,814 [INFO] WebApp:194 - Connection lost
2025-12-11 12:13:03,068 [INFO] WebApp:191 - Connection restablished
2025-12-11 12:16:07,821 [INFO] WebApp:194 - Connection lost
2025-12-11 12:16:08,098 [INFO] WebApp:191 - Connection restablished
2025-12-11 12:19:12,833 [INFO] WebApp:194 - Connection lost
2025-12-11 12:19:13,107 [INFO] WebApp:191 - Connection restablished
2025-12-11 12:22:17,326 [INFO] WebApp:194 - Connection lost
2025-12-11 12:22:17,555 [INFO] WebApp:191 - Connection restablished
2025-12-11 12:25:22,302 [INFO] WebApp:194 - Connection lost
2025-12-11 12:25:22,533 [INFO] WebApp:191 - Connection restablished
2025-12-11 12:28:27,298 [INFO] WebApp:194 - Connection lost
2025-12-11 12:28:27,792 [INFO] WebApp:191 - Connection restablished
2025-12-11 12:31:31,807 [INFO] WebApp:194 - Connection lost
2025-12-11 12:31:32,170 [INFO] WebApp:191 - Connection restablished
2025-12-11 12:34:36,821 [INFO] WebApp:194 - Connection lost
2025-12-11 12:34:37,042 [INFO] WebApp:191 - Connection restablished
2025-12-11 12:37:41,824 [INFO] WebApp:194 - Connection lost
2025-12-11 12:37:42,178 [INFO] WebApp:191 - Connection restablished
2025-12-11 12:40:46,809 [INFO] WebApp:194 - Connection lost
2025-12-11 12:40:47,048 [INFO] WebApp:191 - Connection restablished
2025-12-11 12:43:51,836 [INFO] WebApp:194 - Connection lost
2025-12-11 12:43:52,037 [INFO] WebApp:191 - Connection restablished
2025-12-11 12:46:58,302 [INFO] WebApp:194 - Connection lost
2025-12-11 12:46:58,708 [INFO] WebApp:191 - Connection restablished
2025-12-11 12:50:03,290 [INFO] WebApp:194 - Connection lost
2025-12-11 12:50:03,502 [INFO] WebApp:191 - Connection restablished
2025-12-11 12:53:08,292 [INFO] WebApp:194 - Connection lost
2025-12-11 12:53:08,706 [INFO] WebApp:191 - Connection restablished
2025-12-11 12:56:13,320 [INFO] WebApp:194 - Connection lost
2025-12-11 12:56:13,549 [INFO] WebApp:191 - Connection restablished
2025-12-11 12:59:18,302 [INFO] WebApp:194 - Connection lost
2025-12-11 12:59:18,514 [INFO] WebApp:191 - Connection restablished
2025-12-11 12:59:56,801 [INFO] WebApp:194 - Connection lost
2025-12-11 12:59:57,041 [INFO] WebApp:191 - Connection restablished
2025-12-11 13:02:02,807 [INFO] WebApp:194 - Connection lost
2025-12-11 13:02:03,039 [INFO] WebApp:191 - Connection restablished
2025-12-11 13:04:08,805 [INFO] WebApp:194 - Connection lost
2025-12-11 13:04:09,037 [INFO] WebApp:191 - Connection restablished
2025-12-11 13:06:14,784 [INFO] WebApp:194 - Connection lost
2025-12-11 13:06:15,112 [INFO] WebApp:191 - Connection restablished
2025-12-11 13:08:51,290 [INFO] WebApp:194 - Connection lost
2025-12-11 13:08:51,519 [INFO] WebApp:191 - Connection restablished
2025-12-11 13:12:39,434 [INFO] WebApp:194 - Connection lost
2025-12-11 13:12:39,702 [INFO] WebApp:191 - Connection restablished
2025-12-11 13:15:46,399 [INFO] WebApp:194 - Connection lost
2025-12-11 13:15:46,690 [INFO] WebApp:191 - Connection restablished
2025-12-11 13:18:51,877 [INFO] WebApp:194 - Connection lost
2025-12-11 13:18:52,222 [INFO] WebApp:191 - Connection restablished
2025-12-11 13:19:07,899 [INFO] WebApp:194 - Connection lost
2025-12-11 13:19:08,139 [INFO] WebApp:191 - Connection restablished
2025-12-11 13:22:12,871 [INFO] WebApp:194 - Connection lost
2025-12-11 13:22:13,133 [INFO] WebApp:191 - Connection restablished
2025-12-11 13:25:20,375 [INFO] WebApp:194 - Connection lost
2025-12-11 13:25:20,635 [INFO] WebApp:191 - Connection restablished
2025-12-11 13:33:16,882 [INFO] WebApp:194 - Connection lost
2025-12-11 13:33:17,152 [INFO] WebApp:191 - Connection restablished
2025-12-11 13:36:23,904 [INFO] WebApp:194 - Connection lost
2025-12-11 13:36:24,136 [INFO] WebApp:191 - Connection restablished
2025-12-11 15:17:34,852 [INFO] WebApp:194 - Connection lost
2025-12-11 15:17:45,939 [INFO] WebApp:191 - Connection restablished
2025-12-11 15:20:39,862 [INFO] WebApp:194 - Connection lost
2025-12-11 15:20:40,100 [INFO] WebApp:191 - Connection restablished
2025-12-11 15:23:44,794 [INFO] WebApp:194 - Connection lost
2025-12-11 15:23:45,013 [INFO] WebApp:191 - Connection restablished
2025-12-11 15:26:49,782 [INFO] WebApp:194 - Connection lost
2025-12-11 15:26:50,153 [INFO] WebApp:191 - Connection restablished
2025-12-11 15:29:54,796 [INFO] WebApp:194 - Connection lost
2025-12-11 15:29:55,027 [INFO] WebApp:191 - Connection restablished
2025-12-11 15:32:59,786 [INFO] WebApp:194 - Connection lost
2025-12-11 15:33:00,099 [INFO] WebApp:191 - Connection restablished
2025-12-11 15:35:22,647 [ERROR] LogOutputStream:75 - [STDERR_REDIRECT] 
2025-12-11 16:09:21,664 [INFO] Activator:176 - 


2025-12-11 16:09:21,667 [INFO] Activator:177 - !SESSION log4j initialized
2025-12-11 16:09:33,380 [INFO] LogOutputStream:77 - [STDOUT_REDIRECT] 
2025-12-11 16:09:34,069 [ERROR] ConfigurationRetriever:142 - IOException on connection: sw-center.st.com
2025-12-11 16:09:34,071 [ERROR] ConfigurationRetriever:142 - IOException on connection: sw-center.st.com
2025-12-11 16:09:34,071 [ERROR] ConfigurationRetriever:142 - IOException on connection: sw-center.st.com
2025-12-11 16:09:36,795 [INFO] ApplicationProperties:184 - Using Application install path: C:\ST\STM32CubeIDE_1.19.0\STM32CubeIDE\plugins\com.st.stm32cube.common.mx_6.15.0.202507011659
2025-12-11 16:09:36,866 [INFO] DbMcusXml:78 - Set database path to: C:\ST\STM32CubeIDE_1.19.0\STM32CubeIDE\plugins\com.st.stm32cube.common.mx_6.15.0.202507011659\\db\/mcu/
2025-12-11 16:09:36,866 [INFO] ApiDb:274 - Set plugin database path to: C:\ST\STM32CubeIDE_1.19.0\STM32CubeIDE\plugins\com.st.stm32cube.common.mx_6.15.0.202507011659\\db\/plugins/boardmanager/
2025-12-11 16:09:36,866 [WARN] ApiDb:259 - Overriding images path with different value:  => C:\ST\STM32CubeIDE_1.19.0\STM32CubeIDE\plugins\com.st.stm32cube.common.mx_6.15.0.202507011659\\db\/plugins/mcufinder/images/
2025-12-11 16:09:36,936 [INFO] ApiDb:250 - Set database path to: C:\Users\ivanp\.stmcufinder\plugins\mcufinder//mcu/
2025-12-11 16:09:36,942 [INFO] DbMcusAds:125 - Set database path to: C:\Users\ivanp\.stmcufinder\plugins\mcufinder//mcu/
2025-12-11 16:09:36,962 [INFO] CrossReferenceDbSqlite:203 - Set database path to: C:\Users\ivanp\.stmcufinder\plugins\mcufinder//mcu/cs/
2025-12-11 16:09:37,240 [INFO] RulesReader:64 - Compatibility file has been processed (317 Rules)
2025-12-11 16:09:37,532 [INFO] DbMcusXml:78 - Set database path to: C:\ST\STM32CubeIDE_1.19.0\STM32CubeIDE\plugins\com.st.stm32cube.common.mx_6.15.0.202507011659\\db\/mcu/
2025-12-11 16:09:37,533 [INFO] ApiDb:274 - Set plugin database path to: C:\ST\STM32CubeIDE_1.19.0\STM32CubeIDE\plugins\com.st.stm32cube.common.mx_6.15.0.202507011659\\db\/plugins/boardmanager/
2025-12-11 16:09:37,533 [INFO] ApiDb:261 - Set plugin images path to: C:\ST\STM32CubeIDE_1.19.0\STM32CubeIDE\plugins\com.st.stm32cube.common.mx_6.15.0.202507011659\\db\/plugins/mcufinder/images/
2025-12-11 16:09:37,533 [WARN] DbFile:41 - Overriding database path with different value: C:\Users\ivanp\.stmcufinder\plugins\mcufinder/ => C:\Users\ivanp\.stmcufinder\plugins\mcufinder
2025-12-11 16:09:37,533 [INFO] ApiDb:250 - Set database path to: C:\Users\ivanp\.stmcufinder\plugins\mcufinder//mcu/
2025-12-11 16:09:37,533 [WARN] DbFile:41 - Overriding database path with different value: C:\Users\ivanp\.stmcufinder\plugins\mcufinder/ => C:\Users\ivanp\.stmcufinder\plugins\mcufinder
2025-12-11 16:09:37,533 [INFO] DbMcusAds:125 - Set database path to: C:\Users\ivanp\.stmcufinder\plugins\mcufinder//mcu/
2025-12-11 16:09:37,533 [WARN] DbFile:41 - Overriding database path with different value: C:\Users\ivanp\.stmcufinder\plugins\mcufinder/ => C:\Users\ivanp\.stmcufinder\plugins\mcufinder
2025-12-11 16:09:37,533 [WARN] DbFile:41 - Overriding database path with different value: C:\Users\ivanp\.stmcufinder\plugins\mcufinder/ => C:\Users\ivanp\.stmcufinder\plugins\mcufinder
2025-12-11 16:09:37,534 [INFO] CrossReferenceDbSqlite:203 - Set database path to: C:\Users\ivanp\.stmcufinder\plugins\mcufinder//mcu/cs/
2025-12-11 16:09:37,824 [INFO] MainPanel:274 - HeapMemory: 268435456
2025-12-11 16:09:38,381 [INFO] DbMcusXml:78 - Set database path to: C:\ST\STM32CubeIDE_1.19.0\STM32CubeIDE\plugins\com.st.stm32cube.common.mx_6.15.0.202507011659\\db\/mcu/
2025-12-11 16:09:38,382 [INFO] ApiDb:274 - Set plugin database path to: C:\ST\STM32CubeIDE_1.19.0\STM32CubeIDE\plugins\com.st.stm32cube.common.mx_6.15.0.202507011659\\db\/plugins/boardmanager/
2025-12-11 16:09:38,382 [INFO] ApiDb:261 - Set plugin images path to: C:\ST\STM32CubeIDE_1.19.0\STM32CubeIDE\plugins\com.st.stm32cube.common.mx_6.15.0.202507011659\\db\/plugins/mcufinder/images/
2025-12-11 16:09:38,385 [WARN] DbFile:41 - Overriding database path with different value: C:\Users\ivanp\.stmcufinder\plugins\mcufinder/ => C:\Users\ivanp\.stmcufinder\plugins\mcufinder
2025-12-11 16:09:38,385 [INFO] ApiDb:250 - Set database path to: C:\Users\ivanp\.stmcufinder\plugins\mcufinder//mcu/
2025-12-11 16:09:38,385 [WARN] DbFile:41 - Overriding database path with different value: C:\Users\ivanp\.stmcufinder\plugins\mcufinder/ => C:\Users\ivanp\.stmcufinder\plugins\mcufinder
2025-12-11 16:09:38,386 [INFO] DbMcusAds:125 - Set database path to: C:\Users\ivanp\.stmcufinder\plugins\mcufinder//mcu/
2025-12-11 16:09:38,386 [WARN] DbFile:41 - Overriding database path with different value: C:\Users\ivanp\.stmcufinder\plugins\mcufinder/ => C:\Users\ivanp\.stmcufinder\plugins\mcufinder
2025-12-11 16:09:38,386 [WARN] DbFile:41 - Overriding database path with different value: C:\Users\ivanp\.stmcufinder\plugins\mcufinder/ => C:\Users\ivanp\.stmcufinder\plugins\mcufinder
2025-12-11 16:09:38,386 [INFO] CrossReferenceDbSqlite:203 - Set database path to: C:\Users\ivanp\.stmcufinder\plugins\mcufinder//mcu/cs/
2025-12-11 16:09:38,452 [INFO] ApplicationProperties:184 - Using Application install path: C:\ST\STM32CubeIDE_1.19.0\STM32CubeIDE\plugins\com.st.stm32cube.common.mx_6.15.0.202507011659
2025-12-11 16:09:38,455 [INFO] PluginManage:196 - Search for loadable plugins [exclusion list=, ]
2025-12-11 16:09:38,463 [INFO] PluginManage:310 - Check plugin analytics
2025-12-11 16:09:39,189 [INFO] AnalyticsPlugin:253 - Accepted Software Licenses: 
2025-12-11 16:09:39,190 [INFO] AnalyticsPlugin:255 - Accepted CMSIS Pack Licenses: 
2025-12-11 16:09:39,190 [INFO] AnalyticsPlugin:257 - Accepted Firmware Licenses: FW.F4.1.28.0,FW.G4.1.6.0
2025-12-11 16:09:39,202 [ERROR] ConfigurationRetriever:142 - IOException on connection: sw-center.st.com
2025-12-11 16:09:39,204 [ERROR] ConfigurationRetriever:142 - IOException on connection: sw-center.st.com
2025-12-11 16:09:39,204 [ERROR] ConfigurationRetriever:142 - IOException on connection: sw-center.st.com
2025-12-11 16:09:39,206 [INFO] PluginManage:359 - Loaded plugin analytics (category:tool,tabindex:-1)
2025-12-11 16:09:39,208 [INFO] PluginManage:310 - Check plugin cadmodel
2025-12-11 16:09:39,247 [INFO] CADModel:105 - Init CAD model plugin
2025-12-11 16:09:39,247 [INFO] PluginManage:359 - Loaded plugin cadmodel (category:power,tabindex:5)
2025-12-11 16:09:39,249 [INFO] PluginManage:310 - Check plugin clock
2025-12-11 16:09:39,305 [INFO] PluginManage:359 - Loaded plugin clock (category:base,tabindex:2)
2025-12-11 16:09:39,305 [INFO] PluginManage:310 - Check plugin ddr
2025-12-11 16:09:39,324 [INFO] PluginManage:359 - Loaded plugin ddr (category:tool,tabindex:6)
2025-12-11 16:09:39,325 [INFO] PluginManage:310 - Check plugin filemanager
2025-12-11 16:09:39,817 [INFO] PluginManage:359 - Loaded plugin filemanager (category:base,tabindex:10)
2025-12-11 16:09:39,818 [INFO] PluginManage:310 - Check plugin ipmanager
2025-12-11 16:09:39,828 [INFO] PluginManage:359 - Loaded plugin ipmanager (category:base,tabindex:5)
2025-12-11 16:09:39,829 [INFO] PluginManage:310 - Check plugin lpbam
2025-12-11 16:09:39,849 [INFO] PluginManage:359 - Loaded plugin lpbam (category:base,tabindex:0)
2025-12-11 16:09:39,849 [INFO] PluginManage:310 - Check plugin memorymap
2025-12-11 16:09:39,907 [INFO] PluginManage:359 - Loaded plugin memorymap (category:base,tabindex:4)
2025-12-11 16:09:39,907 [INFO] PluginManage:310 - Check plugin pinoutandconfiguration
2025-12-11 16:09:39,962 [INFO] PluginManage:359 - Loaded plugin pinoutandconfiguration (category:base,tabindex:1)
2025-12-11 16:09:39,962 [INFO] PluginManage:310 - Check plugin pinoutconfig
2025-12-11 16:09:40,150 [WARN] SupportedApi:132 - Cannot load RTOS API schema: s4s-elt-must-match.1: The content of 'definitions' must match (annotation?, (simpleType | complexType)?, (unique | key | keyref)*)). A problem was found starting at: attribute.
2025-12-11 16:09:40,572 [INFO] PluginManage:359 - Loaded plugin pinoutconfig (category:base,tabindex:0)
2025-12-11 16:09:40,572 [INFO] PluginManage:310 - Check plugin power
2025-12-11 16:09:40,617 [INFO] PluginManage:359 - Loaded plugin power (category:power,tabindex:4)
2025-12-11 16:09:40,618 [INFO] PluginManage:310 - Check plugin projectmanager
2025-12-11 16:09:40,652 [INFO] PluginManage:359 - Loaded plugin projectmanager (category:projectmanager,tabindex:4)
2025-12-11 16:09:40,652 [INFO] PluginManage:310 - Check plugin rif
2025-12-11 16:09:40,694 [INFO] PluginManage:359 - Loaded plugin rif (category:base,tabindex:3)
2025-12-11 16:09:40,694 [INFO] PluginManage:310 - Check plugin thirdparty
2025-12-11 16:09:41,161 [WARN] IntegrityCheckThread:84 - waiting for thirdparty lock release [integrity check]
2025-12-11 16:09:41,162 [INFO] IntegrityCheckThread:86 - entering critical section [integrity check]
2025-12-11 16:09:41,162 [INFO] ThirdPartyUpdaterWithRetryManager:70 - Updater plugin not ready yet. [1/15]
2025-12-11 16:09:41,163 [INFO] PluginManage:359 - Loaded plugin thirdparty (category:base,tabindex:-1)
2025-12-11 16:09:41,163 [INFO] PluginManage:310 - Check plugin tools
2025-12-11 16:09:41,175 [INFO] PluginManage:359 - Loaded plugin tools (category:base,tabindex:7)
2025-12-11 16:09:41,175 [INFO] PluginManage:310 - Check plugin tutovideos
2025-12-11 16:09:42,012 [INFO] PluginManage:359 - Loaded plugin tutovideos (category:base,tabindex:-1)
2025-12-11 16:09:42,013 [INFO] PluginManage:310 - Check plugin updater
2025-12-11 16:09:42,081 [INFO] PluginManage:359 - Loaded plugin updater (category:base,tabindex:12)
2025-12-11 16:09:42,081 [INFO] PluginManage:310 - Check plugin userauth
2025-12-11 16:09:42,089 [INFO] UserAuth:118 - Init User Auth plugin
2025-12-11 16:09:42,090 [INFO] PluginManage:359 - Loaded plugin userauth (category:base,tabindex:14)
2025-12-11 16:09:42,091 [INFO] PluginManage:283 - PluginManage : Loaded plugins [18]
2025-12-11 16:09:42,684 [INFO] PinOutPanel:1589 - setPackage(No Configuration,No Configuration)
2025-12-11 16:09:42,887 [INFO] CADModel:165 - CPN selected for project level
2025-12-11 16:09:42,888 [INFO] CADModel:114 - Register for checkConnection events
2025-12-11 16:09:42,962 [INFO] IPUIPlugin:80 - create IPUIPlugin
2025-12-11 16:09:42,962 [INFO] PluginManager:220 - loadIPPluginJar : add adc
2025-12-11 16:09:42,972 [INFO] IPUIPlugin:80 - create IPUIPlugin
2025-12-11 16:09:42,972 [INFO] PluginManager:220 - loadIPPluginJar : add aes
2025-12-11 16:09:42,982 [INFO] IPUIPlugin:80 - create IPUIPlugin
2025-12-11 16:09:42,982 [INFO] PluginManager:220 - loadIPPluginJar : add can
2025-12-11 16:09:42,985 [INFO] IPUIPlugin:80 - create IPUIPlugin
2025-12-11 16:09:42,985 [INFO] PluginManager:220 - loadIPPluginJar : add comp
2025-12-11 16:09:42,997 [INFO] IPUIPlugin:80 - create IPUIPlugin
2025-12-11 16:09:42,997 [INFO] PluginManager:220 - loadIPPluginJar : add cryp
2025-12-11 16:09:43,022 [INFO] IPUIPlugin:80 - create IPUIPlugin
2025-12-11 16:09:43,022 [INFO] PluginManager:220 - loadIPPluginJar : add ddr_ctrl_phy
2025-12-11 16:09:43,028 [INFO] IPUIPlugin:80 - create IPUIPlugin
2025-12-11 16:09:43,028 [INFO] PluginManager:220 - loadIPPluginJar : add dfsdm
2025-12-11 16:09:43,042 [INFO] IPUIPlugin:80 - create IPUIPlugin
2025-12-11 16:09:43,043 [INFO] PluginManager:220 - loadIPPluginJar : add dma
2025-12-11 16:09:43,054 [INFO] IPUIPlugin:80 - create IPUIPlugin
2025-12-11 16:09:43,054 [INFO] PluginManager:220 - loadIPPluginJar : add dma3
2025-12-11 16:09:43,062 [INFO] IPUIPlugin:80 - create IPUIPlugin
2025-12-11 16:09:43,062 [INFO] PluginManager:220 - loadIPPluginJar : add extmemmanager
2025-12-11 16:09:43,068 [INFO] IPUIPlugin:80 - create IPUIPlugin
2025-12-11 16:09:43,068 [INFO] PluginManager:220 - loadIPPluginJar : add fatfs
2025-12-11 16:09:43,081 [INFO] IPUIPlugin:80 - create IPUIPlugin
2025-12-11 16:09:43,081 [INFO] PluginManager:220 - loadIPPluginJar : add fmc
2025-12-11 16:09:43,125 [INFO] IPUIPlugin:80 - create IPUIPlugin
2025-12-11 16:09:43,125 [INFO] PluginManager:220 - loadIPPluginJar : add freertos
2025-12-11 16:09:43,131 [INFO] IPUIPlugin:80 - create IPUIPlugin
2025-12-11 16:09:43,131 [INFO] PluginManager:220 - loadIPPluginJar : add genericplugin
2025-12-11 16:09:43,140 [INFO] IPUIPlugin:80 - create IPUIPlugin
2025-12-11 16:09:43,140 [INFO] PluginManager:220 - loadIPPluginJar : add gfxmmu
2025-12-11 16:09:43,153 [INFO] IPUIPlugin:80 - create IPUIPlugin
2025-12-11 16:09:43,153 [INFO] PluginManager:220 - loadIPPluginJar : add gic
2025-12-11 16:09:43,167 [INFO] IPUIPlugin:80 - create IPUIPlugin
2025-12-11 16:09:43,168 [INFO] PluginManager:220 - loadIPPluginJar : add gpio
2025-12-11 16:09:43,182 [INFO] IPUIPlugin:80 - create IPUIPlugin
2025-12-11 16:09:43,183 [INFO] PluginManager:220 - loadIPPluginJar : add gtzc
2025-12-11 16:09:43,188 [INFO] IPUIPlugin:80 - create IPUIPlugin
2025-12-11 16:09:43,188 [INFO] PluginManager:220 - loadIPPluginJar : add hash
2025-12-11 16:09:43,195 [INFO] IPUIPlugin:80 - create IPUIPlugin
2025-12-11 16:09:43,195 [INFO] PluginManager:220 - loadIPPluginJar : add i2c
2025-12-11 16:09:43,203 [INFO] IPUIPlugin:80 - create IPUIPlugin
2025-12-11 16:09:43,203 [INFO] PluginManager:220 - loadIPPluginJar : add i2s
2025-12-11 16:09:43,214 [INFO] IPUIPlugin:80 - create IPUIPlugin
2025-12-11 16:09:43,214 [INFO] PluginManager:220 - loadIPPluginJar : add i3c
2025-12-11 16:09:43,227 [INFO] IPUIPlugin:80 - create IPUIPlugin
2025-12-11 16:09:43,228 [INFO] PluginManager:220 - loadIPPluginJar : add ipddr
2025-12-11 16:09:43,240 [INFO] IPUIPlugin:80 - create IPUIPlugin
2025-12-11 16:09:43,240 [INFO] PluginManager:220 - loadIPPluginJar : add linkedlist
2025-12-11 16:09:43,247 [INFO] IPUIPlugin:80 - create IPUIPlugin
2025-12-11 16:09:43,247 [INFO] PluginManager:220 - loadIPPluginJar : add lorawan
2025-12-11 16:09:43,252 [INFO] IPUIPlugin:80 - create IPUIPlugin
2025-12-11 16:09:43,252 [INFO] PluginManager:220 - loadIPPluginJar : add ltdc
2025-12-11 16:09:43,269 [INFO] IPUIPlugin:80 - create IPUIPlugin
2025-12-11 16:09:43,270 [INFO] PluginManager:220 - loadIPPluginJar : add mdma
2025-12-11 16:09:43,283 [INFO] IPUIPlugin:80 - create IPUIPlugin
2025-12-11 16:09:43,284 [INFO] PluginManager:220 - loadIPPluginJar : add nvic
2025-12-11 16:09:43,288 [INFO] IPUIPlugin:80 - create IPUIPlugin
2025-12-11 16:09:43,289 [INFO] PluginManager:220 - loadIPPluginJar : add opamp
2025-12-11 16:09:43,295 [INFO] IPUIPlugin:80 - create IPUIPlugin
2025-12-11 16:09:43,296 [INFO] PluginManager:220 - loadIPPluginJar : add openamp
2025-12-11 16:09:43,306 [INFO] IPUIPlugin:80 - create IPUIPlugin
2025-12-11 16:09:43,306 [INFO] PluginManager:220 - loadIPPluginJar : add pdm2pcm
2025-12-11 16:09:43,324 [INFO] IPUIPlugin:80 - create IPUIPlugin
2025-12-11 16:09:43,326 [INFO] PluginManager:220 - loadIPPluginJar : add plateformsettings
2025-12-11 16:09:43,333 [INFO] IPUIPlugin:80 - create IPUIPlugin
2025-12-11 16:09:43,333 [INFO] PluginManager:220 - loadIPPluginJar : add quadspi
2025-12-11 16:09:43,340 [INFO] IPUIPlugin:80 - create IPUIPlugin
2025-12-11 16:09:43,340 [INFO] PluginManager:220 - loadIPPluginJar : add radio
2025-12-11 16:09:43,363 [INFO] IPUIPlugin:80 - create IPUIPlugin
2025-12-11 16:09:43,363 [INFO] PluginManager:220 - loadIPPluginJar : add resmgrutility
2025-12-11 16:09:43,371 [INFO] IPUIPlugin:80 - create IPUIPlugin
2025-12-11 16:09:43,371 [INFO] PluginManager:220 - loadIPPluginJar : add sai
2025-12-11 16:09:43,385 [INFO] IPUIPlugin:80 - create IPUIPlugin
2025-12-11 16:09:43,385 [INFO] PluginManager:220 - loadIPPluginJar : add spi
2025-12-11 16:09:43,399 [INFO] IPUIPlugin:80 - create IPUIPlugin
2025-12-11 16:09:43,399 [INFO] PluginManager:220 - loadIPPluginJar : add stm32_wpan
2025-12-11 16:09:43,402 [INFO] IPUIPlugin:80 - create IPUIPlugin
2025-12-11 16:09:43,402 [INFO] PluginManager:220 - loadIPPluginJar : add tim
2025-12-11 16:09:43,421 [INFO] IPUIPlugin:80 - create IPUIPlugin
2025-12-11 16:09:43,421 [INFO] PluginManager:220 - loadIPPluginJar : add touchsensing
2025-12-11 16:09:43,424 [INFO] IPUIPlugin:80 - create IPUIPlugin
2025-12-11 16:09:43,424 [INFO] PluginManager:220 - loadIPPluginJar : add tracer_emb
2025-12-11 16:09:43,432 [INFO] IPUIPlugin:80 - create IPUIPlugin
2025-12-11 16:09:43,432 [INFO] PluginManager:220 - loadIPPluginJar : add ts
2025-12-11 16:09:43,437 [INFO] IPUIPlugin:80 - create IPUIPlugin
2025-12-11 16:09:43,437 [INFO] PluginManager:220 - loadIPPluginJar : add tsc
2025-12-11 16:09:43,445 [INFO] IPUIPlugin:80 - create IPUIPlugin
2025-12-11 16:09:43,445 [INFO] PluginManager:220 - loadIPPluginJar : add ucpd
2025-12-11 16:09:43,455 [INFO] IPUIPlugin:80 - create IPUIPlugin
2025-12-11 16:09:43,455 [INFO] PluginManager:220 - loadIPPluginJar : add usart
2025-12-11 16:09:43,464 [INFO] IPUIPlugin:80 - create IPUIPlugin
2025-12-11 16:09:43,464 [INFO] PluginManager:220 - loadIPPluginJar : add usbx
2025-12-11 16:09:43,632 [FATAL] Updater:351 - Updater called before beeing initialized
2025-12-11 16:09:43,705 [INFO] RulesReader:64 - Compatibility file has been processed (317 Rules)
2025-12-11 16:09:43,728 [INFO] RulesReader:64 - Compatibility file has been processed (317 Rules)
2025-12-11 16:09:43,750 [INFO] CADModel:165 - CPN selected for project level
2025-12-11 16:09:43,750 [INFO] CADModel:114 - Register for checkConnection events
2025-12-11 16:09:43,750 [FATAL] Updater:351 - Updater called before beeing initialized
2025-12-11 16:09:43,751 [ERROR] CADModel:125 - Updater not yet initialized, retry later 
2025-12-11 16:09:44,165 [INFO] ThirdPartyUpdaterWithRetryManager:70 - Updater plugin not ready yet. [2/15]
2025-12-11 16:09:44,321 [FATAL] Updater:351 - Updater called before beeing initialized
2025-12-11 16:09:44,328 [INFO] CADModel:165 - CPN selected for project level
2025-12-11 16:09:44,328 [INFO] CADModel:114 - Register for checkConnection events
2025-12-11 16:09:44,328 [FATAL] Updater:351 - Updater called before beeing initialized
2025-12-11 16:09:44,328 [ERROR] CADModel:125 - Updater not yet initialized, retry later 
2025-12-11 16:09:44,332 [FATAL] Updater:351 - Updater called before beeing initialized
2025-12-11 16:09:44,518 [FATAL] Updater:351 - Updater called before beeing initialized
2025-12-11 16:09:44,522 [INFO] DbMcusAds:53 - JSON generation date=Mon Nov 10 11:43:01 CET 2025 (1762771381096)
2025-12-11 16:09:44,523 [FATAL] Updater:351 - Updater called before beeing initialized
2025-12-11 16:09:44,674 [WARN] DetailPanel:346 - Failed to get advertising image, set to default
2025-12-11 16:09:44,781 [FATAL] Updater:351 - Updater called before beeing initialized
2025-12-11 16:09:44,782 [FATAL] Updater:351 - Updater called before beeing initialized
2025-12-11 16:09:44,782 [FATAL] Updater:351 - Updater called before beeing initialized
2025-12-11 16:09:44,782 [WARN] DetailPanel:346 - Failed to get advertising image, set to default
2025-12-11 16:09:44,783 [FATAL] Updater:351 - Updater called before beeing initialized
2025-12-11 16:09:44,883 [ERROR] Updater:1198 - MainUpdater not yet initialized. External WinMGr cannot be set.
2025-12-11 16:09:44,892 [INFO] Updater:1134 - Updater Version found : 6.15.0
2025-12-11 16:09:44,941 [INFO] ApplicationProperties:184 - Using Application install path: C:\ST\STM32CubeIDE_1.19.0\STM32CubeIDE\plugins\com.st.stm32cube.common.mx_6.15.0.202507011659
2025-12-11 16:09:45,756 [INFO] MainUpdater:2872 - connection check result : 22
2025-12-11 16:09:45,756 [INFO] MainUpdater:289 - Updater Check For Update Now.
2025-12-11 16:09:45,756 [INFO] MicroXplorer:498 - Change Database Version : DB.6.0.150
2025-12-11 16:09:45,779 [INFO] McuFinderGlobals:63 - Set McuFinder mode to 2 (CubeIDE integrated)
2025-12-11 16:09:45,786 [INFO] UserAuth:487 - Internet connection configuration mode: 2
2025-12-11 16:09:45,821 [INFO] UserAuth:487 - Internet connection configuration mode: 2
2025-12-11 16:09:46,026 [INFO] CheckServerUpdateThread:120 - End of CheckServer Thread
2025-12-11 16:09:48,938 [WARN] PackLoader:240 - Cannot read IP mode file for STMicroelectronics.FP-SNS-MOTENVWB1.1.4.0
2025-12-11 16:09:48,975 [WARN] PackLoader:240 - Cannot read IP mode file for STMicroelectronics.FP-ATR-ASTRA1.2.0.2
2025-12-11 16:09:48,984 [WARN] PackLoader:240 - Cannot read IP mode file for STMicroelectronics.FP-ATR-ASTRA1.2.0.1
2025-12-11 16:09:49,048 [WARN] PackLoader:240 - Cannot read IP mode file for STMicroelectronics.X-CUBE-SMBUS.2.1.0
2025-12-11 16:09:49,080 [WARN] PackLoader:240 - Cannot read IP mode file for STMicroelectronics.X-CUBE-WB05N.1.1.0
2025-12-11 16:09:49,105 [WARN] PackLoader:240 - Cannot read IP mode file for STMicroelectronics.X-CUBE-TOUCHGFX.4.23.0
2025-12-11 16:09:49,120 [WARN] PackLoader:240 - Cannot read IP mode file for STMicroelectronics.X-CUBE-TOUCHGFX.4.23.2
2025-12-11 16:09:49,217 [WARN] PackLoader:240 - Cannot read IP mode file for STMicroelectronics.X-CUBE-AZRTOS-F7.1.1.0
2025-12-11 16:09:49,241 [WARN] PackLoader:240 - Cannot read IP mode file for STMicroelectronics.FP-SNS-MOTENV1.4.3.2
2025-12-11 16:09:49,258 [ERROR] RealEvaluatedCondition:428 - Found unsupported composite condition: CLASS='Data Exchange' GROUP='STM32_MetaDataManager'
2025-12-11 16:09:49,259 [ERROR] RealEvaluatedCondition:428 - Found unsupported composite condition: GROUP='STM32_MetaDataManager' CLASS='Data Exchange'
2025-12-11 16:09:49,262 [WARN] PackLoader:240 - Cannot read IP mode file for STMicroelectronics.FP-SNS-MOTENV1.4.3.1
2025-12-11 16:09:49,280 [WARN] PackLoader:240 - Cannot read IP mode file for STMicroelectronics.FP-SNS-FLIGHT1.5.0.1
2025-12-11 16:09:49,300 [WARN] PackLoader:240 - Cannot read IP mode file for STMicroelectronics.X-CUBE-BLE1.6.2.3
2025-12-11 16:09:49,430 [WARN] PackLoader:240 - Cannot read IP mode file for STMicroelectronics.X-CUBE-MEMS1.11.0.0
2025-12-11 16:09:49,618 [WARN] PackLoader:240 - Cannot read IP mode file for STMicroelectronics.X-CUBE-BLE1.6.2.4
2025-12-11 16:09:49,630 [WARN] PackLoader:240 - Cannot read IP mode file for STMicroelectronics.FP-SNS-MOTENV1.5.1.0
2025-12-11 16:09:49,638 [WARN] PackLoader:240 - Cannot read IP mode file for STMicroelectronics.X-CUBE-BLE1.6.2.2
2025-12-11 16:09:49,646 [WARN] PackLoader:240 - Cannot read IP mode file for STMicroelectronics.FP-SNS-FLIGHT1.5.0.2
2025-12-11 16:09:49,659 [WARN] PackLoader:240 - Cannot read IP mode file for STMicroelectronics.X-CUBE-BLE2.3.2.2
2025-12-11 16:09:49,703 [WARN] PackLoader:240 - Cannot read IP mode file for STMicroelectronics.X-CUBE-AZRTOS-H7.3.4.0
2025-12-11 16:09:49,721 [WARN] PackLoader:240 - Cannot read IP mode file for STMicroelectronics.X-CUBE-DISPLAY.3.0.0
2025-12-11 16:09:49,736 [WARN] PackLoader:240 - Cannot read IP mode file for STMicroelectronics.X-CUBE-BLE1.7.0.0
2025-12-11 16:09:49,751 [WARN] PackLoader:240 - Cannot read IP mode file for STMicroelectronics.X-CUBE-NFC10.1.0.0
2025-12-11 16:09:49,768 [WARN] PackLoader:240 - Cannot read IP mode file for STMicroelectronics.X-CUBE-BLEMGR.4.0.0
2025-12-11 16:09:49,783 [WARN] PackLoader:240 - Cannot read IP mode file for STMicroelectronics.X-CUBE-ST60.1.1.0
2025-12-11 16:09:49,791 [WARN] PackLoader:240 - Cannot read IP mode file for STMicroelectronics.X-CUBE-TOUCHGFX.4.22.0
2025-12-11 16:09:49,805 [WARN] PackLoader:240 - Cannot read IP mode file for STMicroelectronics.X-CUBE-GNSS1.7.1.0
2025-12-11 16:09:49,816 [WARN] PackLoader:240 - Cannot read IP mode file for STMicroelectronics.X-CUBE-TOUCHGFX.4.22.1
2025-12-11 16:09:49,834 [WARN] PackLoader:240 - Cannot read IP mode file for STMicroelectronics.X-CUBE-SUBG2.4.2.0
2025-12-11 16:09:49,886 [WARN] PackLoader:240 - Cannot read IP mode file for STMicroelectronics.X-CUBE-MEMS1.9.3.0
2025-12-11 16:09:49,998 [WARN] PackLoader:240 - Cannot read IP mode file for STMicroelectronics.X-CUBE-AI.7.2.0
2025-12-11 16:09:50,020 [WARN] PackLoader:240 - Cannot read IP mode file for STMicroelectronics.X-CUBE-BLEMGR.3.1.0
2025-12-11 16:09:50,034 [WARN] PackLoader:240 - Cannot read IP mode file for STMicroelectronics.X-CUBE-AI.10.0.0
2025-12-11 16:09:50,052 [WARN] PackLoader:240 - Cannot read IP mode file for STMicroelectronics.FP-SNS-STBOX1.2.1.0
2025-12-11 16:09:50,066 [WARN] PackLoader:240 - Cannot read IP mode file for STMicroelectronics.FP-SNS-SMARTAG2.1.2.0
2025-12-11 16:09:50,070 [WARN] PackLoader:240 - Cannot read IP mode file for STMicroelectronics.FP-SNS-FLIGHT1.5.1.0
2025-12-11 16:09:50,140 [WARN] PackLoader:240 - Cannot read IP mode file for STMicroelectronics.X-CUBE-MEMS1.11.1.0
2025-12-11 16:09:50,340 [INFO] LogOutputStream:77 - [STDOUT_REDIRECT] 1 : Invalid condition id : UX_CORESTACK_Condition cause : null
2025-12-11 16:09:50,342 [INFO] LogOutputStream:77 - [STDOUT_REDIRECT] 1 : Invalid condition id : UX_CORESTACK_Condition cause : null
2025-12-11 16:09:50,344 [INFO] LogOutputStream:77 - [STDOUT_REDIRECT] 1 : Invalid condition id : UX_CORESTACK_Condition cause : null
2025-12-11 16:09:50,346 [INFO] LogOutputStream:77 - [STDOUT_REDIRECT] 1 : Invalid condition id : UX_CORESTACK_Condition cause : null
2025-12-11 16:09:50,348 [INFO] LogOutputStream:77 - [STDOUT_REDIRECT] 1 : Invalid condition id : UX_CORESTACK_Condition cause : null
2025-12-11 16:09:50,352 [WARN] PackLoader:240 - Cannot read IP mode file for STMicroelectronics.X-CUBE-AZRTOS-WL.2.0.0
2025-12-11 16:09:50,370 [WARN] PackLoader:240 - Cannot read IP mode file for STMicroelectronics.X-CUBE-ALGOBUILD.1.2.1
2025-12-11 16:09:50,385 [WARN] PackLoader:240 - Cannot read IP mode file for STMicroelectronics.FP-SNS-MOTENV1.5.0.0
2025-12-11 16:09:50,432 [WARN] PackLoader:240 - Cannot read IP mode file for STMicroelectronics.X-CUBE-AZRTOS-H7RS.1.2.0
2025-12-11 16:09:50,443 [WARN] PackLoader:240 - Cannot read IP mode file for wolfSSL.I-CUBE-wolfMQTT.1.19.0
2025-12-11 16:09:50,468 [WARN] PackLoader:240 - Cannot read IP mode file for WES.I-CUBE-Cesium.1.3.0
2025-12-11 16:09:50,483 [WARN] PackLoader:240 - Cannot read IP mode file for STMicroelectronics.X-CUBE-BLE2.3.3.0
2025-12-11 16:09:50,525 [WARN] PackLoader:240 - Cannot read IP mode file for STMicroelectronics.X-CUBE-DISPLAY.2.2.0
2025-12-11 16:09:50,553 [WARN] PackLoader:240 - Cannot read IP mode file for STMicroelectronics.X-CUBE-TOF1.3.2.0
2025-12-11 16:09:50,568 [WARN] PackLoader:240 - Cannot read IP mode file for STMicroelectronics.X-CUBE-TOUCHGFX.4.18.1
2025-12-11 16:09:50,574 [WARN] PackLoader:240 - Cannot read IP mode file for STMicroelectronics.X-CUBE-ISPU.1.0.0
2025-12-11 16:09:50,584 [WARN] PackLoader:240 - Cannot read IP mode file for wolfSSL.I-CUBE-wolfSSL.5.0.0
2025-12-11 16:09:50,593 [WARN] PackLoader:240 - Cannot read IP mode file for STMicroelectronics.X-CUBE-NFC9.1.0.0
2025-12-11 16:09:50,626 [WARN] PackLoader:240 - Cannot read IP mode file for STMicroelectronics.X-CUBE-AZRTOS-H7.2.1.0
2025-12-11 16:09:50,634 [WARN] PackLoader:240 - Cannot read IP mode file for STMicroelectronics.X-CUBE-BLE1.7.1.0
2025-12-11 16:09:50,646 [WARN] PackLoader:240 - Cannot read IP mode file for STMicroelectronics.X-CUBE-TCPP.4.1.0
2025-12-11 16:09:50,657 [WARN] PackLoader:240 - Cannot read IP mode file for STMicroelectronics.X-CUBE-FREERTOS.1.4.0
2025-12-11 16:09:50,669 [WARN] PackLoader:240 - Cannot read IP mode file for STMicroelectronics.X-CUBE-EEPRMA1.5.2.0
2025-12-11 16:09:50,677 [WARN] PackLoader:240 - Cannot read IP mode file for STMicroelectronics.X-CUBE-TOUCHGFX.4.21.1
2025-12-11 16:09:50,683 [WARN] PackLoader:240 - Cannot read IP mode file for STMicroelectronics.X-CUBE-TOUCHGFX.4.21.0
2025-12-11 16:09:50,690 [WARN] PackLoader:240 - Cannot read IP mode file for STMicroelectronics.X-CUBE-TOUCHGFX.4.21.3
2025-12-11 16:09:50,699 [WARN] PackLoader:240 - Cannot read IP mode file for STMicroelectronics.X-CUBE-TOUCHGFX.4.21.4
2025-12-11 16:09:50,740 [WARN] PackLoader:240 - Cannot read IP mode file for STMicroelectronics.X-CUBE-MEMS1.9.4.0
2025-12-11 16:09:50,840 [WARN] PackLoader:240 - Cannot read IP mode file for STMicroelectronics.X-CUBE-AI.7.3.0
2025-12-11 16:09:50,856 [WARN] PackLoader:240 - Cannot read IP mode file for STMicroelectronics.X-CUBE-ST67W61.1.1.0
2025-12-11 16:09:50,908 [WARN] PackLoader:240 - Cannot read IP mode file for STMicroelectronics.X-CUBE-MEMS1.12.0.0
2025-12-11 16:09:50,971 [WARN] PackLoader:240 - Cannot read IP mode file for STMicroelectronics.X-CUBE-ALGOBUILD.1.3.0
2025-12-11 16:09:51,012 [WARN] PackLoader:240 - Cannot read IP mode file for STMicroelectronics.X-CUBE-AZRTOS-G0.1.1.0
2025-12-11 16:09:51,029 [WARN] PackLoader:240 - Cannot read IP mode file for STMicroelectronics.X-CUBE-SAFEA1.1.2.2
2025-12-11 16:09:51,041 [WARN] PackLoader:240 - Cannot read IP mode file for STMicroelectronics.X-CUBE-NFC4.3.0.0
2025-12-11 16:09:51,086 [WARN] PackLoader:240 - Cannot read IP mode file for SEGGER.I-CUBE-embOS.1.2.0
2025-12-11 16:09:51,114 [WARN] PackLoader:240 - Cannot read IP mode file for wolfSSL.I-CUBE-wolfMQTT.1.18.0
2025-12-11 16:09:51,131 [WARN] PackLoader:240 - Cannot read IP mode file for EmbeddedOffice.I-CUBE-FS-RTOS.1.0.1
2025-12-11 16:09:51,141 [WARN] PackLoader:240 - Cannot read IP mode file for STMicroelectronics.X-CUBE-WB05N.2.0.0
2025-12-11 16:09:51,158 [WARN] PackLoader:240 - Cannot read IP mode file for STMicroelectronics.X-CUBE-BLEMGR.3.0.0
2025-12-11 16:09:51,168 [WARN] PackLoader:240 - Cannot read IP mode file for STMicroelectronics.X-CUBE-BLEMGR.1.3.0
2025-12-11 16:09:51,183 [WARN] PackLoader:240 - Cannot read IP mode file for STMicroelectronics.X-CUBE-TCPP.4.2.0
2025-12-11 16:09:51,197 [WARN] PackLoader:240 - Cannot read IP mode file for RealThread.X-CUBE-RT-Thread_Nano.4.1.1
2025-12-11 16:09:51,232 [WARN] PackLoader:240 - Cannot read IP mode file for STMicroelectronics.X-CUBE-AZRTOS-H7.2.0.0
2025-12-11 16:09:51,249 [WARN] PackLoader:240 - Cannot read IP mode file for STMicroelectronics.FP-ATR-SIGFOX1.3.2.0
2025-12-11 16:09:51,268 [WARN] ConditionMgr:438 - getConditionDescription Invalid condition id : Cortex-A Device cause : null
2025-12-11 16:09:51,291 [WARN] ConditionMgr:1044 - genDependencies : Invalid condition id : Cortex-A Device cause : null
2025-12-11 16:09:51,291 [WARN] ConditionMgr:1044 - genDependencies : Invalid condition id : Cortex-A Device cause : null
2025-12-11 16:09:51,291 [WARN] ConditionMgr:1044 - genDependencies : Invalid condition id : Cortex-A Device cause : null
2025-12-11 16:09:51,300 [WARN] PackLoader:240 - Cannot read IP mode file for STMicroelectronics.X-CUBE-EEPRMA1.5.1.0
2025-12-11 16:09:51,324 [WARN] PackLoader:240 - Cannot read IP mode file for emotas.I-CUBE-CANOPEN.1.1.2
2025-12-11 16:09:51,334 [WARN] PackLoader:240 - Cannot read IP mode file for STMicroelectronics.X-CUBE-TOUCHGFX.4.20.0
2025-12-11 16:09:51,374 [WARN] PackLoader:240 - Cannot read IP mode file for STMicroelectronics.X-CUBE-MEMS1.9.5.0
2025-12-11 16:09:51,462 [WARN] PackLoader:240 - Cannot read IP mode file for STMicroelectronics.X-CUBE-AI.10.2.0
2025-12-11 16:09:51,508 [WARN] PackLoader:240 - Cannot read IP mode file for SEGGER.I-CUBE-embOS.1.3.1
2025-12-11 16:09:51,556 [WARN] PackLoader:240 - Cannot read IP mode file for STMicroelectronics.X-CUBE-ALGOBUILD.1.4.0
2025-12-11 16:09:51,644 [WARN] PackLoader:240 - Cannot read IP mode file for STMicroelectronics.X-CUBE-MEMS1.11.3.0
2025-12-11 16:09:51,736 [WARN] PackLoader:240 - Cannot read IP mode file for STMicroelectronics.X-CUBE-DISPLAY.2.0.0
2025-12-11 16:09:51,747 [WARN] PackLoader:240 - Cannot read IP mode file for STMicroelectronics.X-CUBE-AI.9.1.0
2025-12-11 16:09:51,755 [WARN] PackLoader:240 - Cannot read IP mode file for STMicroelectronics.X-CUBE-PM33A1.1.0.0
2025-12-11 16:09:51,765 [WARN] PackLoader:240 - Cannot read IP mode file for STMicroelectronics.X-CUBE-GNSS1.6.0.0
2025-12-11 16:09:51,801 [WARN] PackLoader:240 - Cannot read IP mode file for STMicroelectronics.X-CUBE-AZRTOS-F4.1.1.0
2025-12-11 16:09:51,818 [WARN] PackLoader:240 - Cannot read IP mode file for STMicroelectronics.X-CUBE-ISPU.2.1.0
2025-12-11 16:09:51,837 [WARN] PackLoader:240 - Cannot read IP mode file for STMicroelectronics.X-CUBE-IPS.3.2.0
2025-12-11 16:09:51,848 [WARN] PackLoader:240 - Cannot read IP mode file for STMicroelectronics.X-CUBE-FREERTOS.1.2.0
2025-12-11 16:09:51,864 [WARN] PackLoader:240 - Cannot read IP mode file for STMicroelectronics.X-CUBE-NFC12.1.0.0
2025-12-11 16:09:51,881 [WARN] PackLoader:240 - Cannot read IP mode file for STMicroelectronics.X-CUBE-BLEMGR.1.2.0
2025-12-11 16:09:51,918 [WARN] PackLoader:240 - Cannot read IP mode file for STMicroelectronics.X-CUBE-AZRTOS-L5.2.0.0
2025-12-11 16:09:51,978 [WARN] PackLoader:240 - Cannot read IP mode file for STMicroelectronics.X-CUBE-MEMS1.9.6.0
2025-12-11 16:09:52,074 [WARN] PackLoader:240 - Cannot read IP mode file for STMicroelectronics.X-CUBE-EEPRMA1.4.2.0
2025-12-11 16:09:52,094 [WARN] PackLoader:240 - Cannot read IP mode file for STMicroelectronics.X-CUBE-NFC6.3.1.0
2025-12-11 16:09:52,116 [WARN] PackLoader:240 - Cannot read IP mode file for ITTIA_DB.I-CUBE-ITTIADB.8.8.0
2025-12-11 16:09:52,133 [WARN] PackLoader:240 - Cannot read IP mode file for STMicroelectronics.X-CUBE-BLEMGR.2.0.0
2025-12-11 16:09:52,146 [WARN] PackLoader:240 - Cannot read IP mode file for STMicroelectronics.X-CUBE-DPower.1.2.0
2025-12-11 16:09:52,155 [WARN] PackLoader:240 - Cannot read IP mode file for STMicroelectronics.X-CUBE-NFC4.2.0.5
2025-12-11 16:09:52,168 [WARN] PackLoader:240 - Cannot read IP mode file for STMicroelectronics.X-CUBE-NFC4.2.0.4
2025-12-11 16:09:52,180 [WARN] PackLoader:240 - Cannot read IP mode file for STMicroelectronics.X-CUBE-NFC4.2.0.3
2025-12-11 16:09:52,191 [WARN] PackLoader:240 - Cannot read IP mode file for STMicroelectronics.X-CUBE-AI.9.0.0
2025-12-11 16:09:52,215 [WARN] ConditionMgr:438 - getConditionDescription Invalid condition id : UX DEVICE CLASS RTOS Condition cause : null
2025-12-11 16:09:52,215 [WARN] ConditionMgr:438 - getConditionDescription Invalid condition id : UX DEVICE CLASS RTOS Condition cause : null
2025-12-11 16:09:52,217 [WARN] PackLoader:240 - Cannot read IP mode file for STMicroelectronics.X-CUBE-AZRTOS-H7.3.1.0
2025-12-11 16:09:52,218 [WARN] ConditionMgr:1044 - genDependencies : Invalid condition id : UX DEVICE CLASS RTOS Condition cause : null
2025-12-11 16:09:52,218 [WARN] ConditionMgr:1044 - genDependencies : Invalid condition id : UX DEVICE CLASS RTOS Condition cause : null
2025-12-11 16:09:52,218 [WARN] ConditionMgr:1044 - genDependencies : Invalid condition id : UX DEVICE CLASS RTOS Condition cause : null
2025-12-11 16:09:52,219 [WARN] ConditionMgr:1044 - genDependencies : Invalid condition id : UX DEVICE CLASS RTOS Condition cause : null
2025-12-11 16:09:52,219 [WARN] ConditionMgr:1044 - genDependencies : Invalid condition id : UX DEVICE CLASS RTOS Condition cause : null
2025-12-11 16:09:52,245 [WARN] PackLoader:240 - Cannot read IP mode file for STMicroelectronics.X-CUBE-SFXS2LP1.3.1.0
2025-12-11 16:09:52,277 [WARN] PackLoader:240 - Cannot read IP mode file for STMicroelectronics.X-CUBE-AZRTOS-F4.1.0.0
2025-12-11 16:09:52,292 [WARN] PackLoader:240 - Cannot read IP mode file for STMicroelectronics.X-CUBE-TOF1.2.0.0
2025-12-11 16:09:52,305 [WARN] PackLoader:240 - Cannot read IP mode file for STMicroelectronics.X-CUBE-FREERTOS.1.3.1
2025-12-11 16:09:52,317 [WARN] PackLoader:240 - Cannot read IP mode file for STMicroelectronics.X-CUBE-FREERTOS.1.3.0
2025-12-11 16:09:52,329 [WARN] PackLoader:240 - Cannot read IP mode file for STMicroelectronics.X-CUBE-NFC7.1.0.1
2025-12-11 16:09:52,341 [WARN] PackLoader:240 - Cannot read IP mode file for STMicroelectronics.X-CUBE-NFC7.1.0.0
2025-12-11 16:09:52,350 [WARN] PackLoader:240 - Cannot read IP mode file for wolfSSL.I-CUBE-wolfTPM.3.2.0
2025-12-11 16:09:52,360 [WARN] PackLoader:240 - Cannot read IP mode file for STMicroelectronics.X-CUBE-TOUCHGFX.4.26.0
2025-12-11 16:09:52,375 [WARN] PackLoader:240 - Cannot read IP mode file for STMicroelectronics.X-CUBE-NFC6.3.0.0
2025-12-11 16:09:52,390 [WARN] PackLoader:240 - Cannot read IP mode file for STMicroelectronics.X-CUBE-EEPRMA1.4.1.0
2025-12-11 16:09:52,406 [WARN] PackLoader:240 - Cannot read IP mode file for STMicroelectronics.FP-SNS-STAIOTCFT.1.0.0
2025-12-11 16:09:52,418 [WARN] PackLoader:240 - Cannot read IP mode file for STMicroelectronics.X-CUBE-DPower.1.3.0
2025-12-11 16:09:52,428 [WARN] PackLoader:240 - Cannot read IP mode file for STMicroelectronics.X-CUBE-AI.8.1.0
2025-12-11 16:09:52,468 [WARN] ConditionMgr:438 - getConditionDescription Invalid condition id : LAN8742 Phy interface Condition cause : null
2025-12-11 16:09:52,469 [WARN] PackLoader:240 - Cannot read IP mode file for STMicroelectronics.X-CUBE-AZRTOS-L4.2.0.0
2025-12-11 16:09:52,470 [WARN] ConditionMgr:1044 - genDependencies : Invalid condition id : LAN8742 Phy interface Condition cause : null
2025-12-11 16:09:52,470 [WARN] ConditionMgr:1044 - genDependencies : Invalid condition id : LAN8742 Phy interface Condition cause : null
2025-12-11 16:09:52,471 [WARN] ConditionMgr:1044 - genDependencies : Invalid condition id : LAN8742 Phy interface Condition cause : null
2025-12-11 16:09:52,490 [WARN] PackLoader:240 - Cannot read IP mode file for STMicroelectronics.X-CUBE-SFXS2LP1.4.0.0
2025-12-11 16:09:52,535 [WARN] PackLoader:240 - Cannot read IP mode file for STMicroelectronics.X-CUBE-AZRTOS-H7.3.0.0
2025-12-11 16:09:52,552 [WARN] PackLoader:240 - Cannot read IP mode file for STMicroelectronics.X-CUBE-ISPU.1.1.0
2025-12-11 16:09:52,589 [WARN] PackLoader:240 - Cannot read IP mode file for STMicroelectronics.X-CUBE-AZRTOS-H7.3.3.0
2025-12-11 16:09:52,610 [WARN] PackLoader:240 - Cannot read IP mode file for RoweBots.I-CUBE-UNISONRTOS.5.5.0-4
2025-12-11 16:09:52,628 [WARN] PackLoader:240 - Cannot read IP mode file for STMicroelectronics.X-CUBE-BLEMGR.4.1.0
2025-12-11 16:09:52,642 [WARN] PackLoader:240 - Cannot read IP mode file for STMicroelectronics.X-CUBE-AI.8.0.0
2025-12-11 16:09:52,664 [WARN] PackLoader:240 - Cannot read IP mode file for STMicroelectronics.X-CUBE-IPS.3.0.0
2025-12-11 16:09:52,713 [WARN] ConditionMgr:438 - getConditionDescription Invalid condition id : UX DEVICE CLASS RTOS Condition cause : null
2025-12-11 16:09:52,713 [WARN] ConditionMgr:438 - getConditionDescription Invalid condition id : UX DEVICE CLASS RTOS Condition cause : null
2025-12-11 16:09:52,715 [WARN] PackLoader:240 - Cannot read IP mode file for STMicroelectronics.X-CUBE-AZRTOS-WB.2.0.0
2025-12-11 16:09:52,715 [WARN] ConditionMgr:1044 - genDependencies : Invalid condition id : UX DEVICE CLASS RTOS Condition cause : null
2025-12-11 16:09:52,715 [WARN] ConditionMgr:1044 - genDependencies : Invalid condition id : UX DEVICE CLASS RTOS Condition cause : null
2025-12-11 16:09:52,716 [WARN] ConditionMgr:1044 - genDependencies : Invalid condition id : UX DEVICE CLASS RTOS Condition cause : null
2025-12-11 16:09:52,716 [WARN] ConditionMgr:1044 - genDependencies : Invalid condition id : UX DEVICE CLASS RTOS Condition cause : null
2025-12-11 16:09:52,716 [WARN] ConditionMgr:1044 - genDependencies : Invalid condition id : UX DEVICE CLASS RTOS Condition cause : null
2025-12-11 16:09:52,731 [WARN] PackLoader:240 - Cannot read IP mode file for STMicroelectronics.X-CUBE-FREERTOS.1.0.0
2025-12-11 16:09:52,741 [WARN] PackLoader:240 - Cannot read IP mode file for STMicroelectronics.X-CUBE-FREERTOS.1.0.1
2025-12-11 16:09:52,750 [WARN] PackLoader:240 - Cannot read IP mode file for STMicroelectronics.X-CUBE-GNSS1.7.0.0
2025-12-11 16:09:52,764 [WARN] PackLoader:240 - Cannot read IP mode file for STMicroelectronics.X-CUBE-GNSS1.7.0.1
2025-12-11 16:09:52,778 [WARN] PackLoader:240 - Cannot read IP mode file for STMicroelectronics.FP-SNS-STBOX1.2.0.0
2025-12-11 16:09:52,813 [WARN] PackLoader:240 - Cannot read IP mode file for STMicroelectronics.X-CUBE-AZRTOS-L5.1.1.0
2025-12-11 16:09:52,824 [WARN] PackLoader:240 - Cannot read IP mode file for STMicroelectronics.X-CUBE-AI.8.0.1
2025-12-11 16:09:52,840 [WARN] PackLoader:240 - Cannot read IP mode file for STMicroelectronics.X-CUBE-SUBG2.5.0.0
2025-12-11 16:09:52,896 [WARN] PackLoader:240 - Cannot read IP mode file for STMicroelectronics.X-CUBE-AZRTOS-H7RS.1.1.0
2025-12-11 16:09:52,949 [WARN] PackLoader:240 - Cannot read IP mode file for STMicroelectronics.X-CUBE-AZRTOS-G4.2.0.0
2025-12-11 16:09:52,978 [WARN] PackLoader:240 - Cannot read IP mode file for STMicroelectronics.X-CUBE-TOF1.3.3.0
2025-12-11 16:09:53,004 [WARN] PackLoader:240 - Cannot read IP mode file for STMicroelectronics.FP-ATR-ASTRA1.1.1.1
2025-12-11 16:09:53,044 [WARN] PackLoader:240 - Cannot read IP mode file for Infineon.AIROC-Wi-Fi-Bluetooth-STM32.1.5.1
2025-12-11 16:09:53,066 [WARN] PackLoader:240 - Cannot read IP mode file for STMicroelectronics.X-CUBE-NFC7.2.0.0
2025-12-11 16:09:53,074 [WARN] PackLoader:240 - Cannot read IP mode file for STMicroelectronics.FP-SNS-MOTENVWB1.1.3.1
2025-12-11 16:09:53,113 [WARN] PackLoader:240 - Cannot read IP mode file for STMicroelectronics.X-CUBE-AZRTOS-G4.1.0.0
2025-12-11 16:09:53,163 [WARN] PackLoader:240 - Cannot read IP mode file for STMicroelectronics.X-CUBE-AZRTOS-L4.1.0.0
2025-12-11 16:09:53,183 [WARN] PackLoader:240 - Cannot read IP mode file for STMicroelectronics.X-CUBE-ISPU.2.0.0
2025-12-11 16:09:53,212 [WARN] PackLoader:240 - Cannot read IP mode file for STMicroelectronics.X-CUBE-IPS.3.1.0
2025-12-11 16:09:53,236 [WARN] PackLoader:240 - Cannot read IP mode file for STMicroelectronics.X-CUBE-ALS.1.0.2
2025-12-11 16:09:53,300 [WARN] PackLoader:240 - Cannot read IP mode file for STMicroelectronics.X-CUBE-MEMS1.10.0.0
2025-12-11 16:09:53,443 [WARN] PackLoader:240 - Cannot read IP mode file for STMicroelectronics.X-CUBE-FREERTOS.1.1.0
2025-12-11 16:09:53,464 [WARN] PackLoader:240 - Cannot read IP mode file for STMicroelectronics.X-CUBE-TOUCHGFX.4.24.0
2025-12-11 16:09:53,543 [WARN] PackLoader:240 - Cannot read IP mode file for STMicroelectronics.X-CUBE-AZRTOS-F7.1.0.0
2025-12-11 16:09:53,575 [WARN] PackLoader:240 - Cannot read IP mode file for STMicroelectronics.X-CUBE-TOUCHGFX.4.24.2
2025-12-11 16:09:53,606 [WARN] PackLoader:240 - Cannot read IP mode file for STMicroelectronics.X-CUBE-AZRTOS-WL.1.0.0
2025-12-11 16:09:53,625 [WARN] PackLoader:240 - Cannot read IP mode file for STMicroelectronics.X-CUBE-TOUCHGFX.4.24.1
2025-12-11 16:09:53,646 [WARN] PackLoader:240 - Cannot read IP mode file for STMicroelectronics.X-CUBE-STSE01.1.0.0
2025-12-11 16:09:53,709 [WARN] PackLoader:240 - Cannot read IP mode file for STMicroelectronics.X-CUBE-MEMS1.9.1.0
2025-12-11 16:09:53,787 [WARN] PackLoader:240 - Cannot read IP mode file for portGmbH.I-Cube-SoM-uGOAL.1.1.0
2025-12-11 16:09:53,797 [WARN] PackLoader:240 - Cannot read IP mode file for STMicroelectronics.X-CUBE-ALS.1.0.1
2025-12-11 16:09:53,804 [WARN] PackLoader:240 - Cannot read IP mode file for STMicroelectronics.X-CUBE-AI.7.0.0
2025-12-11 16:09:53,834 [WARN] PackLoader:240 - Cannot read IP mode file for STMicroelectronics.X-CUBE-AZRTOS-WB.1.1.0
2025-12-11 16:09:53,869 [WARN] PackLoader:240 - Cannot read IP mode file for STMicroelectronics.X-CUBE-AZRTOS-L5.1.0.0
2025-12-11 16:09:53,889 [WARN] PackLoader:240 - Cannot read IP mode file for STMicroelectronics.X-CUBE-EEPRMA1.3.1.0
2025-12-11 16:09:53,901 [WARN] PackLoader:240 - Cannot read IP mode file for STMicroelectronics.X-CUBE-EEPRMA1.3.1.1
2025-12-11 16:09:53,934 [WARN] PackLoader:240 - Cannot read IP mode file for STMicroelectronics.X-CUBE-AZRTOS-H7RS.1.0.0
2025-12-11 16:09:53,952 [WARN] PackLoader:240 - Cannot read IP mode file for STMicroelectronics.X-CUBE-GNSS1.5.2.0
2025-12-11 16:09:53,962 [WARN] PackLoader:240 - Cannot read IP mode file for STMicroelectronics.FP-ATR-ASTRA1.2.0.0
2025-12-11 16:09:53,985 [WARN] PackLoader:240 - Cannot read IP mode file for STMicroelectronics.X-CUBE-TOF1.3.4.2
2025-12-11 16:09:54,019 [WARN] PackLoader:240 - Cannot read IP mode file for STMicroelectronics.X-CUBE-TOF1.3.4.3
2025-12-11 16:09:54,057 [WARN] PackLoader:240 - Cannot read IP mode file for STMicroelectronics.X-CUBE-TOF1.3.4.0
2025-12-11 16:09:54,100 [WARN] PackLoader:240 - Cannot read IP mode file for STMicroelectronics.X-CUBE-TOF1.3.4.1
2025-12-11 16:09:54,154 [WARN] PackLoader:240 - Cannot read IP mode file for STMicroelectronics.X-CUBE-AZRTOS-H7.3.2.0
2025-12-11 16:09:54,166 [WARN] PackLoader:240 - Cannot read IP mode file for wolfSSL.I-CUBE-wolfSSH.1.4.17
2025-12-11 16:09:54,167 [INFO] ThirdParty:978 - Integrity check success = true
2025-12-11 16:09:54,167 [INFO] IntegrityCheckThread:100 - exiting critical section [integrity check]
2025-12-11 16:09:54,167 [INFO] IntegrityCheckThread:103 - End integrity checks thread
