10:59:49 **** Incremental Build of configuration Debug for project PWM_output ****
make -j8 all 
arm-none-eabi-gcc "../Core/Src/control.c" -mcpu=cortex-m4 -std=gnu11 -g3 -DDEBUG -DUSE_HAL_DRIVER -DSTM32G491xx -c -I../Core/Inc -I../Drivers/STM32G4xx_HAL_Driver/Inc -I../Drivers/STM32G4xx_HAL_Driver/Inc/Legacy -I../Drivers/CMSIS/Device/ST/STM32G4xx/Include -I../Drivers/CMSIS/Include -O0 -ffunction-sections -fdata-sections -Wall -fstack-usage -fcyclomatic-complexity -MMD -MP -MF"Core/Src/control.d" -MT"Core/Src/control.o" --specs=nano.specs -mfpu=fpv4-sp-d16 -mfloat-abi=hard -mthumb -o "Core/Src/control.o"
arm-none-eabi-gcc "../Core/Src/main.c" -mcpu=cortex-m4 -std=gnu11 -g3 -DDEBUG -DUSE_HAL_DRIVER -DSTM32G491xx -c -I../Core/Inc -I../Drivers/STM32G4xx_HAL_Driver/Inc -I../Drivers/STM32G4xx_HAL_Driver/Inc/Legacy -I../Drivers/CMSIS/Device/ST/STM32G4xx/Include -I../Drivers/CMSIS/Include -O0 -ffunction-sections -fdata-sections -Wall -fstack-usage -fcyclomatic-complexity -MMD -MP -MF"Core/Src/main.d" -MT"Core/Src/main.o" --specs=nano.specs -mfpu=fpv4-sp-d16 -mfloat-abi=hard -mthumb -o "Core/Src/main.o"
arm-none-eabi-gcc "../Core/Src/pwm.c" -mcpu=cortex-m4 -std=gnu11 -g3 -DDEBUG -DUSE_HAL_DRIVER -DSTM32G491xx -c -I../Core/Inc -I../Drivers/STM32G4xx_HAL_Driver/Inc -I../Drivers/STM32G4xx_HAL_Driver/Inc/Legacy -I../Drivers/CMSIS/Device/ST/STM32G4xx/Include -I../Drivers/CMSIS/Include -O0 -ffunction-sections -fdata-sections -Wall -fstack-usage -fcyclomatic-complexity -MMD -MP -MF"Core/Src/pwm.d" -MT"Core/Src/pwm.o" --specs=nano.specs -mfpu=fpv4-sp-d16 -mfloat-abi=hard -mthumb -o "Core/Src/pwm.o"
arm-none-eabi-gcc "../Core/Src/sin_lut.c" -mcpu=cortex-m4 -std=gnu11 -g3 -DDEBUG -DUSE_HAL_DRIVER -DSTM32G491xx -c -I../Core/Inc -I../Drivers/STM32G4xx_HAL_Driver/Inc -I../Drivers/STM32G4xx_HAL_Driver/Inc/Legacy -I../Drivers/CMSIS/Device/ST/STM32G4xx/Include -I../Drivers/CMSIS/Include -O0 -ffunction-sections -fdata-sections -Wall -fstack-usage -fcyclomatic-complexity -MMD -MP -MF"Core/Src/sin_lut.d" -MT"Core/Src/sin_lut.o" --specs=nano.specs -mfpu=fpv4-sp-d16 -mfloat-abi=hard -mthumb -o "Core/Src/sin_lut.o"
arm-none-eabi-gcc -o "PWM_output.elf" @"objects.list"   -mcpu=cortex-m4 -T"C:\STM32_projekti\STM32G491-FOC_Motor_Control\STM32G491-FOC_Motor_Control\PWM_output\STM32G491RETX_FLASH.ld" --specs=nosys.specs -Wl,-Map="PWM_output.map" -Wl,--gc-sections -static --specs=nano.specs -mfpu=fpv4-sp-d16 -mfloat-abi=hard -mthumb -Wl,--start-group -lc -lm -Wl,--end-group
Finished building target: PWM_output.elf
 
arm-none-eabi-size  PWM_output.elf 
arm-none-eabi-objdump -h -S PWM_output.elf  > "PWM_output.list"
   text	   data	    bss	    dec	    hex	filename
  42260	     96	   4560	  46916	   b744	PWM_output.elf
Finished building: default.size.stdout
 
Finished building: PWM_output.list
 
11:00:08 **** Incremental Build of configuration Debug for project PWM_output ****
make -j8 all 
arm-none-eabi-size  PWM_output.elf 
   text	   data	    bss	    dec	    hex	filename
  42260	     96	   4560	  46916	   b744	PWM_output.elf
Finished building: default.size.stdout
 
11:35:48 **** Incremental Build of configuration Debug for project PWM_output ****
make -j8 all 
arm-none-eabi-gcc "../Core/Src/main.c" -mcpu=cortex-m4 -std=gnu11 -g3 -DDEBUG -DUSE_HAL_DRIVER -DSTM32G491xx -c -I../Core/Inc -I../Drivers/STM32G4xx_HAL_Driver/Inc -I../Drivers/STM32G4xx_HAL_Driver/Inc/Legacy -I../Drivers/CMSIS/Device/ST/STM32G4xx/Include -I../Drivers/CMSIS/Include -O0 -ffunction-sections -fdata-sections -Wall -fstack-usage -fcyclomatic-complexity -MMD -MP -MF"Core/Src/main.d" -MT"Core/Src/main.o" --specs=nano.specs -mfpu=fpv4-sp-d16 -mfloat-abi=hard -mthumb -o "Core/Src/main.o"
arm-none-eabi-gcc "../Core/Src/pwm.c" -mcpu=cortex-m4 -std=gnu11 -g3 -DDEBUG -DUSE_HAL_DRIVER -DSTM32G491xx -c -I../Core/Inc -I../Drivers/STM32G4xx_HAL_Driver/Inc -I../Drivers/STM32G4xx_HAL_Driver/Inc/Legacy -I../Drivers/CMSIS/Device/ST/STM32G4xx/Include -I../Drivers/CMSIS/Include -O0 -ffunction-sections -fdata-sections -Wall -fstack-usage -fcyclomatic-complexity -MMD -MP -MF"Core/Src/pwm.d" -MT"Core/Src/pwm.o" --specs=nano.specs -mfpu=fpv4-sp-d16 -mfloat-abi=hard -mthumb -o "Core/Src/pwm.o"
../Core/Src/pwm.c: In function 'HAL_TIM_PeriodElapsedCallback':
../Core/Src/pwm.c:32:18: warning: unused variable 'ccr1' [-Wunused-variable]
   32 |         uint32_t ccr1 = (uint32_t) (sin_val1 * (float)arr);
      |                  ^~~~
arm-none-eabi-gcc -o "PWM_output.elf" @"objects.list"   -mcpu=cortex-m4 -T"C:\STM32_projekti\STM32G491-FOC_Motor_Control\STM32G491-FOC_Motor_Control\PWM_output\STM32G491RETX_FLASH.ld" --specs=nosys.specs -Wl,-Map="PWM_output.map" -Wl,--gc-sections -static --specs=nano.specs -mfpu=fpv4-sp-d16 -mfloat-abi=hard -mthumb -Wl,--start-group -lc -lm -Wl,--end-group
Finished building target: PWM_output.elf
 
arm-none-eabi-size  PWM_output.elf 
arm-none-eabi-objdump -h -S PWM_output.elf  > "PWM_output.list"
   text	   data	    bss	    dec	    hex	filename
  42260	     96	   4560	  46916	   b744	PWM_output.elf
Finished building: default.size.stdout
 
Finished building: PWM_output.list
 
11:36:49 **** Incremental Build of configuration Debug for project PWM_output ****
make -j8 all 
arm-none-eabi-gcc "../Core/Src/main.c" -mcpu=cortex-m4 -std=gnu11 -g3 -DDEBUG -DUSE_HAL_DRIVER -DSTM32G491xx -c -I../Core/Inc -I../Drivers/STM32G4xx_HAL_Driver/Inc -I../Drivers/STM32G4xx_HAL_Driver/Inc/Legacy -I../Drivers/CMSIS/Device/ST/STM32G4xx/Include -I../Drivers/CMSIS/Include -O0 -ffunction-sections -fdata-sections -Wall -fstack-usage -fcyclomatic-complexity -MMD -MP -MF"Core/Src/main.d" -MT"Core/Src/main.o" --specs=nano.specs -mfpu=fpv4-sp-d16 -mfloat-abi=hard -mthumb -o "Core/Src/main.o"
arm-none-eabi-gcc -o "PWM_output.elf" @"objects.list"   -mcpu=cortex-m4 -T"C:\STM32_projekti\STM32G491-FOC_Motor_Control\STM32G491-FOC_Motor_Control\PWM_output\STM32G491RETX_FLASH.ld" --specs=nosys.specs -Wl,-Map="PWM_output.map" -Wl,--gc-sections -static --specs=nano.specs -mfpu=fpv4-sp-d16 -mfloat-abi=hard -mthumb -Wl,--start-group -lc -lm -Wl,--end-group
Finished building target: PWM_output.elf
 
arm-none-eabi-size  PWM_output.elf 
arm-none-eabi-objdump -h -S PWM_output.elf  > "PWM_output.list"
   text	   data	    bss	    dec	    hex	filename
  42260	     96	   4560	  46916	   b744	PWM_output.elf
Finished building: default.size.stdout
 
Finished building: PWM_output.list
 
11:43:33 **** Incremental Build of configuration Debug for project PWM_output ****
make -j8 all 
arm-none-eabi-gcc "../Core/Src/main.c" -mcpu=cortex-m4 -std=gnu11 -g3 -DDEBUG -DUSE_HAL_DRIVER -DSTM32G491xx -c -I../Core/Inc -I../Drivers/STM32G4xx_HAL_Driver/Inc -I../Drivers/STM32G4xx_HAL_Driver/Inc/Legacy -I../Drivers/CMSIS/Device/ST/STM32G4xx/Include -I../Drivers/CMSIS/Include -O0 -ffunction-sections -fdata-sections -Wall -fstack-usage -fcyclomatic-complexity -MMD -MP -MF"Core/Src/main.d" -MT"Core/Src/main.o" --specs=nano.specs -mfpu=fpv4-sp-d16 -mfloat-abi=hard -mthumb -o "Core/Src/main.o"
arm-none-eabi-gcc -o "PWM_output.elf" @"objects.list"   -mcpu=cortex-m4 -T"C:\STM32_projekti\STM32G491-FOC_Motor_Control\STM32G491-FOC_Motor_Control\PWM_output\STM32G491RETX_FLASH.ld" --specs=nosys.specs -Wl,-Map="PWM_output.map" -Wl,--gc-sections -static --specs=nano.specs -mfpu=fpv4-sp-d16 -mfloat-abi=hard -mthumb -Wl,--start-group -lc -lm -Wl,--end-group
Finished building target: PWM_output.elf
 
arm-none-eabi-size  PWM_output.elf 
arm-none-eabi-objdump -h -S PWM_output.elf  > "PWM_output.list"
   text	   data	    bss	    dec	    hex	filename
  42040	     96	   4560	  46696	   b668	PWM_output.elf
Finished building: default.size.stdout
 
Finished building: PWM_output.list
 
11:53:06 **** Incremental Build of configuration Debug for project PWM_output ****
make -j8 all 
arm-none-eabi-gcc "../Core/Src/main.c" -mcpu=cortex-m4 -std=gnu11 -g3 -DDEBUG -DUSE_HAL_DRIVER -DSTM32G491xx -c -I../Core/Inc -I../Drivers/STM32G4xx_HAL_Driver/Inc -I../Drivers/STM32G4xx_HAL_Driver/Inc/Legacy -I../Drivers/CMSIS/Device/ST/STM32G4xx/Include -I../Drivers/CMSIS/Include -O0 -ffunction-sections -fdata-sections -Wall -fstack-usage -fcyclomatic-complexity -MMD -MP -MF"Core/Src/main.d" -MT"Core/Src/main.o" --specs=nano.specs -mfpu=fpv4-sp-d16 -mfloat-abi=hard -mthumb -o "Core/Src/main.o"
arm-none-eabi-gcc "../Core/Src/pwm.c" -mcpu=cortex-m4 -std=gnu11 -g3 -DDEBUG -DUSE_HAL_DRIVER -DSTM32G491xx -c -I../Core/Inc -I../Drivers/STM32G4xx_HAL_Driver/Inc -I../Drivers/STM32G4xx_HAL_Driver/Inc/Legacy -I../Drivers/CMSIS/Device/ST/STM32G4xx/Include -I../Drivers/CMSIS/Include -O0 -ffunction-sections -fdata-sections -Wall -fstack-usage -fcyclomatic-complexity -MMD -MP -MF"Core/Src/pwm.d" -MT"Core/Src/pwm.o" --specs=nano.specs -mfpu=fpv4-sp-d16 -mfloat-abi=hard -mthumb -o "Core/Src/pwm.o"
../Core/Src/pwm.c: In function 'HAL_TIM_PeriodElapsedCallback':
../Core/Src/pwm.c:32:18: warning: unused variable 'ccr1' [-Wunused-variable]
   32 |         uint32_t ccr1 = (uint32_t) (sin_val1 * (float)arr);
      |                  ^~~~
arm-none-eabi-gcc -o "PWM_output.elf" @"objects.list"   -mcpu=cortex-m4 -T"C:\STM32_projekti\STM32G491-FOC_Motor_Control\STM32G491-FOC_Motor_Control\PWM_output\STM32G491RETX_FLASH.ld" --specs=nosys.specs -Wl,-Map="PWM_output.map" -Wl,--gc-sections -static --specs=nano.specs -mfpu=fpv4-sp-d16 -mfloat-abi=hard -mthumb -Wl,--start-group -lc -lm -Wl,--end-group
Finished building target: PWM_output.elf
 
arm-none-eabi-size  PWM_output.elf 
arm-none-eabi-objdump -h -S PWM_output.elf  > "PWM_output.list"
   text	   data	    bss	    dec	    hex	filename
  42292	     96	   4560	  46948	   b764	PWM_output.elf
Finished building: default.size.stdout
 
Finished building: PWM_output.list
 
11:57:44 **** Incremental Build of configuration Debug for project PWM_output ****
make -j8 all 
arm-none-eabi-gcc "../Core/Src/control.c" -mcpu=cortex-m4 -std=gnu11 -g3 -DDEBUG -DUSE_HAL_DRIVER -DSTM32G491xx -c -I../Core/Inc -I../Drivers/STM32G4xx_HAL_Driver/Inc -I../Drivers/STM32G4xx_HAL_Driver/Inc/Legacy -I../Drivers/CMSIS/Device/ST/STM32G4xx/Include -I../Drivers/CMSIS/Include -O0 -ffunction-sections -fdata-sections -Wall -fstack-usage -fcyclomatic-complexity -MMD -MP -MF"Core/Src/control.d" -MT"Core/Src/control.o" --specs=nano.specs -mfpu=fpv4-sp-d16 -mfloat-abi=hard -mthumb -o "Core/Src/control.o"
arm-none-eabi-gcc "../Core/Src/main.c" -mcpu=cortex-m4 -std=gnu11 -g3 -DDEBUG -DUSE_HAL_DRIVER -DSTM32G491xx -c -I../Core/Inc -I../Drivers/STM32G4xx_HAL_Driver/Inc -I../Drivers/STM32G4xx_HAL_Driver/Inc/Legacy -I../Drivers/CMSIS/Device/ST/STM32G4xx/Include -I../Drivers/CMSIS/Include -O0 -ffunction-sections -fdata-sections -Wall -fstack-usage -fcyclomatic-complexity -MMD -MP -MF"Core/Src/main.d" -MT"Core/Src/main.o" --specs=nano.specs -mfpu=fpv4-sp-d16 -mfloat-abi=hard -mthumb -o "Core/Src/main.o"
arm-none-eabi-gcc "../Core/Src/pwm.c" -mcpu=cortex-m4 -std=gnu11 -g3 -DDEBUG -DUSE_HAL_DRIVER -DSTM32G491xx -c -I../Core/Inc -I../Drivers/STM32G4xx_HAL_Driver/Inc -I../Drivers/STM32G4xx_HAL_Driver/Inc/Legacy -I../Drivers/CMSIS/Device/ST/STM32G4xx/Include -I../Drivers/CMSIS/Include -O0 -ffunction-sections -fdata-sections -Wall -fstack-usage -fcyclomatic-complexity -MMD -MP -MF"Core/Src/pwm.d" -MT"Core/Src/pwm.o" --specs=nano.specs -mfpu=fpv4-sp-d16 -mfloat-abi=hard -mthumb -o "Core/Src/pwm.o"
../Core/Src/pwm.c: In function 'PWM_Init':
../Core/Src/pwm.c:13:28: warning: unused variable 'm' [-Wunused-variable]
   13 |         static const float m = 0.8;
      |                            ^
../Core/Src/pwm.c:12:25: warning: unused variable 'idx' [-Wunused-variable]
   12 |         static uint16_t idx = 0;
      |                         ^~~
../Core/Src/pwm.c: In function 'HAL_TIM_PeriodElapsedCallback':
../Core/Src/pwm.c:32:40: error: 'm' undeclared (first use in this function)
   32 |         float sin_val1 = 0.5f + 0.5f * m * sinLUT_Get(idx);
      |                                        ^
../Core/Src/pwm.c:32:40: note: each undeclared identifier is reported only once for each function it appears in
../Core/Src/pwm.c:32:55: error: 'idx' undeclared (first use in this function)
   32 |         float sin_val1 = 0.5f + 0.5f * m * sinLUT_Get(idx);
      |                                                       ^~~
../Core/Src/pwm.c:36:18: warning: unused variable 'ccr1' [-Wunused-variable]
   36 |         uint32_t ccr1 = (uint32_t) (sin_val1 * (float)arr);
      |                  ^~~~
make: *** [Core/Src/subdir.mk:46: Core/Src/pwm.o] Error 1
make: *** Waiting for unfinished jobs....
"make -j8 all" terminated with exit code 2. Build might be incomplete.
11:58:15 **** Incremental Build of configuration Debug for project PWM_output ****
make -j8 all 
arm-none-eabi-gcc "../Core/Src/pwm.c" -mcpu=cortex-m4 -std=gnu11 -g3 -DDEBUG -DUSE_HAL_DRIVER -DSTM32G491xx -c -I../Core/Inc -I../Drivers/STM32G4xx_HAL_Driver/Inc -I../Drivers/STM32G4xx_HAL_Driver/Inc/Legacy -I../Drivers/CMSIS/Device/ST/STM32G4xx/Include -I../Drivers/CMSIS/Include -O0 -ffunction-sections -fdata-sections -Wall -fstack-usage -fcyclomatic-complexity -MMD -MP -MF"Core/Src/pwm.d" -MT"Core/Src/pwm.o" --specs=nano.specs -mfpu=fpv4-sp-d16 -mfloat-abi=hard -mthumb -o "Core/Src/pwm.o"
../Core/Src/pwm.c: In function 'PWM_Init':
../Core/Src/pwm.c:13:21: warning: unused variable 'm' [-Wunused-variable]
   13 |         const float m = 0.8;
      |                     ^
../Core/Src/pwm.c:12:18: warning: unused variable 'idx' [-Wunused-variable]
   12 |         uint16_t idx = 0;
      |                  ^~~
../Core/Src/pwm.c: In function 'HAL_TIM_PeriodElapsedCallback':
../Core/Src/pwm.c:32:40: error: 'm' undeclared (first use in this function)
   32 |         float sin_val1 = 0.5f + 0.5f * m * sinLUT_Get(idx);
      |                                        ^
../Core/Src/pwm.c:32:40: note: each undeclared identifier is reported only once for each function it appears in
../Core/Src/pwm.c:32:55: error: 'idx' undeclared (first use in this function)
   32 |         float sin_val1 = 0.5f + 0.5f * m * sinLUT_Get(idx);
      |                                                       ^~~
../Core/Src/pwm.c:36:18: warning: unused variable 'ccr1' [-Wunused-variable]
   36 |         uint32_t ccr1 = (uint32_t) (sin_val1 * (float)arr);
      |                  ^~~~
make: *** [Core/Src/subdir.mk:46: Core/Src/pwm.o] Error 1
"make -j8 all" terminated with exit code 2. Build might be incomplete.
11:59:14 **** Incremental Build of configuration Debug for project PWM_output ****
make -j8 all 
arm-none-eabi-gcc "../Core/Src/control.c" -mcpu=cortex-m4 -std=gnu11 -g3 -DDEBUG -DUSE_HAL_DRIVER -DSTM32G491xx -c -I../Core/Inc -I../Drivers/STM32G4xx_HAL_Driver/Inc -I../Drivers/STM32G4xx_HAL_Driver/Inc/Legacy -I../Drivers/CMSIS/Device/ST/STM32G4xx/Include -I../Drivers/CMSIS/Include -O0 -ffunction-sections -fdata-sections -Wall -fstack-usage -fcyclomatic-complexity -MMD -MP -MF"Core/Src/control.d" -MT"Core/Src/control.o" --specs=nano.specs -mfpu=fpv4-sp-d16 -mfloat-abi=hard -mthumb -o "Core/Src/control.o"
arm-none-eabi-gcc "../Core/Src/main.c" -mcpu=cortex-m4 -std=gnu11 -g3 -DDEBUG -DUSE_HAL_DRIVER -DSTM32G491xx -c -I../Core/Inc -I../Drivers/STM32G4xx_HAL_Driver/Inc -I../Drivers/STM32G4xx_HAL_Driver/Inc/Legacy -I../Drivers/CMSIS/Device/ST/STM32G4xx/Include -I../Drivers/CMSIS/Include -O0 -ffunction-sections -fdata-sections -Wall -fstack-usage -fcyclomatic-complexity -MMD -MP -MF"Core/Src/main.d" -MT"Core/Src/main.o" --specs=nano.specs -mfpu=fpv4-sp-d16 -mfloat-abi=hard -mthumb -o "Core/Src/main.o"
arm-none-eabi-gcc "../Core/Src/pwm.c" -mcpu=cortex-m4 -std=gnu11 -g3 -DDEBUG -DUSE_HAL_DRIVER -DSTM32G491xx -c -I../Core/Inc -I../Drivers/STM32G4xx_HAL_Driver/Inc -I../Drivers/STM32G4xx_HAL_Driver/Inc/Legacy -I../Drivers/CMSIS/Device/ST/STM32G4xx/Include -I../Drivers/CMSIS/Include -O0 -ffunction-sections -fdata-sections -Wall -fstack-usage -fcyclomatic-complexity -MMD -MP -MF"Core/Src/pwm.d" -MT"Core/Src/pwm.o" --specs=nano.specs -mfpu=fpv4-sp-d16 -mfloat-abi=hard -mthumb -o "Core/Src/pwm.o"
../Core/Src/main.c: In function 'main':
../Core/Src/main.c:114:3: warning: implicit declaration of function 'PWM_Init' [-Wimplicit-function-declaration]
  114 |   PWM_Init();
      |   ^~~~~~~~
../Core/Src/pwm.c: In function 'HAL_TIM_PeriodElapsedCallback':
../Core/Src/pwm.c:32:18: warning: unused variable 'ccr1' [-Wunused-variable]
   32 |         uint32_t ccr1 = (uint32_t) (sin_val1 * (float)arr);
      |                  ^~~~
arm-none-eabi-gcc -o "PWM_output.elf" @"objects.list"   -mcpu=cortex-m4 -T"C:\STM32_projekti\STM32G491-FOC_Motor_Control\STM32G491-FOC_Motor_Control\PWM_output\STM32G491RETX_FLASH.ld" --specs=nosys.specs -Wl,-Map="PWM_output.map" -Wl,--gc-sections -static --specs=nano.specs -mfpu=fpv4-sp-d16 -mfloat-abi=hard -mthumb -Wl,--start-group -lc -lm -Wl,--end-group
C:/ST/STM32CubeIDE_1.19.0/STM32CubeIDE/plugins/com.st.stm32cube.ide.mcu.externaltools.gnu-tools-for-stm32.13.3.rel1.win32_1.0.0.202411081344/tools/bin/../lib/gcc/arm-none-eabi/13.3.1/../../../../arm-none-eabi/bin/ld.exe: ./Core/Src/main.o: in function `main':
C:/STM32_projekti/STM32G491-FOC_Motor_Control/STM32G491-FOC_Motor_Control/PWM_output/Debug/../Core/Src/main.c:114:(.text.main+0x2a): undefined reference to `PWM_Init'
collect2.exe: error: ld returned 1 exit status
make: *** [makefile:64: PWM_output.elf] Error 1
"make -j8 all" terminated with exit code 2. Build might be incomplete.
11:59:29 **** Incremental Build of configuration Debug for project PWM_output ****
make -j8 all 
arm-none-eabi-gcc "../Core/Src/main.c" -mcpu=cortex-m4 -std=gnu11 -g3 -DDEBUG -DUSE_HAL_DRIVER -DSTM32G491xx -c -I../Core/Inc -I../Drivers/STM32G4xx_HAL_Driver/Inc -I../Drivers/STM32G4xx_HAL_Driver/Inc/Legacy -I../Drivers/CMSIS/Device/ST/STM32G4xx/Include -I../Drivers/CMSIS/Include -O0 -ffunction-sections -fdata-sections -Wall -fstack-usage -fcyclomatic-complexity -MMD -MP -MF"Core/Src/main.d" -MT"Core/Src/main.o" --specs=nano.specs -mfpu=fpv4-sp-d16 -mfloat-abi=hard -mthumb -o "Core/Src/main.o"
arm-none-eabi-gcc -o "PWM_output.elf" @"objects.list"   -mcpu=cortex-m4 -T"C:\STM32_projekti\STM32G491-FOC_Motor_Control\STM32G491-FOC_Motor_Control\PWM_output\STM32G491RETX_FLASH.ld" --specs=nosys.specs -Wl,-Map="PWM_output.map" -Wl,--gc-sections -static --specs=nano.specs -mfpu=fpv4-sp-d16 -mfloat-abi=hard -mthumb -Wl,--start-group -lc -lm -Wl,--end-group
Finished building target: PWM_output.elf
 
arm-none-eabi-size  PWM_output.elf 
arm-none-eabi-objdump -h -S PWM_output.elf  > "PWM_output.list"
   text	   data	    bss	    dec	    hex	filename
  42292	     96	   4560	  46948	   b764	PWM_output.elf
Finished building: default.size.stdout
 
Finished building: PWM_output.list
 
12:03:49 **** Incremental Build of configuration Debug for project PWM_output ****
make -j8 all 
arm-none-eabi-gcc "../Core/Src/main.c" -mcpu=cortex-m4 -std=gnu11 -g3 -DDEBUG -DUSE_HAL_DRIVER -DSTM32G491xx -c -I../Core/Inc -I../Drivers/STM32G4xx_HAL_Driver/Inc -I../Drivers/STM32G4xx_HAL_Driver/Inc/Legacy -I../Drivers/CMSIS/Device/ST/STM32G4xx/Include -I../Drivers/CMSIS/Include -O0 -ffunction-sections -fdata-sections -Wall -fstack-usage -fcyclomatic-complexity -MMD -MP -MF"Core/Src/main.d" -MT"Core/Src/main.o" --specs=nano.specs -mfpu=fpv4-sp-d16 -mfloat-abi=hard -mthumb -o "Core/Src/main.o"
arm-none-eabi-gcc "../Core/Src/pwm.c" -mcpu=cortex-m4 -std=gnu11 -g3 -DDEBUG -DUSE_HAL_DRIVER -DSTM32G491xx -c -I../Core/Inc -I../Drivers/STM32G4xx_HAL_Driver/Inc -I../Drivers/STM32G4xx_HAL_Driver/Inc/Legacy -I../Drivers/CMSIS/Device/ST/STM32G4xx/Include -I../Drivers/CMSIS/Include -O0 -ffunction-sections -fdata-sections -Wall -fstack-usage -fcyclomatic-complexity -MMD -MP -MF"Core/Src/pwm.d" -MT"Core/Src/pwm.o" --specs=nano.specs -mfpu=fpv4-sp-d16 -mfloat-abi=hard -mthumb -o "Core/Src/pwm.o"
../Core/Src/pwm.c: In function 'HAL_TIM_PeriodElapsedCallback':
../Core/Src/pwm.c:32:18: warning: unused variable 'ccr1' [-Wunused-variable]
   32 |         uint32_t ccr1 = (uint32_t) (sin_val1 * (float)arr);
      |                  ^~~~
arm-none-eabi-gcc -o "PWM_output.elf" @"objects.list"   -mcpu=cortex-m4 -T"C:\STM32_projekti\STM32G491-FOC_Motor_Control\STM32G491-FOC_Motor_Control\PWM_output\STM32G491RETX_FLASH.ld" --specs=nosys.specs -Wl,-Map="PWM_output.map" -Wl,--gc-sections -static --specs=nano.specs -mfpu=fpv4-sp-d16 -mfloat-abi=hard -mthumb -Wl,--start-group -lc -lm -Wl,--end-group
Finished building target: PWM_output.elf
 
arm-none-eabi-size  PWM_output.elf 
arm-none-eabi-objdump -h -S PWM_output.elf  > "PWM_output.list"
   text	   data	    bss	    dec	    hex	filename
  42284	     96	   4560	  46940	   b75c	PWM_output.elf
Finished building: default.size.stdout
 
Finished building: PWM_output.list
 
12:12:47 **** Incremental Build of configuration Debug for project PWM_output ****
make -j8 all 
arm-none-eabi-gcc "../Core/Src/sin_lut.c" -mcpu=cortex-m4 -std=gnu11 -g3 -DDEBUG -DUSE_HAL_DRIVER -DSTM32G491xx -c -I../Core/Inc -I../Drivers/STM32G4xx_HAL_Driver/Inc -I../Drivers/STM32G4xx_HAL_Driver/Inc/Legacy -I../Drivers/CMSIS/Device/ST/STM32G4xx/Include -I../Drivers/CMSIS/Include -O0 -ffunction-sections -fdata-sections -Wall -fstack-usage -fcyclomatic-complexity -MMD -MP -MF"Core/Src/sin_lut.d" -MT"Core/Src/sin_lut.o" --specs=nano.specs -mfpu=fpv4-sp-d16 -mfloat-abi=hard -mthumb -o "Core/Src/sin_lut.o"
arm-none-eabi-gcc -o "PWM_output.elf" @"objects.list"   -mcpu=cortex-m4 -T"C:\STM32_projekti\STM32G491-FOC_Motor_Control\STM32G491-FOC_Motor_Control\PWM_output\STM32G491RETX_FLASH.ld" --specs=nosys.specs -Wl,-Map="PWM_output.map" -Wl,--gc-sections -static --specs=nano.specs -mfpu=fpv4-sp-d16 -mfloat-abi=hard -mthumb -Wl,--start-group -lc -lm -Wl,--end-group
Finished building target: PWM_output.elf
 
arm-none-eabi-size  PWM_output.elf 
arm-none-eabi-objdump -h -S PWM_output.elf  > "PWM_output.list"
   text	   data	    bss	    dec	    hex	filename
  42280	     96	   4560	  46936	   b758	PWM_output.elf
Finished building: default.size.stdout
 
Finished building: PWM_output.list
 
12:14:56 **** Incremental Build of configuration Debug for project PWM_output ****
make -j8 all 
arm-none-eabi-gcc "../Core/Src/main.c" -mcpu=cortex-m4 -std=gnu11 -g3 -DDEBUG -DUSE_HAL_DRIVER -DSTM32G491xx -c -I../Core/Inc -I../Drivers/STM32G4xx_HAL_Driver/Inc -I../Drivers/STM32G4xx_HAL_Driver/Inc/Legacy -I../Drivers/CMSIS/Device/ST/STM32G4xx/Include -I../Drivers/CMSIS/Include -O0 -ffunction-sections -fdata-sections -Wall -fstack-usage -fcyclomatic-complexity -MMD -MP -MF"Core/Src/main.d" -MT"Core/Src/main.o" --specs=nano.specs -mfpu=fpv4-sp-d16 -mfloat-abi=hard -mthumb -o "Core/Src/main.o"
arm-none-eabi-gcc -o "PWM_output.elf" @"objects.list"   -mcpu=cortex-m4 -T"C:\STM32_projekti\STM32G491-FOC_Motor_Control\STM32G491-FOC_Motor_Control\PWM_output\STM32G491RETX_FLASH.ld" --specs=nosys.specs -Wl,-Map="PWM_output.map" -Wl,--gc-sections -static --specs=nano.specs -mfpu=fpv4-sp-d16 -mfloat-abi=hard -mthumb -Wl,--start-group -lc -lm -Wl,--end-group
Finished building target: PWM_output.elf
 
arm-none-eabi-size  PWM_output.elf 
arm-none-eabi-objdump -h -S PWM_output.elf  > "PWM_output.list"
   text	   data	    bss	    dec	    hex	filename
  42280	     96	   4560	  46936	   b758	PWM_output.elf
Finished building: default.size.stdout
 
Finished building: PWM_output.list
 
12:17:54 **** Incremental Build of configuration Debug for project PWM_output ****
make -j8 all 
arm-none-eabi-gcc "../Core/Src/pwm.c" -mcpu=cortex-m4 -std=gnu11 -g3 -DDEBUG -DUSE_HAL_DRIVER -DSTM32G491xx -c -I../Core/Inc -I../Drivers/STM32G4xx_HAL_Driver/Inc -I../Drivers/STM32G4xx_HAL_Driver/Inc/Legacy -I../Drivers/CMSIS/Device/ST/STM32G4xx/Include -I../Drivers/CMSIS/Include -O0 -ffunction-sections -fdata-sections -Wall -fstack-usage -fcyclomatic-complexity -MMD -MP -MF"Core/Src/pwm.d" -MT"Core/Src/pwm.o" --specs=nano.specs -mfpu=fpv4-sp-d16 -mfloat-abi=hard -mthumb -o "Core/Src/pwm.o"
../Core/Src/pwm.c: In function 'HAL_TIM_PeriodElapsedCallback':
../Core/Src/pwm.c:28:15: warning: unused variable 'sin_val1' [-Wunused-variable]
   28 |         float sin_val1 = 0.5f + 0.5f * m * sinLUT_Get(idx);
      |               ^~~~~~~~
arm-none-eabi-gcc -o "PWM_output.elf" @"objects.list"   -mcpu=cortex-m4 -T"C:\STM32_projekti\STM32G491-FOC_Motor_Control\STM32G491-FOC_Motor_Control\PWM_output\STM32G491RETX_FLASH.ld" --specs=nosys.specs -Wl,-Map="PWM_output.map" -Wl,--gc-sections -static --specs=nano.specs -mfpu=fpv4-sp-d16 -mfloat-abi=hard -mthumb -Wl,--start-group -lc -lm -Wl,--end-group
Finished building target: PWM_output.elf
 
arm-none-eabi-size  PWM_output.elf 
arm-none-eabi-objdump -h -S PWM_output.elf  > "PWM_output.list"
   text	   data	    bss	    dec	    hex	filename
  42080	     96	   4560	  46736	   b690	PWM_output.elf
Finished building: default.size.stdout
 
Finished building: PWM_output.list
 
12:18:08 **** Incremental Build of configuration Debug for project PWM_output ****
make -j8 all 
arm-none-eabi-gcc "../Core/Src/pwm.c" -mcpu=cortex-m4 -std=gnu11 -g3 -DDEBUG -DUSE_HAL_DRIVER -DSTM32G491xx -c -I../Core/Inc -I../Drivers/STM32G4xx_HAL_Driver/Inc -I../Drivers/STM32G4xx_HAL_Driver/Inc/Legacy -I../Drivers/CMSIS/Device/ST/STM32G4xx/Include -I../Drivers/CMSIS/Include -O0 -ffunction-sections -fdata-sections -Wall -fstack-usage -fcyclomatic-complexity -MMD -MP -MF"Core/Src/pwm.d" -MT"Core/Src/pwm.o" --specs=nano.specs -mfpu=fpv4-sp-d16 -mfloat-abi=hard -mthumb -o "Core/Src/pwm.o"
../Core/Src/pwm.c: In function 'HAL_TIM_PeriodElapsedCallback':
../Core/Src/pwm.c:24:22: warning: unused variable 'm' [-Wunused-variable]
   24 |         static float m = 0.8f; // < 1, da nije cijela amplituda
      |                      ^
arm-none-eabi-gcc -o "PWM_output.elf" @"objects.list"   -mcpu=cortex-m4 -T"C:\STM32_projekti\STM32G491-FOC_Motor_Control\STM32G491-FOC_Motor_Control\PWM_output\STM32G491RETX_FLASH.ld" --specs=nosys.specs -Wl,-Map="PWM_output.map" -Wl,--gc-sections -static --specs=nano.specs -mfpu=fpv4-sp-d16 -mfloat-abi=hard -mthumb -Wl,--start-group -lc -lm -Wl,--end-group
Finished building target: PWM_output.elf
 
arm-none-eabi-size  PWM_output.elf 
arm-none-eabi-objdump -h -S PWM_output.elf  > "PWM_output.list"
   text	   data	    bss	    dec	    hex	filename
  41988	     92	   4556	  46636	   b62c	PWM_output.elf
Finished building: default.size.stdout
 
Finished building: PWM_output.list
 
12:19:41 **** Incremental Build of configuration Debug for project PWM_output ****
make -j8 all 
arm-none-eabi-gcc "../Core/Src/pwm.c" -mcpu=cortex-m4 -std=gnu11 -g3 -DDEBUG -DUSE_HAL_DRIVER -DSTM32G491xx -c -I../Core/Inc -I../Drivers/STM32G4xx_HAL_Driver/Inc -I../Drivers/STM32G4xx_HAL_Driver/Inc/Legacy -I../Drivers/CMSIS/Device/ST/STM32G4xx/Include -I../Drivers/CMSIS/Include -O0 -ffunction-sections -fdata-sections -Wall -fstack-usage -fcyclomatic-complexity -MMD -MP -MF"Core/Src/pwm.d" -MT"Core/Src/pwm.o" --specs=nano.specs -mfpu=fpv4-sp-d16 -mfloat-abi=hard -mthumb -o "Core/Src/pwm.o"
arm-none-eabi-gcc -o "PWM_output.elf" @"objects.list"   -mcpu=cortex-m4 -T"C:\STM32_projekti\STM32G491-FOC_Motor_Control\STM32G491-FOC_Motor_Control\PWM_output\STM32G491RETX_FLASH.ld" --specs=nosys.specs -Wl,-Map="PWM_output.map" -Wl,--gc-sections -static --specs=nano.specs -mfpu=fpv4-sp-d16 -mfloat-abi=hard -mthumb -Wl,--start-group -lc -lm -Wl,--end-group
Finished building target: PWM_output.elf
 
arm-none-eabi-size  PWM_output.elf 
arm-none-eabi-objdump -h -S PWM_output.elf  > "PWM_output.list"
   text	   data	    bss	    dec	    hex	filename
  42080	     96	   4560	  46736	   b690	PWM_output.elf
Finished building: default.size.stdout
 
Finished building: PWM_output.list
 
12:21:31 **** Incremental Build of configuration Debug for project PWM_output ****
make -j8 all 
arm-none-eabi-size  PWM_output.elf 
   text	   data	    bss	    dec	    hex	filename
  42080	     96	   4560	  46736	   b690	PWM_output.elf
Finished building: default.size.stdout
 
12:23:01 **** Incremental Build of configuration Debug for project PWM_output ****
make -j8 all 
arm-none-eabi-size  PWM_output.elf 
   text	   data	    bss	    dec	    hex	filename
  42080	     96	   4560	  46736	   b690	PWM_output.elf
Finished building: default.size.stdout
 
12:27:12 **** Incremental Build of configuration Debug for project PWM_output ****
make -j8 all 
arm-none-eabi-gcc "../Core/Src/main.c" -mcpu=cortex-m4 -std=gnu11 -g3 -DDEBUG -DUSE_HAL_DRIVER -DSTM32G491xx -c -I../Core/Inc -I../Drivers/STM32G4xx_HAL_Driver/Inc -I../Drivers/STM32G4xx_HAL_Driver/Inc/Legacy -I../Drivers/CMSIS/Device/ST/STM32G4xx/Include -I../Drivers/CMSIS/Include -O0 -ffunction-sections -fdata-sections -Wall -fstack-usage -fcyclomatic-complexity -MMD -MP -MF"Core/Src/main.d" -MT"Core/Src/main.o" --specs=nano.specs -mfpu=fpv4-sp-d16 -mfloat-abi=hard -mthumb -o "Core/Src/main.o"
arm-none-eabi-gcc "../Core/Src/pwm.c" -mcpu=cortex-m4 -std=gnu11 -g3 -DDEBUG -DUSE_HAL_DRIVER -DSTM32G491xx -c -I../Core/Inc -I../Drivers/STM32G4xx_HAL_Driver/Inc -I../Drivers/STM32G4xx_HAL_Driver/Inc/Legacy -I../Drivers/CMSIS/Device/ST/STM32G4xx/Include -I../Drivers/CMSIS/Include -O0 -ffunction-sections -fdata-sections -Wall -fstack-usage -fcyclomatic-complexity -MMD -MP -MF"Core/Src/pwm.d" -MT"Core/Src/pwm.o" --specs=nano.specs -mfpu=fpv4-sp-d16 -mfloat-abi=hard -mthumb -o "Core/Src/pwm.o"
arm-none-eabi-gcc "../Core/Src/sin_lut.c" -mcpu=cortex-m4 -std=gnu11 -g3 -DDEBUG -DUSE_HAL_DRIVER -DSTM32G491xx -c -I../Core/Inc -I../Drivers/STM32G4xx_HAL_Driver/Inc -I../Drivers/STM32G4xx_HAL_Driver/Inc/Legacy -I../Drivers/CMSIS/Device/ST/STM32G4xx/Include -I../Drivers/CMSIS/Include -O0 -ffunction-sections -fdata-sections -Wall -fstack-usage -fcyclomatic-complexity -MMD -MP -MF"Core/Src/sin_lut.d" -MT"Core/Src/sin_lut.o" --specs=nano.specs -mfpu=fpv4-sp-d16 -mfloat-abi=hard -mthumb -o "Core/Src/sin_lut.o"
../Core/Src/main.c: In function 'main':
../Core/Src/main.c:138:11: error: break statement not within loop or switch
  138 |           break;
      |           ^~~~~
make: *** [Core/Src/subdir.mk:46: Core/Src/main.o] Error 1
make: *** Waiting for unfinished jobs....
"make -j8 all" terminated with exit code 2. Build might be incomplete.
12:28:31 **** Incremental Build of configuration Debug for project PWM_output ****
make -j8 all 
arm-none-eabi-gcc "../Core/Src/main.c" -mcpu=cortex-m4 -std=gnu11 -g3 -DDEBUG -DUSE_HAL_DRIVER -DSTM32G491xx -c -I../Core/Inc -I../Drivers/STM32G4xx_HAL_Driver/Inc -I../Drivers/STM32G4xx_HAL_Driver/Inc/Legacy -I../Drivers/CMSIS/Device/ST/STM32G4xx/Include -I../Drivers/CMSIS/Include -O0 -ffunction-sections -fdata-sections -Wall -fstack-usage -fcyclomatic-complexity -MMD -MP -MF"Core/Src/main.d" -MT"Core/Src/main.o" --specs=nano.specs -mfpu=fpv4-sp-d16 -mfloat-abi=hard -mthumb -o "Core/Src/main.o"
arm-none-eabi-gcc -o "PWM_output.elf" @"objects.list"   -mcpu=cortex-m4 -T"C:\STM32_projekti\STM32G491-FOC_Motor_Control\STM32G491-FOC_Motor_Control\PWM_output\STM32G491RETX_FLASH.ld" --specs=nosys.specs -Wl,-Map="PWM_output.map" -Wl,--gc-sections -static --specs=nano.specs -mfpu=fpv4-sp-d16 -mfloat-abi=hard -mthumb -Wl,--start-group -lc -lm -Wl,--end-group
Finished building target: PWM_output.elf
 
arm-none-eabi-size  PWM_output.elf 
arm-none-eabi-objdump -h -S PWM_output.elf  > "PWM_output.list"
   text	   data	    bss	    dec	    hex	filename
  42132	     96	   4560	  46788	   b6c4	PWM_output.elf
Finished building: default.size.stdout
 
Finished building: PWM_output.list
 
12:32:01 **** Incremental Build of configuration Debug for project PWM_output ****
make -j8 all 
arm-none-eabi-size  PWM_output.elf 
   text	   data	    bss	    dec	    hex	filename
  42132	     96	   4560	  46788	   b6c4	PWM_output.elf
Finished building: default.size.stdout
 
12:33:20 **** Incremental Build of configuration Debug for project PWM_output ****
make -j8 all 
arm-none-eabi-gcc "../Core/Src/main.c" -mcpu=cortex-m4 -std=gnu11 -g3 -DDEBUG -DUSE_HAL_DRIVER -DSTM32G491xx -c -I../Core/Inc -I../Drivers/STM32G4xx_HAL_Driver/Inc -I../Drivers/STM32G4xx_HAL_Driver/Inc/Legacy -I../Drivers/CMSIS/Device/ST/STM32G4xx/Include -I../Drivers/CMSIS/Include -O0 -ffunction-sections -fdata-sections -Wall -fstack-usage -fcyclomatic-complexity -MMD -MP -MF"Core/Src/main.d" -MT"Core/Src/main.o" --specs=nano.specs -mfpu=fpv4-sp-d16 -mfloat-abi=hard -mthumb -o "Core/Src/main.o"
arm-none-eabi-gcc -o "PWM_output.elf" @"objects.list"   -mcpu=cortex-m4 -T"C:\STM32_projekti\STM32G491-FOC_Motor_Control\STM32G491-FOC_Motor_Control\PWM_output\STM32G491RETX_FLASH.ld" --specs=nosys.specs -Wl,-Map="PWM_output.map" -Wl,--gc-sections -static --specs=nano.specs -mfpu=fpv4-sp-d16 -mfloat-abi=hard -mthumb -Wl,--start-group -lc -lm -Wl,--end-group
Finished building target: PWM_output.elf
 
arm-none-eabi-size  PWM_output.elf 
arm-none-eabi-objdump -h -S PWM_output.elf  > "PWM_output.list"
   text	   data	    bss	    dec	    hex	filename
  42132	     96	   4560	  46788	   b6c4	PWM_output.elf
Finished building: default.size.stdout
 
Finished building: PWM_output.list
 
12:33:55 **** Incremental Build of configuration Debug for project PWM_output ****
make -j8 all 
arm-none-eabi-gcc "../Core/Src/main.c" -mcpu=cortex-m4 -std=gnu11 -g3 -DDEBUG -DUSE_HAL_DRIVER -DSTM32G491xx -c -I../Core/Inc -I../Drivers/STM32G4xx_HAL_Driver/Inc -I../Drivers/STM32G4xx_HAL_Driver/Inc/Legacy -I../Drivers/CMSIS/Device/ST/STM32G4xx/Include -I../Drivers/CMSIS/Include -O0 -ffunction-sections -fdata-sections -Wall -fstack-usage -fcyclomatic-complexity -MMD -MP -MF"Core/Src/main.d" -MT"Core/Src/main.o" --specs=nano.specs -mfpu=fpv4-sp-d16 -mfloat-abi=hard -mthumb -o "Core/Src/main.o"
arm-none-eabi-gcc -o "PWM_output.elf" @"objects.list"   -mcpu=cortex-m4 -T"C:\STM32_projekti\STM32G491-FOC_Motor_Control\STM32G491-FOC_Motor_Control\PWM_output\STM32G491RETX_FLASH.ld" --specs=nosys.specs -Wl,-Map="PWM_output.map" -Wl,--gc-sections -static --specs=nano.specs -mfpu=fpv4-sp-d16 -mfloat-abi=hard -mthumb -Wl,--start-group -lc -lm -Wl,--end-group
Finished building target: PWM_output.elf
 
arm-none-eabi-size  PWM_output.elf 
arm-none-eabi-objdump -h -S PWM_output.elf  > "PWM_output.list"
   text	   data	    bss	    dec	    hex	filename
  42128	     96	   4560	  46784	   b6c0	PWM_output.elf
Finished building: default.size.stdout
 
Finished building: PWM_output.list
 
12:34:29 **** Incremental Build of configuration Debug for project PWM_output ****
make -j8 all 
arm-none-eabi-size  PWM_output.elf 
   text	   data	    bss	    dec	    hex	filename
  42128	     96	   4560	  46784	   b6c0	PWM_output.elf
Finished building: default.size.stdout
 
12:35:27 **** Incremental Build of configuration Debug for project PWM_output ****
make -j8 all 
arm-none-eabi-gcc "../Core/Src/sin_lut.c" -mcpu=cortex-m4 -std=gnu11 -g3 -DDEBUG -DUSE_HAL_DRIVER -DSTM32G491xx -c -I../Core/Inc -I../Drivers/STM32G4xx_HAL_Driver/Inc -I../Drivers/STM32G4xx_HAL_Driver/Inc/Legacy -I../Drivers/CMSIS/Device/ST/STM32G4xx/Include -I../Drivers/CMSIS/Include -O0 -ffunction-sections -fdata-sections -Wall -fstack-usage -fcyclomatic-complexity -MMD -MP -MF"Core/Src/sin_lut.d" -MT"Core/Src/sin_lut.o" --specs=nano.specs -mfpu=fpv4-sp-d16 -mfloat-abi=hard -mthumb -o "Core/Src/sin_lut.o"
arm-none-eabi-gcc -o "PWM_output.elf" @"objects.list"   -mcpu=cortex-m4 -T"C:\STM32_projekti\STM32G491-FOC_Motor_Control\STM32G491-FOC_Motor_Control\PWM_output\STM32G491RETX_FLASH.ld" --specs=nosys.specs -Wl,-Map="PWM_output.map" -Wl,--gc-sections -static --specs=nano.specs -mfpu=fpv4-sp-d16 -mfloat-abi=hard -mthumb -Wl,--start-group -lc -lm -Wl,--end-group
Finished building target: PWM_output.elf
 
arm-none-eabi-size  PWM_output.elf 
arm-none-eabi-objdump -h -S PWM_output.elf  > "PWM_output.list"
   text	   data	    bss	    dec	    hex	filename
  42128	     96	   4560	  46784	   b6c0	PWM_output.elf
Finished building: default.size.stdout
 
Finished building: PWM_output.list
 
12:37:32 **** Incremental Build of configuration Debug for project PWM_output ****
make -j8 all 
arm-none-eabi-gcc "../Core/Src/sin_lut.c" -mcpu=cortex-m4 -std=gnu11 -g3 -DDEBUG -DUSE_HAL_DRIVER -DSTM32G491xx -c -I../Core/Inc -I../Drivers/STM32G4xx_HAL_Driver/Inc -I../Drivers/STM32G4xx_HAL_Driver/Inc/Legacy -I../Drivers/CMSIS/Device/ST/STM32G4xx/Include -I../Drivers/CMSIS/Include -O0 -ffunction-sections -fdata-sections -Wall -fstack-usage -fcyclomatic-complexity -MMD -MP -MF"Core/Src/sin_lut.d" -MT"Core/Src/sin_lut.o" --specs=nano.specs -mfpu=fpv4-sp-d16 -mfloat-abi=hard -mthumb -o "Core/Src/sin_lut.o"
arm-none-eabi-gcc -o "PWM_output.elf" @"objects.list"   -mcpu=cortex-m4 -T"C:\STM32_projekti\STM32G491-FOC_Motor_Control\STM32G491-FOC_Motor_Control\PWM_output\STM32G491RETX_FLASH.ld" --specs=nosys.specs -Wl,-Map="PWM_output.map" -Wl,--gc-sections -static --specs=nano.specs -mfpu=fpv4-sp-d16 -mfloat-abi=hard -mthumb -Wl,--start-group -lc -lm -Wl,--end-group
Finished building target: PWM_output.elf
 
arm-none-eabi-size  PWM_output.elf 
arm-none-eabi-objdump -h -S PWM_output.elf  > "PWM_output.list"
   text	   data	    bss	    dec	    hex	filename
  43512	     96	   4560	  48168	   bc28	PWM_output.elf
Finished building: default.size.stdout
 
Finished building: PWM_output.list
 
12:40:57 **** Incremental Build of configuration Debug for project PWM_output ****
make -j8 all 
arm-none-eabi-size  PWM_output.elf 
   text	   data	    bss	    dec	    hex	filename
  43512	     96	   4560	  48168	   bc28	PWM_output.elf
Finished building: default.size.stdout
 
12:41:32 **** Cleaning Selected Files of configuration Debug for project PWM_output ****
Info: Internal Builder is used for build
Debug/Core/Src/main.o deleted.
Debug/Core/Src/main.su deleted.
Debug/Core/Src/main.cyclo deleted.
12:42:41 **** Incremental Build of configuration Debug for project PWM_output ****
make -j8 all 
arm-none-eabi-gcc "../Core/Src/main.c" -mcpu=cortex-m4 -std=gnu11 -g3 -DDEBUG -DUSE_HAL_DRIVER -DSTM32G491xx -c -I../Core/Inc -I../Drivers/STM32G4xx_HAL_Driver/Inc -I../Drivers/STM32G4xx_HAL_Driver/Inc/Legacy -I../Drivers/CMSIS/Device/ST/STM32G4xx/Include -I../Drivers/CMSIS/Include -O0 -ffunction-sections -fdata-sections -Wall -fstack-usage -fcyclomatic-complexity -MMD -MP -MF"Core/Src/main.d" -MT"Core/Src/main.o" --specs=nano.specs -mfpu=fpv4-sp-d16 -mfloat-abi=hard -mthumb -o "Core/Src/main.o"
arm-none-eabi-gcc -o "PWM_output.elf" @"objects.list"   -mcpu=cortex-m4 -T"C:\STM32_projekti\STM32G491-FOC_Motor_Control\STM32G491-FOC_Motor_Control\PWM_output\STM32G491RETX_FLASH.ld" --specs=nosys.specs -Wl,-Map="PWM_output.map" -Wl,--gc-sections -static --specs=nano.specs -mfpu=fpv4-sp-d16 -mfloat-abi=hard -mthumb -Wl,--start-group -lc -lm -Wl,--end-group
Finished building target: PWM_output.elf
 
arm-none-eabi-size  PWM_output.elf 
arm-none-eabi-objdump -h -S PWM_output.elf  > "PWM_output.list"
   text	   data	    bss	    dec	    hex	filename
  43512	     96	   4560	  48168	   bc28	PWM_output.elf
Finished building: default.size.stdout
 
Finished building: PWM_output.list
 
12:44:36 **** Incremental Build of configuration Debug for project PWM_output ****
make -j8 all 
arm-none-eabi-gcc "../Core/Src/pwm.c" -mcpu=cortex-m4 -std=gnu11 -g3 -DDEBUG -DUSE_HAL_DRIVER -DSTM32G491xx -c -I../Core/Inc -I../Drivers/STM32G4xx_HAL_Driver/Inc -I../Drivers/STM32G4xx_HAL_Driver/Inc/Legacy -I../Drivers/CMSIS/Device/ST/STM32G4xx/Include -I../Drivers/CMSIS/Include -O0 -ffunction-sections -fdata-sections -Wall -fstack-usage -fcyclomatic-complexity -MMD -MP -MF"Core/Src/pwm.d" -MT"Core/Src/pwm.o" --specs=nano.specs -mfpu=fpv4-sp-d16 -mfloat-abi=hard -mthumb -o "Core/Src/pwm.o"
arm-none-eabi-gcc -o "PWM_output.elf" @"objects.list"   -mcpu=cortex-m4 -T"C:\STM32_projekti\STM32G491-FOC_Motor_Control\STM32G491-FOC_Motor_Control\PWM_output\STM32G491RETX_FLASH.ld" --specs=nosys.specs -Wl,-Map="PWM_output.map" -Wl,--gc-sections -static --specs=nano.specs -mfpu=fpv4-sp-d16 -mfloat-abi=hard -mthumb -Wl,--start-group -lc -lm -Wl,--end-group
Finished building target: PWM_output.elf
 
arm-none-eabi-size  PWM_output.elf 
arm-none-eabi-objdump -h -S PWM_output.elf  > "PWM_output.list"
   text	   data	    bss	    dec	    hex	filename
  43504	     96	   4560	  48160	   bc20	PWM_output.elf
Finished building: default.size.stdout
 
Finished building: PWM_output.list
 
13:02:19 **** Incremental Build of configuration Debug for project PWM_output ****
make -j8 all 
arm-none-eabi-gcc "../Core/Src/pwm.c" -mcpu=cortex-m4 -std=gnu11 -g3 -DDEBUG -DUSE_HAL_DRIVER -DSTM32G491xx -c -I../Core/Inc -I../Drivers/STM32G4xx_HAL_Driver/Inc -I../Drivers/STM32G4xx_HAL_Driver/Inc/Legacy -I../Drivers/CMSIS/Device/ST/STM32G4xx/Include -I../Drivers/CMSIS/Include -O0 -ffunction-sections -fdata-sections -Wall -fstack-usage -fcyclomatic-complexity -MMD -MP -MF"Core/Src/pwm.d" -MT"Core/Src/pwm.o" --specs=nano.specs -mfpu=fpv4-sp-d16 -mfloat-abi=hard -mthumb -o "Core/Src/pwm.o"
arm-none-eabi-gcc -o "PWM_output.elf" @"objects.list"   -mcpu=cortex-m4 -T"C:\STM32_projekti\STM32G491-FOC_Motor_Control\STM32G491-FOC_Motor_Control\PWM_output\STM32G491RETX_FLASH.ld" --specs=nosys.specs -Wl,-Map="PWM_output.map" -Wl,--gc-sections -static --specs=nano.specs -mfpu=fpv4-sp-d16 -mfloat-abi=hard -mthumb -Wl,--start-group -lc -lm -Wl,--end-group
Finished building target: PWM_output.elf
 
arm-none-eabi-size  PWM_output.elf 
arm-none-eabi-objdump -h -S PWM_output.elf  > "PWM_output.list"
   text	   data	    bss	    dec	    hex	filename
  43512	     96	   4560	  48168	   bc28	PWM_output.elf
Finished building: default.size.stdout
 
Finished building: PWM_output.list
 
13:07:19 **** Incremental Build of configuration Debug for project PWM_output ****
make -j8 all 
arm-none-eabi-gcc "../Core/Src/main.c" -mcpu=cortex-m4 -std=gnu11 -g3 -DDEBUG -DUSE_HAL_DRIVER -DSTM32G491xx -c -I../Core/Inc -I../Drivers/STM32G4xx_HAL_Driver/Inc -I../Drivers/STM32G4xx_HAL_Driver/Inc/Legacy -I../Drivers/CMSIS/Device/ST/STM32G4xx/Include -I../Drivers/CMSIS/Include -O0 -ffunction-sections -fdata-sections -Wall -fstack-usage -fcyclomatic-complexity -MMD -MP -MF"Core/Src/main.d" -MT"Core/Src/main.o" --specs=nano.specs -mfpu=fpv4-sp-d16 -mfloat-abi=hard -mthumb -o "Core/Src/main.o"
arm-none-eabi-gcc -o "PWM_output.elf" @"objects.list"   -mcpu=cortex-m4 -T"C:\STM32_projekti\STM32G491-FOC_Motor_Control\STM32G491-FOC_Motor_Control\PWM_output\STM32G491RETX_FLASH.ld" --specs=nosys.specs -Wl,-Map="PWM_output.map" -Wl,--gc-sections -static --specs=nano.specs -mfpu=fpv4-sp-d16 -mfloat-abi=hard -mthumb -Wl,--start-group -lc -lm -Wl,--end-group
Finished building target: PWM_output.elf
 
arm-none-eabi-size  PWM_output.elf 
arm-none-eabi-objdump -h -S PWM_output.elf  > "PWM_output.list"
   text	   data	    bss	    dec	    hex	filename
  43512	     96	   4560	  48168	   bc28	PWM_output.elf
Finished building: default.size.stdout
 
Finished building: PWM_output.list
 
13:08:13 **** Incremental Build of configuration Debug for project PWM_output ****
make -j8 all 
arm-none-eabi-gcc "../Core/Src/main.c" -mcpu=cortex-m4 -std=gnu11 -g3 -DDEBUG -DUSE_HAL_DRIVER -DSTM32G491xx -c -I../Core/Inc -I../Drivers/STM32G4xx_HAL_Driver/Inc -I../Drivers/STM32G4xx_HAL_Driver/Inc/Legacy -I../Drivers/CMSIS/Device/ST/STM32G4xx/Include -I../Drivers/CMSIS/Include -O0 -ffunction-sections -fdata-sections -Wall -fstack-usage -fcyclomatic-complexity -MMD -MP -MF"Core/Src/main.d" -MT"Core/Src/main.o" --specs=nano.specs -mfpu=fpv4-sp-d16 -mfloat-abi=hard -mthumb -o "Core/Src/main.o"
arm-none-eabi-gcc -o "PWM_output.elf" @"objects.list"   -mcpu=cortex-m4 -T"C:\STM32_projekti\STM32G491-FOC_Motor_Control\STM32G491-FOC_Motor_Control\PWM_output\STM32G491RETX_FLASH.ld" --specs=nosys.specs -Wl,-Map="PWM_output.map" -Wl,--gc-sections -static --specs=nano.specs -mfpu=fpv4-sp-d16 -mfloat-abi=hard -mthumb -Wl,--start-group -lc -lm -Wl,--end-group
Finished building target: PWM_output.elf
 
arm-none-eabi-size  PWM_output.elf 
arm-none-eabi-objdump -h -S PWM_output.elf  > "PWM_output.list"
   text	   data	    bss	    dec	    hex	filename
  43512	     96	   4560	  48168	   bc28	PWM_output.elf
Finished building: default.size.stdout
 
Finished building: PWM_output.list
 
13:09:32 **** Incremental Build of configuration Debug for project PWM_output ****
make -j8 all 
arm-none-eabi-gcc "../Core/Src/main.c" -mcpu=cortex-m4 -std=gnu11 -g3 -DDEBUG -DUSE_HAL_DRIVER -DSTM32G491xx -c -I../Core/Inc -I../Drivers/STM32G4xx_HAL_Driver/Inc -I../Drivers/STM32G4xx_HAL_Driver/Inc/Legacy -I../Drivers/CMSIS/Device/ST/STM32G4xx/Include -I../Drivers/CMSIS/Include -O0 -ffunction-sections -fdata-sections -Wall -fstack-usage -fcyclomatic-complexity -MMD -MP -MF"Core/Src/main.d" -MT"Core/Src/main.o" --specs=nano.specs -mfpu=fpv4-sp-d16 -mfloat-abi=hard -mthumb -o "Core/Src/main.o"
arm-none-eabi-gcc -o "PWM_output.elf" @"objects.list"   -mcpu=cortex-m4 -T"C:\STM32_projekti\STM32G491-FOC_Motor_Control\STM32G491-FOC_Motor_Control\PWM_output\STM32G491RETX_FLASH.ld" --specs=nosys.specs -Wl,-Map="PWM_output.map" -Wl,--gc-sections -static --specs=nano.specs -mfpu=fpv4-sp-d16 -mfloat-abi=hard -mthumb -Wl,--start-group -lc -lm -Wl,--end-group
Finished building target: PWM_output.elf
 
arm-none-eabi-size  PWM_output.elf 
arm-none-eabi-objdump -h -S PWM_output.elf  > "PWM_output.list"
   text	   data	    bss	    dec	    hex	filename
  43512	     96	   4560	  48168	   bc28	PWM_output.elf
Finished building: default.size.stdout
 
Finished building: PWM_output.list
 
13:10:56 **** Incremental Build of configuration Debug for project PWM_output ****
make -j8 all 
arm-none-eabi-gcc "../Core/Src/pwm.c" -mcpu=cortex-m4 -std=gnu11 -g3 -DDEBUG -DUSE_HAL_DRIVER -DSTM32G491xx -c -I../Core/Inc -I../Drivers/STM32G4xx_HAL_Driver/Inc -I../Drivers/STM32G4xx_HAL_Driver/Inc/Legacy -I../Drivers/CMSIS/Device/ST/STM32G4xx/Include -I../Drivers/CMSIS/Include -O0 -ffunction-sections -fdata-sections -Wall -fstack-usage -fcyclomatic-complexity -MMD -MP -MF"Core/Src/pwm.d" -MT"Core/Src/pwm.o" --specs=nano.specs -mfpu=fpv4-sp-d16 -mfloat-abi=hard -mthumb -o "Core/Src/pwm.o"
arm-none-eabi-gcc -o "PWM_output.elf" @"objects.list"   -mcpu=cortex-m4 -T"C:\STM32_projekti\STM32G491-FOC_Motor_Control\STM32G491-FOC_Motor_Control\PWM_output\STM32G491RETX_FLASH.ld" --specs=nosys.specs -Wl,-Map="PWM_output.map" -Wl,--gc-sections -static --specs=nano.specs -mfpu=fpv4-sp-d16 -mfloat-abi=hard -mthumb -Wl,--start-group -lc -lm -Wl,--end-group
Finished building target: PWM_output.elf
 
arm-none-eabi-size  PWM_output.elf 
arm-none-eabi-objdump -h -S PWM_output.elf  > "PWM_output.list"
   text	   data	    bss	    dec	    hex	filename
  43504	     96	   4560	  48160	   bc20	PWM_output.elf
Finished building: default.size.stdout
 
Finished building: PWM_output.list
 
13:33:32 **** Incremental Build of configuration Debug for project PWM_output ****
make -j8 all 
arm-none-eabi-gcc "../Core/Src/main.c" -mcpu=cortex-m4 -std=gnu11 -g3 -DDEBUG -DUSE_HAL_DRIVER -DSTM32G491xx -c -I../Core/Inc -I../Drivers/STM32G4xx_HAL_Driver/Inc -I../Drivers/STM32G4xx_HAL_Driver/Inc/Legacy -I../Drivers/CMSIS/Device/ST/STM32G4xx/Include -I../Drivers/CMSIS/Include -O0 -ffunction-sections -fdata-sections -Wall -fstack-usage -fcyclomatic-complexity -MMD -MP -MF"Core/Src/main.d" -MT"Core/Src/main.o" --specs=nano.specs -mfpu=fpv4-sp-d16 -mfloat-abi=hard -mthumb -o "Core/Src/main.o"
arm-none-eabi-gcc "../Core/Src/pwm.c" -mcpu=cortex-m4 -std=gnu11 -g3 -DDEBUG -DUSE_HAL_DRIVER -DSTM32G491xx -c -I../Core/Inc -I../Drivers/STM32G4xx_HAL_Driver/Inc -I../Drivers/STM32G4xx_HAL_Driver/Inc/Legacy -I../Drivers/CMSIS/Device/ST/STM32G4xx/Include -I../Drivers/CMSIS/Include -O0 -ffunction-sections -fdata-sections -Wall -fstack-usage -fcyclomatic-complexity -MMD -MP -MF"Core/Src/pwm.d" -MT"Core/Src/pwm.o" --specs=nano.specs -mfpu=fpv4-sp-d16 -mfloat-abi=hard -mthumb -o "Core/Src/pwm.o"
arm-none-eabi-gcc "../Core/Src/sin_lut.c" -mcpu=cortex-m4 -std=gnu11 -g3 -DDEBUG -DUSE_HAL_DRIVER -DSTM32G491xx -c -I../Core/Inc -I../Drivers/STM32G4xx_HAL_Driver/Inc -I../Drivers/STM32G4xx_HAL_Driver/Inc/Legacy -I../Drivers/CMSIS/Device/ST/STM32G4xx/Include -I../Drivers/CMSIS/Include -O0 -ffunction-sections -fdata-sections -Wall -fstack-usage -fcyclomatic-complexity -MMD -MP -MF"Core/Src/sin_lut.d" -MT"Core/Src/sin_lut.o" --specs=nano.specs -mfpu=fpv4-sp-d16 -mfloat-abi=hard -mthumb -o "Core/Src/sin_lut.o"
arm-none-eabi-gcc -o "PWM_output.elf" @"objects.list"   -mcpu=cortex-m4 -T"C:\STM32_projekti\STM32G491-FOC_Motor_Control\STM32G491-FOC_Motor_Control\PWM_output\STM32G491RETX_FLASH.ld" --specs=nosys.specs -Wl,-Map="PWM_output.map" -Wl,--gc-sections -static --specs=nano.specs -mfpu=fpv4-sp-d16 -mfloat-abi=hard -mthumb -Wl,--start-group -lc -lm -Wl,--end-group
Finished building target: PWM_output.elf
 
arm-none-eabi-size  PWM_output.elf 
arm-none-eabi-objdump -h -S PWM_output.elf  > "PWM_output.list"
   text	   data	    bss	    dec	    hex	filename
  43504	     96	   3024	  46624	   b620	PWM_output.elf
Finished building: default.size.stdout
 
Finished building: PWM_output.list
 
13:52:33 **** Incremental Build of configuration Debug for project PWM_output ****
make -j8 all 
arm-none-eabi-gcc "../Core/Src/main.c" -mcpu=cortex-m4 -std=gnu11 -g3 -DDEBUG -DUSE_HAL_DRIVER -DSTM32G491xx -c -I../Core/Inc -I../Drivers/STM32G4xx_HAL_Driver/Inc -I../Drivers/STM32G4xx_HAL_Driver/Inc/Legacy -I../Drivers/CMSIS/Device/ST/STM32G4xx/Include -I../Drivers/CMSIS/Include -O0 -ffunction-sections -fdata-sections -Wall -fstack-usage -fcyclomatic-complexity -MMD -MP -MF"Core/Src/main.d" -MT"Core/Src/main.o" --specs=nano.specs -mfpu=fpv4-sp-d16 -mfloat-abi=hard -mthumb -o "Core/Src/main.o"
arm-none-eabi-gcc -o "PWM_output.elf" @"objects.list"   -mcpu=cortex-m4 -T"C:\STM32_projekti\STM32G491-FOC_Motor_Control\STM32G491-FOC_Motor_Control\PWM_output\STM32G491RETX_FLASH.ld" --specs=nosys.specs -Wl,-Map="PWM_output.map" -Wl,--gc-sections -static --specs=nano.specs -mfpu=fpv4-sp-d16 -mfloat-abi=hard -mthumb -Wl,--start-group -lc -lm -Wl,--end-group
Finished building target: PWM_output.elf
 
arm-none-eabi-size  PWM_output.elf 
arm-none-eabi-objdump -h -S PWM_output.elf  > "PWM_output.list"
   text	   data	    bss	    dec	    hex	filename
  43504	     96	   3024	  46624	   b620	PWM_output.elf
Finished building: default.size.stdout
 
Finished building: PWM_output.list
 
13:54:55 **** Incremental Build of configuration Debug for project PWM_output ****
make -j8 all 
arm-none-eabi-gcc "../Core/Src/main.c" -mcpu=cortex-m4 -std=gnu11 -g3 -DDEBUG -DUSE_HAL_DRIVER -DSTM32G491xx -c -I../Core/Inc -I../Drivers/STM32G4xx_HAL_Driver/Inc -I../Drivers/STM32G4xx_HAL_Driver/Inc/Legacy -I../Drivers/CMSIS/Device/ST/STM32G4xx/Include -I../Drivers/CMSIS/Include -O0 -ffunction-sections -fdata-sections -Wall -fstack-usage -fcyclomatic-complexity -MMD -MP -MF"Core/Src/main.d" -MT"Core/Src/main.o" --specs=nano.specs -mfpu=fpv4-sp-d16 -mfloat-abi=hard -mthumb -o "Core/Src/main.o"
arm-none-eabi-gcc "../Core/Src/pwm.c" -mcpu=cortex-m4 -std=gnu11 -g3 -DDEBUG -DUSE_HAL_DRIVER -DSTM32G491xx -c -I../Core/Inc -I../Drivers/STM32G4xx_HAL_Driver/Inc -I../Drivers/STM32G4xx_HAL_Driver/Inc/Legacy -I../Drivers/CMSIS/Device/ST/STM32G4xx/Include -I../Drivers/CMSIS/Include -O0 -ffunction-sections -fdata-sections -Wall -fstack-usage -fcyclomatic-complexity -MMD -MP -MF"Core/Src/pwm.d" -MT"Core/Src/pwm.o" --specs=nano.specs -mfpu=fpv4-sp-d16 -mfloat-abi=hard -mthumb -o "Core/Src/pwm.o"
arm-none-eabi-gcc "../Core/Src/sin_lut.c" -mcpu=cortex-m4 -std=gnu11 -g3 -DDEBUG -DUSE_HAL_DRIVER -DSTM32G491xx -c -I../Core/Inc -I../Drivers/STM32G4xx_HAL_Driver/Inc -I../Drivers/STM32G4xx_HAL_Driver/Inc/Legacy -I../Drivers/CMSIS/Device/ST/STM32G4xx/Include -I../Drivers/CMSIS/Include -O0 -ffunction-sections -fdata-sections -Wall -fstack-usage -fcyclomatic-complexity -MMD -MP -MF"Core/Src/sin_lut.d" -MT"Core/Src/sin_lut.o" --specs=nano.specs -mfpu=fpv4-sp-d16 -mfloat-abi=hard -mthumb -o "Core/Src/sin_lut.o"
arm-none-eabi-gcc -o "PWM_output.elf" @"objects.list"   -mcpu=cortex-m4 -T"C:\STM32_projekti\STM32G491-FOC_Motor_Control\STM32G491-FOC_Motor_Control\PWM_output\STM32G491RETX_FLASH.ld" --specs=nosys.specs -Wl,-Map="PWM_output.map" -Wl,--gc-sections -static --specs=nano.specs -mfpu=fpv4-sp-d16 -mfloat-abi=hard -mthumb -Wl,--start-group -lc -lm -Wl,--end-group
Finished building target: PWM_output.elf
 
arm-none-eabi-size  PWM_output.elf 
arm-none-eabi-objdump -h -S PWM_output.elf  > "PWM_output.list"
   text	   data	    bss	    dec	    hex	filename
  43504	     96	   4560	  48160	   bc20	PWM_output.elf
Finished building: default.size.stdout
 
Finished building: PWM_output.list
 
13:55:38 **** Incremental Build of configuration Debug for project PWM_output ****
make -j8 all 
arm-none-eabi-gcc "../Core/Src/pwm.c" -mcpu=cortex-m4 -std=gnu11 -g3 -DDEBUG -DUSE_HAL_DRIVER -DSTM32G491xx -c -I../Core/Inc -I../Drivers/STM32G4xx_HAL_Driver/Inc -I../Drivers/STM32G4xx_HAL_Driver/Inc/Legacy -I../Drivers/CMSIS/Device/ST/STM32G4xx/Include -I../Drivers/CMSIS/Include -O0 -ffunction-sections -fdata-sections -Wall -fstack-usage -fcyclomatic-complexity -MMD -MP -MF"Core/Src/pwm.d" -MT"Core/Src/pwm.o" --specs=nano.specs -mfpu=fpv4-sp-d16 -mfloat-abi=hard -mthumb -o "Core/Src/pwm.o"
arm-none-eabi-gcc -o "PWM_output.elf" @"objects.list"   -mcpu=cortex-m4 -T"C:\STM32_projekti\STM32G491-FOC_Motor_Control\STM32G491-FOC_Motor_Control\PWM_output\STM32G491RETX_FLASH.ld" --specs=nosys.specs -Wl,-Map="PWM_output.map" -Wl,--gc-sections -static --specs=nano.specs -mfpu=fpv4-sp-d16 -mfloat-abi=hard -mthumb -Wl,--start-group -lc -lm -Wl,--end-group
Finished building target: PWM_output.elf
 
arm-none-eabi-size  PWM_output.elf 
arm-none-eabi-objdump -h -S PWM_output.elf  > "PWM_output.list"
   text	   data	    bss	    dec	    hex	filename
  43512	     96	   4560	  48168	   bc28	PWM_output.elf
Finished building: default.size.stdout
 
Finished building: PWM_output.list
 
14:03:57 **** Incremental Build of configuration Debug for project PWM_output ****
make -j8 all 
arm-none-eabi-gcc "../Core/Src/main.c" -mcpu=cortex-m4 -std=gnu11 -g3 -DDEBUG -DUSE_HAL_DRIVER -DSTM32G491xx -c -I../Core/Inc -I../Drivers/STM32G4xx_HAL_Driver/Inc -I../Drivers/STM32G4xx_HAL_Driver/Inc/Legacy -I../Drivers/CMSIS/Device/ST/STM32G4xx/Include -I../Drivers/CMSIS/Include -O0 -ffunction-sections -fdata-sections -Wall -fstack-usage -fcyclomatic-complexity -MMD -MP -MF"Core/Src/main.d" -MT"Core/Src/main.o" --specs=nano.specs -mfpu=fpv4-sp-d16 -mfloat-abi=hard -mthumb -o "Core/Src/main.o"
arm-none-eabi-gcc "../Core/Src/pwm.c" -mcpu=cortex-m4 -std=gnu11 -g3 -DDEBUG -DUSE_HAL_DRIVER -DSTM32G491xx -c -I../Core/Inc -I../Drivers/STM32G4xx_HAL_Driver/Inc -I../Drivers/STM32G4xx_HAL_Driver/Inc/Legacy -I../Drivers/CMSIS/Device/ST/STM32G4xx/Include -I../Drivers/CMSIS/Include -O0 -ffunction-sections -fdata-sections -Wall -fstack-usage -fcyclomatic-complexity -MMD -MP -MF"Core/Src/pwm.d" -MT"Core/Src/pwm.o" --specs=nano.specs -mfpu=fpv4-sp-d16 -mfloat-abi=hard -mthumb -o "Core/Src/pwm.o"
arm-none-eabi-gcc "../Core/Src/sin_lut.c" -mcpu=cortex-m4 -std=gnu11 -g3 -DDEBUG -DUSE_HAL_DRIVER -DSTM32G491xx -c -I../Core/Inc -I../Drivers/STM32G4xx_HAL_Driver/Inc -I../Drivers/STM32G4xx_HAL_Driver/Inc/Legacy -I../Drivers/CMSIS/Device/ST/STM32G4xx/Include -I../Drivers/CMSIS/Include -O0 -ffunction-sections -fdata-sections -Wall -fstack-usage -fcyclomatic-complexity -MMD -MP -MF"Core/Src/sin_lut.d" -MT"Core/Src/sin_lut.o" --specs=nano.specs -mfpu=fpv4-sp-d16 -mfloat-abi=hard -mthumb -o "Core/Src/sin_lut.o"
arm-none-eabi-gcc -o "PWM_output.elf" @"objects.list"   -mcpu=cortex-m4 -T"C:\STM32_projekti\STM32G491-FOC_Motor_Control\STM32G491-FOC_Motor_Control\PWM_output\STM32G491RETX_FLASH.ld" --specs=nosys.specs -Wl,-Map="PWM_output.map" -Wl,--gc-sections -static --specs=nano.specs -mfpu=fpv4-sp-d16 -mfloat-abi=hard -mthumb -Wl,--start-group -lc -lm -Wl,--end-group
Finished building target: PWM_output.elf
 
arm-none-eabi-size  PWM_output.elf 
arm-none-eabi-objdump -h -S PWM_output.elf  > "PWM_output.list"
   text	   data	    bss	    dec	    hex	filename
  43504	     96	   3536	  47136	   b820	PWM_output.elf
Finished building: default.size.stdout
 
Finished building: PWM_output.list
 
14:13:16 **** Incremental Build of configuration Debug for project PWM_output ****
make -j8 all 
arm-none-eabi-gcc "../Core/Src/pwm.c" -mcpu=cortex-m4 -std=gnu11 -g3 -DDEBUG -DUSE_HAL_DRIVER -DSTM32G491xx -c -I../Core/Inc -I../Drivers/STM32G4xx_HAL_Driver/Inc -I../Drivers/STM32G4xx_HAL_Driver/Inc/Legacy -I../Drivers/CMSIS/Device/ST/STM32G4xx/Include -I../Drivers/CMSIS/Include -O0 -ffunction-sections -fdata-sections -Wall -fstack-usage -fcyclomatic-complexity -MMD -MP -MF"Core/Src/pwm.d" -MT"Core/Src/pwm.o" --specs=nano.specs -mfpu=fpv4-sp-d16 -mfloat-abi=hard -mthumb -o "Core/Src/pwm.o"
arm-none-eabi-gcc "../Core/Src/sin_lut.c" -mcpu=cortex-m4 -std=gnu11 -g3 -DDEBUG -DUSE_HAL_DRIVER -DSTM32G491xx -c -I../Core/Inc -I../Drivers/STM32G4xx_HAL_Driver/Inc -I../Drivers/STM32G4xx_HAL_Driver/Inc/Legacy -I../Drivers/CMSIS/Device/ST/STM32G4xx/Include -I../Drivers/CMSIS/Include -O0 -ffunction-sections -fdata-sections -Wall -fstack-usage -fcyclomatic-complexity -MMD -MP -MF"Core/Src/sin_lut.d" -MT"Core/Src/sin_lut.o" --specs=nano.specs -mfpu=fpv4-sp-d16 -mfloat-abi=hard -mthumb -o "Core/Src/sin_lut.o"
arm-none-eabi-gcc -o "PWM_output.elf" @"objects.list"   -mcpu=cortex-m4 -T"C:\STM32_projekti\STM32G491-FOC_Motor_Control\STM32G491-FOC_Motor_Control\PWM_output\STM32G491RETX_FLASH.ld" --specs=nosys.specs -Wl,-Map="PWM_output.map" -Wl,--gc-sections -static --specs=nano.specs -mfpu=fpv4-sp-d16 -mfloat-abi=hard -mthumb -Wl,--start-group -lc -lm -Wl,--end-group
Finished building target: PWM_output.elf
 
arm-none-eabi-size  PWM_output.elf 
arm-none-eabi-objdump -h -S PWM_output.elf  > "PWM_output.list"
   text	   data	    bss	    dec	    hex	filename
  43672	     96	   3536	  47304	   b8c8	PWM_output.elf
Finished building: default.size.stdout
 
Finished building: PWM_output.list
 
14:13:58 **** Incremental Build of configuration Debug for project PWM_output ****
make -j8 all 
arm-none-eabi-size  PWM_output.elf 
   text	   data	    bss	    dec	    hex	filename
  43672	     96	   3536	  47304	   b8c8	PWM_output.elf
Finished building: default.size.stdout
 
14:28:22 **** Incremental Build of configuration Debug for project PWM_output ****
make -j8 all 
arm-none-eabi-size  PWM_output.elf 
   text	   data	    bss	    dec	    hex	filename
  43672	     96	   3536	  47304	   b8c8	PWM_output.elf
Finished building: default.size.stdout
 
14:38:11 **** Incremental Build of configuration Debug for project PWM_output ****
make -j8 all 
arm-none-eabi-gcc "../Core/Src/pwm.c" -mcpu=cortex-m4 -std=gnu11 -g3 -DDEBUG -DUSE_HAL_DRIVER -DSTM32G491xx -c -I../Core/Inc -I../Drivers/STM32G4xx_HAL_Driver/Inc -I../Drivers/STM32G4xx_HAL_Driver/Inc/Legacy -I../Drivers/CMSIS/Device/ST/STM32G4xx/Include -I../Drivers/CMSIS/Include -O0 -ffunction-sections -fdata-sections -Wall -fstack-usage -fcyclomatic-complexity -MMD -MP -MF"Core/Src/pwm.d" -MT"Core/Src/pwm.o" --specs=nano.specs -mfpu=fpv4-sp-d16 -mfloat-abi=hard -mthumb -o "Core/Src/pwm.o"
arm-none-eabi-gcc -o "PWM_output.elf" @"objects.list"   -mcpu=cortex-m4 -T"C:\STM32_projekti\STM32G491-FOC_Motor_Control\STM32G491-FOC_Motor_Control\PWM_output\STM32G491RETX_FLASH.ld" --specs=nosys.specs -Wl,-Map="PWM_output.map" -Wl,--gc-sections -static --specs=nano.specs -mfpu=fpv4-sp-d16 -mfloat-abi=hard -mthumb -Wl,--start-group -lc -lm -Wl,--end-group
Finished building target: PWM_output.elf
 
arm-none-eabi-size  PWM_output.elf 
arm-none-eabi-objdump -h -S PWM_output.elf  > "PWM_output.list"
   text	   data	    bss	    dec	    hex	filename
  43584	     96	   3536	  47216	   b870	PWM_output.elf
Finished building: default.size.stdout
 
Finished building: PWM_output.list
 
14:40:57 **** Incremental Build of configuration Debug for project PWM_output ****
make -j8 all 
arm-none-eabi-gcc "../Core/Src/pwm.c" -mcpu=cortex-m4 -std=gnu11 -g3 -DDEBUG -DUSE_HAL_DRIVER -DSTM32G491xx -c -I../Core/Inc -I../Drivers/STM32G4xx_HAL_Driver/Inc -I../Drivers/STM32G4xx_HAL_Driver/Inc/Legacy -I../Drivers/CMSIS/Device/ST/STM32G4xx/Include -I../Drivers/CMSIS/Include -O0 -ffunction-sections -fdata-sections -Wall -fstack-usage -fcyclomatic-complexity -MMD -MP -MF"Core/Src/pwm.d" -MT"Core/Src/pwm.o" --specs=nano.specs -mfpu=fpv4-sp-d16 -mfloat-abi=hard -mthumb -o "Core/Src/pwm.o"
arm-none-eabi-gcc -o "PWM_output.elf" @"objects.list"   -mcpu=cortex-m4 -T"C:\STM32_projekti\STM32G491-FOC_Motor_Control\STM32G491-FOC_Motor_Control\PWM_output\STM32G491RETX_FLASH.ld" --specs=nosys.specs -Wl,-Map="PWM_output.map" -Wl,--gc-sections -static --specs=nano.specs -mfpu=fpv4-sp-d16 -mfloat-abi=hard -mthumb -Wl,--start-group -lc -lm -Wl,--end-group
Finished building target: PWM_output.elf
 
arm-none-eabi-size  PWM_output.elf 
arm-none-eabi-objdump -h -S PWM_output.elf  > "PWM_output.list"
   text	   data	    bss	    dec	    hex	filename
  43672	     96	   3536	  47304	   b8c8	PWM_output.elf
Finished building: default.size.stdout
 
Finished building: PWM_output.list
 
14:44:57 **** Incremental Build of configuration Debug for project PWM_output ****
make -j8 all 
arm-none-eabi-gcc "../Core/Src/pwm.c" -mcpu=cortex-m4 -std=gnu11 -g3 -DDEBUG -DUSE_HAL_DRIVER -DSTM32G491xx -c -I../Core/Inc -I../Drivers/STM32G4xx_HAL_Driver/Inc -I../Drivers/STM32G4xx_HAL_Driver/Inc/Legacy -I../Drivers/CMSIS/Device/ST/STM32G4xx/Include -I../Drivers/CMSIS/Include -O0 -ffunction-sections -fdata-sections -Wall -fstack-usage -fcyclomatic-complexity -MMD -MP -MF"Core/Src/pwm.d" -MT"Core/Src/pwm.o" --specs=nano.specs -mfpu=fpv4-sp-d16 -mfloat-abi=hard -mthumb -o "Core/Src/pwm.o"
arm-none-eabi-gcc -o "PWM_output.elf" @"objects.list"   -mcpu=cortex-m4 -T"C:\STM32_projekti\STM32G491-FOC_Motor_Control\STM32G491-FOC_Motor_Control\PWM_output\STM32G491RETX_FLASH.ld" --specs=nosys.specs -Wl,-Map="PWM_output.map" -Wl,--gc-sections -static --specs=nano.specs -mfpu=fpv4-sp-d16 -mfloat-abi=hard -mthumb -Wl,--start-group -lc -lm -Wl,--end-group
Finished building target: PWM_output.elf
 
arm-none-eabi-size  PWM_output.elf 
arm-none-eabi-objdump -h -S PWM_output.elf  > "PWM_output.list"
   text	   data	    bss	    dec	    hex	filename
  43672	     96	   3536	  47304	   b8c8	PWM_output.elf
Finished building: default.size.stdout
 
Finished building: PWM_output.list
 
20:06:19 **** Build of configuration Debug for project PWM_output ****
make -j8 all 
arm-none-eabi-gcc "../Core/Src/main.c" -mcpu=cortex-m4 -std=gnu11 -g3 -DDEBUG -DUSE_HAL_DRIVER -DSTM32G491xx -c -I../Core/Inc -I../Drivers/STM32G4xx_HAL_Driver/Inc -I../Drivers/STM32G4xx_HAL_Driver/Inc/Legacy -I../Drivers/CMSIS/Device/ST/STM32G4xx/Include -I../Drivers/CMSIS/Include -O0 -ffunction-sections -fdata-sections -Wall -fstack-usage -fcyclomatic-complexity -MMD -MP -MF"Core/Src/main.d" -MT"Core/Src/main.o" --specs=nano.specs -mfpu=fpv4-sp-d16 -mfloat-abi=hard -mthumb -o "Core/Src/main.o"
arm-none-eabi-gcc "../Core/Src/pwm.c" -mcpu=cortex-m4 -std=gnu11 -g3 -DDEBUG -DUSE_HAL_DRIVER -DSTM32G491xx -c -I../Core/Inc -I../Drivers/STM32G4xx_HAL_Driver/Inc -I../Drivers/STM32G4xx_HAL_Driver/Inc/Legacy -I../Drivers/CMSIS/Device/ST/STM32G4xx/Include -I../Drivers/CMSIS/Include -O0 -ffunction-sections -fdata-sections -Wall -fstack-usage -fcyclomatic-complexity -MMD -MP -MF"Core/Src/pwm.d" -MT"Core/Src/pwm.o" --specs=nano.specs -mfpu=fpv4-sp-d16 -mfloat-abi=hard -mthumb -o "Core/Src/pwm.o"
arm-none-eabi-gcc "../Core/Src/sin_lut.c" -mcpu=cortex-m4 -std=gnu11 -g3 -DDEBUG -DUSE_HAL_DRIVER -DSTM32G491xx -c -I../Core/Inc -I../Drivers/STM32G4xx_HAL_Driver/Inc -I../Drivers/STM32G4xx_HAL_Driver/Inc/Legacy -I../Drivers/CMSIS/Device/ST/STM32G4xx/Include -I../Drivers/CMSIS/Include -O0 -ffunction-sections -fdata-sections -Wall -fstack-usage -fcyclomatic-complexity -MMD -MP -MF"Core/Src/sin_lut.d" -MT"Core/Src/sin_lut.o" --specs=nano.specs -mfpu=fpv4-sp-d16 -mfloat-abi=hard -mthumb -o "Core/Src/sin_lut.o"
arm-none-eabi-gcc -o "PWM_output.elf" @"objects.list"   -mcpu=cortex-m4 -T"C:\STM32_projekti\STM32G491-FOC_Motor_Control\STM32G491-FOC_Motor_Control\PWM_output\STM32G491RETX_FLASH.ld" --specs=nosys.specs -Wl,-Map="PWM_output.map" -Wl,--gc-sections -static --specs=nano.specs -mfpu=fpv4-sp-d16 -mfloat-abi=hard -mthumb -Wl,--start-group -lc -lm -Wl,--end-group
Finished building target: PWM_output.elf
 
arm-none-eabi-size  PWM_output.elf 
arm-none-eabi-objdump -h -S PWM_output.elf  > "PWM_output.list"
   text	   data	    bss	    dec	    hex	filename
  43704	     96	   3712	  47512	   b998	PWM_output.elf
Finished building: default.size.stdout
 
Finished building: PWM_output.list
 
20:22:25 **** Incremental Build of configuration Debug for project PWM_output ****
make -j8 all 
arm-none-eabi-gcc "../Core/Src/control.c" -mcpu=cortex-m4 -std=gnu11 -g3 -DDEBUG -DUSE_HAL_DRIVER -DSTM32G491xx -c -I../Core/Inc -I../Drivers/STM32G4xx_HAL_Driver/Inc -I../Drivers/STM32G4xx_HAL_Driver/Inc/Legacy -I../Drivers/CMSIS/Device/ST/STM32G4xx/Include -I../Drivers/CMSIS/Include -O0 -ffunction-sections -fdata-sections -Wall -fstack-usage -fcyclomatic-complexity -MMD -MP -MF"Core/Src/control.d" -MT"Core/Src/control.o" --specs=nano.specs -mfpu=fpv4-sp-d16 -mfloat-abi=hard -mthumb -o "Core/Src/control.o"
arm-none-eabi-gcc "../Core/Src/main.c" -mcpu=cortex-m4 -std=gnu11 -g3 -DDEBUG -DUSE_HAL_DRIVER -DSTM32G491xx -c -I../Core/Inc -I../Drivers/STM32G4xx_HAL_Driver/Inc -I../Drivers/STM32G4xx_HAL_Driver/Inc/Legacy -I../Drivers/CMSIS/Device/ST/STM32G4xx/Include -I../Drivers/CMSIS/Include -O0 -ffunction-sections -fdata-sections -Wall -fstack-usage -fcyclomatic-complexity -MMD -MP -MF"Core/Src/main.d" -MT"Core/Src/main.o" --specs=nano.specs -mfpu=fpv4-sp-d16 -mfloat-abi=hard -mthumb -o "Core/Src/main.o"
arm-none-eabi-gcc -o "PWM_output.elf" @"objects.list"   -mcpu=cortex-m4 -T"C:\STM32_projekti\STM32G491-FOC_Motor_Control\STM32G491-FOC_Motor_Control\PWM_output\STM32G491RETX_FLASH.ld" --specs=nosys.specs -Wl,-Map="PWM_output.map" -Wl,--gc-sections -static --specs=nano.specs -mfpu=fpv4-sp-d16 -mfloat-abi=hard -mthumb -Wl,--start-group -lc -lm -Wl,--end-group
Finished building target: PWM_output.elf
 
arm-none-eabi-size  PWM_output.elf 
arm-none-eabi-objdump -h -S PWM_output.elf  > "PWM_output.list"
   text	   data	    bss	    dec	    hex	filename
  43536	     96	   3704	  47336	   b8e8	PWM_output.elf
Finished building: default.size.stdout
 
Finished building: PWM_output.list
 
20:26:55 **** Incremental Build of configuration Debug for project PWM_output ****
make -j8 all 
arm-none-eabi-gcc "../Core/Src/control.c" -mcpu=cortex-m4 -std=gnu11 -g3 -DDEBUG -DUSE_HAL_DRIVER -DSTM32G491xx -c -I../Core/Inc -I../Drivers/STM32G4xx_HAL_Driver/Inc -I../Drivers/STM32G4xx_HAL_Driver/Inc/Legacy -I../Drivers/CMSIS/Device/ST/STM32G4xx/Include -I../Drivers/CMSIS/Include -O0 -ffunction-sections -fdata-sections -Wall -fstack-usage -fcyclomatic-complexity -MMD -MP -MF"Core/Src/control.d" -MT"Core/Src/control.o" --specs=nano.specs -mfpu=fpv4-sp-d16 -mfloat-abi=hard -mthumb -o "Core/Src/control.o"
arm-none-eabi-gcc -o "PWM_output.elf" @"objects.list"   -mcpu=cortex-m4 -T"C:\STM32_projekti\STM32G491-FOC_Motor_Control\STM32G491-FOC_Motor_Control\PWM_output\STM32G491RETX_FLASH.ld" --specs=nosys.specs -Wl,-Map="PWM_output.map" -Wl,--gc-sections -static --specs=nano.specs -mfpu=fpv4-sp-d16 -mfloat-abi=hard -mthumb -Wl,--start-group -lc -lm -Wl,--end-group
Finished building target: PWM_output.elf
 
arm-none-eabi-size  PWM_output.elf 
arm-none-eabi-objdump -h -S PWM_output.elf  > "PWM_output.list"
   text	   data	    bss	    dec	    hex	filename
  43656	     96	   3712	  47464	   b968	PWM_output.elf
Finished building: default.size.stdout
 
Finished building: PWM_output.list
 
20:43:43 **** Incremental Build of configuration Debug for project PWM_output ****
make -j8 all 
arm-none-eabi-gcc "../Core/Src/control.c" -mcpu=cortex-m4 -std=gnu11 -g3 -DDEBUG -DUSE_HAL_DRIVER -DSTM32G491xx -c -I../Core/Inc -I../Drivers/STM32G4xx_HAL_Driver/Inc -I../Drivers/STM32G4xx_HAL_Driver/Inc/Legacy -I../Drivers/CMSIS/Device/ST/STM32G4xx/Include -I../Drivers/CMSIS/Include -O0 -ffunction-sections -fdata-sections -Wall -fstack-usage -fcyclomatic-complexity -MMD -MP -MF"Core/Src/control.d" -MT"Core/Src/control.o" --specs=nano.specs -mfpu=fpv4-sp-d16 -mfloat-abi=hard -mthumb -o "Core/Src/control.o"
arm-none-eabi-gcc "../Core/Src/main.c" -mcpu=cortex-m4 -std=gnu11 -g3 -DDEBUG -DUSE_HAL_DRIVER -DSTM32G491xx -c -I../Core/Inc -I../Drivers/STM32G4xx_HAL_Driver/Inc -I../Drivers/STM32G4xx_HAL_Driver/Inc/Legacy -I../Drivers/CMSIS/Device/ST/STM32G4xx/Include -I../Drivers/CMSIS/Include -O0 -ffunction-sections -fdata-sections -Wall -fstack-usage -fcyclomatic-complexity -MMD -MP -MF"Core/Src/main.d" -MT"Core/Src/main.o" --specs=nano.specs -mfpu=fpv4-sp-d16 -mfloat-abi=hard -mthumb -o "Core/Src/main.o"
../Core/Src/control.c: In function 'HAL_GPIO_EXTI_Callback':
../Core/Src/control.c:76:46: error: 'buf' undeclared (first use in this function); did you mean 'buf3'?
   76 |         HAL_UART_Transmit(s_huart, (uint8_t*)buf, n, HAL_MAX_DELAY);
      |                                              ^~~
      |                                              buf3
../Core/Src/control.c:76:46: note: each undeclared identifier is reported only once for each function it appears in
../Core/Src/control.c:76:51: error: 'n' undeclared (first use in this function); did you mean 'n3'?
   76 |         HAL_UART_Transmit(s_huart, (uint8_t*)buf, n, HAL_MAX_DELAY);
      |                                                   ^
      |                                                   n3
../Core/Src/control.c:75:13: warning: unused variable 'n3' [-Wunused-variable]
   75 |         int n3 = snprintf(buf3, sizeof(buf3), "CH3 ccr = %lu%%\r\n", ccr3_print);
      |             ^~
../Core/Src/control.c:74:13: warning: unused variable 'n2' [-Wunused-variable]
   74 |         int n2 = snprintf(buf2, sizeof(buf2), "CH2 ccr = %lu%%\r\n", ccr2_print);
      |             ^~
../Core/Src/control.c:73:13: warning: unused variable 'n1' [-Wunused-variable]
   73 |         int n1 = snprintf(buf1, sizeof(buf1), "CH1 ccr = %lu%%\r\n", ccr1_print);
      |             ^~
make: *** [Core/Src/subdir.mk:46: Core/Src/control.o] Error 1
make: *** Waiting for unfinished jobs....
"make -j8 all" terminated with exit code 2. Build might be incomplete.
20:44:23 **** Incremental Build of configuration Debug for project PWM_output ****
make -j8 all 
arm-none-eabi-gcc "../Core/Src/control.c" -mcpu=cortex-m4 -std=gnu11 -g3 -DDEBUG -DUSE_HAL_DRIVER -DSTM32G491xx -c -I../Core/Inc -I../Drivers/STM32G4xx_HAL_Driver/Inc -I../Drivers/STM32G4xx_HAL_Driver/Inc/Legacy -I../Drivers/CMSIS/Device/ST/STM32G4xx/Include -I../Drivers/CMSIS/Include -O0 -ffunction-sections -fdata-sections -Wall -fstack-usage -fcyclomatic-complexity -MMD -MP -MF"Core/Src/control.d" -MT"Core/Src/control.o" --specs=nano.specs -mfpu=fpv4-sp-d16 -mfloat-abi=hard -mthumb -o "Core/Src/control.o"
arm-none-eabi-gcc -o "PWM_output.elf" @"objects.list"   -mcpu=cortex-m4 -T"C:\STM32_projekti\STM32G491-FOC_Motor_Control\STM32G491-FOC_Motor_Control\PWM_output\STM32G491RETX_FLASH.ld" --specs=nosys.specs -Wl,-Map="PWM_output.map" -Wl,--gc-sections -static --specs=nano.specs -mfpu=fpv4-sp-d16 -mfloat-abi=hard -mthumb -Wl,--start-group -lc -lm -Wl,--end-group
Finished building target: PWM_output.elf
 
arm-none-eabi-size  PWM_output.elf 
arm-none-eabi-objdump -h -S PWM_output.elf  > "PWM_output.list"
   text	   data	    bss	    dec	    hex	filename
  43808	     96	   3712	  47616	   ba00	PWM_output.elf
Finished building: default.size.stdout
 
Finished building: PWM_output.list
 
20:51:25 **** Incremental Build of configuration Debug for project PWM_output ****
make -j8 all 
arm-none-eabi-gcc "../Core/Src/control.c" -mcpu=cortex-m4 -std=gnu11 -g3 -DDEBUG -DUSE_HAL_DRIVER -DSTM32G491xx -c -I../Core/Inc -I../Drivers/STM32G4xx_HAL_Driver/Inc -I../Drivers/STM32G4xx_HAL_Driver/Inc/Legacy -I../Drivers/CMSIS/Device/ST/STM32G4xx/Include -I../Drivers/CMSIS/Include -O0 -ffunction-sections -fdata-sections -Wall -fstack-usage -fcyclomatic-complexity -MMD -MP -MF"Core/Src/control.d" -MT"Core/Src/control.o" --specs=nano.specs -mfpu=fpv4-sp-d16 -mfloat-abi=hard -mthumb -o "Core/Src/control.o"
../Core/Src/control.c: In function 'HAL_GPIO_EXTI_Callback':
../Core/Src/control.c:66:18: warning: unused variable 'ccr3x' [-Wunused-variable]
   66 |         uint32_t ccr3x = __HAL_TIM_GET_COMPARE(s_htim_pwm, TIM_CHANNEL_3);
      |                  ^~~~~
../Core/Src/control.c:65:18: warning: unused variable 'ccr2x' [-Wunused-variable]
   65 |         uint32_t ccr2x = __HAL_TIM_GET_COMPARE(s_htim_pwm, TIM_CHANNEL_2);
      |                  ^~~~~
arm-none-eabi-gcc -o "PWM_output.elf" @"objects.list"   -mcpu=cortex-m4 -T"C:\STM32_projekti\STM32G491-FOC_Motor_Control\STM32G491-FOC_Motor_Control\PWM_output\STM32G491RETX_FLASH.ld" --specs=nosys.specs -Wl,-Map="PWM_output.map" -Wl,--gc-sections -static --specs=nano.specs -mfpu=fpv4-sp-d16 -mfloat-abi=hard -mthumb -Wl,--start-group -lc -lm -Wl,--end-group
Finished building target: PWM_output.elf
 
arm-none-eabi-size  PWM_output.elf 
arm-none-eabi-objdump -h -S PWM_output.elf  > "PWM_output.list"
   text	   data	    bss	    dec	    hex	filename
  43936	     96	   3712	  47744	   ba80	PWM_output.elf
Finished building: default.size.stdout
 
Finished building: PWM_output.list
 
20:52:07 **** Incremental Build of configuration Debug for project PWM_output ****
make -j8 all 
arm-none-eabi-gcc "../Core/Src/control.c" -mcpu=cortex-m4 -std=gnu11 -g3 -DDEBUG -DUSE_HAL_DRIVER -DSTM32G491xx -c -I../Core/Inc -I../Drivers/STM32G4xx_HAL_Driver/Inc -I../Drivers/STM32G4xx_HAL_Driver/Inc/Legacy -I../Drivers/CMSIS/Device/ST/STM32G4xx/Include -I../Drivers/CMSIS/Include -O0 -ffunction-sections -fdata-sections -Wall -fstack-usage -fcyclomatic-complexity -MMD -MP -MF"Core/Src/control.d" -MT"Core/Src/control.o" --specs=nano.specs -mfpu=fpv4-sp-d16 -mfloat-abi=hard -mthumb -o "Core/Src/control.o"
arm-none-eabi-gcc -o "PWM_output.elf" @"objects.list"   -mcpu=cortex-m4 -T"C:\STM32_projekti\STM32G491-FOC_Motor_Control\STM32G491-FOC_Motor_Control\PWM_output\STM32G491RETX_FLASH.ld" --specs=nosys.specs -Wl,-Map="PWM_output.map" -Wl,--gc-sections -static --specs=nano.specs -mfpu=fpv4-sp-d16 -mfloat-abi=hard -mthumb -Wl,--start-group -lc -lm -Wl,--end-group
Finished building target: PWM_output.elf
 
arm-none-eabi-size  PWM_output.elf 
arm-none-eabi-objdump -h -S PWM_output.elf  > "PWM_output.list"
   text	   data	    bss	    dec	    hex	filename
  43936	     96	   3712	  47744	   ba80	PWM_output.elf
Finished building: default.size.stdout
 
Finished building: PWM_output.list
 
20:53:00 **** Incremental Build of configuration Debug for project PWM_output ****
make -j8 all 
arm-none-eabi-gcc "../Core/Src/control.c" -mcpu=cortex-m4 -std=gnu11 -g3 -DDEBUG -DUSE_HAL_DRIVER -DSTM32G491xx -c -I../Core/Inc -I../Drivers/STM32G4xx_HAL_Driver/Inc -I../Drivers/STM32G4xx_HAL_Driver/Inc/Legacy -I../Drivers/CMSIS/Device/ST/STM32G4xx/Include -I../Drivers/CMSIS/Include -O0 -ffunction-sections -fdata-sections -Wall -fstack-usage -fcyclomatic-complexity -MMD -MP -MF"Core/Src/control.d" -MT"Core/Src/control.o" --specs=nano.specs -mfpu=fpv4-sp-d16 -mfloat-abi=hard -mthumb -o "Core/Src/control.o"
arm-none-eabi-gcc -o "PWM_output.elf" @"objects.list"   -mcpu=cortex-m4 -T"C:\STM32_projekti\STM32G491-FOC_Motor_Control\STM32G491-FOC_Motor_Control\PWM_output\STM32G491RETX_FLASH.ld" --specs=nosys.specs -Wl,-Map="PWM_output.map" -Wl,--gc-sections -static --specs=nano.specs -mfpu=fpv4-sp-d16 -mfloat-abi=hard -mthumb -Wl,--start-group -lc -lm -Wl,--end-group
Finished building target: PWM_output.elf
 
arm-none-eabi-size  PWM_output.elf 
arm-none-eabi-objdump -h -S PWM_output.elf  > "PWM_output.list"
   text	   data	    bss	    dec	    hex	filename
  43936	     96	   3712	  47744	   ba80	PWM_output.elf
Finished building: default.size.stdout
 
Finished building: PWM_output.list
 
20:53:55 **** Incremental Build of configuration Debug for project PWM_output ****
make -j8 all 
arm-none-eabi-gcc "../Core/Src/control.c" -mcpu=cortex-m4 -std=gnu11 -g3 -DDEBUG -DUSE_HAL_DRIVER -DSTM32G491xx -c -I../Core/Inc -I../Drivers/STM32G4xx_HAL_Driver/Inc -I../Drivers/STM32G4xx_HAL_Driver/Inc/Legacy -I../Drivers/CMSIS/Device/ST/STM32G4xx/Include -I../Drivers/CMSIS/Include -O0 -ffunction-sections -fdata-sections -Wall -fstack-usage -fcyclomatic-complexity -MMD -MP -MF"Core/Src/control.d" -MT"Core/Src/control.o" --specs=nano.specs -mfpu=fpv4-sp-d16 -mfloat-abi=hard -mthumb -o "Core/Src/control.o"
arm-none-eabi-gcc -o "PWM_output.elf" @"objects.list"   -mcpu=cortex-m4 -T"C:\STM32_projekti\STM32G491-FOC_Motor_Control\STM32G491-FOC_Motor_Control\PWM_output\STM32G491RETX_FLASH.ld" --specs=nosys.specs -Wl,-Map="PWM_output.map" -Wl,--gc-sections -static --specs=nano.specs -mfpu=fpv4-sp-d16 -mfloat-abi=hard -mthumb -Wl,--start-group -lc -lm -Wl,--end-group
Finished building target: PWM_output.elf
 
arm-none-eabi-size  PWM_output.elf 
arm-none-eabi-objdump -h -S PWM_output.elf  > "PWM_output.list"
   text	   data	    bss	    dec	    hex	filename
  43936	     96	   3712	  47744	   ba80	PWM_output.elf
Finished building: default.size.stdout
 
Finished building: PWM_output.list
 
16:49:35 **** Incremental Build of configuration Debug for project PWM_output ****
make -j8 all 
arm-none-eabi-size  PWM_output.elf 
   text	   data	    bss	    dec	    hex	filename
  43936	     96	   3712	  47744	   ba80	PWM_output.elf
Finished building: default.size.stdout
 
16:55:18 **** Incremental Build of configuration Debug for project PWM_output ****
make -j8 all 
arm-none-eabi-gcc "../Core/Src/sin_lut.c" -mcpu=cortex-m4 -std=gnu11 -g3 -DDEBUG -DUSE_HAL_DRIVER -DSTM32G491xx -c -I../Core/Inc -I../Drivers/STM32G4xx_HAL_Driver/Inc -I../Drivers/STM32G4xx_HAL_Driver/Inc/Legacy -I../Drivers/CMSIS/Device/ST/STM32G4xx/Include -I../Drivers/CMSIS/Include -O0 -ffunction-sections -fdata-sections -Wall -fstack-usage -fcyclomatic-complexity -MMD -MP -MF"Core/Src/sin_lut.d" -MT"Core/Src/sin_lut.o" --specs=nano.specs -mfpu=fpv4-sp-d16 -mfloat-abi=hard -mthumb -o "Core/Src/sin_lut.o"
arm-none-eabi-gcc -o "PWM_output.elf" @"objects.list"   -mcpu=cortex-m4 -T"C:\STM32_projekti\STM32G491-FOC_Motor_Control\STM32G491-FOC_Motor_Control\PWM_output\STM32G491RETX_FLASH.ld" --specs=nosys.specs -Wl,-Map="PWM_output.map" -Wl,--gc-sections -static --specs=nano.specs -mfpu=fpv4-sp-d16 -mfloat-abi=hard -mthumb -Wl,--start-group -lc -lm -Wl,--end-group
Finished building target: PWM_output.elf
 
arm-none-eabi-size  PWM_output.elf 
arm-none-eabi-objdump -h -S PWM_output.elf  > "PWM_output.list"
   text	   data	    bss	    dec	    hex	filename
  43976	     96	   4912	  48984	   bf58	PWM_output.elf
Finished building: default.size.stdout
 
Finished building: PWM_output.list
 
16:59:21 **** Incremental Build of configuration Debug for project PWM_output ****
make -j8 all 
arm-none-eabi-gcc "../Core/Src/pwm.c" -mcpu=cortex-m4 -std=gnu11 -g3 -DDEBUG -DUSE_HAL_DRIVER -DSTM32G491xx -c -I../Core/Inc -I../Drivers/STM32G4xx_HAL_Driver/Inc -I../Drivers/STM32G4xx_HAL_Driver/Inc/Legacy -I../Drivers/CMSIS/Device/ST/STM32G4xx/Include -I../Drivers/CMSIS/Include -O0 -ffunction-sections -fdata-sections -Wall -fstack-usage -fcyclomatic-complexity -MMD -MP -MF"Core/Src/pwm.d" -MT"Core/Src/pwm.o" --specs=nano.specs -mfpu=fpv4-sp-d16 -mfloat-abi=hard -mthumb -o "Core/Src/pwm.o"
arm-none-eabi-gcc -o "PWM_output.elf" @"objects.list"   -mcpu=cortex-m4 -T"C:\STM32_projekti\STM32G491-FOC_Motor_Control\STM32G491-FOC_Motor_Control\PWM_output\STM32G491RETX_FLASH.ld" --specs=nosys.specs -Wl,-Map="PWM_output.map" -Wl,--gc-sections -static --specs=nano.specs -mfpu=fpv4-sp-d16 -mfloat-abi=hard -mthumb -Wl,--start-group -lc -lm -Wl,--end-group
Finished building target: PWM_output.elf
 
arm-none-eabi-size  PWM_output.elf 
arm-none-eabi-objdump -h -S PWM_output.elf  > "PWM_output.list"
   text	   data	    bss	    dec	    hex	filename
  43976	     96	   4912	  48984	   bf58	PWM_output.elf
Finished building: default.size.stdout
 
Finished building: PWM_output.list
 
10:25:27 **** Incremental Build of configuration Debug for project PWM_output ****
make -j8 all 
arm-none-eabi-size  PWM_output.elf 
   text	   data	    bss	    dec	    hex	filename
  43976	     96	   4912	  48984	   bf58	PWM_output.elf
Finished building: default.size.stdout
 
11:33:47 **** Incremental Build of configuration Debug for project PWM_output ****
make -j8 all 
arm-none-eabi-gcc "../Core/Src/main.c" -mcpu=cortex-m4 -std=gnu11 -g3 -DDEBUG -DUSE_HAL_DRIVER -DSTM32G491xx -c -I../Core/Inc -I../Drivers/STM32G4xx_HAL_Driver/Inc -I../Drivers/STM32G4xx_HAL_Driver/Inc/Legacy -I../Drivers/CMSIS/Device/ST/STM32G4xx/Include -I../Drivers/CMSIS/Include -O0 -ffunction-sections -fdata-sections -Wall -fstack-usage -fcyclomatic-complexity -MMD -MP -MF"Core/Src/main.d" -MT"Core/Src/main.o" --specs=nano.specs -mfpu=fpv4-sp-d16 -mfloat-abi=hard -mthumb -o "Core/Src/main.o"
arm-none-eabi-gcc -o "PWM_output.elf" @"objects.list"   -mcpu=cortex-m4 -T"C:\STM32_projekti\STM32G491-FOC_Motor_Control\STM32G491-FOC_Motor_Control\PWM_output\STM32G491RETX_FLASH.ld" --specs=nosys.specs -Wl,-Map="PWM_output.map" -Wl,--gc-sections -static --specs=nano.specs -mfpu=fpv4-sp-d16 -mfloat-abi=hard -mthumb -Wl,--start-group -lc -lm -Wl,--end-group
Finished building target: PWM_output.elf
 
arm-none-eabi-size  PWM_output.elf 
arm-none-eabi-objdump -h -S PWM_output.elf  > "PWM_output.list"
   text	   data	    bss	    dec	    hex	filename
  43976	     96	   4912	  48984	   bf58	PWM_output.elf
Finished building: default.size.stdout
 
Finished building: PWM_output.list
 
11:34:47 **** Incremental Build of configuration Debug for project PWM_output ****
make -j8 all 
arm-none-eabi-gcc "../Core/Src/main.c" -mcpu=cortex-m4 -std=gnu11 -g3 -DDEBUG -DUSE_HAL_DRIVER -DSTM32G491xx -c -I../Core/Inc -I../Drivers/STM32G4xx_HAL_Driver/Inc -I../Drivers/STM32G4xx_HAL_Driver/Inc/Legacy -I../Drivers/CMSIS/Device/ST/STM32G4xx/Include -I../Drivers/CMSIS/Include -O0 -ffunction-sections -fdata-sections -Wall -fstack-usage -fcyclomatic-complexity -MMD -MP -MF"Core/Src/main.d" -MT"Core/Src/main.o" --specs=nano.specs -mfpu=fpv4-sp-d16 -mfloat-abi=hard -mthumb -o "Core/Src/main.o"
arm-none-eabi-gcc -o "PWM_output.elf" @"objects.list"   -mcpu=cortex-m4 -T"C:\STM32_projekti\STM32G491-FOC_Motor_Control\STM32G491-FOC_Motor_Control\PWM_output\STM32G491RETX_FLASH.ld" --specs=nosys.specs -Wl,-Map="PWM_output.map" -Wl,--gc-sections -static --specs=nano.specs -mfpu=fpv4-sp-d16 -mfloat-abi=hard -mthumb -Wl,--start-group -lc -lm -Wl,--end-group
Finished building target: PWM_output.elf
 
arm-none-eabi-size  PWM_output.elf 
arm-none-eabi-objdump -h -S PWM_output.elf  > "PWM_output.list"
   text	   data	    bss	    dec	    hex	filename
  43976	     96	   4912	  48984	   bf58	PWM_output.elf
Finished building: default.size.stdout
 
Finished building: PWM_output.list
 
11:35:22 **** Incremental Build of configuration Debug for project PWM_output ****
make -j8 all 
arm-none-eabi-gcc "../Core/Src/main.c" -mcpu=cortex-m4 -std=gnu11 -g3 -DDEBUG -DUSE_HAL_DRIVER -DSTM32G491xx -c -I../Core/Inc -I../Drivers/STM32G4xx_HAL_Driver/Inc -I../Drivers/STM32G4xx_HAL_Driver/Inc/Legacy -I../Drivers/CMSIS/Device/ST/STM32G4xx/Include -I../Drivers/CMSIS/Include -O0 -ffunction-sections -fdata-sections -Wall -fstack-usage -fcyclomatic-complexity -MMD -MP -MF"Core/Src/main.d" -MT"Core/Src/main.o" --specs=nano.specs -mfpu=fpv4-sp-d16 -mfloat-abi=hard -mthumb -o "Core/Src/main.o"
arm-none-eabi-gcc -o "PWM_output.elf" @"objects.list"   -mcpu=cortex-m4 -T"C:\STM32_projekti\STM32G491-FOC_Motor_Control\STM32G491-FOC_Motor_Control\PWM_output\STM32G491RETX_FLASH.ld" --specs=nosys.specs -Wl,-Map="PWM_output.map" -Wl,--gc-sections -static --specs=nano.specs -mfpu=fpv4-sp-d16 -mfloat-abi=hard -mthumb -Wl,--start-group -lc -lm -Wl,--end-group
Finished building target: PWM_output.elf
 
arm-none-eabi-size  PWM_output.elf 
arm-none-eabi-objdump -h -S PWM_output.elf  > "PWM_output.list"
   text	   data	    bss	    dec	    hex	filename
  43976	     96	   4912	  48984	   bf58	PWM_output.elf
Finished building: default.size.stdout
 
Finished building: PWM_output.list
 
11:38:04 **** Incremental Build of configuration Debug for project PWM_output ****
make -j8 all 
arm-none-eabi-gcc "../Core/Src/main.c" -mcpu=cortex-m4 -std=gnu11 -g3 -DDEBUG -DUSE_HAL_DRIVER -DSTM32G491xx -c -I../Core/Inc -I../Drivers/STM32G4xx_HAL_Driver/Inc -I../Drivers/STM32G4xx_HAL_Driver/Inc/Legacy -I../Drivers/CMSIS/Device/ST/STM32G4xx/Include -I../Drivers/CMSIS/Include -O0 -ffunction-sections -fdata-sections -Wall -fstack-usage -fcyclomatic-complexity -MMD -MP -MF"Core/Src/main.d" -MT"Core/Src/main.o" --specs=nano.specs -mfpu=fpv4-sp-d16 -mfloat-abi=hard -mthumb -o "Core/Src/main.o"
arm-none-eabi-gcc -o "PWM_output.elf" @"objects.list"   -mcpu=cortex-m4 -T"C:\STM32_projekti\STM32G491-FOC_Motor_Control\STM32G491-FOC_Motor_Control\PWM_output\STM32G491RETX_FLASH.ld" --specs=nosys.specs -Wl,-Map="PWM_output.map" -Wl,--gc-sections -static --specs=nano.specs -mfpu=fpv4-sp-d16 -mfloat-abi=hard -mthumb -Wl,--start-group -lc -lm -Wl,--end-group
Finished building target: PWM_output.elf
 
arm-none-eabi-size  PWM_output.elf 
arm-none-eabi-objdump -h -S PWM_output.elf  > "PWM_output.list"
   text	   data	    bss	    dec	    hex	filename
  43976	     96	   4912	  48984	   bf58	PWM_output.elf
Finished building: default.size.stdout
 
Finished building: PWM_output.list
 
13:25:45 **** Incremental Build of configuration Debug for project PWM_output ****
make -j8 all 
arm-none-eabi-gcc "../Core/Src/main.c" -mcpu=cortex-m4 -std=gnu11 -g3 -DDEBUG -DUSE_HAL_DRIVER -DSTM32G491xx -c -I../Core/Inc -I../Drivers/STM32G4xx_HAL_Driver/Inc -I../Drivers/STM32G4xx_HAL_Driver/Inc/Legacy -I../Drivers/CMSIS/Device/ST/STM32G4xx/Include -I../Drivers/CMSIS/Include -O0 -ffunction-sections -fdata-sections -Wall -fstack-usage -fcyclomatic-complexity -MMD -MP -MF"Core/Src/main.d" -MT"Core/Src/main.o" --specs=nano.specs -mfpu=fpv4-sp-d16 -mfloat-abi=hard -mthumb -o "Core/Src/main.o"
arm-none-eabi-gcc -o "PWM_output.elf" @"objects.list"   -mcpu=cortex-m4 -T"C:\STM32_projekti\STM32G491-FOC_Motor_Control\STM32G491-FOC_Motor_Control\PWM_output\STM32G491RETX_FLASH.ld" --specs=nosys.specs -Wl,-Map="PWM_output.map" -Wl,--gc-sections -static --specs=nano.specs -mfpu=fpv4-sp-d16 -mfloat-abi=hard -mthumb -Wl,--start-group -lc -lm -Wl,--end-group
Finished building target: PWM_output.elf
 
arm-none-eabi-size  PWM_output.elf 
arm-none-eabi-objdump -h -S PWM_output.elf  > "PWM_output.list"
   text	   data	    bss	    dec	    hex	filename
  43976	     96	   4912	  48984	   bf58	PWM_output.elf
Finished building: default.size.stdout
 
Finished building: PWM_output.list
 
13:30:13 **** Incremental Build of configuration Debug for project PWM_output ****
make -j8 all 
arm-none-eabi-gcc "../Core/Src/pwm.c" -mcpu=cortex-m4 -std=gnu11 -g3 -DDEBUG -DUSE_HAL_DRIVER -DSTM32G491xx -c -I../Core/Inc -I../Drivers/STM32G4xx_HAL_Driver/Inc -I../Drivers/STM32G4xx_HAL_Driver/Inc/Legacy -I../Drivers/CMSIS/Device/ST/STM32G4xx/Include -I../Drivers/CMSIS/Include -O0 -ffunction-sections -fdata-sections -Wall -fstack-usage -fcyclomatic-complexity -MMD -MP -MF"Core/Src/pwm.d" -MT"Core/Src/pwm.o" --specs=nano.specs -mfpu=fpv4-sp-d16 -mfloat-abi=hard -mthumb -o "Core/Src/pwm.o"
../Core/Src/pwm.c: In function 'HAL_TIM_PeriodElapsedCallback':
../Core/Src/pwm.c:26:18: warning: unused variable 'arr' [-Wunused-variable]
   26 |         uint32_t arr = __HAL_TIM_GET_AUTORELOAD(htim);
      |                  ^~~
../Core/Src/pwm.c:24:22: warning: unused variable 'm' [-Wunused-variable]
   24 |         static float m = 1.0f; // < 1, da nije cijela amplituda
      |                      ^
arm-none-eabi-gcc -o "PWM_output.elf" @"objects.list"   -mcpu=cortex-m4 -T"C:\STM32_projekti\STM32G491-FOC_Motor_Control\STM32G491-FOC_Motor_Control\PWM_output\STM32G491RETX_FLASH.ld" --specs=nosys.specs -Wl,-Map="PWM_output.map" -Wl,--gc-sections -static --specs=nano.specs -mfpu=fpv4-sp-d16 -mfloat-abi=hard -mthumb -Wl,--start-group -lc -lm -Wl,--end-group
Finished building target: PWM_output.elf
 
arm-none-eabi-size  PWM_output.elf 
arm-none-eabi-objdump -h -S PWM_output.elf  > "PWM_output.list"
   text	   data	    bss	    dec	    hex	filename
  43696	     92	   4908	  48696	   be38	PWM_output.elf
Finished building: default.size.stdout
 
Finished building: PWM_output.list
 
13:33:24 **** Incremental Build of configuration Debug for project PWM_output ****
make -j8 all 
arm-none-eabi-gcc "../Core/Src/main.c" -mcpu=cortex-m4 -std=gnu11 -g3 -DDEBUG -DUSE_HAL_DRIVER -DSTM32G491xx -c -I../Core/Inc -I../Drivers/STM32G4xx_HAL_Driver/Inc -I../Drivers/STM32G4xx_HAL_Driver/Inc/Legacy -I../Drivers/CMSIS/Device/ST/STM32G4xx/Include -I../Drivers/CMSIS/Include -O0 -ffunction-sections -fdata-sections -Wall -fstack-usage -fcyclomatic-complexity -MMD -MP -MF"Core/Src/main.d" -MT"Core/Src/main.o" --specs=nano.specs -mfpu=fpv4-sp-d16 -mfloat-abi=hard -mthumb -o "Core/Src/main.o"
arm-none-eabi-gcc -o "PWM_output.elf" @"objects.list"   -mcpu=cortex-m4 -T"C:\STM32_projekti\STM32G491-FOC_Motor_Control\STM32G491-FOC_Motor_Control\PWM_output\STM32G491RETX_FLASH.ld" --specs=nosys.specs -Wl,-Map="PWM_output.map" -Wl,--gc-sections -static --specs=nano.specs -mfpu=fpv4-sp-d16 -mfloat-abi=hard -mthumb -Wl,--start-group -lc -lm -Wl,--end-group
Finished building target: PWM_output.elf
 
arm-none-eabi-size  PWM_output.elf 
arm-none-eabi-objdump -h -S PWM_output.elf  > "PWM_output.list"
   text	   data	    bss	    dec	    hex	filename
  43696	     92	   4908	  48696	   be38	PWM_output.elf
Finished building: default.size.stdout
 
Finished building: PWM_output.list
 
13:33:54 **** Incremental Build of configuration Debug for project PWM_output ****
make -j8 all 
arm-none-eabi-gcc "../Core/Src/main.c" -mcpu=cortex-m4 -std=gnu11 -g3 -DDEBUG -DUSE_HAL_DRIVER -DSTM32G491xx -c -I../Core/Inc -I../Drivers/STM32G4xx_HAL_Driver/Inc -I../Drivers/STM32G4xx_HAL_Driver/Inc/Legacy -I../Drivers/CMSIS/Device/ST/STM32G4xx/Include -I../Drivers/CMSIS/Include -O0 -ffunction-sections -fdata-sections -Wall -fstack-usage -fcyclomatic-complexity -MMD -MP -MF"Core/Src/main.d" -MT"Core/Src/main.o" --specs=nano.specs -mfpu=fpv4-sp-d16 -mfloat-abi=hard -mthumb -o "Core/Src/main.o"
arm-none-eabi-gcc -o "PWM_output.elf" @"objects.list"   -mcpu=cortex-m4 -T"C:\STM32_projekti\STM32G491-FOC_Motor_Control\STM32G491-FOC_Motor_Control\PWM_output\STM32G491RETX_FLASH.ld" --specs=nosys.specs -Wl,-Map="PWM_output.map" -Wl,--gc-sections -static --specs=nano.specs -mfpu=fpv4-sp-d16 -mfloat-abi=hard -mthumb -Wl,--start-group -lc -lm -Wl,--end-group
Finished building target: PWM_output.elf
 
arm-none-eabi-size  PWM_output.elf 
arm-none-eabi-objdump -h -S PWM_output.elf  > "PWM_output.list"
   text	   data	    bss	    dec	    hex	filename
  43696	     92	   4908	  48696	   be38	PWM_output.elf
Finished building: default.size.stdout
 
Finished building: PWM_output.list
 
13:34:18 **** Incremental Build of configuration Debug for project PWM_output ****
make -j8 all 
arm-none-eabi-gcc "../Core/Src/main.c" -mcpu=cortex-m4 -std=gnu11 -g3 -DDEBUG -DUSE_HAL_DRIVER -DSTM32G491xx -c -I../Core/Inc -I../Drivers/STM32G4xx_HAL_Driver/Inc -I../Drivers/STM32G4xx_HAL_Driver/Inc/Legacy -I../Drivers/CMSIS/Device/ST/STM32G4xx/Include -I../Drivers/CMSIS/Include -O0 -ffunction-sections -fdata-sections -Wall -fstack-usage -fcyclomatic-complexity -MMD -MP -MF"Core/Src/main.d" -MT"Core/Src/main.o" --specs=nano.specs -mfpu=fpv4-sp-d16 -mfloat-abi=hard -mthumb -o "Core/Src/main.o"
arm-none-eabi-gcc -o "PWM_output.elf" @"objects.list"   -mcpu=cortex-m4 -T"C:\STM32_projekti\STM32G491-FOC_Motor_Control\STM32G491-FOC_Motor_Control\PWM_output\STM32G491RETX_FLASH.ld" --specs=nosys.specs -Wl,-Map="PWM_output.map" -Wl,--gc-sections -static --specs=nano.specs -mfpu=fpv4-sp-d16 -mfloat-abi=hard -mthumb -Wl,--start-group -lc -lm -Wl,--end-group
Finished building target: PWM_output.elf
 
arm-none-eabi-size  PWM_output.elf 
arm-none-eabi-objdump -h -S PWM_output.elf  > "PWM_output.list"
   text	   data	    bss	    dec	    hex	filename
  43696	     92	   4908	  48696	   be38	PWM_output.elf
Finished building: default.size.stdout
 
Finished building: PWM_output.list
 
13:43:08 **** Incremental Build of configuration Debug for project PWM_output ****
make -j8 all 
arm-none-eabi-gcc "../Core/Src/pwm.c" -mcpu=cortex-m4 -std=gnu11 -g3 -DDEBUG -DUSE_HAL_DRIVER -DSTM32G491xx -c -I../Core/Inc -I../Drivers/STM32G4xx_HAL_Driver/Inc -I../Drivers/STM32G4xx_HAL_Driver/Inc/Legacy -I../Drivers/CMSIS/Device/ST/STM32G4xx/Include -I../Drivers/CMSIS/Include -O0 -ffunction-sections -fdata-sections -Wall -fstack-usage -fcyclomatic-complexity -MMD -MP -MF"Core/Src/pwm.d" -MT"Core/Src/pwm.o" --specs=nano.specs -mfpu=fpv4-sp-d16 -mfloat-abi=hard -mthumb -o "Core/Src/pwm.o"
arm-none-eabi-gcc -o "PWM_output.elf" @"objects.list"   -mcpu=cortex-m4 -T"C:\STM32_projekti\STM32G491-FOC_Motor_Control\STM32G491-FOC_Motor_Control\PWM_output\STM32G491RETX_FLASH.ld" --specs=nosys.specs -Wl,-Map="PWM_output.map" -Wl,--gc-sections -static --specs=nano.specs -mfpu=fpv4-sp-d16 -mfloat-abi=hard -mthumb -Wl,--start-group -lc -lm -Wl,--end-group
Finished building target: PWM_output.elf
 
arm-none-eabi-size  PWM_output.elf 
arm-none-eabi-objdump -h -S PWM_output.elf  > "PWM_output.list"
   text	   data	    bss	    dec	    hex	filename
  43976	     96	   4912	  48984	   bf58	PWM_output.elf
Finished building: default.size.stdout
 
Finished building: PWM_output.list
 
13:43:43 **** Incremental Build of configuration Debug for project PWM_output ****
make -j8 all 
arm-none-eabi-gcc "../Core/Src/main.c" -mcpu=cortex-m4 -std=gnu11 -g3 -DDEBUG -DUSE_HAL_DRIVER -DSTM32G491xx -c -I../Core/Inc -I../Drivers/STM32G4xx_HAL_Driver/Inc -I../Drivers/STM32G4xx_HAL_Driver/Inc/Legacy -I../Drivers/CMSIS/Device/ST/STM32G4xx/Include -I../Drivers/CMSIS/Include -O0 -ffunction-sections -fdata-sections -Wall -fstack-usage -fcyclomatic-complexity -MMD -MP -MF"Core/Src/main.d" -MT"Core/Src/main.o" --specs=nano.specs -mfpu=fpv4-sp-d16 -mfloat-abi=hard -mthumb -o "Core/Src/main.o"
arm-none-eabi-gcc -o "PWM_output.elf" @"objects.list"   -mcpu=cortex-m4 -T"C:\STM32_projekti\STM32G491-FOC_Motor_Control\STM32G491-FOC_Motor_Control\PWM_output\STM32G491RETX_FLASH.ld" --specs=nosys.specs -Wl,-Map="PWM_output.map" -Wl,--gc-sections -static --specs=nano.specs -mfpu=fpv4-sp-d16 -mfloat-abi=hard -mthumb -Wl,--start-group -lc -lm -Wl,--end-group
Finished building target: PWM_output.elf
 
arm-none-eabi-size  PWM_output.elf 
arm-none-eabi-objdump -h -S PWM_output.elf  > "PWM_output.list"
   text	   data	    bss	    dec	    hex	filename
  43976	     96	   4912	  48984	   bf58	PWM_output.elf
Finished building: default.size.stdout
 
Finished building: PWM_output.list
 
13:45:34 **** Incremental Build of configuration Debug for project PWM_output ****
make -j8 all 
arm-none-eabi-size  PWM_output.elf 
   text	   data	    bss	    dec	    hex	filename
  43976	     96	   4912	  48984	   bf58	PWM_output.elf
Finished building: default.size.stdout
 
13:47:22 **** Incremental Build of configuration Debug for project PWM_output ****
make -j8 all 
arm-none-eabi-gcc "../Core/Src/main.c" -mcpu=cortex-m4 -std=gnu11 -g3 -DDEBUG -DUSE_HAL_DRIVER -DSTM32G491xx -c -I../Core/Inc -I../Drivers/STM32G4xx_HAL_Driver/Inc -I../Drivers/STM32G4xx_HAL_Driver/Inc/Legacy -I../Drivers/CMSIS/Device/ST/STM32G4xx/Include -I../Drivers/CMSIS/Include -O0 -ffunction-sections -fdata-sections -Wall -fstack-usage -fcyclomatic-complexity -MMD -MP -MF"Core/Src/main.d" -MT"Core/Src/main.o" --specs=nano.specs -mfpu=fpv4-sp-d16 -mfloat-abi=hard -mthumb -o "Core/Src/main.o"
arm-none-eabi-gcc -o "PWM_output.elf" @"objects.list"   -mcpu=cortex-m4 -T"C:\STM32_projekti\STM32G491-FOC_Motor_Control\STM32G491-FOC_Motor_Control\PWM_output\STM32G491RETX_FLASH.ld" --specs=nosys.specs -Wl,-Map="PWM_output.map" -Wl,--gc-sections -static --specs=nano.specs -mfpu=fpv4-sp-d16 -mfloat-abi=hard -mthumb -Wl,--start-group -lc -lm -Wl,--end-group
Finished building target: PWM_output.elf
 
arm-none-eabi-size  PWM_output.elf 
arm-none-eabi-objdump -h -S PWM_output.elf  > "PWM_output.list"
   text	   data	    bss	    dec	    hex	filename
  43976	     96	   4912	  48984	   bf58	PWM_output.elf
Finished building: default.size.stdout
 
Finished building: PWM_output.list
 
13:47:56 **** Incremental Build of configuration Debug for project PWM_output ****
make -j8 all 
arm-none-eabi-gcc "../Core/Src/main.c" -mcpu=cortex-m4 -std=gnu11 -g3 -DDEBUG -DUSE_HAL_DRIVER -DSTM32G491xx -c -I../Core/Inc -I../Drivers/STM32G4xx_HAL_Driver/Inc -I../Drivers/STM32G4xx_HAL_Driver/Inc/Legacy -I../Drivers/CMSIS/Device/ST/STM32G4xx/Include -I../Drivers/CMSIS/Include -O0 -ffunction-sections -fdata-sections -Wall -fstack-usage -fcyclomatic-complexity -MMD -MP -MF"Core/Src/main.d" -MT"Core/Src/main.o" --specs=nano.specs -mfpu=fpv4-sp-d16 -mfloat-abi=hard -mthumb -o "Core/Src/main.o"
arm-none-eabi-gcc -o "PWM_output.elf" @"objects.list"   -mcpu=cortex-m4 -T"C:\STM32_projekti\STM32G491-FOC_Motor_Control\STM32G491-FOC_Motor_Control\PWM_output\STM32G491RETX_FLASH.ld" --specs=nosys.specs -Wl,-Map="PWM_output.map" -Wl,--gc-sections -static --specs=nano.specs -mfpu=fpv4-sp-d16 -mfloat-abi=hard -mthumb -Wl,--start-group -lc -lm -Wl,--end-group
Finished building target: PWM_output.elf
 
arm-none-eabi-size  PWM_output.elf 
arm-none-eabi-objdump -h -S PWM_output.elf  > "PWM_output.list"
   text	   data	    bss	    dec	    hex	filename
  43976	     96	   4912	  48984	   bf58	PWM_output.elf
Finished building: default.size.stdout
 
Finished building: PWM_output.list
 
14:37:54 **** Incremental Build of configuration Debug for project PWM_output ****
make -j8 all 
arm-none-eabi-gcc "../Core/Src/main.c" -mcpu=cortex-m4 -std=gnu11 -g3 -DDEBUG -DUSE_HAL_DRIVER -DSTM32G491xx -c -I../Core/Inc -I../Drivers/STM32G4xx_HAL_Driver/Inc -I../Drivers/STM32G4xx_HAL_Driver/Inc/Legacy -I../Drivers/CMSIS/Device/ST/STM32G4xx/Include -I../Drivers/CMSIS/Include -O0 -ffunction-sections -fdata-sections -Wall -fstack-usage -fcyclomatic-complexity -MMD -MP -MF"Core/Src/main.d" -MT"Core/Src/main.o" --specs=nano.specs -mfpu=fpv4-sp-d16 -mfloat-abi=hard -mthumb -o "Core/Src/main.o"
arm-none-eabi-gcc -o "PWM_output.elf" @"objects.list"   -mcpu=cortex-m4 -T"C:\STM32_projekti\STM32G491-FOC_Motor_Control\STM32G491-FOC_Motor_Control\PWM_output\STM32G491RETX_FLASH.ld" --specs=nosys.specs -Wl,-Map="PWM_output.map" -Wl,--gc-sections -static --specs=nano.specs -mfpu=fpv4-sp-d16 -mfloat-abi=hard -mthumb -Wl,--start-group -lc -lm -Wl,--end-group
Finished building target: PWM_output.elf
 
arm-none-eabi-size  PWM_output.elf 
arm-none-eabi-objdump -h -S PWM_output.elf  > "PWM_output.list"
   text	   data	    bss	    dec	    hex	filename
  43984	     96	   4912	  48992	   bf60	PWM_output.elf
Finished building: default.size.stdout
 
Finished building: PWM_output.list
 
14:39:04 **** Incremental Build of configuration Debug for project PWM_output ****
make -j8 all 
arm-none-eabi-gcc "../Core/Src/main.c" -mcpu=cortex-m4 -std=gnu11 -g3 -DDEBUG -DUSE_HAL_DRIVER -DSTM32G491xx -c -I../Core/Inc -I../Drivers/STM32G4xx_HAL_Driver/Inc -I../Drivers/STM32G4xx_HAL_Driver/Inc/Legacy -I../Drivers/CMSIS/Device/ST/STM32G4xx/Include -I../Drivers/CMSIS/Include -O0 -ffunction-sections -fdata-sections -Wall -fstack-usage -fcyclomatic-complexity -MMD -MP -MF"Core/Src/main.d" -MT"Core/Src/main.o" --specs=nano.specs -mfpu=fpv4-sp-d16 -mfloat-abi=hard -mthumb -o "Core/Src/main.o"
arm-none-eabi-gcc -o "PWM_output.elf" @"objects.list"   -mcpu=cortex-m4 -T"C:\STM32_projekti\STM32G491-FOC_Motor_Control\STM32G491-FOC_Motor_Control\PWM_output\STM32G491RETX_FLASH.ld" --specs=nosys.specs -Wl,-Map="PWM_output.map" -Wl,--gc-sections -static --specs=nano.specs -mfpu=fpv4-sp-d16 -mfloat-abi=hard -mthumb -Wl,--start-group -lc -lm -Wl,--end-group
Finished building target: PWM_output.elf
 
arm-none-eabi-size  PWM_output.elf 
arm-none-eabi-objdump -h -S PWM_output.elf  > "PWM_output.list"
   text	   data	    bss	    dec	    hex	filename
  43984	     96	   4912	  48992	   bf60	PWM_output.elf
Finished building: default.size.stdout
 
Finished building: PWM_output.list
 
14:40:06 **** Incremental Build of configuration Debug for project PWM_output ****
make -j8 all 
arm-none-eabi-gcc "../Core/Src/main.c" -mcpu=cortex-m4 -std=gnu11 -g3 -DDEBUG -DUSE_HAL_DRIVER -DSTM32G491xx -c -I../Core/Inc -I../Drivers/STM32G4xx_HAL_Driver/Inc -I../Drivers/STM32G4xx_HAL_Driver/Inc/Legacy -I../Drivers/CMSIS/Device/ST/STM32G4xx/Include -I../Drivers/CMSIS/Include -O0 -ffunction-sections -fdata-sections -Wall -fstack-usage -fcyclomatic-complexity -MMD -MP -MF"Core/Src/main.d" -MT"Core/Src/main.o" --specs=nano.specs -mfpu=fpv4-sp-d16 -mfloat-abi=hard -mthumb -o "Core/Src/main.o"
arm-none-eabi-gcc -o "PWM_output.elf" @"objects.list"   -mcpu=cortex-m4 -T"C:\STM32_projekti\STM32G491-FOC_Motor_Control\STM32G491-FOC_Motor_Control\PWM_output\STM32G491RETX_FLASH.ld" --specs=nosys.specs -Wl,-Map="PWM_output.map" -Wl,--gc-sections -static --specs=nano.specs -mfpu=fpv4-sp-d16 -mfloat-abi=hard -mthumb -Wl,--start-group -lc -lm -Wl,--end-group
Finished building target: PWM_output.elf
 
arm-none-eabi-size  PWM_output.elf 
arm-none-eabi-objdump -h -S PWM_output.elf  > "PWM_output.list"
   text	   data	    bss	    dec	    hex	filename
  43984	     96	   4912	  48992	   bf60	PWM_output.elf
Finished building: default.size.stdout
 
Finished building: PWM_output.list
 
14:40:57 **** Incremental Build of configuration Debug for project PWM_output ****
make -j8 all 
arm-none-eabi-gcc "../Core/Src/main.c" -mcpu=cortex-m4 -std=gnu11 -g3 -DDEBUG -DUSE_HAL_DRIVER -DSTM32G491xx -c -I../Core/Inc -I../Drivers/STM32G4xx_HAL_Driver/Inc -I../Drivers/STM32G4xx_HAL_Driver/Inc/Legacy -I../Drivers/CMSIS/Device/ST/STM32G4xx/Include -I../Drivers/CMSIS/Include -O0 -ffunction-sections -fdata-sections -Wall -fstack-usage -fcyclomatic-complexity -MMD -MP -MF"Core/Src/main.d" -MT"Core/Src/main.o" --specs=nano.specs -mfpu=fpv4-sp-d16 -mfloat-abi=hard -mthumb -o "Core/Src/main.o"
arm-none-eabi-gcc -o "PWM_output.elf" @"objects.list"   -mcpu=cortex-m4 -T"C:\STM32_projekti\STM32G491-FOC_Motor_Control\STM32G491-FOC_Motor_Control\PWM_output\STM32G491RETX_FLASH.ld" --specs=nosys.specs -Wl,-Map="PWM_output.map" -Wl,--gc-sections -static --specs=nano.specs -mfpu=fpv4-sp-d16 -mfloat-abi=hard -mthumb -Wl,--start-group -lc -lm -Wl,--end-group
Finished building target: PWM_output.elf
 
arm-none-eabi-size  PWM_output.elf 
arm-none-eabi-objdump -h -S PWM_output.elf  > "PWM_output.list"
   text	   data	    bss	    dec	    hex	filename
  43976	     96	   4912	  48984	   bf58	PWM_output.elf
Finished building: default.size.stdout
 
Finished building: PWM_output.list
 
09:57:34 **** Build of configuration Debug for project PWM_output ****
make -j8 all 
arm-none-eabi-size  PWM_output.elf 
   text	   data	    bss	    dec	    hex	filename
  43976	     96	   4912	  48984	   bf58	PWM_output.elf
Finished building: default.size.stdout
 
13:39:18 **** Incremental Build of configuration Debug for project PWM_output ****
make -j8 all 
arm-none-eabi-gcc "../Core/Src/control.c" -mcpu=cortex-m4 -std=gnu11 -g3 -DDEBUG -DUSE_HAL_DRIVER -DSTM32G491xx -c -I../Core/Inc -I../Drivers/STM32G4xx_HAL_Driver/Inc -I../Drivers/STM32G4xx_HAL_Driver/Inc/Legacy -I../Drivers/CMSIS/Device/ST/STM32G4xx/Include -I../Drivers/CMSIS/Include -O0 -ffunction-sections -fdata-sections -Wall -fstack-usage -fcyclomatic-complexity -MMD -MP -MF"Core/Src/control.d" -MT"Core/Src/control.o" --specs=nano.specs -mfpu=fpv4-sp-d16 -mfloat-abi=hard -mthumb -o "Core/Src/control.o"
arm-none-eabi-gcc "../Core/Src/main.c" -mcpu=cortex-m4 -std=gnu11 -g3 -DDEBUG -DUSE_HAL_DRIVER -DSTM32G491xx -c -I../Core/Inc -I../Drivers/STM32G4xx_HAL_Driver/Inc -I../Drivers/STM32G4xx_HAL_Driver/Inc/Legacy -I../Drivers/CMSIS/Device/ST/STM32G4xx/Include -I../Drivers/CMSIS/Include -O0 -ffunction-sections -fdata-sections -Wall -fstack-usage -fcyclomatic-complexity -MMD -MP -MF"Core/Src/main.d" -MT"Core/Src/main.o" --specs=nano.specs -mfpu=fpv4-sp-d16 -mfloat-abi=hard -mthumb -o "Core/Src/main.o"
arm-none-eabi-gcc -o "PWM_output.elf" @"objects.list"   -mcpu=cortex-m4 -T"C:\STM32_projekti\STM32G491-FOC_Motor_Control\STM32G491-FOC_Motor_Control\PWM_output\STM32G491RETX_FLASH.ld" --specs=nosys.specs -Wl,-Map="PWM_output.map" -Wl,--gc-sections -static --specs=nano.specs -mfpu=fpv4-sp-d16 -mfloat-abi=hard -mthumb -Wl,--start-group -lc -lm -Wl,--end-group
Finished building target: PWM_output.elf
 
arm-none-eabi-size  PWM_output.elf 
arm-none-eabi-objdump -h -S PWM_output.elf  > "PWM_output.list"
   text	   data	    bss	    dec	    hex	filename
  43600	     96	   4912	  48608	   bde0	PWM_output.elf
Finished building: default.size.stdout
 
Finished building: PWM_output.list
 
13:41:55 **** Incremental Build of configuration Debug for project PWM_output ****
make -j8 all 
arm-none-eabi-gcc "../Core/Src/main.c" -mcpu=cortex-m4 -std=gnu11 -g3 -DDEBUG -DUSE_HAL_DRIVER -DSTM32G491xx -c -I../Core/Inc -I../Drivers/STM32G4xx_HAL_Driver/Inc -I../Drivers/STM32G4xx_HAL_Driver/Inc/Legacy -I../Drivers/CMSIS/Device/ST/STM32G4xx/Include -I../Drivers/CMSIS/Include -O0 -ffunction-sections -fdata-sections -Wall -fstack-usage -fcyclomatic-complexity -MMD -MP -MF"Core/Src/main.d" -MT"Core/Src/main.o" --specs=nano.specs -mfpu=fpv4-sp-d16 -mfloat-abi=hard -mthumb -o "Core/Src/main.o"
arm-none-eabi-gcc -o "PWM_output.elf" @"objects.list"   -mcpu=cortex-m4 -T"C:\STM32_projekti\STM32G491-FOC_Motor_Control\STM32G491-FOC_Motor_Control\PWM_output\STM32G491RETX_FLASH.ld" --specs=nosys.specs -Wl,-Map="PWM_output.map" -Wl,--gc-sections -static --specs=nano.specs -mfpu=fpv4-sp-d16 -mfloat-abi=hard -mthumb -Wl,--start-group -lc -lm -Wl,--end-group
Finished building target: PWM_output.elf
 
arm-none-eabi-size  PWM_output.elf 
arm-none-eabi-objdump -h -S PWM_output.elf  > "PWM_output.list"
   text	   data	    bss	    dec	    hex	filename
  43600	     96	   4912	  48608	   bde0	PWM_output.elf
Finished building: default.size.stdout
 
Finished building: PWM_output.list
 
13:43:25 **** Incremental Build of configuration Debug for project PWM_output ****
make -j8 all 
arm-none-eabi-gcc "../Core/Src/main.c" -mcpu=cortex-m4 -std=gnu11 -g3 -DDEBUG -DUSE_HAL_DRIVER -DSTM32G491xx -c -I../Core/Inc -I../Drivers/STM32G4xx_HAL_Driver/Inc -I../Drivers/STM32G4xx_HAL_Driver/Inc/Legacy -I../Drivers/CMSIS/Device/ST/STM32G4xx/Include -I../Drivers/CMSIS/Include -O0 -ffunction-sections -fdata-sections -Wall -fstack-usage -fcyclomatic-complexity -MMD -MP -MF"Core/Src/main.d" -MT"Core/Src/main.o" --specs=nano.specs -mfpu=fpv4-sp-d16 -mfloat-abi=hard -mthumb -o "Core/Src/main.o"
arm-none-eabi-gcc -o "PWM_output.elf" @"objects.list"   -mcpu=cortex-m4 -T"C:\STM32_projekti\STM32G491-FOC_Motor_Control\STM32G491-FOC_Motor_Control\PWM_output\STM32G491RETX_FLASH.ld" --specs=nosys.specs -Wl,-Map="PWM_output.map" -Wl,--gc-sections -static --specs=nano.specs -mfpu=fpv4-sp-d16 -mfloat-abi=hard -mthumb -Wl,--start-group -lc -lm -Wl,--end-group
Finished building target: PWM_output.elf
 
arm-none-eabi-size  PWM_output.elf 
arm-none-eabi-objdump -h -S PWM_output.elf  > "PWM_output.list"
   text	   data	    bss	    dec	    hex	filename
  43600	     96	   4912	  48608	   bde0	PWM_output.elf
Finished building: default.size.stdout
 
Finished building: PWM_output.list
 
13:45:29 **** Incremental Build of configuration Debug for project PWM_output ****
make -j8 all 
arm-none-eabi-gcc "../Core/Src/pwm.c" -mcpu=cortex-m4 -std=gnu11 -g3 -DDEBUG -DUSE_HAL_DRIVER -DSTM32G491xx -c -I../Core/Inc -I../Drivers/STM32G4xx_HAL_Driver/Inc -I../Drivers/STM32G4xx_HAL_Driver/Inc/Legacy -I../Drivers/CMSIS/Device/ST/STM32G4xx/Include -I../Drivers/CMSIS/Include -O0 -ffunction-sections -fdata-sections -Wall -fstack-usage -fcyclomatic-complexity -MMD -MP -MF"Core/Src/pwm.d" -MT"Core/Src/pwm.o" --specs=nano.specs -mfpu=fpv4-sp-d16 -mfloat-abi=hard -mthumb -o "Core/Src/pwm.o"
../Core/Src/pwm.c: In function 'HAL_TIM_PeriodElapsedCallback':
../Core/Src/pwm.c:26:18: warning: unused variable 'arr' [-Wunused-variable]
   26 |         uint32_t arr = __HAL_TIM_GET_AUTORELOAD(htim);
      |                  ^~~
../Core/Src/pwm.c:24:22: warning: unused variable 'm' [-Wunused-variable]
   24 |         static float m = 1.0f; // < 1, da nije cijela amplituda
      |                      ^
arm-none-eabi-gcc -o "PWM_output.elf" @"objects.list"   -mcpu=cortex-m4 -T"C:\STM32_projekti\STM32G491-FOC_Motor_Control\STM32G491-FOC_Motor_Control\PWM_output\STM32G491RETX_FLASH.ld" --specs=nosys.specs -Wl,-Map="PWM_output.map" -Wl,--gc-sections -static --specs=nano.specs -mfpu=fpv4-sp-d16 -mfloat-abi=hard -mthumb -Wl,--start-group -lc -lm -Wl,--end-group
Finished building target: PWM_output.elf
 
arm-none-eabi-size  PWM_output.elf 
arm-none-eabi-objdump -h -S PWM_output.elf  > "PWM_output.list"
   text	   data	    bss	    dec	    hex	filename
  43320	     92	   4908	  48320	   bcc0	PWM_output.elf
Finished building: default.size.stdout
 
Finished building: PWM_output.list
 
13:46:36 **** Incremental Build of configuration Debug for project PWM_output ****
make -j8 all 
arm-none-eabi-gcc "../Core/Src/pwm.c" -mcpu=cortex-m4 -std=gnu11 -g3 -DDEBUG -DUSE_HAL_DRIVER -DSTM32G491xx -c -I../Core/Inc -I../Drivers/STM32G4xx_HAL_Driver/Inc -I../Drivers/STM32G4xx_HAL_Driver/Inc/Legacy -I../Drivers/CMSIS/Device/ST/STM32G4xx/Include -I../Drivers/CMSIS/Include -O0 -ffunction-sections -fdata-sections -Wall -fstack-usage -fcyclomatic-complexity -MMD -MP -MF"Core/Src/pwm.d" -MT"Core/Src/pwm.o" --specs=nano.specs -mfpu=fpv4-sp-d16 -mfloat-abi=hard -mthumb -o "Core/Src/pwm.o"
../Core/Src/pwm.c: In function 'HAL_TIM_PeriodElapsedCallback':
../Core/Src/pwm.c:26:18: warning: unused variable 'arr' [-Wunused-variable]
   26 |         uint32_t arr = __HAL_TIM_GET_AUTORELOAD(htim);
      |                  ^~~
../Core/Src/pwm.c:24:22: warning: unused variable 'm' [-Wunused-variable]
   24 |         static float m = 1.0f; // < 1, da nije cijela amplituda
      |                      ^
arm-none-eabi-gcc -o "PWM_output.elf" @"objects.list"   -mcpu=cortex-m4 -T"C:\STM32_projekti\STM32G491-FOC_Motor_Control\STM32G491-FOC_Motor_Control\PWM_output\STM32G491RETX_FLASH.ld" --specs=nosys.specs -Wl,-Map="PWM_output.map" -Wl,--gc-sections -static --specs=nano.specs -mfpu=fpv4-sp-d16 -mfloat-abi=hard -mthumb -Wl,--start-group -lc -lm -Wl,--end-group
Finished building target: PWM_output.elf
 
arm-none-eabi-size  PWM_output.elf 
arm-none-eabi-objdump -h -S PWM_output.elf  > "PWM_output.list"
   text	   data	    bss	    dec	    hex	filename
  43320	     92	   4908	  48320	   bcc0	PWM_output.elf
Finished building: default.size.stdout
 
Finished building: PWM_output.list
 
13:48:45 **** Incremental Build of configuration Debug for project PWM_output ****
make -j8 all 
arm-none-eabi-gcc "../Core/Src/control.c" -mcpu=cortex-m4 -std=gnu11 -g3 -DDEBUG -DUSE_HAL_DRIVER -DSTM32G491xx -c -I../Core/Inc -I../Drivers/STM32G4xx_HAL_Driver/Inc -I../Drivers/STM32G4xx_HAL_Driver/Inc/Legacy -I../Drivers/CMSIS/Device/ST/STM32G4xx/Include -I../Drivers/CMSIS/Include -O0 -ffunction-sections -fdata-sections -Wall -fstack-usage -fcyclomatic-complexity -MMD -MP -MF"Core/Src/control.d" -MT"Core/Src/control.o" --specs=nano.specs -mfpu=fpv4-sp-d16 -mfloat-abi=hard -mthumb -o "Core/Src/control.o"
In file included from ../Core/Inc/stm32g4xx_hal_conf.h:344,
                 from ../Drivers/STM32G4xx_HAL_Driver/Inc/stm32g4xx_hal.h:29,
                 from ../Core/Inc/main.h:30,
                 from ../Core/Inc/pwm.h:10,
                 from ../Core/Src/control.c:8:
../Core/Src/control.c: In function 'HAL_GPIO_EXTI_Callback':
../Core/Src/control.c:86:31: error: 'htim' undeclared (first use in this function)
   86 |         __HAL_TIM_SET_COMPARE(htim, TIM_CHANNEL_1, ccr1x + 1000);
      |                               ^~~~
../Drivers/STM32G4xx_HAL_Driver/Inc/stm32g4xx_hal_tim.h:1672:41: note: in definition of macro '__HAL_TIM_SET_COMPARE'
 1672 |   (((__CHANNEL__) == TIM_CHANNEL_1) ? ((__HANDLE__)->Instance->CCR1 = (__COMPARE__)) :\
      |                                         ^~~~~~~~~~
../Core/Src/control.c:86:31: note: each undeclared identifier is reported only once for each function it appears in
   86 |         __HAL_TIM_SET_COMPARE(htim, TIM_CHANNEL_1, ccr1x + 1000);
      |                               ^~~~
../Drivers/STM32G4xx_HAL_Driver/Inc/stm32g4xx_hal_tim.h:1672:41: note: in definition of macro '__HAL_TIM_SET_COMPARE'
 1672 |   (((__CHANNEL__) == TIM_CHANNEL_1) ? ((__HANDLE__)->Instance->CCR1 = (__COMPARE__)) :\
      |                                         ^~~~~~~~~~
make: *** [Core/Src/subdir.mk:46: Core/Src/control.o] Error 1
"make -j8 all" terminated with exit code 2. Build might be incomplete.
13:49:13 **** Incremental Build of configuration Debug for project PWM_output ****
make -j8 all 
arm-none-eabi-gcc "../Core/Src/control.c" -mcpu=cortex-m4 -std=gnu11 -g3 -DDEBUG -DUSE_HAL_DRIVER -DSTM32G491xx -c -I../Core/Inc -I../Drivers/STM32G4xx_HAL_Driver/Inc -I../Drivers/STM32G4xx_HAL_Driver/Inc/Legacy -I../Drivers/CMSIS/Device/ST/STM32G4xx/Include -I../Drivers/CMSIS/Include -O0 -ffunction-sections -fdata-sections -Wall -fstack-usage -fcyclomatic-complexity -MMD -MP -MF"Core/Src/control.d" -MT"Core/Src/control.o" --specs=nano.specs -mfpu=fpv4-sp-d16 -mfloat-abi=hard -mthumb -o "Core/Src/control.o"
arm-none-eabi-gcc -o "PWM_output.elf" @"objects.list"   -mcpu=cortex-m4 -T"C:\STM32_projekti\STM32G491-FOC_Motor_Control\STM32G491-FOC_Motor_Control\PWM_output\STM32G491RETX_FLASH.ld" --specs=nosys.specs -Wl,-Map="PWM_output.map" -Wl,--gc-sections -static --specs=nano.specs -mfpu=fpv4-sp-d16 -mfloat-abi=hard -mthumb -Wl,--start-group -lc -lm -Wl,--end-group
Finished building target: PWM_output.elf
 
arm-none-eabi-size  PWM_output.elf 
arm-none-eabi-objdump -h -S PWM_output.elf  > "PWM_output.list"
   text	   data	    bss	    dec	    hex	filename
  43392	     92	   4908	  48392	   bd08	PWM_output.elf
Finished building: default.size.stdout
 
Finished building: PWM_output.list
 
13:52:40 **** Incremental Build of configuration Debug for project PWM_output ****
make -j8 all 
arm-none-eabi-gcc "../Core/Src/control.c" -mcpu=cortex-m4 -std=gnu11 -g3 -DDEBUG -DUSE_HAL_DRIVER -DSTM32G491xx -c -I../Core/Inc -I../Drivers/STM32G4xx_HAL_Driver/Inc -I../Drivers/STM32G4xx_HAL_Driver/Inc/Legacy -I../Drivers/CMSIS/Device/ST/STM32G4xx/Include -I../Drivers/CMSIS/Include -O0 -ffunction-sections -fdata-sections -Wall -fstack-usage -fcyclomatic-complexity -MMD -MP -MF"Core/Src/control.d" -MT"Core/Src/control.o" --specs=nano.specs -mfpu=fpv4-sp-d16 -mfloat-abi=hard -mthumb -o "Core/Src/control.o"
arm-none-eabi-gcc -o "PWM_output.elf" @"objects.list"   -mcpu=cortex-m4 -T"C:\STM32_projekti\STM32G491-FOC_Motor_Control\STM32G491-FOC_Motor_Control\PWM_output\STM32G491RETX_FLASH.ld" --specs=nosys.specs -Wl,-Map="PWM_output.map" -Wl,--gc-sections -static --specs=nano.specs -mfpu=fpv4-sp-d16 -mfloat-abi=hard -mthumb -Wl,--start-group -lc -lm -Wl,--end-group
Finished building target: PWM_output.elf
 
arm-none-eabi-size  PWM_output.elf 
arm-none-eabi-objdump -h -S PWM_output.elf  > "PWM_output.list"
   text	   data	    bss	    dec	    hex	filename
  43632	     92	   4908	  48632	   bdf8	PWM_output.elf
Finished building: default.size.stdout
 
Finished building: PWM_output.list
 
13:58:32 **** Incremental Build of configuration Debug for project PWM_output ****
make -j8 all 
arm-none-eabi-gcc "../Core/Src/control.c" -mcpu=cortex-m4 -std=gnu11 -g3 -DDEBUG -DUSE_HAL_DRIVER -DSTM32G491xx -c -I../Core/Inc -I../Drivers/STM32G4xx_HAL_Driver/Inc -I../Drivers/STM32G4xx_HAL_Driver/Inc/Legacy -I../Drivers/CMSIS/Device/ST/STM32G4xx/Include -I../Drivers/CMSIS/Include -O0 -ffunction-sections -fdata-sections -Wall -fstack-usage -fcyclomatic-complexity -MMD -MP -MF"Core/Src/control.d" -MT"Core/Src/control.o" --specs=nano.specs -mfpu=fpv4-sp-d16 -mfloat-abi=hard -mthumb -o "Core/Src/control.o"
arm-none-eabi-gcc -o "PWM_output.elf" @"objects.list"   -mcpu=cortex-m4 -T"C:\STM32_projekti\STM32G491-FOC_Motor_Control\STM32G491-FOC_Motor_Control\PWM_output\STM32G491RETX_FLASH.ld" --specs=nosys.specs -Wl,-Map="PWM_output.map" -Wl,--gc-sections -static --specs=nano.specs -mfpu=fpv4-sp-d16 -mfloat-abi=hard -mthumb -Wl,--start-group -lc -lm -Wl,--end-group
Finished building target: PWM_output.elf
 
arm-none-eabi-size  PWM_output.elf 
arm-none-eabi-objdump -h -S PWM_output.elf  > "PWM_output.list"
   text	   data	    bss	    dec	    hex	filename
  43608	     92	   4916	  48616	   bde8	PWM_output.elf
Finished building: default.size.stdout
 
Finished building: PWM_output.list
 
14:00:51 **** Incremental Build of configuration Debug for project PWM_output ****
make -j8 all 
arm-none-eabi-gcc "../Core/Src/control.c" -mcpu=cortex-m4 -std=gnu11 -g3 -DDEBUG -DUSE_HAL_DRIVER -DSTM32G491xx -c -I../Core/Inc -I../Drivers/STM32G4xx_HAL_Driver/Inc -I../Drivers/STM32G4xx_HAL_Driver/Inc/Legacy -I../Drivers/CMSIS/Device/ST/STM32G4xx/Include -I../Drivers/CMSIS/Include -O0 -ffunction-sections -fdata-sections -Wall -fstack-usage -fcyclomatic-complexity -MMD -MP -MF"Core/Src/control.d" -MT"Core/Src/control.o" --specs=nano.specs -mfpu=fpv4-sp-d16 -mfloat-abi=hard -mthumb -o "Core/Src/control.o"
arm-none-eabi-gcc -o "PWM_output.elf" @"objects.list"   -mcpu=cortex-m4 -T"C:\STM32_projekti\STM32G491-FOC_Motor_Control\STM32G491-FOC_Motor_Control\PWM_output\STM32G491RETX_FLASH.ld" --specs=nosys.specs -Wl,-Map="PWM_output.map" -Wl,--gc-sections -static --specs=nano.specs -mfpu=fpv4-sp-d16 -mfloat-abi=hard -mthumb -Wl,--start-group -lc -lm -Wl,--end-group
Finished building target: PWM_output.elf
 
arm-none-eabi-size  PWM_output.elf 
arm-none-eabi-objdump -h -S PWM_output.elf  > "PWM_output.list"
   text	   data	    bss	    dec	    hex	filename
  43608	     92	   4916	  48616	   bde8	PWM_output.elf
Finished building: default.size.stdout
 
Finished building: PWM_output.list
 
14:01:51 **** Incremental Build of configuration Debug for project PWM_output ****
make -j8 all 
arm-none-eabi-gcc "../Core/Src/control.c" -mcpu=cortex-m4 -std=gnu11 -g3 -DDEBUG -DUSE_HAL_DRIVER -DSTM32G491xx -c -I../Core/Inc -I../Drivers/STM32G4xx_HAL_Driver/Inc -I../Drivers/STM32G4xx_HAL_Driver/Inc/Legacy -I../Drivers/CMSIS/Device/ST/STM32G4xx/Include -I../Drivers/CMSIS/Include -O0 -ffunction-sections -fdata-sections -Wall -fstack-usage -fcyclomatic-complexity -MMD -MP -MF"Core/Src/control.d" -MT"Core/Src/control.o" --specs=nano.specs -mfpu=fpv4-sp-d16 -mfloat-abi=hard -mthumb -o "Core/Src/control.o"
arm-none-eabi-gcc "../Core/Src/pwm.c" -mcpu=cortex-m4 -std=gnu11 -g3 -DDEBUG -DUSE_HAL_DRIVER -DSTM32G491xx -c -I../Core/Inc -I../Drivers/STM32G4xx_HAL_Driver/Inc -I../Drivers/STM32G4xx_HAL_Driver/Inc/Legacy -I../Drivers/CMSIS/Device/ST/STM32G4xx/Include -I../Drivers/CMSIS/Include -O0 -ffunction-sections -fdata-sections -Wall -fstack-usage -fcyclomatic-complexity -MMD -MP -MF"Core/Src/pwm.d" -MT"Core/Src/pwm.o" --specs=nano.specs -mfpu=fpv4-sp-d16 -mfloat-abi=hard -mthumb -o "Core/Src/pwm.o"
../Core/Src/pwm.c: In function 'HAL_TIM_PeriodElapsedCallback':
../Core/Src/pwm.c:26:18: warning: unused variable 'arr' [-Wunused-variable]
   26 |         uint32_t arr = __HAL_TIM_GET_AUTORELOAD(htim);
      |                  ^~~
../Core/Src/pwm.c:24:22: warning: unused variable 'm' [-Wunused-variable]
   24 |         static float m = 1.0f; // < 1, da nije cijela amplituda
      |                      ^
arm-none-eabi-gcc -o "PWM_output.elf" @"objects.list"   -mcpu=cortex-m4 -T"C:\STM32_projekti\STM32G491-FOC_Motor_Control\STM32G491-FOC_Motor_Control\PWM_output\STM32G491RETX_FLASH.ld" --specs=nosys.specs -Wl,-Map="PWM_output.map" -Wl,--gc-sections -static --specs=nano.specs -mfpu=fpv4-sp-d16 -mfloat-abi=hard -mthumb -Wl,--start-group -lc -lm -Wl,--end-group
Finished building target: PWM_output.elf
 
arm-none-eabi-size  PWM_output.elf 
arm-none-eabi-objdump -h -S PWM_output.elf  > "PWM_output.list"
   text	   data	    bss	    dec	    hex	filename
  43608	     92	   4916	  48616	   bde8	PWM_output.elf
Finished building: default.size.stdout
 
Finished building: PWM_output.list
 
14:02:44 **** Incremental Build of configuration Debug for project PWM_output ****
make -j8 all 
arm-none-eabi-gcc "../Core/Src/pwm.c" -mcpu=cortex-m4 -std=gnu11 -g3 -DDEBUG -DUSE_HAL_DRIVER -DSTM32G491xx -c -I../Core/Inc -I../Drivers/STM32G4xx_HAL_Driver/Inc -I../Drivers/STM32G4xx_HAL_Driver/Inc/Legacy -I../Drivers/CMSIS/Device/ST/STM32G4xx/Include -I../Drivers/CMSIS/Include -O0 -ffunction-sections -fdata-sections -Wall -fstack-usage -fcyclomatic-complexity -MMD -MP -MF"Core/Src/pwm.d" -MT"Core/Src/pwm.o" --specs=nano.specs -mfpu=fpv4-sp-d16 -mfloat-abi=hard -mthumb -o "Core/Src/pwm.o"
../Core/Src/pwm.c: In function 'HAL_TIM_PeriodElapsedCallback':
../Core/Src/pwm.c:26:18: warning: unused variable 'arr' [-Wunused-variable]
   26 |         uint32_t arr = __HAL_TIM_GET_AUTORELOAD(htim);
      |                  ^~~
../Core/Src/pwm.c:24:22: warning: unused variable 'm' [-Wunused-variable]
   24 |         static float m = 1.0f; // < 1, da nije cijela amplituda
      |                      ^
arm-none-eabi-gcc -o "PWM_output.elf" @"objects.list"   -mcpu=cortex-m4 -T"C:\STM32_projekti\STM32G491-FOC_Motor_Control\STM32G491-FOC_Motor_Control\PWM_output\STM32G491RETX_FLASH.ld" --specs=nosys.specs -Wl,-Map="PWM_output.map" -Wl,--gc-sections -static --specs=nano.specs -mfpu=fpv4-sp-d16 -mfloat-abi=hard -mthumb -Wl,--start-group -lc -lm -Wl,--end-group
Finished building target: PWM_output.elf
 
arm-none-eabi-size  PWM_output.elf 
arm-none-eabi-objdump -h -S PWM_output.elf  > "PWM_output.list"
   text	   data	    bss	    dec	    hex	filename
  43560	     92	   4916	  48568	   bdb8	PWM_output.elf
Finished building: default.size.stdout
 
Finished building: PWM_output.list
 
14:03:29 **** Incremental Build of configuration Debug for project PWM_output ****
make -j8 all 
arm-none-eabi-gcc "../Core/Src/control.c" -mcpu=cortex-m4 -std=gnu11 -g3 -DDEBUG -DUSE_HAL_DRIVER -DSTM32G491xx -c -I../Core/Inc -I../Drivers/STM32G4xx_HAL_Driver/Inc -I../Drivers/STM32G4xx_HAL_Driver/Inc/Legacy -I../Drivers/CMSIS/Device/ST/STM32G4xx/Include -I../Drivers/CMSIS/Include -O0 -ffunction-sections -fdata-sections -Wall -fstack-usage -fcyclomatic-complexity -MMD -MP -MF"Core/Src/control.d" -MT"Core/Src/control.o" --specs=nano.specs -mfpu=fpv4-sp-d16 -mfloat-abi=hard -mthumb -o "Core/Src/control.o"
arm-none-eabi-gcc -o "PWM_output.elf" @"objects.list"   -mcpu=cortex-m4 -T"C:\STM32_projekti\STM32G491-FOC_Motor_Control\STM32G491-FOC_Motor_Control\PWM_output\STM32G491RETX_FLASH.ld" --specs=nosys.specs -Wl,-Map="PWM_output.map" -Wl,--gc-sections -static --specs=nano.specs -mfpu=fpv4-sp-d16 -mfloat-abi=hard -mthumb -Wl,--start-group -lc -lm -Wl,--end-group
Finished building target: PWM_output.elf
 
arm-none-eabi-size  PWM_output.elf 
arm-none-eabi-objdump -h -S PWM_output.elf  > "PWM_output.list"
   text	   data	    bss	    dec	    hex	filename
  43560	     92	   4916	  48568	   bdb8	PWM_output.elf
Finished building: default.size.stdout
 
Finished building: PWM_output.list
 
14:06:00 **** Incremental Build of configuration Debug for project PWM_output ****
make -j8 all 
arm-none-eabi-gcc "../Core/Src/control.c" -mcpu=cortex-m4 -std=gnu11 -g3 -DDEBUG -DUSE_HAL_DRIVER -DSTM32G491xx -c -I../Core/Inc -I../Drivers/STM32G4xx_HAL_Driver/Inc -I../Drivers/STM32G4xx_HAL_Driver/Inc/Legacy -I../Drivers/CMSIS/Device/ST/STM32G4xx/Include -I../Drivers/CMSIS/Include -O0 -ffunction-sections -fdata-sections -Wall -fstack-usage -fcyclomatic-complexity -MMD -MP -MF"Core/Src/control.d" -MT"Core/Src/control.o" --specs=nano.specs -mfpu=fpv4-sp-d16 -mfloat-abi=hard -mthumb -o "Core/Src/control.o"
arm-none-eabi-gcc -o "PWM_output.elf" @"objects.list"   -mcpu=cortex-m4 -T"C:\STM32_projekti\STM32G491-FOC_Motor_Control\STM32G491-FOC_Motor_Control\PWM_output\STM32G491RETX_FLASH.ld" --specs=nosys.specs -Wl,-Map="PWM_output.map" -Wl,--gc-sections -static --specs=nano.specs -mfpu=fpv4-sp-d16 -mfloat-abi=hard -mthumb -Wl,--start-group -lc -lm -Wl,--end-group
Finished building target: PWM_output.elf
 
arm-none-eabi-size  PWM_output.elf 
arm-none-eabi-objdump -h -S PWM_output.elf  > "PWM_output.list"
   text	   data	    bss	    dec	    hex	filename
  43552	     92	   4916	  48560	   bdb0	PWM_output.elf
Finished building: default.size.stdout
 
Finished building: PWM_output.list
 
14:17:18 **** Incremental Build of configuration Debug for project PWM_output ****
make -j8 all 
arm-none-eabi-gcc "../Core/Src/main.c" -mcpu=cortex-m4 -std=gnu11 -g3 -DDEBUG -DUSE_HAL_DRIVER -DSTM32G491xx -c -I../Core/Inc -I../Drivers/STM32G4xx_HAL_Driver/Inc -I../Drivers/STM32G4xx_HAL_Driver/Inc/Legacy -I../Drivers/CMSIS/Device/ST/STM32G4xx/Include -I../Drivers/CMSIS/Include -O0 -ffunction-sections -fdata-sections -Wall -fstack-usage -fcyclomatic-complexity -MMD -MP -MF"Core/Src/main.d" -MT"Core/Src/main.o" --specs=nano.specs -mfpu=fpv4-sp-d16 -mfloat-abi=hard -mthumb -o "Core/Src/main.o"
arm-none-eabi-gcc -o "PWM_output.elf" @"objects.list"   -mcpu=cortex-m4 -T"C:\STM32_projekti\STM32G491-FOC_Motor_Control\STM32G491-FOC_Motor_Control\PWM_output\STM32G491RETX_FLASH.ld" --specs=nosys.specs -Wl,-Map="PWM_output.map" -Wl,--gc-sections -static --specs=nano.specs -mfpu=fpv4-sp-d16 -mfloat-abi=hard -mthumb -Wl,--start-group -lc -lm -Wl,--end-group
Finished building target: PWM_output.elf
 
arm-none-eabi-size  PWM_output.elf 
arm-none-eabi-objdump -h -S PWM_output.elf  > "PWM_output.list"
   text	   data	    bss	    dec	    hex	filename
  43552	     92	   4916	  48560	   bdb0	PWM_output.elf
Finished building: default.size.stdout
 
Finished building: PWM_output.list
 
14:19:11 **** Incremental Build of configuration Debug for project PWM_output ****
make -j8 all 
arm-none-eabi-gcc "../Core/Src/main.c" -mcpu=cortex-m4 -std=gnu11 -g3 -DDEBUG -DUSE_HAL_DRIVER -DSTM32G491xx -c -I../Core/Inc -I../Drivers/STM32G4xx_HAL_Driver/Inc -I../Drivers/STM32G4xx_HAL_Driver/Inc/Legacy -I../Drivers/CMSIS/Device/ST/STM32G4xx/Include -I../Drivers/CMSIS/Include -O0 -ffunction-sections -fdata-sections -Wall -fstack-usage -fcyclomatic-complexity -MMD -MP -MF"Core/Src/main.d" -MT"Core/Src/main.o" --specs=nano.specs -mfpu=fpv4-sp-d16 -mfloat-abi=hard -mthumb -o "Core/Src/main.o"
arm-none-eabi-gcc -o "PWM_output.elf" @"objects.list"   -mcpu=cortex-m4 -T"C:\STM32_projekti\STM32G491-FOC_Motor_Control\STM32G491-FOC_Motor_Control\PWM_output\STM32G491RETX_FLASH.ld" --specs=nosys.specs -Wl,-Map="PWM_output.map" -Wl,--gc-sections -static --specs=nano.specs -mfpu=fpv4-sp-d16 -mfloat-abi=hard -mthumb -Wl,--start-group -lc -lm -Wl,--end-group
Finished building target: PWM_output.elf
 
arm-none-eabi-size  PWM_output.elf 
arm-none-eabi-objdump -h -S PWM_output.elf  > "PWM_output.list"
   text	   data	    bss	    dec	    hex	filename
  43552	     92	   4916	  48560	   bdb0	PWM_output.elf
Finished building: default.size.stdout
 
Finished building: PWM_output.list
 
14:36:13 **** Incremental Build of configuration Debug for project PWM_output ****
make -j8 all 
arm-none-eabi-gcc "../Core/Src/main.c" -mcpu=cortex-m4 -std=gnu11 -g3 -DDEBUG -DUSE_HAL_DRIVER -DSTM32G491xx -c -I../Core/Inc -I../Drivers/STM32G4xx_HAL_Driver/Inc -I../Drivers/STM32G4xx_HAL_Driver/Inc/Legacy -I../Drivers/CMSIS/Device/ST/STM32G4xx/Include -I../Drivers/CMSIS/Include -O0 -ffunction-sections -fdata-sections -Wall -fstack-usage -fcyclomatic-complexity -MMD -MP -MF"Core/Src/main.d" -MT"Core/Src/main.o" --specs=nano.specs -mfpu=fpv4-sp-d16 -mfloat-abi=hard -mthumb -o "Core/Src/main.o"
arm-none-eabi-gcc -o "PWM_output.elf" @"objects.list"   -mcpu=cortex-m4 -T"C:\STM32_projekti\STM32G491-FOC_Motor_Control\STM32G491-FOC_Motor_Control\PWM_output\STM32G491RETX_FLASH.ld" --specs=nosys.specs -Wl,-Map="PWM_output.map" -Wl,--gc-sections -static --specs=nano.specs -mfpu=fpv4-sp-d16 -mfloat-abi=hard -mthumb -Wl,--start-group -lc -lm -Wl,--end-group
Finished building target: PWM_output.elf
 
arm-none-eabi-size  PWM_output.elf 
arm-none-eabi-objdump -h -S PWM_output.elf  > "PWM_output.list"
   text	   data	    bss	    dec	    hex	filename
  43552	     92	   4916	  48560	   bdb0	PWM_output.elf
Finished building: default.size.stdout
 
Finished building: PWM_output.list
 
14:49:43 **** Incremental Build of configuration Debug for project PWM_output ****
make -j8 all 
arm-none-eabi-gcc "../Core/Src/main.c" -mcpu=cortex-m4 -std=gnu11 -g3 -DDEBUG -DUSE_HAL_DRIVER -DSTM32G491xx -c -I../Core/Inc -I../Drivers/STM32G4xx_HAL_Driver/Inc -I../Drivers/STM32G4xx_HAL_Driver/Inc/Legacy -I../Drivers/CMSIS/Device/ST/STM32G4xx/Include -I../Drivers/CMSIS/Include -O0 -ffunction-sections -fdata-sections -Wall -fstack-usage -fcyclomatic-complexity -MMD -MP -MF"Core/Src/main.d" -MT"Core/Src/main.o" --specs=nano.specs -mfpu=fpv4-sp-d16 -mfloat-abi=hard -mthumb -o "Core/Src/main.o"
arm-none-eabi-gcc -o "PWM_output.elf" @"objects.list"   -mcpu=cortex-m4 -T"C:\STM32_projekti\STM32G491-FOC_Motor_Control\STM32G491-FOC_Motor_Control\PWM_output\STM32G491RETX_FLASH.ld" --specs=nosys.specs -Wl,-Map="PWM_output.map" -Wl,--gc-sections -static --specs=nano.specs -mfpu=fpv4-sp-d16 -mfloat-abi=hard -mthumb -Wl,--start-group -lc -lm -Wl,--end-group
Finished building target: PWM_output.elf
 
arm-none-eabi-size  PWM_output.elf 
arm-none-eabi-objdump -h -S PWM_output.elf  > "PWM_output.list"
   text	   data	    bss	    dec	    hex	filename
  43552	     92	   4916	  48560	   bdb0	PWM_output.elf
Finished building: default.size.stdout
 
Finished building: PWM_output.list
 
13:24:56 **** Build of configuration Debug for project PWM_output ****
make -j8 all 
arm-none-eabi-gcc "../Core/Src/main.c" -mcpu=cortex-m4 -std=gnu11 -g3 -DDEBUG -DUSE_HAL_DRIVER -DSTM32G491xx -c -I../Core/Inc -I../Drivers/STM32G4xx_HAL_Driver/Inc -I../Drivers/STM32G4xx_HAL_Driver/Inc/Legacy -I../Drivers/CMSIS/Device/ST/STM32G4xx/Include -I../Drivers/CMSIS/Include -O0 -ffunction-sections -fdata-sections -Wall -fstack-usage -fcyclomatic-complexity -MMD -MP -MF"Core/Src/main.d" -MT"Core/Src/main.o" --specs=nano.specs -mfpu=fpv4-sp-d16 -mfloat-abi=hard -mthumb -o "Core/Src/main.o"
arm-none-eabi-gcc "../Core/Src/pwm.c" -mcpu=cortex-m4 -std=gnu11 -g3 -DDEBUG -DUSE_HAL_DRIVER -DSTM32G491xx -c -I../Core/Inc -I../Drivers/STM32G4xx_HAL_Driver/Inc -I../Drivers/STM32G4xx_HAL_Driver/Inc/Legacy -I../Drivers/CMSIS/Device/ST/STM32G4xx/Include -I../Drivers/CMSIS/Include -O0 -ffunction-sections -fdata-sections -Wall -fstack-usage -fcyclomatic-complexity -MMD -MP -MF"Core/Src/pwm.d" -MT"Core/Src/pwm.o" --specs=nano.specs -mfpu=fpv4-sp-d16 -mfloat-abi=hard -mthumb -o "Core/Src/pwm.o"
arm-none-eabi-gcc "../Core/Src/stm32g4xx_hal_msp.c" -mcpu=cortex-m4 -std=gnu11 -g3 -DDEBUG -DUSE_HAL_DRIVER -DSTM32G491xx -c -I../Core/Inc -I../Drivers/STM32G4xx_HAL_Driver/Inc -I../Drivers/STM32G4xx_HAL_Driver/Inc/Legacy -I../Drivers/CMSIS/Device/ST/STM32G4xx/Include -I../Drivers/CMSIS/Include -O0 -ffunction-sections -fdata-sections -Wall -fstack-usage -fcyclomatic-complexity -MMD -MP -MF"Core/Src/stm32g4xx_hal_msp.d" -MT"Core/Src/stm32g4xx_hal_msp.o" --specs=nano.specs -mfpu=fpv4-sp-d16 -mfloat-abi=hard -mthumb -o "Core/Src/stm32g4xx_hal_msp.o"
arm-none-eabi-gcc "../Core/Src/stm32g4xx_it.c" -mcpu=cortex-m4 -std=gnu11 -g3 -DDEBUG -DUSE_HAL_DRIVER -DSTM32G491xx -c -I../Core/Inc -I../Drivers/STM32G4xx_HAL_Driver/Inc -I../Drivers/STM32G4xx_HAL_Driver/Inc/Legacy -I../Drivers/CMSIS/Device/ST/STM32G4xx/Include -I../Drivers/CMSIS/Include -O0 -ffunction-sections -fdata-sections -Wall -fstack-usage -fcyclomatic-complexity -MMD -MP -MF"Core/Src/stm32g4xx_it.d" -MT"Core/Src/stm32g4xx_it.o" --specs=nano.specs -mfpu=fpv4-sp-d16 -mfloat-abi=hard -mthumb -o "Core/Src/stm32g4xx_it.o"
../Core/Src/pwm.c: In function 'HAL_TIM_PeriodElapsedCallback':
../Core/Src/pwm.c:28:55: error: 'k' undeclared (first use in this function)
   28 |         float sin_val1 = 0.5f + 0.5f * m * sinLUT_Get(k);
      |                                                       ^
../Core/Src/pwm.c:28:55: note: each undeclared identifier is reported only once for each function it appears in
../Core/Src/main.c: In function 'main':
../Core/Src/main.c:168:14: warning: unused variable 'adc_pa0' [-Wunused-variable]
  168 |     uint16_t adc_pa0 = HAL_ADC_GetValue(&hadc1);
      |              ^~~~~~~
make: *** [Core/Src/subdir.mk:46: Core/Src/pwm.o] Error 1
make: *** Waiting for unfinished jobs....
"make -j8 all" terminated with exit code 2. Build might be incomplete.
13:25:30 **** Incremental Build of configuration Debug for project PWM_output ****
make -j8 all 
arm-none-eabi-gcc "../Core/Src/pwm.c" -mcpu=cortex-m4 -std=gnu11 -g3 -DDEBUG -DUSE_HAL_DRIVER -DSTM32G491xx -c -I../Core/Inc -I../Drivers/STM32G4xx_HAL_Driver/Inc -I../Drivers/STM32G4xx_HAL_Driver/Inc/Legacy -I../Drivers/CMSIS/Device/ST/STM32G4xx/Include -I../Drivers/CMSIS/Include -O0 -ffunction-sections -fdata-sections -Wall -fstack-usage -fcyclomatic-complexity -MMD -MP -MF"Core/Src/pwm.d" -MT"Core/Src/pwm.o" --specs=nano.specs -mfpu=fpv4-sp-d16 -mfloat-abi=hard -mthumb -o "Core/Src/pwm.o"
arm-none-eabi-gcc -o "PWM_output.elf" @"objects.list"   -mcpu=cortex-m4 -T"C:\STM32_projekti\STM32G491-FOC_Motor_Control\STM32G491-FOC_Motor_Control\PWM_output\STM32G491RETX_FLASH.ld" --specs=nosys.specs -Wl,-Map="PWM_output.map" -Wl,--gc-sections -static --specs=nano.specs -mfpu=fpv4-sp-d16 -mfloat-abi=hard -mthumb -Wl,--start-group -lc -lm -Wl,--end-group
Finished building target: PWM_output.elf
 
arm-none-eabi-size  PWM_output.elf 
arm-none-eabi-objdump -h -S PWM_output.elf  > "PWM_output.list"
   text	   data	    bss	    dec	    hex	filename
  47008	     96	   4912	  52016	   cb30	PWM_output.elf
Finished building: default.size.stdout
 
Finished building: PWM_output.list
 
13:30:59 **** Incremental Build of configuration Debug for project PWM_output ****
make -j8 all 
arm-none-eabi-gcc "../Core/Src/main.c" -mcpu=cortex-m4 -std=gnu11 -g3 -DDEBUG -DUSE_HAL_DRIVER -DSTM32G491xx -c -I../Core/Inc -I../Drivers/STM32G4xx_HAL_Driver/Inc -I../Drivers/STM32G4xx_HAL_Driver/Inc/Legacy -I../Drivers/CMSIS/Device/ST/STM32G4xx/Include -I../Drivers/CMSIS/Include -O0 -ffunction-sections -fdata-sections -Wall -fstack-usage -fcyclomatic-complexity -MMD -MP -MF"Core/Src/main.d" -MT"Core/Src/main.o" --specs=nano.specs -mfpu=fpv4-sp-d16 -mfloat-abi=hard -mthumb -o "Core/Src/main.o"
../Core/Src/main.c: In function 'main':
../Core/Src/main.c:168:14: warning: unused variable 'adc_pa0' [-Wunused-variable]
  168 |     uint16_t adc_pa0 = HAL_ADC_GetValue(&hadc1);
      |              ^~~~~~~
arm-none-eabi-gcc -o "PWM_output.elf" @"objects.list"   -mcpu=cortex-m4 -T"C:\STM32_projekti\STM32G491-FOC_Motor_Control\STM32G491-FOC_Motor_Control\PWM_output\STM32G491RETX_FLASH.ld" --specs=nosys.specs -Wl,-Map="PWM_output.map" -Wl,--gc-sections -static --specs=nano.specs -mfpu=fpv4-sp-d16 -mfloat-abi=hard -mthumb -Wl,--start-group -lc -lm -Wl,--end-group
Finished building target: PWM_output.elf
 
arm-none-eabi-size  PWM_output.elf 
arm-none-eabi-objdump -h -S PWM_output.elf  > "PWM_output.list"
   text	   data	    bss	    dec	    hex	filename
  47008	     96	   4912	  52016	   cb30	PWM_output.elf
Finished building: default.size.stdout
 
Finished building: PWM_output.list
 
13:32:45 **** Incremental Build of configuration Debug for project PWM_output ****
make -j8 all 
arm-none-eabi-size  PWM_output.elf 
   text	   data	    bss	    dec	    hex	filename
  47008	     96	   4912	  52016	   cb30	PWM_output.elf
Finished building: default.size.stdout
 
13:33:19 **** Incremental Build of configuration Debug for project PWM_output ****
make -j8 all 
arm-none-eabi-size  PWM_output.elf 
   text	   data	    bss	    dec	    hex	filename
  47008	     96	   4912	  52016	   cb30	PWM_output.elf
Finished building: default.size.stdout
 
13:34:22 **** Incremental Build of configuration Debug for project PWM_output ****
make -j8 all 
arm-none-eabi-size  PWM_output.elf 
   text	   data	    bss	    dec	    hex	filename
  47008	     96	   4912	  52016	   cb30	PWM_output.elf
Finished building: default.size.stdout
 
13:40:16 **** Incremental Build of configuration Debug for project PWM_output ****
make -j8 all 
arm-none-eabi-gcc "../Core/Src/pwm.c" -mcpu=cortex-m4 -std=gnu11 -g3 -DDEBUG -DUSE_HAL_DRIVER -DSTM32G491xx -c -I../Core/Inc -I../Drivers/STM32G4xx_HAL_Driver/Inc -I../Drivers/STM32G4xx_HAL_Driver/Inc/Legacy -I../Drivers/CMSIS/Device/ST/STM32G4xx/Include -I../Drivers/CMSIS/Include -O0 -ffunction-sections -fdata-sections -Wall -fstack-usage -fcyclomatic-complexity -MMD -MP -MF"Core/Src/pwm.d" -MT"Core/Src/pwm.o" --specs=nano.specs -mfpu=fpv4-sp-d16 -mfloat-abi=hard -mthumb -o "Core/Src/pwm.o"
../Core/Src/pwm.c: In function 'HAL_TIM_PeriodElapsedCallback':
../Core/Src/pwm.c:40:30: warning: passing argument 1 of 'pwm_set_duty_percent' from incompatible pointer type [-Wincompatible-pointer-types]
   40 |         pwm_set_duty_percent(&htim, TIM_CHANNEL_1, 30);
      |                              ^~~~~
      |                              |
      |                              TIM_HandleTypeDef **
../Core/Src/pwm.c:10:46: note: expected 'TIM_HandleTypeDef *' but argument is of type 'TIM_HandleTypeDef **'
   10 | void pwm_set_duty_percent(TIM_HandleTypeDef *htim, uint32_t channel, uint32_t pct)
      |                           ~~~~~~~~~~~~~~~~~~~^~~~
arm-none-eabi-gcc -o "PWM_output.elf" @"objects.list"   -mcpu=cortex-m4 -T"C:\STM32_projekti\STM32G491-FOC_Motor_Control\STM32G491-FOC_Motor_Control\PWM_output\STM32G491RETX_FLASH.ld" --specs=nosys.specs -Wl,-Map="PWM_output.map" -Wl,--gc-sections -static --specs=nano.specs -mfpu=fpv4-sp-d16 -mfloat-abi=hard -mthumb -Wl,--start-group -lc -lm -Wl,--end-group
Finished building target: PWM_output.elf
 
arm-none-eabi-size  PWM_output.elf 
arm-none-eabi-objdump -h -S PWM_output.elf  > "PWM_output.list"
   text	   data	    bss	    dec	    hex	filename
  46936	     96	   4912	  51944	   cae8	PWM_output.elf
Finished building: default.size.stdout
 
Finished building: PWM_output.list
 
13:42:11 **** Incremental Build of configuration Debug for project PWM_output ****
make -j8 all 
arm-none-eabi-size  PWM_output.elf 
   text	   data	    bss	    dec	    hex	filename
  46936	     96	   4912	  51944	   cae8	PWM_output.elf
Finished building: default.size.stdout
 
13:43:07 **** Incremental Build of configuration Debug for project PWM_output ****
make -j8 all 
arm-none-eabi-gcc "../Core/Src/pwm.c" -mcpu=cortex-m4 -std=gnu11 -g3 -DDEBUG -DUSE_HAL_DRIVER -DSTM32G491xx -c -I../Core/Inc -I../Drivers/STM32G4xx_HAL_Driver/Inc -I../Drivers/STM32G4xx_HAL_Driver/Inc/Legacy -I../Drivers/CMSIS/Device/ST/STM32G4xx/Include -I../Drivers/CMSIS/Include -O0 -ffunction-sections -fdata-sections -Wall -fstack-usage -fcyclomatic-complexity -MMD -MP -MF"Core/Src/pwm.d" -MT"Core/Src/pwm.o" --specs=nano.specs -mfpu=fpv4-sp-d16 -mfloat-abi=hard -mthumb -o "Core/Src/pwm.o"
arm-none-eabi-gcc -o "PWM_output.elf" @"objects.list"   -mcpu=cortex-m4 -T"C:\STM32_projekti\STM32G491-FOC_Motor_Control\STM32G491-FOC_Motor_Control\PWM_output\STM32G491RETX_FLASH.ld" --specs=nosys.specs -Wl,-Map="PWM_output.map" -Wl,--gc-sections -static --specs=nano.specs -mfpu=fpv4-sp-d16 -mfloat-abi=hard -mthumb -Wl,--start-group -lc -lm -Wl,--end-group
Finished building target: PWM_output.elf
 
arm-none-eabi-size  PWM_output.elf 
arm-none-eabi-objdump -h -S PWM_output.elf  > "PWM_output.list"
   text	   data	    bss	    dec	    hex	filename
  46944	     96	   4912	  51952	   caf0	PWM_output.elf
Finished building: default.size.stdout
 
Finished building: PWM_output.list
 
13:56:10 **** Incremental Build of configuration Debug for project PWM_output ****
make -j8 all 
arm-none-eabi-gcc "../Core/Src/main.c" -mcpu=cortex-m4 -std=gnu11 -g3 -DDEBUG -DUSE_HAL_DRIVER -DSTM32G491xx -c -I../Core/Inc -I../Drivers/STM32G4xx_HAL_Driver/Inc -I../Drivers/STM32G4xx_HAL_Driver/Inc/Legacy -I../Drivers/CMSIS/Device/ST/STM32G4xx/Include -I../Drivers/CMSIS/Include -O0 -ffunction-sections -fdata-sections -Wall -fstack-usage -fcyclomatic-complexity -MMD -MP -MF"Core/Src/main.d" -MT"Core/Src/main.o" --specs=nano.specs -mfpu=fpv4-sp-d16 -mfloat-abi=hard -mthumb -o "Core/Src/main.o"
arm-none-eabi-gcc "../Core/Src/pwm.c" -mcpu=cortex-m4 -std=gnu11 -g3 -DDEBUG -DUSE_HAL_DRIVER -DSTM32G491xx -c -I../Core/Inc -I../Drivers/STM32G4xx_HAL_Driver/Inc -I../Drivers/STM32G4xx_HAL_Driver/Inc/Legacy -I../Drivers/CMSIS/Device/ST/STM32G4xx/Include -I../Drivers/CMSIS/Include -O0 -ffunction-sections -fdata-sections -Wall -fstack-usage -fcyclomatic-complexity -MMD -MP -MF"Core/Src/pwm.d" -MT"Core/Src/pwm.o" --specs=nano.specs -mfpu=fpv4-sp-d16 -mfloat-abi=hard -mthumb -o "Core/Src/pwm.o"
../Core/Src/pwm.c: In function 'HAL_TIM_PeriodElapsedCallback':
../Core/Src/pwm.c:49:13: warning: suggest parentheses around assignment used as truth value [-Wparentheses]
   49 |         if (dir = 0){
      |             ^~~
In file included from ../Core/Inc/stm32g4xx_hal_conf.h:344,
                 from ../Drivers/STM32G4xx_HAL_Driver/Inc/stm32g4xx_hal.h:29,
                 from ../Core/Inc/main.h:30,
                 from ../Core/Inc/pwm.h:10,
                 from ../Core/Src/pwm.c:7:
../Drivers/STM32G4xx_HAL_Driver/Inc/stm32g4xx_hal_tim.h:822:44: error: called object is not a function or function pointer
  822 | #define TIM_CHANNEL_1                      0x00000000U                          /*!< Capture/compare channel 1 identifier      */
      |                                            ^~~~~~~~~~~
../Drivers/STM32G4xx_HAL_Driver/Inc/stm32g4xx_hal_tim.h:1672:6: note: in definition of macro '__HAL_TIM_SET_COMPARE'
 1672 |   (((__CHANNEL__) == TIM_CHANNEL_1) ? ((__HANDLE__)->Instance->CCR1 = (__COMPARE__)) :\
      |      ^~~~~~~~~~~
../Core/Src/pwm.c:50:45: note: in expansion of macro 'TIM_CHANNEL_1'
   50 |                 __HAL_TIM_SET_COMPARE(htim, TIM_CHANNEL_1(), arr / 2);
      |                                             ^~~~~~~~~~~~~
../Drivers/STM32G4xx_HAL_Driver/Inc/stm32g4xx_hal_tim.h:822:44: error: called object is not a function or function pointer
  822 | #define TIM_CHANNEL_1                      0x00000000U                          /*!< Capture/compare channel 1 identifier      */
      |                                            ^~~~~~~~~~~
../Drivers/STM32G4xx_HAL_Driver/Inc/stm32g4xx_hal_tim.h:1673:6: note: in definition of macro '__HAL_TIM_SET_COMPARE'
 1673 |    ((__CHANNEL__) == TIM_CHANNEL_2) ? ((__HANDLE__)->Instance->CCR2 = (__COMPARE__)) :\
      |      ^~~~~~~~~~~
../Core/Src/pwm.c:50:45: note: in expansion of macro 'TIM_CHANNEL_1'
   50 |                 __HAL_TIM_SET_COMPARE(htim, TIM_CHANNEL_1(), arr / 2);
      |                                             ^~~~~~~~~~~~~
../Core/Src/main.c: In function 'main':
../Drivers/STM32G4xx_HAL_Driver/Inc/stm32g4xx_hal_tim.h:822:44: error: called object is not a function or function pointer
  822 | #define TIM_CHANNEL_1                      0x00000000U                          /*!< Capture/compare channel 1 identifier      */
      |                                            ^~~~~~~~~~~
../Drivers/STM32G4xx_HAL_Driver/Inc/stm32g4xx_hal_tim.h:1674:6: note: in definition of macro '__HAL_TIM_SET_COMPARE'
 1674 |    ((__CHANNEL__) == TIM_CHANNEL_3) ? ((__HANDLE__)->Instance->CCR3 = (__COMPARE__)) :\
      |      ^~~~~~~~~~~
../Core/Src/pwm.c:50:45: note: in expansion of macro 'TIM_CHANNEL_1'
   50 |                 __HAL_TIM_SET_COMPARE(htim, TIM_CHANNEL_1(), arr / 2);
      |                                             ^~~~~~~~~~~~~
../Core/Src/main.c:168:14: warning: unused variable 'adc_pa0' [-Wunused-variable]
  168 |     uint16_t adc_pa0 = HAL_ADC_GetValue(&hadc1);
      |              ^~~~~~~
../Drivers/STM32G4xx_HAL_Driver/Inc/stm32g4xx_hal_tim.h:822:44: error: called object is not a function or function pointer
  822 | #define TIM_CHANNEL_1                      0x00000000U                          /*!< Capture/compare channel 1 identifier      */
      |                                            ^~~~~~~~~~~
../Drivers/STM32G4xx_HAL_Driver/Inc/stm32g4xx_hal_tim.h:1675:6: note: in definition of macro '__HAL_TIM_SET_COMPARE'
 1675 |    ((__CHANNEL__) == TIM_CHANNEL_4) ? ((__HANDLE__)->Instance->CCR4 = (__COMPARE__)) :\
      |      ^~~~~~~~~~~
../Core/Src/pwm.c:50:45: note: in expansion of macro 'TIM_CHANNEL_1'
   50 |                 __HAL_TIM_SET_COMPARE(htim, TIM_CHANNEL_1(), arr / 2);
      |                                             ^~~~~~~~~~~~~
../Drivers/STM32G4xx_HAL_Driver/Inc/stm32g4xx_hal_tim.h:822:44: error: called object is not a function or function pointer
  822 | #define TIM_CHANNEL_1                      0x00000000U                          /*!< Capture/compare channel 1 identifier      */
      |                                            ^~~~~~~~~~~
../Drivers/STM32G4xx_HAL_Driver/Inc/stm32g4xx_hal_tim.h:1676:6: note: in definition of macro '__HAL_TIM_SET_COMPARE'
 1676 |    ((__CHANNEL__) == TIM_CHANNEL_5) ? ((__HANDLE__)->Instance->CCR5 = (__COMPARE__)) :\
      |      ^~~~~~~~~~~
../Core/Src/pwm.c:50:45: note: in expansion of macro 'TIM_CHANNEL_1'
   50 |                 __HAL_TIM_SET_COMPARE(htim, TIM_CHANNEL_1(), arr / 2);
      |                                             ^~~~~~~~~~~~~
../Drivers/STM32G4xx_HAL_Driver/Inc/stm32g4xx_hal_tim.h:822:44: error: called object is not a function or function pointer
  822 | #define TIM_CHANNEL_1                      0x00000000U                          /*!< Capture/compare channel 1 identifier      */
      |                                            ^~~~~~~~~~~
../Drivers/STM32G4xx_HAL_Driver/Inc/stm32g4xx_hal_tim.h:1672:6: note: in definition of macro '__HAL_TIM_SET_COMPARE'
 1672 |   (((__CHANNEL__) == TIM_CHANNEL_1) ? ((__HANDLE__)->Instance->CCR1 = (__COMPARE__)) :\
      |      ^~~~~~~~~~~
../Core/Src/pwm.c:52:45: note: in expansion of macro 'TIM_CHANNEL_1'
   52 |                 __HAL_TIM_SET_COMPARE(htim, TIM_CHANNEL_1(), arr / 5);
      |                                             ^~~~~~~~~~~~~
../Drivers/STM32G4xx_HAL_Driver/Inc/stm32g4xx_hal_tim.h:822:44: error: called object is not a function or function pointer
  822 | #define TIM_CHANNEL_1                      0x00000000U                          /*!< Capture/compare channel 1 identifier      */
      |                                            ^~~~~~~~~~~
../Drivers/STM32G4xx_HAL_Driver/Inc/stm32g4xx_hal_tim.h:1673:6: note: in definition of macro '__HAL_TIM_SET_COMPARE'
 1673 |    ((__CHANNEL__) == TIM_CHANNEL_2) ? ((__HANDLE__)->Instance->CCR2 = (__COMPARE__)) :\
      |      ^~~~~~~~~~~
../Core/Src/pwm.c:52:45: note: in expansion of macro 'TIM_CHANNEL_1'
   52 |                 __HAL_TIM_SET_COMPARE(htim, TIM_CHANNEL_1(), arr / 5);
      |                                             ^~~~~~~~~~~~~
../Drivers/STM32G4xx_HAL_Driver/Inc/stm32g4xx_hal_tim.h:822:44: error: called object is not a function or function pointer
  822 | #define TIM_CHANNEL_1                      0x00000000U                          /*!< Capture/compare channel 1 identifier      */
      |                                            ^~~~~~~~~~~
../Drivers/STM32G4xx_HAL_Driver/Inc/stm32g4xx_hal_tim.h:1674:6: note: in definition of macro '__HAL_TIM_SET_COMPARE'
 1674 |    ((__CHANNEL__) == TIM_CHANNEL_3) ? ((__HANDLE__)->Instance->CCR3 = (__COMPARE__)) :\
      |      ^~~~~~~~~~~
../Core/Src/pwm.c:52:45: note: in expansion of macro 'TIM_CHANNEL_1'
   52 |                 __HAL_TIM_SET_COMPARE(htim, TIM_CHANNEL_1(), arr / 5);
      |                                             ^~~~~~~~~~~~~
../Drivers/STM32G4xx_HAL_Driver/Inc/stm32g4xx_hal_tim.h:822:44: error: called object is not a function or function pointer
  822 | #define TIM_CHANNEL_1                      0x00000000U                          /*!< Capture/compare channel 1 identifier      */
      |                                            ^~~~~~~~~~~
../Drivers/STM32G4xx_HAL_Driver/Inc/stm32g4xx_hal_tim.h:1675:6: note: in definition of macro '__HAL_TIM_SET_COMPARE'
 1675 |    ((__CHANNEL__) == TIM_CHANNEL_4) ? ((__HANDLE__)->Instance->CCR4 = (__COMPARE__)) :\
      |      ^~~~~~~~~~~
../Core/Src/pwm.c:52:45: note: in expansion of macro 'TIM_CHANNEL_1'
   52 |                 __HAL_TIM_SET_COMPARE(htim, TIM_CHANNEL_1(), arr / 5);
      |                                             ^~~~~~~~~~~~~
../Drivers/STM32G4xx_HAL_Driver/Inc/stm32g4xx_hal_tim.h:822:44: error: called object is not a function or function pointer
  822 | #define TIM_CHANNEL_1                      0x00000000U                          /*!< Capture/compare channel 1 identifier      */
      |                                            ^~~~~~~~~~~
../Drivers/STM32G4xx_HAL_Driver/Inc/stm32g4xx_hal_tim.h:1676:6: note: in definition of macro '__HAL_TIM_SET_COMPARE'
 1676 |    ((__CHANNEL__) == TIM_CHANNEL_5) ? ((__HANDLE__)->Instance->CCR5 = (__COMPARE__)) :\
      |      ^~~~~~~~~~~
../Core/Src/pwm.c:52:45: note: in expansion of macro 'TIM_CHANNEL_1'
   52 |                 __HAL_TIM_SET_COMPARE(htim, TIM_CHANNEL_1(), arr / 5);
      |                                             ^~~~~~~~~~~~~
make: *** [Core/Src/subdir.mk:46: Core/Src/pwm.o] Error 1
make: *** Waiting for unfinished jobs....
"make -j8 all" terminated with exit code 2. Build might be incomplete.
13:56:29 **** Incremental Build of configuration Debug for project PWM_output ****
make -j8 all 
arm-none-eabi-gcc "../Core/Src/pwm.c" -mcpu=cortex-m4 -std=gnu11 -g3 -DDEBUG -DUSE_HAL_DRIVER -DSTM32G491xx -c -I../Core/Inc -I../Drivers/STM32G4xx_HAL_Driver/Inc -I../Drivers/STM32G4xx_HAL_Driver/Inc/Legacy -I../Drivers/CMSIS/Device/ST/STM32G4xx/Include -I../Drivers/CMSIS/Include -O0 -ffunction-sections -fdata-sections -Wall -fstack-usage -fcyclomatic-complexity -MMD -MP -MF"Core/Src/pwm.d" -MT"Core/Src/pwm.o" --specs=nano.specs -mfpu=fpv4-sp-d16 -mfloat-abi=hard -mthumb -o "Core/Src/pwm.o"
../Core/Src/pwm.c: In function 'HAL_TIM_PeriodElapsedCallback':
../Core/Src/pwm.c:49:13: warning: suggest parentheses around assignment used as truth value [-Wparentheses]
   49 |         if (dir = 0){
      |             ^~~
arm-none-eabi-gcc -o "PWM_output.elf" @"objects.list"   -mcpu=cortex-m4 -T"C:\STM32_projekti\STM32G491-FOC_Motor_Control\STM32G491-FOC_Motor_Control\PWM_output\STM32G491RETX_FLASH.ld" --specs=nosys.specs -Wl,-Map="PWM_output.map" -Wl,--gc-sections -static --specs=nano.specs -mfpu=fpv4-sp-d16 -mfloat-abi=hard -mthumb -Wl,--start-group -lc -lm -Wl,--end-group
Finished building target: PWM_output.elf
 
arm-none-eabi-size  PWM_output.elf 
arm-none-eabi-objdump -h -S PWM_output.elf  > "PWM_output.list"
   text	   data	    bss	    dec	    hex	filename
  46992	     96	   4912	  52000	   cb20	PWM_output.elf
Finished building: default.size.stdout
 
Finished building: PWM_output.list
 
13:57:56 **** Incremental Build of configuration Debug for project PWM_output ****
make -j8 all 
arm-none-eabi-gcc "../Core/Src/pwm.c" -mcpu=cortex-m4 -std=gnu11 -g3 -DDEBUG -DUSE_HAL_DRIVER -DSTM32G491xx -c -I../Core/Inc -I../Drivers/STM32G4xx_HAL_Driver/Inc -I../Drivers/STM32G4xx_HAL_Driver/Inc/Legacy -I../Drivers/CMSIS/Device/ST/STM32G4xx/Include -I../Drivers/CMSIS/Include -O0 -ffunction-sections -fdata-sections -Wall -fstack-usage -fcyclomatic-complexity -MMD -MP -MF"Core/Src/pwm.d" -MT"Core/Src/pwm.o" --specs=nano.specs -mfpu=fpv4-sp-d16 -mfloat-abi=hard -mthumb -o "Core/Src/pwm.o"
../Core/Src/pwm.c: In function 'HAL_TIM_PeriodElapsedCallback':
../Core/Src/pwm.c:49:13: warning: suggest parentheses around assignment used as truth value [-Wparentheses]
   49 |         if (dir = 0){
      |             ^~~
arm-none-eabi-gcc -o "PWM_output.elf" @"objects.list"   -mcpu=cortex-m4 -T"C:\STM32_projekti\STM32G491-FOC_Motor_Control\STM32G491-FOC_Motor_Control\PWM_output\STM32G491RETX_FLASH.ld" --specs=nosys.specs -Wl,-Map="PWM_output.map" -Wl,--gc-sections -static --specs=nano.specs -mfpu=fpv4-sp-d16 -mfloat-abi=hard -mthumb -Wl,--start-group -lc -lm -Wl,--end-group
Finished building target: PWM_output.elf
 
arm-none-eabi-size  PWM_output.elf 
arm-none-eabi-objdump -h -S PWM_output.elf  > "PWM_output.list"
   text	   data	    bss	    dec	    hex	filename
  46992	     96	   4912	  52000	   cb20	PWM_output.elf
Finished building: default.size.stdout
 
Finished building: PWM_output.list
 
14:01:59 **** Incremental Build of configuration Debug for project PWM_output ****
make -j8 all 
arm-none-eabi-gcc "../Core/Src/pwm.c" -mcpu=cortex-m4 -std=gnu11 -g3 -DDEBUG -DUSE_HAL_DRIVER -DSTM32G491xx -c -I../Core/Inc -I../Drivers/STM32G4xx_HAL_Driver/Inc -I../Drivers/STM32G4xx_HAL_Driver/Inc/Legacy -I../Drivers/CMSIS/Device/ST/STM32G4xx/Include -I../Drivers/CMSIS/Include -O0 -ffunction-sections -fdata-sections -Wall -fstack-usage -fcyclomatic-complexity -MMD -MP -MF"Core/Src/pwm.d" -MT"Core/Src/pwm.o" --specs=nano.specs -mfpu=fpv4-sp-d16 -mfloat-abi=hard -mthumb -o "Core/Src/pwm.o"
arm-none-eabi-gcc -o "PWM_output.elf" @"objects.list"   -mcpu=cortex-m4 -T"C:\STM32_projekti\STM32G491-FOC_Motor_Control\STM32G491-FOC_Motor_Control\PWM_output\STM32G491RETX_FLASH.ld" --specs=nosys.specs -Wl,-Map="PWM_output.map" -Wl,--gc-sections -static --specs=nano.specs -mfpu=fpv4-sp-d16 -mfloat-abi=hard -mthumb -Wl,--start-group -lc -lm -Wl,--end-group
Finished building target: PWM_output.elf
 
arm-none-eabi-size  PWM_output.elf 
arm-none-eabi-objdump -h -S PWM_output.elf  > "PWM_output.list"
   text	   data	    bss	    dec	    hex	filename
  47016	     96	   4912	  52024	   cb38	PWM_output.elf
Finished building: default.size.stdout
 
Finished building: PWM_output.list
 
14:03:07 **** Incremental Build of configuration Debug for project PWM_output ****
make -j8 all 
arm-none-eabi-gcc "../Core/Src/pwm.c" -mcpu=cortex-m4 -std=gnu11 -g3 -DDEBUG -DUSE_HAL_DRIVER -DSTM32G491xx -c -I../Core/Inc -I../Drivers/STM32G4xx_HAL_Driver/Inc -I../Drivers/STM32G4xx_HAL_Driver/Inc/Legacy -I../Drivers/CMSIS/Device/ST/STM32G4xx/Include -I../Drivers/CMSIS/Include -O0 -ffunction-sections -fdata-sections -Wall -fstack-usage -fcyclomatic-complexity -MMD -MP -MF"Core/Src/pwm.d" -MT"Core/Src/pwm.o" --specs=nano.specs -mfpu=fpv4-sp-d16 -mfloat-abi=hard -mthumb -o "Core/Src/pwm.o"
../Core/Src/pwm.c: In function 'HAL_TIM_PeriodElapsedCallback':
../Core/Src/pwm.c:45:37: error: 'sin_val1' undeclared (first use in this function); did you mean 'sin_val3'?
   45 |         uint32_t ccr1 = (uint32_t) (sin_val1 * (float)arr);
      |                                     ^~~~~~~~
      |                                     sin_val3
../Core/Src/pwm.c:45:37: note: each undeclared identifier is reported only once for each function it appears in
make: *** [Core/Src/subdir.mk:46: Core/Src/pwm.o] Error 1
"make -j8 all" terminated with exit code 2. Build might be incomplete.
14:03:18 **** Incremental Build of configuration Debug for project PWM_output ****
make -j8 all 
arm-none-eabi-gcc "../Core/Src/pwm.c" -mcpu=cortex-m4 -std=gnu11 -g3 -DDEBUG -DUSE_HAL_DRIVER -DSTM32G491xx -c -I../Core/Inc -I../Drivers/STM32G4xx_HAL_Driver/Inc -I../Drivers/STM32G4xx_HAL_Driver/Inc/Legacy -I../Drivers/CMSIS/Device/ST/STM32G4xx/Include -I../Drivers/CMSIS/Include -O0 -ffunction-sections -fdata-sections -Wall -fstack-usage -fcyclomatic-complexity -MMD -MP -MF"Core/Src/pwm.d" -MT"Core/Src/pwm.o" --specs=nano.specs -mfpu=fpv4-sp-d16 -mfloat-abi=hard -mthumb -o "Core/Src/pwm.o"
arm-none-eabi-gcc -o "PWM_output.elf" @"objects.list"   -mcpu=cortex-m4 -T"C:\STM32_projekti\STM32G491-FOC_Motor_Control\STM32G491-FOC_Motor_Control\PWM_output\STM32G491RETX_FLASH.ld" --specs=nosys.specs -Wl,-Map="PWM_output.map" -Wl,--gc-sections -static --specs=nano.specs -mfpu=fpv4-sp-d16 -mfloat-abi=hard -mthumb -Wl,--start-group -lc -lm -Wl,--end-group
Finished building target: PWM_output.elf
 
arm-none-eabi-size  PWM_output.elf 
arm-none-eabi-objdump -h -S PWM_output.elf  > "PWM_output.list"
   text	   data	    bss	    dec	    hex	filename
  47088	     96	   4912	  52096	   cb80	PWM_output.elf
Finished building: default.size.stdout
 
Finished building: PWM_output.list
 
14:04:44 **** Incremental Build of configuration Debug for project PWM_output ****
make -j8 all 
arm-none-eabi-gcc "../Core/Src/pwm.c" -mcpu=cortex-m4 -std=gnu11 -g3 -DDEBUG -DUSE_HAL_DRIVER -DSTM32G491xx -c -I../Core/Inc -I../Drivers/STM32G4xx_HAL_Driver/Inc -I../Drivers/STM32G4xx_HAL_Driver/Inc/Legacy -I../Drivers/CMSIS/Device/ST/STM32G4xx/Include -I../Drivers/CMSIS/Include -O0 -ffunction-sections -fdata-sections -Wall -fstack-usage -fcyclomatic-complexity -MMD -MP -MF"Core/Src/pwm.d" -MT"Core/Src/pwm.o" --specs=nano.specs -mfpu=fpv4-sp-d16 -mfloat-abi=hard -mthumb -o "Core/Src/pwm.o"
arm-none-eabi-gcc -o "PWM_output.elf" @"objects.list"   -mcpu=cortex-m4 -T"C:\STM32_projekti\STM32G491-FOC_Motor_Control\STM32G491-FOC_Motor_Control\PWM_output\STM32G491RETX_FLASH.ld" --specs=nosys.specs -Wl,-Map="PWM_output.map" -Wl,--gc-sections -static --specs=nano.specs -mfpu=fpv4-sp-d16 -mfloat-abi=hard -mthumb -Wl,--start-group -lc -lm -Wl,--end-group
Finished building target: PWM_output.elf
 
arm-none-eabi-size  PWM_output.elf 
arm-none-eabi-objdump -h -S PWM_output.elf  > "PWM_output.list"
   text	   data	    bss	    dec	    hex	filename
  47096	     96	   4912	  52104	   cb88	PWM_output.elf
Finished building: default.size.stdout
 
Finished building: PWM_output.list
 
14:05:57 **** Incremental Build of configuration Debug for project PWM_output ****
make -j8 all 
arm-none-eabi-gcc "../Core/Src/pwm.c" -mcpu=cortex-m4 -std=gnu11 -g3 -DDEBUG -DUSE_HAL_DRIVER -DSTM32G491xx -c -I../Core/Inc -I../Drivers/STM32G4xx_HAL_Driver/Inc -I../Drivers/STM32G4xx_HAL_Driver/Inc/Legacy -I../Drivers/CMSIS/Device/ST/STM32G4xx/Include -I../Drivers/CMSIS/Include -O0 -ffunction-sections -fdata-sections -Wall -fstack-usage -fcyclomatic-complexity -MMD -MP -MF"Core/Src/pwm.d" -MT"Core/Src/pwm.o" --specs=nano.specs -mfpu=fpv4-sp-d16 -mfloat-abi=hard -mthumb -o "Core/Src/pwm.o"
arm-none-eabi-gcc -o "PWM_output.elf" @"objects.list"   -mcpu=cortex-m4 -T"C:\STM32_projekti\STM32G491-FOC_Motor_Control\STM32G491-FOC_Motor_Control\PWM_output\STM32G491RETX_FLASH.ld" --specs=nosys.specs -Wl,-Map="PWM_output.map" -Wl,--gc-sections -static --specs=nano.specs -mfpu=fpv4-sp-d16 -mfloat-abi=hard -mthumb -Wl,--start-group -lc -lm -Wl,--end-group
Finished building target: PWM_output.elf
 
arm-none-eabi-size  PWM_output.elf 
arm-none-eabi-objdump -h -S PWM_output.elf  > "PWM_output.list"
   text	   data	    bss	    dec	    hex	filename
  47088	     96	   4912	  52096	   cb80	PWM_output.elf
Finished building: default.size.stdout
 
Finished building: PWM_output.list
 
14:14:06 **** Incremental Build of configuration Debug for project PWM_output ****
make -j8 all 
arm-none-eabi-gcc "../Core/Src/control.c" -mcpu=cortex-m4 -std=gnu11 -g3 -DDEBUG -DUSE_HAL_DRIVER -DSTM32G491xx -c -I../Core/Inc -I../Drivers/STM32G4xx_HAL_Driver/Inc -I../Drivers/STM32G4xx_HAL_Driver/Inc/Legacy -I../Drivers/CMSIS/Device/ST/STM32G4xx/Include -I../Drivers/CMSIS/Include -O0 -ffunction-sections -fdata-sections -Wall -fstack-usage -fcyclomatic-complexity -MMD -MP -MF"Core/Src/control.d" -MT"Core/Src/control.o" --specs=nano.specs -mfpu=fpv4-sp-d16 -mfloat-abi=hard -mthumb -o "Core/Src/control.o"
arm-none-eabi-gcc "../Core/Src/main.c" -mcpu=cortex-m4 -std=gnu11 -g3 -DDEBUG -DUSE_HAL_DRIVER -DSTM32G491xx -c -I../Core/Inc -I../Drivers/STM32G4xx_HAL_Driver/Inc -I../Drivers/STM32G4xx_HAL_Driver/Inc/Legacy -I../Drivers/CMSIS/Device/ST/STM32G4xx/Include -I../Drivers/CMSIS/Include -O0 -ffunction-sections -fdata-sections -Wall -fstack-usage -fcyclomatic-complexity -MMD -MP -MF"Core/Src/main.d" -MT"Core/Src/main.o" --specs=nano.specs -mfpu=fpv4-sp-d16 -mfloat-abi=hard -mthumb -o "Core/Src/main.o"
arm-none-eabi-gcc "../Core/Src/pwm.c" -mcpu=cortex-m4 -std=gnu11 -g3 -DDEBUG -DUSE_HAL_DRIVER -DSTM32G491xx -c -I../Core/Inc -I../Drivers/STM32G4xx_HAL_Driver/Inc -I../Drivers/STM32G4xx_HAL_Driver/Inc/Legacy -I../Drivers/CMSIS/Device/ST/STM32G4xx/Include -I../Drivers/CMSIS/Include -O0 -ffunction-sections -fdata-sections -Wall -fstack-usage -fcyclomatic-complexity -MMD -MP -MF"Core/Src/pwm.d" -MT"Core/Src/pwm.o" --specs=nano.specs -mfpu=fpv4-sp-d16 -mfloat-abi=hard -mthumb -o "Core/Src/pwm.o"
arm-none-eabi-gcc "../Core/Src/sin_lut.c" -mcpu=cortex-m4 -std=gnu11 -g3 -DDEBUG -DUSE_HAL_DRIVER -DSTM32G491xx -c -I../Core/Inc -I../Drivers/STM32G4xx_HAL_Driver/Inc -I../Drivers/STM32G4xx_HAL_Driver/Inc/Legacy -I../Drivers/CMSIS/Device/ST/STM32G4xx/Include -I../Drivers/CMSIS/Include -O0 -ffunction-sections -fdata-sections -Wall -fstack-usage -fcyclomatic-complexity -MMD -MP -MF"Core/Src/sin_lut.d" -MT"Core/Src/sin_lut.o" --specs=nano.specs -mfpu=fpv4-sp-d16 -mfloat-abi=hard -mthumb -o "Core/Src/sin_lut.o"
arm-none-eabi-gcc "../Core/Src/stm32g4xx_hal_msp.c" -mcpu=cortex-m4 -std=gnu11 -g3 -DDEBUG -DUSE_HAL_DRIVER -DSTM32G491xx -c -I../Core/Inc -I../Drivers/STM32G4xx_HAL_Driver/Inc -I../Drivers/STM32G4xx_HAL_Driver/Inc/Legacy -I../Drivers/CMSIS/Device/ST/STM32G4xx/Include -I../Drivers/CMSIS/Include -O0 -ffunction-sections -fdata-sections -Wall -fstack-usage -fcyclomatic-complexity -MMD -MP -MF"Core/Src/stm32g4xx_hal_msp.d" -MT"Core/Src/stm32g4xx_hal_msp.o" --specs=nano.specs -mfpu=fpv4-sp-d16 -mfloat-abi=hard -mthumb -o "Core/Src/stm32g4xx_hal_msp.o"
arm-none-eabi-gcc "../Core/Src/stm32g4xx_it.c" -mcpu=cortex-m4 -std=gnu11 -g3 -DDEBUG -DUSE_HAL_DRIVER -DSTM32G491xx -c -I../Core/Inc -I../Drivers/STM32G4xx_HAL_Driver/Inc -I../Drivers/STM32G4xx_HAL_Driver/Inc/Legacy -I../Drivers/CMSIS/Device/ST/STM32G4xx/Include -I../Drivers/CMSIS/Include -O0 -ffunction-sections -fdata-sections -Wall -fstack-usage -fcyclomatic-complexity -MMD -MP -MF"Core/Src/stm32g4xx_it.d" -MT"Core/Src/stm32g4xx_it.o" --specs=nano.specs -mfpu=fpv4-sp-d16 -mfloat-abi=hard -mthumb -o "Core/Src/stm32g4xx_it.o"
arm-none-eabi-gcc "../Core/Src/uart.c" -mcpu=cortex-m4 -std=gnu11 -g3 -DDEBUG -DUSE_HAL_DRIVER -DSTM32G491xx -c -I../Core/Inc -I../Drivers/STM32G4xx_HAL_Driver/Inc -I../Drivers/STM32G4xx_HAL_Driver/Inc/Legacy -I../Drivers/CMSIS/Device/ST/STM32G4xx/Include -I../Drivers/CMSIS/Include -O0 -ffunction-sections -fdata-sections -Wall -fstack-usage -fcyclomatic-complexity -MMD -MP -MF"Core/Src/uart.d" -MT"Core/Src/uart.o" --specs=nano.specs -mfpu=fpv4-sp-d16 -mfloat-abi=hard -mthumb -o "Core/Src/uart.o"
../Core/Src/uart.c: In function 'HAL_UART_RxCpltCallback':
../Core/Src/uart.c:65:46: warning: passing argument 2 of 'HAL_UART_Receive_IT' discards 'volatile' qualifier from pointer target type [-Wdiscarded-qualifiers]
   65 |                 HAL_UART_Receive_IT(s_huart, &rx_byte, 1);
      |                                              ^~~~~~~~
../Core/Src/main.c: In function 'main':
../Core/Src/main.c:168:14: warning: unused variable 'adc_pa0' [-Wunused-variable]
  168 |     uint16_t adc_pa0 = HAL_ADC_GetValue(&hadc1);
      |              ^~~~~~~
In file included from ../Core/Inc/stm32g4xx_hal_conf.h:348,
                 from ../Drivers/STM32G4xx_HAL_Driver/Inc/stm32g4xx_hal.h:29,
                 from ../Core/Inc/main.h:30,
                 from ../Core/Inc/uart.h:10,
                 from ../Core/Src/uart.c:7:
../Drivers/STM32G4xx_HAL_Driver/Inc/stm32g4xx_hal_uart.h:1636:75: note: expected 'uint8_t *' {aka 'unsigned char *'} but argument is of type 'volatile uint8_t *' {aka 'volatile unsigned char *'}
 1636 | HAL_StatusTypeDef HAL_UART_Receive_IT(UART_HandleTypeDef *huart, uint8_t *pData, uint16_t Size);
      |                                                                  ~~~~~~~~~^~~~~
arm-none-eabi-gcc -o "PWM_output.elf" @"objects.list"   -mcpu=cortex-m4 -T"C:\STM32_projekti\STM32G491-FOC_Motor_Control\STM32G491-FOC_Motor_Control\PWM_output\STM32G491RETX_FLASH.ld" --specs=nosys.specs -Wl,-Map="PWM_output.map" -Wl,--gc-sections -static --specs=nano.specs -mfpu=fpv4-sp-d16 -mfloat-abi=hard -mthumb -Wl,--start-group -lc -lm -Wl,--end-group
Finished building target: PWM_output.elf
 
arm-none-eabi-size  PWM_output.elf 
arm-none-eabi-objdump -h -S PWM_output.elf  > "PWM_output.list"
   text	   data	    bss	    dec	    hex	filename
  47192	     96	   4912	  52200	   cbe8	PWM_output.elf
Finished building: default.size.stdout
 
Finished building: PWM_output.list
 
14:15:50 **** Incremental Build of configuration Debug for project PWM_output ****
make -j8 all 
arm-none-eabi-gcc "../Core/Src/pwm.c" -mcpu=cortex-m4 -std=gnu11 -g3 -DDEBUG -DUSE_HAL_DRIVER -DSTM32G491xx -c -I../Core/Inc -I../Drivers/STM32G4xx_HAL_Driver/Inc -I../Drivers/STM32G4xx_HAL_Driver/Inc/Legacy -I../Drivers/CMSIS/Device/ST/STM32G4xx/Include -I../Drivers/CMSIS/Include -O0 -ffunction-sections -fdata-sections -Wall -fstack-usage -fcyclomatic-complexity -MMD -MP -MF"Core/Src/pwm.d" -MT"Core/Src/pwm.o" --specs=nano.specs -mfpu=fpv4-sp-d16 -mfloat-abi=hard -mthumb -o "Core/Src/pwm.o"
arm-none-eabi-gcc -o "PWM_output.elf" @"objects.list"   -mcpu=cortex-m4 -T"C:\STM32_projekti\STM32G491-FOC_Motor_Control\STM32G491-FOC_Motor_Control\PWM_output\STM32G491RETX_FLASH.ld" --specs=nosys.specs -Wl,-Map="PWM_output.map" -Wl,--gc-sections -static --specs=nano.specs -mfpu=fpv4-sp-d16 -mfloat-abi=hard -mthumb -Wl,--start-group -lc -lm -Wl,--end-group
Finished building target: PWM_output.elf
 
arm-none-eabi-size  PWM_output.elf 
arm-none-eabi-objdump -h -S PWM_output.elf  > "PWM_output.list"
   text	   data	    bss	    dec	    hex	filename
  47192	     96	   4912	  52200	   cbe8	PWM_output.elf
Finished building: default.size.stdout
 
Finished building: PWM_output.list
 
14:16:33 **** Incremental Build of configuration Debug for project PWM_output ****
make -j8 all 
arm-none-eabi-gcc "../Core/Src/main.c" -mcpu=cortex-m4 -std=gnu11 -g3 -DDEBUG -DUSE_HAL_DRIVER -DSTM32G491xx -c -I../Core/Inc -I../Drivers/STM32G4xx_HAL_Driver/Inc -I../Drivers/STM32G4xx_HAL_Driver/Inc/Legacy -I../Drivers/CMSIS/Device/ST/STM32G4xx/Include -I../Drivers/CMSIS/Include -O0 -ffunction-sections -fdata-sections -Wall -fstack-usage -fcyclomatic-complexity -MMD -MP -MF"Core/Src/main.d" -MT"Core/Src/main.o" --specs=nano.specs -mfpu=fpv4-sp-d16 -mfloat-abi=hard -mthumb -o "Core/Src/main.o"
../Core/Src/main.c: In function 'main':
../Core/Src/main.c:170:14: warning: unused variable 'adc_pa0' [-Wunused-variable]
  170 |     uint16_t adc_pa0 = HAL_ADC_GetValue(&hadc1);
      |              ^~~~~~~
arm-none-eabi-gcc -o "PWM_output.elf" @"objects.list"   -mcpu=cortex-m4 -T"C:\STM32_projekti\STM32G491-FOC_Motor_Control\STM32G491-FOC_Motor_Control\PWM_output\STM32G491RETX_FLASH.ld" --specs=nosys.specs -Wl,-Map="PWM_output.map" -Wl,--gc-sections -static --specs=nano.specs -mfpu=fpv4-sp-d16 -mfloat-abi=hard -mthumb -Wl,--start-group -lc -lm -Wl,--end-group
Finished building target: PWM_output.elf
 
arm-none-eabi-size  PWM_output.elf 
arm-none-eabi-objdump -h -S PWM_output.elf  > "PWM_output.list"
   text	   data	    bss	    dec	    hex	filename
  47208	     96	   4912	  52216	   cbf8	PWM_output.elf
Finished building: default.size.stdout
 
Finished building: PWM_output.list
 
14:17:41 **** Incremental Build of configuration Debug for project PWM_output ****
make -j8 all 
arm-none-eabi-gcc "../Core/Src/pwm.c" -mcpu=cortex-m4 -std=gnu11 -g3 -DDEBUG -DUSE_HAL_DRIVER -DSTM32G491xx -c -I../Core/Inc -I../Drivers/STM32G4xx_HAL_Driver/Inc -I../Drivers/STM32G4xx_HAL_Driver/Inc/Legacy -I../Drivers/CMSIS/Device/ST/STM32G4xx/Include -I../Drivers/CMSIS/Include -O0 -ffunction-sections -fdata-sections -Wall -fstack-usage -fcyclomatic-complexity -MMD -MP -MF"Core/Src/pwm.d" -MT"Core/Src/pwm.o" --specs=nano.specs -mfpu=fpv4-sp-d16 -mfloat-abi=hard -mthumb -o "Core/Src/pwm.o"
../Core/Src/pwm.c: In function 'HAL_TIM_PeriodElapsedCallback':
../Core/Src/pwm.c:28:18: warning: unused variable 'cnt' [-Wunused-variable]
   28 |         uint32_t cnt = __HAL_TIM_GET_COUNTER(htim);
      |                  ^~~
arm-none-eabi-gcc -o "PWM_output.elf" @"objects.list"   -mcpu=cortex-m4 -T"C:\STM32_projekti\STM32G491-FOC_Motor_Control\STM32G491-FOC_Motor_Control\PWM_output\STM32G491RETX_FLASH.ld" --specs=nosys.specs -Wl,-Map="PWM_output.map" -Wl,--gc-sections -static --specs=nano.specs -mfpu=fpv4-sp-d16 -mfloat-abi=hard -mthumb -Wl,--start-group -lc -lm -Wl,--end-group
Finished building target: PWM_output.elf
 
arm-none-eabi-size  PWM_output.elf 
arm-none-eabi-objdump -h -S PWM_output.elf  > "PWM_output.list"
   text	   data	    bss	    dec	    hex	filename
  47208	     96	   4912	  52216	   cbf8	PWM_output.elf
Finished building: default.size.stdout
 
Finished building: PWM_output.list
 
14:19:13 **** Incremental Build of configuration Debug for project PWM_output ****
make -j8 all 
arm-none-eabi-gcc "../Core/Src/pwm.c" -mcpu=cortex-m4 -std=gnu11 -g3 -DDEBUG -DUSE_HAL_DRIVER -DSTM32G491xx -c -I../Core/Inc -I../Drivers/STM32G4xx_HAL_Driver/Inc -I../Drivers/STM32G4xx_HAL_Driver/Inc/Legacy -I../Drivers/CMSIS/Device/ST/STM32G4xx/Include -I../Drivers/CMSIS/Include -O0 -ffunction-sections -fdata-sections -Wall -fstack-usage -fcyclomatic-complexity -MMD -MP -MF"Core/Src/pwm.d" -MT"Core/Src/pwm.o" --specs=nano.specs -mfpu=fpv4-sp-d16 -mfloat-abi=hard -mthumb -o "Core/Src/pwm.o"
../Core/Src/pwm.c: In function 'HAL_TIM_PeriodElapsedCallback':
../Core/Src/pwm.c:28:18: warning: unused variable 'cnt' [-Wunused-variable]
   28 |         uint32_t cnt = __HAL_TIM_GET_COUNTER(htim);
      |                  ^~~
arm-none-eabi-gcc -o "PWM_output.elf" @"objects.list"   -mcpu=cortex-m4 -T"C:\STM32_projekti\STM32G491-FOC_Motor_Control\STM32G491-FOC_Motor_Control\PWM_output\STM32G491RETX_FLASH.ld" --specs=nosys.specs -Wl,-Map="PWM_output.map" -Wl,--gc-sections -static --specs=nano.specs -mfpu=fpv4-sp-d16 -mfloat-abi=hard -mthumb -Wl,--start-group -lc -lm -Wl,--end-group
Finished building target: PWM_output.elf
 
arm-none-eabi-size  PWM_output.elf 
arm-none-eabi-objdump -h -S PWM_output.elf  > "PWM_output.list"
   text	   data	    bss	    dec	    hex	filename
  47208	     96	   4912	  52216	   cbf8	PWM_output.elf
Finished building: default.size.stdout
 
Finished building: PWM_output.list
 
14:20:03 **** Incremental Build of configuration Debug for project PWM_output ****
make -j8 all 
arm-none-eabi-gcc "../Core/Src/pwm.c" -mcpu=cortex-m4 -std=gnu11 -g3 -DDEBUG -DUSE_HAL_DRIVER -DSTM32G491xx -c -I../Core/Inc -I../Drivers/STM32G4xx_HAL_Driver/Inc -I../Drivers/STM32G4xx_HAL_Driver/Inc/Legacy -I../Drivers/CMSIS/Device/ST/STM32G4xx/Include -I../Drivers/CMSIS/Include -O0 -ffunction-sections -fdata-sections -Wall -fstack-usage -fcyclomatic-complexity -MMD -MP -MF"Core/Src/pwm.d" -MT"Core/Src/pwm.o" --specs=nano.specs -mfpu=fpv4-sp-d16 -mfloat-abi=hard -mthumb -o "Core/Src/pwm.o"
../Core/Src/pwm.c: In function 'HAL_TIM_PeriodElapsedCallback':
../Core/Src/pwm.c:37:15: warning: unused variable 'sin_val1' [-Wunused-variable]
   37 |         float sin_val1 = 0.5f + 0.5f * m * sinLUT_Get(idx);
      |               ^~~~~~~~
../Core/Src/pwm.c:28:18: warning: unused variable 'cnt' [-Wunused-variable]
   28 |         uint32_t cnt = __HAL_TIM_GET_COUNTER(htim);
      |                  ^~~
arm-none-eabi-gcc -o "PWM_output.elf" @"objects.list"   -mcpu=cortex-m4 -T"C:\STM32_projekti\STM32G491-FOC_Motor_Control\STM32G491-FOC_Motor_Control\PWM_output\STM32G491RETX_FLASH.ld" --specs=nosys.specs -Wl,-Map="PWM_output.map" -Wl,--gc-sections -static --specs=nano.specs -mfpu=fpv4-sp-d16 -mfloat-abi=hard -mthumb -Wl,--start-group -lc -lm -Wl,--end-group
Finished building target: PWM_output.elf
 
arm-none-eabi-size  PWM_output.elf 
arm-none-eabi-objdump -h -S PWM_output.elf  > "PWM_output.list"
   text	   data	    bss	    dec	    hex	filename
  47184	     96	   4912	  52192	   cbe0	PWM_output.elf
Finished building: default.size.stdout
 
Finished building: PWM_output.list
 
14:21:12 **** Incremental Build of configuration Debug for project PWM_output ****
make -j8 all 
arm-none-eabi-size  PWM_output.elf 
   text	   data	    bss	    dec	    hex	filename
  47184	     96	   4912	  52192	   cbe0	PWM_output.elf
Finished building: default.size.stdout
 
14:22:46 **** Incremental Build of configuration Debug for project PWM_output ****
make -j8 all 
arm-none-eabi-gcc "../Core/Src/pwm.c" -mcpu=cortex-m4 -std=gnu11 -g3 -DDEBUG -DUSE_HAL_DRIVER -DSTM32G491xx -c -I../Core/Inc -I../Drivers/STM32G4xx_HAL_Driver/Inc -I../Drivers/STM32G4xx_HAL_Driver/Inc/Legacy -I../Drivers/CMSIS/Device/ST/STM32G4xx/Include -I../Drivers/CMSIS/Include -O0 -ffunction-sections -fdata-sections -Wall -fstack-usage -fcyclomatic-complexity -MMD -MP -MF"Core/Src/pwm.d" -MT"Core/Src/pwm.o" --specs=nano.specs -mfpu=fpv4-sp-d16 -mfloat-abi=hard -mthumb -o "Core/Src/pwm.o"
../Core/Src/pwm.c: In function 'HAL_TIM_PeriodElapsedCallback':
../Core/Src/pwm.c:37:15: warning: unused variable 'sin_val1' [-Wunused-variable]
   37 |         float sin_val1 = 0.5f + 0.5f * m * sinLUT_Get(idx);
      |               ^~~~~~~~
../Core/Src/pwm.c:28:18: warning: unused variable 'cnt' [-Wunused-variable]
   28 |         uint32_t cnt = __HAL_TIM_GET_COUNTER(htim);
      |                  ^~~
arm-none-eabi-gcc -o "PWM_output.elf" @"objects.list"   -mcpu=cortex-m4 -T"C:\STM32_projekti\STM32G491-FOC_Motor_Control\STM32G491-FOC_Motor_Control\PWM_output\STM32G491RETX_FLASH.ld" --specs=nosys.specs -Wl,-Map="PWM_output.map" -Wl,--gc-sections -static --specs=nano.specs -mfpu=fpv4-sp-d16 -mfloat-abi=hard -mthumb -Wl,--start-group -lc -lm -Wl,--end-group
Finished building target: PWM_output.elf
 
arm-none-eabi-size  PWM_output.elf 
arm-none-eabi-objdump -h -S PWM_output.elf  > "PWM_output.list"
   text	   data	    bss	    dec	    hex	filename
  47184	     96	   4912	  52192	   cbe0	PWM_output.elf
Finished building: default.size.stdout
 
Finished building: PWM_output.list
 
14:24:25 **** Incremental Build of configuration Debug for project PWM_output ****
make -j8 all 
arm-none-eabi-gcc "../Core/Src/pwm.c" -mcpu=cortex-m4 -std=gnu11 -g3 -DDEBUG -DUSE_HAL_DRIVER -DSTM32G491xx -c -I../Core/Inc -I../Drivers/STM32G4xx_HAL_Driver/Inc -I../Drivers/STM32G4xx_HAL_Driver/Inc/Legacy -I../Drivers/CMSIS/Device/ST/STM32G4xx/Include -I../Drivers/CMSIS/Include -O0 -ffunction-sections -fdata-sections -Wall -fstack-usage -fcyclomatic-complexity -MMD -MP -MF"Core/Src/pwm.d" -MT"Core/Src/pwm.o" --specs=nano.specs -mfpu=fpv4-sp-d16 -mfloat-abi=hard -mthumb -o "Core/Src/pwm.o"
../Core/Src/pwm.c: In function 'HAL_TIM_PeriodElapsedCallback':
../Core/Src/pwm.c:38:15: warning: unused variable 'sin_val1' [-Wunused-variable]
   38 |         float sin_val1 = 0.5f + 0.5f * m * sinLUT_Get(idx);
      |               ^~~~~~~~
../Core/Src/pwm.c:28:18: warning: unused variable 'cnt' [-Wunused-variable]
   28 |         uint32_t cnt = __HAL_TIM_GET_COUNTER(htim);
      |                  ^~~
arm-none-eabi-gcc -o "PWM_output.elf" @"objects.list"   -mcpu=cortex-m4 -T"C:\STM32_projekti\STM32G491-FOC_Motor_Control\STM32G491-FOC_Motor_Control\PWM_output\STM32G491RETX_FLASH.ld" --specs=nosys.specs -Wl,-Map="PWM_output.map" -Wl,--gc-sections -static --specs=nano.specs -mfpu=fpv4-sp-d16 -mfloat-abi=hard -mthumb -Wl,--start-group -lc -lm -Wl,--end-group
Finished building target: PWM_output.elf
 
arm-none-eabi-size  PWM_output.elf 
arm-none-eabi-objdump -h -S PWM_output.elf  > "PWM_output.list"
   text	   data	    bss	    dec	    hex	filename
  47184	     96	   4912	  52192	   cbe0	PWM_output.elf
Finished building: default.size.stdout
 
Finished building: PWM_output.list
 
14:24:40 **** Incremental Build of configuration Debug for project PWM_output ****
make -j8 all 
arm-none-eabi-size  PWM_output.elf 
   text	   data	    bss	    dec	    hex	filename
  47184	     96	   4912	  52192	   cbe0	PWM_output.elf
Finished building: default.size.stdout
 
14:25:09 **** Incremental Build of configuration Debug for project PWM_output ****
make -j8 all 
arm-none-eabi-size  PWM_output.elf 
   text	   data	    bss	    dec	    hex	filename
  47184	     96	   4912	  52192	   cbe0	PWM_output.elf
Finished building: default.size.stdout
 
14:25:42 **** Incremental Build of configuration Debug for project PWM_output ****
make -j8 all 
arm-none-eabi-size  PWM_output.elf 
   text	   data	    bss	    dec	    hex	filename
  47184	     96	   4912	  52192	   cbe0	PWM_output.elf
Finished building: default.size.stdout
 
14:26:23 **** Incremental Build of configuration Debug for project PWM_output ****
make -j8 all 
arm-none-eabi-size  PWM_output.elf 
   text	   data	    bss	    dec	    hex	filename
  47184	     96	   4912	  52192	   cbe0	PWM_output.elf
Finished building: default.size.stdout
 
14:27:03 **** Incremental Build of configuration Debug for project PWM_output ****
make -j8 all 
arm-none-eabi-size  PWM_output.elf 
   text	   data	    bss	    dec	    hex	filename
  47184	     96	   4912	  52192	   cbe0	PWM_output.elf
Finished building: default.size.stdout
 
14:28:48 **** Incremental Build of configuration Debug for project PWM_output ****
make -j8 all 
arm-none-eabi-gcc "../Core/Src/pwm.c" -mcpu=cortex-m4 -std=gnu11 -g3 -DDEBUG -DUSE_HAL_DRIVER -DSTM32G491xx -c -I../Core/Inc -I../Drivers/STM32G4xx_HAL_Driver/Inc -I../Drivers/STM32G4xx_HAL_Driver/Inc/Legacy -I../Drivers/CMSIS/Device/ST/STM32G4xx/Include -I../Drivers/CMSIS/Include -O0 -ffunction-sections -fdata-sections -Wall -fstack-usage -fcyclomatic-complexity -MMD -MP -MF"Core/Src/pwm.d" -MT"Core/Src/pwm.o" --specs=nano.specs -mfpu=fpv4-sp-d16 -mfloat-abi=hard -mthumb -o "Core/Src/pwm.o"
../Core/Src/pwm.c: In function 'HAL_TIM_PeriodElapsedCallback':
../Core/Src/pwm.c:38:15: warning: unused variable 'sin_val1' [-Wunused-variable]
   38 |         float sin_val1 = 0.5f + 0.5f * m * sinLUT_Get(idx);
      |               ^~~~~~~~
../Core/Src/pwm.c:28:18: warning: unused variable 'cnt' [-Wunused-variable]
   28 |         uint32_t cnt = __HAL_TIM_GET_COUNTER(htim);
      |                  ^~~
arm-none-eabi-gcc -o "PWM_output.elf" @"objects.list"   -mcpu=cortex-m4 -T"C:\STM32_projekti\STM32G491-FOC_Motor_Control\STM32G491-FOC_Motor_Control\PWM_output\STM32G491RETX_FLASH.ld" --specs=nosys.specs -Wl,-Map="PWM_output.map" -Wl,--gc-sections -static --specs=nano.specs -mfpu=fpv4-sp-d16 -mfloat-abi=hard -mthumb -Wl,--start-group -lc -lm -Wl,--end-group
Finished building target: PWM_output.elf
 
arm-none-eabi-size  PWM_output.elf 
arm-none-eabi-objdump -h -S PWM_output.elf  > "PWM_output.list"
   text	   data	    bss	    dec	    hex	filename
  47184	     96	   4912	  52192	   cbe0	PWM_output.elf
Finished building: default.size.stdout
 
Finished building: PWM_output.list
 
14:29:30 **** Incremental Build of configuration Debug for project PWM_output ****
make -j8 all 
arm-none-eabi-size  PWM_output.elf 
   text	   data	    bss	    dec	    hex	filename
  47184	     96	   4912	  52192	   cbe0	PWM_output.elf
Finished building: default.size.stdout
 
14:34:39 **** Incremental Build of configuration Debug for project PWM_output ****
make -j8 all 
arm-none-eabi-gcc "../Core/Src/control.c" -mcpu=cortex-m4 -std=gnu11 -g3 -DDEBUG -DUSE_HAL_DRIVER -DSTM32G491xx -c -I../Core/Inc -I../Drivers/STM32G4xx_HAL_Driver/Inc -I../Drivers/STM32G4xx_HAL_Driver/Inc/Legacy -I../Drivers/CMSIS/Device/ST/STM32G4xx/Include -I../Drivers/CMSIS/Include -O0 -ffunction-sections -fdata-sections -Wall -fstack-usage -fcyclomatic-complexity -MMD -MP -MF"Core/Src/control.d" -MT"Core/Src/control.o" --specs=nano.specs -mfpu=fpv4-sp-d16 -mfloat-abi=hard -mthumb -o "Core/Src/control.o"
In file included from ../Core/Inc/stm32g4xx_hal_conf.h:344,
                 from ../Drivers/STM32G4xx_HAL_Driver/Inc/stm32g4xx_hal.h:29,
                 from ../Core/Inc/main.h:30,
                 from ../Core/Inc/pwm.h:10,
                 from ../Core/Src/control.c:8:
../Core/Src/control.c: In function 'HAL_GPIO_EXTI_Callback':
../Core/Src/control.c:70:46: error: 'htim' undeclared (first use in this function)
   70 |         pwm_duty_pct = __HAL_TIM_GET_COMPARE(htim, TIM_CHANNEL_1);
      |                                              ^~~~
../Drivers/STM32G4xx_HAL_Driver/Inc/stm32g4xx_hal_tim.h:1693:41: note: in definition of macro '__HAL_TIM_GET_COMPARE'
 1693 |   (((__CHANNEL__) == TIM_CHANNEL_1) ? ((__HANDLE__)->Instance->CCR1) :\
      |                                         ^~~~~~~~~~
../Core/Src/control.c:70:46: note: each undeclared identifier is reported only once for each function it appears in
   70 |         pwm_duty_pct = __HAL_TIM_GET_COMPARE(htim, TIM_CHANNEL_1);
      |                                              ^~~~
../Drivers/STM32G4xx_HAL_Driver/Inc/stm32g4xx_hal_tim.h:1693:41: note: in definition of macro '__HAL_TIM_GET_COMPARE'
 1693 |   (((__CHANNEL__) == TIM_CHANNEL_1) ? ((__HANDLE__)->Instance->CCR1) :\
      |                                         ^~~~~~~~~~
make: *** [Core/Src/subdir.mk:46: Core/Src/control.o] Error 1
"make -j8 all" terminated with exit code 2. Build might be incomplete.
14:34:53 **** Incremental Build of configuration Debug for project PWM_output ****
make -j8 all 
arm-none-eabi-gcc "../Core/Src/control.c" -mcpu=cortex-m4 -std=gnu11 -g3 -DDEBUG -DUSE_HAL_DRIVER -DSTM32G491xx -c -I../Core/Inc -I../Drivers/STM32G4xx_HAL_Driver/Inc -I../Drivers/STM32G4xx_HAL_Driver/Inc/Legacy -I../Drivers/CMSIS/Device/ST/STM32G4xx/Include -I../Drivers/CMSIS/Include -O0 -ffunction-sections -fdata-sections -Wall -fstack-usage -fcyclomatic-complexity -MMD -MP -MF"Core/Src/control.d" -MT"Core/Src/control.o" --specs=nano.specs -mfpu=fpv4-sp-d16 -mfloat-abi=hard -mthumb -o "Core/Src/control.o"
arm-none-eabi-gcc -o "PWM_output.elf" @"objects.list"   -mcpu=cortex-m4 -T"C:\STM32_projekti\STM32G491-FOC_Motor_Control\STM32G491-FOC_Motor_Control\PWM_output\STM32G491RETX_FLASH.ld" --specs=nosys.specs -Wl,-Map="PWM_output.map" -Wl,--gc-sections -static --specs=nano.specs -mfpu=fpv4-sp-d16 -mfloat-abi=hard -mthumb -Wl,--start-group -lc -lm -Wl,--end-group
Finished building target: PWM_output.elf
 
arm-none-eabi-size  PWM_output.elf 
arm-none-eabi-objdump -h -S PWM_output.elf  > "PWM_output.list"
   text	   data	    bss	    dec	    hex	filename
  47200	     96	   4912	  52208	   cbf0	PWM_output.elf
Finished building: default.size.stdout
 
Finished building: PWM_output.list
 
14:39:53 **** Incremental Build of configuration Debug for project PWM_output ****
make -j8 all 
arm-none-eabi-gcc "../Core/Src/control.c" -mcpu=cortex-m4 -std=gnu11 -g3 -DDEBUG -DUSE_HAL_DRIVER -DSTM32G491xx -c -I../Core/Inc -I../Drivers/STM32G4xx_HAL_Driver/Inc -I../Drivers/STM32G4xx_HAL_Driver/Inc/Legacy -I../Drivers/CMSIS/Device/ST/STM32G4xx/Include -I../Drivers/CMSIS/Include -O0 -ffunction-sections -fdata-sections -Wall -fstack-usage -fcyclomatic-complexity -MMD -MP -MF"Core/Src/control.d" -MT"Core/Src/control.o" --specs=nano.specs -mfpu=fpv4-sp-d16 -mfloat-abi=hard -mthumb -o "Core/Src/control.o"
arm-none-eabi-gcc "../Core/Src/pwm.c" -mcpu=cortex-m4 -std=gnu11 -g3 -DDEBUG -DUSE_HAL_DRIVER -DSTM32G491xx -c -I../Core/Inc -I../Drivers/STM32G4xx_HAL_Driver/Inc -I../Drivers/STM32G4xx_HAL_Driver/Inc/Legacy -I../Drivers/CMSIS/Device/ST/STM32G4xx/Include -I../Drivers/CMSIS/Include -O0 -ffunction-sections -fdata-sections -Wall -fstack-usage -fcyclomatic-complexity -MMD -MP -MF"Core/Src/pwm.d" -MT"Core/Src/pwm.o" --specs=nano.specs -mfpu=fpv4-sp-d16 -mfloat-abi=hard -mthumb -o "Core/Src/pwm.o"
../Core/Src/pwm.c: In function 'HAL_TIM_PeriodElapsedCallback':
../Core/Src/pwm.c:34:27: error: 'ARR' undeclared (first use in this function)
   34 |         } else if (cnt >= ARR - 20){
      |                           ^~~
../Core/Src/pwm.c:34:27: note: each undeclared identifier is reported only once for each function it appears in
../Core/Src/pwm.c:44:15: warning: unused variable 'sin_val1' [-Wunused-variable]
   44 |         float sin_val1 = 0.5f + 0.5f * m * sinLUT_Get(idx);
      |               ^~~~~~~~
make: *** [Core/Src/subdir.mk:46: Core/Src/pwm.o] Error 1
make: *** Waiting for unfinished jobs....
"make -j8 all" terminated with exit code 2. Build might be incomplete.
14:40:08 **** Incremental Build of configuration Debug for project PWM_output ****
make -j8 all 
arm-none-eabi-gcc "../Core/Src/pwm.c" -mcpu=cortex-m4 -std=gnu11 -g3 -DDEBUG -DUSE_HAL_DRIVER -DSTM32G491xx -c -I../Core/Inc -I../Drivers/STM32G4xx_HAL_Driver/Inc -I../Drivers/STM32G4xx_HAL_Driver/Inc/Legacy -I../Drivers/CMSIS/Device/ST/STM32G4xx/Include -I../Drivers/CMSIS/Include -O0 -ffunction-sections -fdata-sections -Wall -fstack-usage -fcyclomatic-complexity -MMD -MP -MF"Core/Src/pwm.d" -MT"Core/Src/pwm.o" --specs=nano.specs -mfpu=fpv4-sp-d16 -mfloat-abi=hard -mthumb -o "Core/Src/pwm.o"
../Core/Src/pwm.c: In function 'HAL_TIM_PeriodElapsedCallback':
../Core/Src/pwm.c:44:15: warning: unused variable 'sin_val1' [-Wunused-variable]
   44 |         float sin_val1 = 0.5f + 0.5f * m * sinLUT_Get(idx);
      |               ^~~~~~~~
arm-none-eabi-gcc -o "PWM_output.elf" @"objects.list"   -mcpu=cortex-m4 -T"C:\STM32_projekti\STM32G491-FOC_Motor_Control\STM32G491-FOC_Motor_Control\PWM_output\STM32G491RETX_FLASH.ld" --specs=nosys.specs -Wl,-Map="PWM_output.map" -Wl,--gc-sections -static --specs=nano.specs -mfpu=fpv4-sp-d16 -mfloat-abi=hard -mthumb -Wl,--start-group -lc -lm -Wl,--end-group
Finished building target: PWM_output.elf
 
arm-none-eabi-size  PWM_output.elf 
arm-none-eabi-objdump -h -S PWM_output.elf  > "PWM_output.list"
   text	   data	    bss	    dec	    hex	filename
  47168	     96	   4912	  52176	   cbd0	PWM_output.elf
Finished building: default.size.stdout
 
Finished building: PWM_output.list
 
14:40:49 **** Incremental Build of configuration Debug for project PWM_output ****
make -j8 all 
arm-none-eabi-gcc "../Core/Src/pwm.c" -mcpu=cortex-m4 -std=gnu11 -g3 -DDEBUG -DUSE_HAL_DRIVER -DSTM32G491xx -c -I../Core/Inc -I../Drivers/STM32G4xx_HAL_Driver/Inc -I../Drivers/STM32G4xx_HAL_Driver/Inc/Legacy -I../Drivers/CMSIS/Device/ST/STM32G4xx/Include -I../Drivers/CMSIS/Include -O0 -ffunction-sections -fdata-sections -Wall -fstack-usage -fcyclomatic-complexity -MMD -MP -MF"Core/Src/pwm.d" -MT"Core/Src/pwm.o" --specs=nano.specs -mfpu=fpv4-sp-d16 -mfloat-abi=hard -mthumb -o "Core/Src/pwm.o"
../Core/Src/pwm.c: In function 'HAL_TIM_PeriodElapsedCallback':
../Core/Src/pwm.c:44:15: warning: unused variable 'sin_val1' [-Wunused-variable]
   44 |         float sin_val1 = 0.5f + 0.5f * m * sinLUT_Get(idx);
      |               ^~~~~~~~
arm-none-eabi-gcc -o "PWM_output.elf" @"objects.list"   -mcpu=cortex-m4 -T"C:\STM32_projekti\STM32G491-FOC_Motor_Control\STM32G491-FOC_Motor_Control\PWM_output\STM32G491RETX_FLASH.ld" --specs=nosys.specs -Wl,-Map="PWM_output.map" -Wl,--gc-sections -static --specs=nano.specs -mfpu=fpv4-sp-d16 -mfloat-abi=hard -mthumb -Wl,--start-group -lc -lm -Wl,--end-group
Finished building target: PWM_output.elf
 
arm-none-eabi-size  PWM_output.elf 
arm-none-eabi-objdump -h -S PWM_output.elf  > "PWM_output.list"
   text	   data	    bss	    dec	    hex	filename
  47168	     96	   4912	  52176	   cbd0	PWM_output.elf
Finished building: default.size.stdout
 
Finished building: PWM_output.list
 
14:41:09 **** Incremental Build of configuration Debug for project PWM_output ****
make -j8 all 
arm-none-eabi-gcc "../Core/Src/pwm.c" -mcpu=cortex-m4 -std=gnu11 -g3 -DDEBUG -DUSE_HAL_DRIVER -DSTM32G491xx -c -I../Core/Inc -I../Drivers/STM32G4xx_HAL_Driver/Inc -I../Drivers/STM32G4xx_HAL_Driver/Inc/Legacy -I../Drivers/CMSIS/Device/ST/STM32G4xx/Include -I../Drivers/CMSIS/Include -O0 -ffunction-sections -fdata-sections -Wall -fstack-usage -fcyclomatic-complexity -MMD -MP -MF"Core/Src/pwm.d" -MT"Core/Src/pwm.o" --specs=nano.specs -mfpu=fpv4-sp-d16 -mfloat-abi=hard -mthumb -o "Core/Src/pwm.o"
In file included from ../Core/Inc/stm32g4xx_hal_conf.h:344,
                 from ../Drivers/STM32G4xx_HAL_Driver/Inc/stm32g4xx_hal.h:29,
                 from ../Core/Inc/main.h:30,
                 from ../Core/Inc/pwm.h:10,
                 from ../Core/Src/pwm.c:7:
../Core/Src/pwm.c: In function 'HAL_TIM_PeriodElapsedCallback':
../Drivers/STM32G4xx_HAL_Driver/Inc/stm32g4xx_hal_tim.h:1564:44: error: initializer element is not constant
 1564 | #define __HAL_TIM_GET_COUNTER(__HANDLE__)  ((__HANDLE__)->Instance->CNT)
      |                                            ^
../Core/Src/pwm.c:28:31: note: in expansion of macro '__HAL_TIM_GET_COUNTER'
   28 |         static uint32_t cnt = __HAL_TIM_GET_COUNTER(htim);
      |                               ^~~~~~~~~~~~~~~~~~~~~
../Core/Src/pwm.c:44:15: warning: unused variable 'sin_val1' [-Wunused-variable]
   44 |         float sin_val1 = 0.5f + 0.5f * m * sinLUT_Get(idx);
      |               ^~~~~~~~
make: *** [Core/Src/subdir.mk:46: Core/Src/pwm.o] Error 1
"make -j8 all" terminated with exit code 2. Build might be incomplete.
14:42:06 **** Incremental Build of configuration Debug for project PWM_output ****
make -j8 all 
arm-none-eabi-gcc "../Core/Src/pwm.c" -mcpu=cortex-m4 -std=gnu11 -g3 -DDEBUG -DUSE_HAL_DRIVER -DSTM32G491xx -c -I../Core/Inc -I../Drivers/STM32G4xx_HAL_Driver/Inc -I../Drivers/STM32G4xx_HAL_Driver/Inc/Legacy -I../Drivers/CMSIS/Device/ST/STM32G4xx/Include -I../Drivers/CMSIS/Include -O0 -ffunction-sections -fdata-sections -Wall -fstack-usage -fcyclomatic-complexity -MMD -MP -MF"Core/Src/pwm.d" -MT"Core/Src/pwm.o" --specs=nano.specs -mfpu=fpv4-sp-d16 -mfloat-abi=hard -mthumb -o "Core/Src/pwm.o"
../Core/Src/pwm.c: In function 'HAL_TIM_PeriodElapsedCallback':
../Core/Src/pwm.c:32:56: error: macro "__HAL_TIM_GET_COUNTER" passed 2 arguments, but takes just 1
   32 |         cnt = __HAL_TIM_GET_COUNTER(htim, TIM_CHANNEL_1);
      |                                                        ^
In file included from ../Core/Inc/stm32g4xx_hal_conf.h:344,
                 from ../Drivers/STM32G4xx_HAL_Driver/Inc/stm32g4xx_hal.h:29,
                 from ../Core/Inc/main.h:30,
                 from ../Core/Inc/pwm.h:10,
                 from ../Core/Src/pwm.c:7:
../Drivers/STM32G4xx_HAL_Driver/Inc/stm32g4xx_hal_tim.h:1564: note: macro "__HAL_TIM_GET_COUNTER" defined here
 1564 | #define __HAL_TIM_GET_COUNTER(__HANDLE__)  ((__HANDLE__)->Instance->CNT)
      | 
../Core/Src/pwm.c:32:15: error: '__HAL_TIM_GET_COUNTER' undeclared (first use in this function)
   32 |         cnt = __HAL_TIM_GET_COUNTER(htim, TIM_CHANNEL_1);
      |               ^~~~~~~~~~~~~~~~~~~~~
../Core/Src/pwm.c:32:15: note: each undeclared identifier is reported only once for each function it appears in
../Core/Src/pwm.c:46:15: warning: unused variable 'sin_val1' [-Wunused-variable]
   46 |         float sin_val1 = 0.5f + 0.5f * m * sinLUT_Get(idx);
      |               ^~~~~~~~
make: *** [Core/Src/subdir.mk:46: Core/Src/pwm.o] Error 1
"make -j8 all" terminated with exit code 2. Build might be incomplete.
14:42:34 **** Incremental Build of configuration Debug for project PWM_output ****
make -j8 all 
arm-none-eabi-gcc "../Core/Src/pwm.c" -mcpu=cortex-m4 -std=gnu11 -g3 -DDEBUG -DUSE_HAL_DRIVER -DSTM32G491xx -c -I../Core/Inc -I../Drivers/STM32G4xx_HAL_Driver/Inc -I../Drivers/STM32G4xx_HAL_Driver/Inc/Legacy -I../Drivers/CMSIS/Device/ST/STM32G4xx/Include -I../Drivers/CMSIS/Include -O0 -ffunction-sections -fdata-sections -Wall -fstack-usage -fcyclomatic-complexity -MMD -MP -MF"Core/Src/pwm.d" -MT"Core/Src/pwm.o" --specs=nano.specs -mfpu=fpv4-sp-d16 -mfloat-abi=hard -mthumb -o "Core/Src/pwm.o"
../Core/Src/pwm.c: In function 'HAL_TIM_PeriodElapsedCallback':
../Core/Src/pwm.c:44:15: warning: unused variable 'sin_val1' [-Wunused-variable]
   44 |         float sin_val1 = 0.5f + 0.5f * m * sinLUT_Get(idx);
      |               ^~~~~~~~
arm-none-eabi-gcc -o "PWM_output.elf" @"objects.list"   -mcpu=cortex-m4 -T"C:\STM32_projekti\STM32G491-FOC_Motor_Control\STM32G491-FOC_Motor_Control\PWM_output\STM32G491RETX_FLASH.ld" --specs=nosys.specs -Wl,-Map="PWM_output.map" -Wl,--gc-sections -static --specs=nano.specs -mfpu=fpv4-sp-d16 -mfloat-abi=hard -mthumb -Wl,--start-group -lc -lm -Wl,--end-group
Finished building target: PWM_output.elf
 
arm-none-eabi-size  PWM_output.elf 
arm-none-eabi-objdump -h -S PWM_output.elf  > "PWM_output.list"
   text	   data	    bss	    dec	    hex	filename
  47168	     96	   4912	  52176	   cbd0	PWM_output.elf
Finished building: default.size.stdout
 
Finished building: PWM_output.list
 
14:43:28 **** Incremental Build of configuration Debug for project PWM_output ****
make -j8 all 
arm-none-eabi-size  PWM_output.elf 
   text	   data	    bss	    dec	    hex	filename
  47168	     96	   4912	  52176	   cbd0	PWM_output.elf
Finished building: default.size.stdout
 
14:43:52 **** Incremental Build of configuration Debug for project PWM_output ****
make -j8 all 
arm-none-eabi-size  PWM_output.elf 
   text	   data	    bss	    dec	    hex	filename
  47168	     96	   4912	  52176	   cbd0	PWM_output.elf
Finished building: default.size.stdout
 
14:44:04 **** Incremental Build of configuration Debug for project PWM_output ****
make -j8 all 
arm-none-eabi-size  PWM_output.elf 
   text	   data	    bss	    dec	    hex	filename
  47168	     96	   4912	  52176	   cbd0	PWM_output.elf
Finished building: default.size.stdout
 
14:46:33 **** Incremental Build of configuration Debug for project PWM_output ****
make -j8 all 
arm-none-eabi-gcc "../Core/Src/pwm.c" -mcpu=cortex-m4 -std=gnu11 -g3 -DDEBUG -DUSE_HAL_DRIVER -DSTM32G491xx -c -I../Core/Inc -I../Drivers/STM32G4xx_HAL_Driver/Inc -I../Drivers/STM32G4xx_HAL_Driver/Inc/Legacy -I../Drivers/CMSIS/Device/ST/STM32G4xx/Include -I../Drivers/CMSIS/Include -O0 -ffunction-sections -fdata-sections -Wall -fstack-usage -fcyclomatic-complexity -MMD -MP -MF"Core/Src/pwm.d" -MT"Core/Src/pwm.o" --specs=nano.specs -mfpu=fpv4-sp-d16 -mfloat-abi=hard -mthumb -o "Core/Src/pwm.o"
../Core/Src/pwm.c: In function 'HAL_TIM_PeriodElapsedCallback':
../Core/Src/pwm.c:45:15: warning: unused variable 'sin_val1' [-Wunused-variable]
   45 |         float sin_val1 = 0.5f + 0.5f * m * sinLUT_Get(idx);
      |               ^~~~~~~~
arm-none-eabi-gcc -o "PWM_output.elf" @"objects.list"   -mcpu=cortex-m4 -T"C:\STM32_projekti\STM32G491-FOC_Motor_Control\STM32G491-FOC_Motor_Control\PWM_output\STM32G491RETX_FLASH.ld" --specs=nosys.specs -Wl,-Map="PWM_output.map" -Wl,--gc-sections -static --specs=nano.specs -mfpu=fpv4-sp-d16 -mfloat-abi=hard -mthumb -Wl,--start-group -lc -lm -Wl,--end-group
Finished building target: PWM_output.elf
 
arm-none-eabi-size  PWM_output.elf 
arm-none-eabi-objdump -h -S PWM_output.elf  > "PWM_output.list"
   text	   data	    bss	    dec	    hex	filename
  47168	     96	   4912	  52176	   cbd0	PWM_output.elf
Finished building: default.size.stdout
 
Finished building: PWM_output.list
 
14:46:48 **** Incremental Build of configuration Debug for project PWM_output ****
make -j8 all 
arm-none-eabi-size  PWM_output.elf 
   text	   data	    bss	    dec	    hex	filename
  47168	     96	   4912	  52176	   cbd0	PWM_output.elf
Finished building: default.size.stdout
 
14:47:06 **** Incremental Build of configuration Debug for project PWM_output ****
make -j8 all 
arm-none-eabi-size  PWM_output.elf 
   text	   data	    bss	    dec	    hex	filename
  47168	     96	   4912	  52176	   cbd0	PWM_output.elf
Finished building: default.size.stdout
 
14:47:19 **** Incremental Build of configuration Debug for project PWM_output ****
make -j8 all 
arm-none-eabi-size  PWM_output.elf 
   text	   data	    bss	    dec	    hex	filename
  47168	     96	   4912	  52176	   cbd0	PWM_output.elf
Finished building: default.size.stdout
 
14:49:23 **** Incremental Build of configuration Debug for project PWM_output ****
make -j8 all 
arm-none-eabi-gcc "../Core/Src/pwm.c" -mcpu=cortex-m4 -std=gnu11 -g3 -DDEBUG -DUSE_HAL_DRIVER -DSTM32G491xx -c -I../Core/Inc -I../Drivers/STM32G4xx_HAL_Driver/Inc -I../Drivers/STM32G4xx_HAL_Driver/Inc/Legacy -I../Drivers/CMSIS/Device/ST/STM32G4xx/Include -I../Drivers/CMSIS/Include -O0 -ffunction-sections -fdata-sections -Wall -fstack-usage -fcyclomatic-complexity -MMD -MP -MF"Core/Src/pwm.d" -MT"Core/Src/pwm.o" --specs=nano.specs -mfpu=fpv4-sp-d16 -mfloat-abi=hard -mthumb -o "Core/Src/pwm.o"
../Core/Src/pwm.c: In function 'HAL_TIM_PeriodElapsedCallback':
../Core/Src/pwm.c:46:15: warning: unused variable 'sin_val1' [-Wunused-variable]
   46 |         float sin_val1 = 0.5f + 0.5f * m * sinLUT_Get(idx);
      |               ^~~~~~~~
arm-none-eabi-gcc -o "PWM_output.elf" @"objects.list"   -mcpu=cortex-m4 -T"C:\STM32_projekti\STM32G491-FOC_Motor_Control\STM32G491-FOC_Motor_Control\PWM_output\STM32G491RETX_FLASH.ld" --specs=nosys.specs -Wl,-Map="PWM_output.map" -Wl,--gc-sections -static --specs=nano.specs -mfpu=fpv4-sp-d16 -mfloat-abi=hard -mthumb -Wl,--start-group -lc -lm -Wl,--end-group
Finished building target: PWM_output.elf
 
arm-none-eabi-size  PWM_output.elf 
arm-none-eabi-objdump -h -S PWM_output.elf  > "PWM_output.list"
   text	   data	    bss	    dec	    hex	filename
  47184	     96	   4920	  52200	   cbe8	PWM_output.elf
Finished building: default.size.stdout
 
Finished building: PWM_output.list
 
14:51:14 **** Incremental Build of configuration Debug for project PWM_output ****
make -j8 all 
arm-none-eabi-gcc "../Core/Src/stm32g4xx_hal_msp.c" -mcpu=cortex-m4 -std=gnu11 -g3 -DDEBUG -DUSE_HAL_DRIVER -DSTM32G491xx -c -I../Core/Inc -I../Drivers/STM32G4xx_HAL_Driver/Inc -I../Drivers/STM32G4xx_HAL_Driver/Inc/Legacy -I../Drivers/CMSIS/Device/ST/STM32G4xx/Include -I../Drivers/CMSIS/Include -O0 -ffunction-sections -fdata-sections -Wall -fstack-usage -fcyclomatic-complexity -MMD -MP -MF"Core/Src/stm32g4xx_hal_msp.d" -MT"Core/Src/stm32g4xx_hal_msp.o" --specs=nano.specs -mfpu=fpv4-sp-d16 -mfloat-abi=hard -mthumb -o "Core/Src/stm32g4xx_hal_msp.o"
arm-none-eabi-gcc "../Core/Src/stm32g4xx_it.c" -mcpu=cortex-m4 -std=gnu11 -g3 -DDEBUG -DUSE_HAL_DRIVER -DSTM32G491xx -c -I../Core/Inc -I../Drivers/STM32G4xx_HAL_Driver/Inc -I../Drivers/STM32G4xx_HAL_Driver/Inc/Legacy -I../Drivers/CMSIS/Device/ST/STM32G4xx/Include -I../Drivers/CMSIS/Include -O0 -ffunction-sections -fdata-sections -Wall -fstack-usage -fcyclomatic-complexity -MMD -MP -MF"Core/Src/stm32g4xx_it.d" -MT"Core/Src/stm32g4xx_it.o" --specs=nano.specs -mfpu=fpv4-sp-d16 -mfloat-abi=hard -mthumb -o "Core/Src/stm32g4xx_it.o"
arm-none-eabi-gcc -o "PWM_output.elf" @"objects.list"   -mcpu=cortex-m4 -T"C:\STM32_projekti\STM32G491-FOC_Motor_Control\STM32G491-FOC_Motor_Control\PWM_output\STM32G491RETX_FLASH.ld" --specs=nosys.specs -Wl,-Map="PWM_output.map" -Wl,--gc-sections -static --specs=nano.specs -mfpu=fpv4-sp-d16 -mfloat-abi=hard -mthumb -Wl,--start-group -lc -lm -Wl,--end-group
Finished building target: PWM_output.elf
 
arm-none-eabi-size  PWM_output.elf 
arm-none-eabi-objdump -h -S PWM_output.elf  > "PWM_output.list"
   text	   data	    bss	    dec	    hex	filename
  47144	     96	   4920	  52160	   cbc0	PWM_output.elf
Finished building: default.size.stdout
 
Finished building: PWM_output.list
 
14:52:48 **** Incremental Build of configuration Debug for project PWM_output ****
make -j8 all 
arm-none-eabi-size  PWM_output.elf 
   text	   data	    bss	    dec	    hex	filename
  47144	     96	   4920	  52160	   cbc0	PWM_output.elf
Finished building: default.size.stdout
 
14:53:15 **** Incremental Build of configuration Debug for project PWM_output ****
make -j8 all 
arm-none-eabi-size  PWM_output.elf 
   text	   data	    bss	    dec	    hex	filename
  47144	     96	   4920	  52160	   cbc0	PWM_output.elf
Finished building: default.size.stdout
 
14:54:30 **** Incremental Build of configuration Debug for project PWM_output ****
make -j8 all 
arm-none-eabi-gcc "../Core/Src/pwm.c" -mcpu=cortex-m4 -std=gnu11 -g3 -DDEBUG -DUSE_HAL_DRIVER -DSTM32G491xx -c -I../Core/Inc -I../Drivers/STM32G4xx_HAL_Driver/Inc -I../Drivers/STM32G4xx_HAL_Driver/Inc/Legacy -I../Drivers/CMSIS/Device/ST/STM32G4xx/Include -I../Drivers/CMSIS/Include -O0 -ffunction-sections -fdata-sections -Wall -fstack-usage -fcyclomatic-complexity -MMD -MP -MF"Core/Src/pwm.d" -MT"Core/Src/pwm.o" --specs=nano.specs -mfpu=fpv4-sp-d16 -mfloat-abi=hard -mthumb -o "Core/Src/pwm.o"
In file included from ../Core/Inc/stm32g4xx_hal_conf.h:344,
                 from ../Drivers/STM32G4xx_HAL_Driver/Inc/stm32g4xx_hal.h:29,
                 from ../Core/Inc/main.h:30,
                 from ../Core/Inc/pwm.h:10,
                 from ../Core/Src/pwm.c:7:
../Core/Src/pwm.c: In function 'HAL_TIM_PeriodElapsedCallback':
../Core/Src/pwm.c:56:52: error: 'ccr2' undeclared (first use in this function); did you mean 'ccr1'?
   56 |         __HAL_TIM_SET_COMPARE(htim, TIM_CHANNEL_2, ccr2);
      |                                                    ^~~~
../Drivers/STM32G4xx_HAL_Driver/Inc/stm32g4xx_hal_tim.h:1672:72: note: in definition of macro '__HAL_TIM_SET_COMPARE'
 1672 |   (((__CHANNEL__) == TIM_CHANNEL_1) ? ((__HANDLE__)->Instance->CCR1 = (__COMPARE__)) :\
      |                                                                        ^~~~~~~~~~~
../Core/Src/pwm.c:56:52: note: each undeclared identifier is reported only once for each function it appears in
   56 |         __HAL_TIM_SET_COMPARE(htim, TIM_CHANNEL_2, ccr2);
      |                                                    ^~~~
../Drivers/STM32G4xx_HAL_Driver/Inc/stm32g4xx_hal_tim.h:1672:72: note: in definition of macro '__HAL_TIM_SET_COMPARE'
 1672 |   (((__CHANNEL__) == TIM_CHANNEL_1) ? ((__HANDLE__)->Instance->CCR1 = (__COMPARE__)) :\
      |                                                                        ^~~~~~~~~~~
../Core/Src/pwm.c:57:52: error: 'ccr3' undeclared (first use in this function); did you mean 'ccr1'?
   57 |         __HAL_TIM_SET_COMPARE(htim, TIM_CHANNEL_3, ccr3);
      |                                                    ^~~~
../Drivers/STM32G4xx_HAL_Driver/Inc/stm32g4xx_hal_tim.h:1672:72: note: in definition of macro '__HAL_TIM_SET_COMPARE'
 1672 |   (((__CHANNEL__) == TIM_CHANNEL_1) ? ((__HANDLE__)->Instance->CCR1 = (__COMPARE__)) :\
      |                                                                        ^~~~~~~~~~~
../Core/Src/pwm.c:27:22: warning: unused variable 'm' [-Wunused-variable]
   27 |         static float m = 0.5f; // < 1, da nije cijela amplituda
      |                      ^
make: *** [Core/Src/subdir.mk:46: Core/Src/pwm.o] Error 1
"make -j8 all" terminated with exit code 2. Build might be incomplete.
14:54:39 **** Incremental Build of configuration Debug for project PWM_output ****
make -j8 all 
arm-none-eabi-gcc "../Core/Src/pwm.c" -mcpu=cortex-m4 -std=gnu11 -g3 -DDEBUG -DUSE_HAL_DRIVER -DSTM32G491xx -c -I../Core/Inc -I../Drivers/STM32G4xx_HAL_Driver/Inc -I../Drivers/STM32G4xx_HAL_Driver/Inc/Legacy -I../Drivers/CMSIS/Device/ST/STM32G4xx/Include -I../Drivers/CMSIS/Include -O0 -ffunction-sections -fdata-sections -Wall -fstack-usage -fcyclomatic-complexity -MMD -MP -MF"Core/Src/pwm.d" -MT"Core/Src/pwm.o" --specs=nano.specs -mfpu=fpv4-sp-d16 -mfloat-abi=hard -mthumb -o "Core/Src/pwm.o"
../Core/Src/pwm.c: In function 'HAL_TIM_PeriodElapsedCallback':
../Core/Src/pwm.c:27:22: warning: unused variable 'm' [-Wunused-variable]
   27 |         static float m = 0.5f; // < 1, da nije cijela amplituda
      |                      ^
arm-none-eabi-gcc -o "PWM_output.elf" @"objects.list"   -mcpu=cortex-m4 -T"C:\STM32_projekti\STM32G491-FOC_Motor_Control\STM32G491-FOC_Motor_Control\PWM_output\STM32G491RETX_FLASH.ld" --specs=nosys.specs -Wl,-Map="PWM_output.map" -Wl,--gc-sections -static --specs=nano.specs -mfpu=fpv4-sp-d16 -mfloat-abi=hard -mthumb -Wl,--start-group -lc -lm -Wl,--end-group
Finished building target: PWM_output.elf
 
arm-none-eabi-size  PWM_output.elf 
arm-none-eabi-objdump -h -S PWM_output.elf  > "PWM_output.list"
   text	   data	    bss	    dec	    hex	filename
  46848	     92	   4916	  51856	   ca90	PWM_output.elf
Finished building: default.size.stdout
 
Finished building: PWM_output.list
 
14:54:55 **** Incremental Build of configuration Debug for project PWM_output ****
make -j8 all 
arm-none-eabi-size  PWM_output.elf 
   text	   data	    bss	    dec	    hex	filename
  46848	     92	   4916	  51856	   ca90	PWM_output.elf
Finished building: default.size.stdout
 
15:02:12 **** Incremental Build of configuration Debug for project PWM_output ****
make -j8 all 
arm-none-eabi-gcc "../Core/Src/pwm.c" -mcpu=cortex-m4 -std=gnu11 -g3 -DDEBUG -DUSE_HAL_DRIVER -DSTM32G491xx -c -I../Core/Inc -I../Drivers/STM32G4xx_HAL_Driver/Inc -I../Drivers/STM32G4xx_HAL_Driver/Inc/Legacy -I../Drivers/CMSIS/Device/ST/STM32G4xx/Include -I../Drivers/CMSIS/Include -O0 -ffunction-sections -fdata-sections -Wall -fstack-usage -fcyclomatic-complexity -MMD -MP -MF"Core/Src/pwm.d" -MT"Core/Src/pwm.o" --specs=nano.specs -mfpu=fpv4-sp-d16 -mfloat-abi=hard -mthumb -o "Core/Src/pwm.o"
../Core/Src/pwm.c: In function 'HAL_TIM_PeriodElapsedCallback':
../Core/Src/pwm.c:27:22: warning: unused variable 'm' [-Wunused-variable]
   27 |         static float m = 0.5f; // < 1, da nije cijela amplituda
      |                      ^
arm-none-eabi-gcc -o "PWM_output.elf" @"objects.list"   -mcpu=cortex-m4 -T"C:\STM32_projekti\STM32G491-FOC_Motor_Control\STM32G491-FOC_Motor_Control\PWM_output\STM32G491RETX_FLASH.ld" --specs=nosys.specs -Wl,-Map="PWM_output.map" -Wl,--gc-sections -static --specs=nano.specs -mfpu=fpv4-sp-d16 -mfloat-abi=hard -mthumb -Wl,--start-group -lc -lm -Wl,--end-group
Finished building target: PWM_output.elf
 
arm-none-eabi-size  PWM_output.elf 
arm-none-eabi-objdump -h -S PWM_output.elf  > "PWM_output.list"
   text	   data	    bss	    dec	    hex	filename
  46864	     92	   4916	  51872	   caa0	PWM_output.elf
Finished building: default.size.stdout
 
Finished building: PWM_output.list
 
15:04:13 **** Incremental Build of configuration Debug for project PWM_output ****
make -j8 all 
arm-none-eabi-gcc "../Core/Src/pwm.c" -mcpu=cortex-m4 -std=gnu11 -g3 -DDEBUG -DUSE_HAL_DRIVER -DSTM32G491xx -c -I../Core/Inc -I../Drivers/STM32G4xx_HAL_Driver/Inc -I../Drivers/STM32G4xx_HAL_Driver/Inc/Legacy -I../Drivers/CMSIS/Device/ST/STM32G4xx/Include -I../Drivers/CMSIS/Include -O0 -ffunction-sections -fdata-sections -Wall -fstack-usage -fcyclomatic-complexity -MMD -MP -MF"Core/Src/pwm.d" -MT"Core/Src/pwm.o" --specs=nano.specs -mfpu=fpv4-sp-d16 -mfloat-abi=hard -mthumb -o "Core/Src/pwm.o"
../Core/Src/pwm.c: In function 'HAL_TIM_PeriodElapsedCallback':
../Core/Src/pwm.c:26:27: error: 'arr' undeclared (first use in this function)
   26 |         } else if (cnt >= arr - 100){
      |                           ^~~
../Core/Src/pwm.c:26:27: note: each undeclared identifier is reported only once for each function it appears in
../Core/Src/pwm.c:32:22: warning: unused variable 'm' [-Wunused-variable]
   32 |         static float m = 0.5f; // < 1, da nije cijela amplituda
      |                      ^
make: *** [Core/Src/subdir.mk:46: Core/Src/pwm.o] Error 1
"make -j8 all" terminated with exit code 2. Build might be incomplete.
15:04:33 **** Incremental Build of configuration Debug for project PWM_output ****
make -j8 all 
arm-none-eabi-gcc "../Core/Src/pwm.c" -mcpu=cortex-m4 -std=gnu11 -g3 -DDEBUG -DUSE_HAL_DRIVER -DSTM32G491xx -c -I../Core/Inc -I../Drivers/STM32G4xx_HAL_Driver/Inc -I../Drivers/STM32G4xx_HAL_Driver/Inc/Legacy -I../Drivers/CMSIS/Device/ST/STM32G4xx/Include -I../Drivers/CMSIS/Include -O0 -ffunction-sections -fdata-sections -Wall -fstack-usage -fcyclomatic-complexity -MMD -MP -MF"Core/Src/pwm.d" -MT"Core/Src/pwm.o" --specs=nano.specs -mfpu=fpv4-sp-d16 -mfloat-abi=hard -mthumb -o "Core/Src/pwm.o"
../Core/Src/pwm.c: In function 'HAL_TIM_PeriodElapsedCallback':
../Core/Src/pwm.c:26:28: error: 'arr' undeclared (first use in this function)
   26 |         } else if (cnt >= (arr - 400)){
      |                            ^~~
../Core/Src/pwm.c:26:28: note: each undeclared identifier is reported only once for each function it appears in
../Core/Src/pwm.c:32:22: warning: unused variable 'm' [-Wunused-variable]
   32 |         static float m = 0.5f; // < 1, da nije cijela amplituda
      |                      ^
make: *** [Core/Src/subdir.mk:46: Core/Src/pwm.o] Error 1
"make -j8 all" terminated with exit code 2. Build might be incomplete.
15:04:55 **** Incremental Build of configuration Debug for project PWM_output ****
make -j8 all 
arm-none-eabi-gcc "../Core/Src/pwm.c" -mcpu=cortex-m4 -std=gnu11 -g3 -DDEBUG -DUSE_HAL_DRIVER -DSTM32G491xx -c -I../Core/Inc -I../Drivers/STM32G4xx_HAL_Driver/Inc -I../Drivers/STM32G4xx_HAL_Driver/Inc/Legacy -I../Drivers/CMSIS/Device/ST/STM32G4xx/Include -I../Drivers/CMSIS/Include -O0 -ffunction-sections -fdata-sections -Wall -fstack-usage -fcyclomatic-complexity -MMD -MP -MF"Core/Src/pwm.d" -MT"Core/Src/pwm.o" --specs=nano.specs -mfpu=fpv4-sp-d16 -mfloat-abi=hard -mthumb -o "Core/Src/pwm.o"
../Core/Src/pwm.c: In function 'HAL_TIM_PeriodElapsedCallback':
../Core/Src/pwm.c:33:22: warning: unused variable 'm' [-Wunused-variable]
   33 |         static float m = 0.5f; // < 1, da nije cijela amplituda
      |                      ^
arm-none-eabi-gcc -o "PWM_output.elf" @"objects.list"   -mcpu=cortex-m4 -T"C:\STM32_projekti\STM32G491-FOC_Motor_Control\STM32G491-FOC_Motor_Control\PWM_output\STM32G491RETX_FLASH.ld" --specs=nosys.specs -Wl,-Map="PWM_output.map" -Wl,--gc-sections -static --specs=nano.specs -mfpu=fpv4-sp-d16 -mfloat-abi=hard -mthumb -Wl,--start-group -lc -lm -Wl,--end-group
Finished building target: PWM_output.elf
 
arm-none-eabi-size  PWM_output.elf 
arm-none-eabi-objdump -h -S PWM_output.elf  > "PWM_output.list"
   text	   data	    bss	    dec	    hex	filename
  46872	     92	   4916	  51880	   caa8	PWM_output.elf
Finished building: default.size.stdout
 
Finished building: PWM_output.list
 
15:08:52 **** Incremental Build of configuration Debug for project PWM_output ****
make -j8 all 
arm-none-eabi-size  PWM_output.elf 
   text	   data	    bss	    dec	    hex	filename
  46872	     92	   4916	  51880	   caa8	PWM_output.elf
Finished building: default.size.stdout
 
15:09:39 **** Incremental Build of configuration Debug for project PWM_output ****
make -j8 all 
arm-none-eabi-gcc "../Core/Src/control.c" -mcpu=cortex-m4 -std=gnu11 -g3 -DDEBUG -DUSE_HAL_DRIVER -DSTM32G491xx -c -I../Core/Inc -I../Drivers/STM32G4xx_HAL_Driver/Inc -I../Drivers/STM32G4xx_HAL_Driver/Inc/Legacy -I../Drivers/CMSIS/Device/ST/STM32G4xx/Include -I../Drivers/CMSIS/Include -O0 -ffunction-sections -fdata-sections -Wall -fstack-usage -fcyclomatic-complexity -MMD -MP -MF"Core/Src/control.d" -MT"Core/Src/control.o" --specs=nano.specs -mfpu=fpv4-sp-d16 -mfloat-abi=hard -mthumb -o "Core/Src/control.o"
In file included from ../Core/Inc/stm32g4xx_hal_conf.h:344,
                 from ../Drivers/STM32G4xx_HAL_Driver/Inc/stm32g4xx_hal.h:29,
                 from ../Core/Inc/main.h:30,
                 from ../Core/Inc/pwm.h:10,
                 from ../Core/Src/control.c:8:
../Core/Src/control.c: In function 'HAL_GPIO_EXTI_Callback':
../Core/Src/control.c:88:47: error: 'htim' undeclared (first use in this function)
   88 |         uint32_t cntx = __HAL_TIM_GET_COUNTER(htim);
      |                                               ^~~~
../Drivers/STM32G4xx_HAL_Driver/Inc/stm32g4xx_hal_tim.h:1564:46: note: in definition of macro '__HAL_TIM_GET_COUNTER'
 1564 | #define __HAL_TIM_GET_COUNTER(__HANDLE__)  ((__HANDLE__)->Instance->CNT)
      |                                              ^~~~~~~~~~
../Core/Src/control.c:88:47: note: each undeclared identifier is reported only once for each function it appears in
   88 |         uint32_t cntx = __HAL_TIM_GET_COUNTER(htim);
      |                                               ^~~~
../Drivers/STM32G4xx_HAL_Driver/Inc/stm32g4xx_hal_tim.h:1564:46: note: in definition of macro '__HAL_TIM_GET_COUNTER'
 1564 | #define __HAL_TIM_GET_COUNTER(__HANDLE__)  ((__HANDLE__)->Instance->CNT)
      |                                              ^~~~~~~~~~
../Core/Src/control.c:87:18: warning: unused variable 'ccr1x' [-Wunused-variable]
   87 |         uint32_t ccr1x = __HAL_TIM_GET_COMPARE(s_htim_pwm, TIM_CHANNEL_1);
      |                  ^~~~~
make: *** [Core/Src/subdir.mk:46: Core/Src/control.o] Error 1
"make -j8 all" terminated with exit code 2. Build might be incomplete.
15:09:52 **** Incremental Build of configuration Debug for project PWM_output ****
make -j8 all 
arm-none-eabi-gcc "../Core/Src/control.c" -mcpu=cortex-m4 -std=gnu11 -g3 -DDEBUG -DUSE_HAL_DRIVER -DSTM32G491xx -c -I../Core/Inc -I../Drivers/STM32G4xx_HAL_Driver/Inc -I../Drivers/STM32G4xx_HAL_Driver/Inc/Legacy -I../Drivers/CMSIS/Device/ST/STM32G4xx/Include -I../Drivers/CMSIS/Include -O0 -ffunction-sections -fdata-sections -Wall -fstack-usage -fcyclomatic-complexity -MMD -MP -MF"Core/Src/control.d" -MT"Core/Src/control.o" --specs=nano.specs -mfpu=fpv4-sp-d16 -mfloat-abi=hard -mthumb -o "Core/Src/control.o"
../Core/Src/control.c: In function 'HAL_GPIO_EXTI_Callback':
../Core/Src/control.c:87:18: warning: unused variable 'ccr1x' [-Wunused-variable]
   87 |         uint32_t ccr1x = __HAL_TIM_GET_COMPARE(s_htim_pwm, TIM_CHANNEL_1);
      |                  ^~~~~
arm-none-eabi-gcc -o "PWM_output.elf" @"objects.list"   -mcpu=cortex-m4 -T"C:\STM32_projekti\STM32G491-FOC_Motor_Control\STM32G491-FOC_Motor_Control\PWM_output\STM32G491RETX_FLASH.ld" --specs=nosys.specs -Wl,-Map="PWM_output.map" -Wl,--gc-sections -static --specs=nano.specs -mfpu=fpv4-sp-d16 -mfloat-abi=hard -mthumb -Wl,--start-group -lc -lm -Wl,--end-group
Finished building target: PWM_output.elf
 
arm-none-eabi-size  PWM_output.elf 
arm-none-eabi-objdump -h -S PWM_output.elf  > "PWM_output.list"
   text	   data	    bss	    dec	    hex	filename
  46880	     92	   4916	  51888	   cab0	PWM_output.elf
Finished building: default.size.stdout
 
Finished building: PWM_output.list
 
15:12:47 **** Incremental Build of configuration Debug for project PWM_output ****
make -j8 all 
arm-none-eabi-gcc "../Core/Src/pwm.c" -mcpu=cortex-m4 -std=gnu11 -g3 -DDEBUG -DUSE_HAL_DRIVER -DSTM32G491xx -c -I../Core/Inc -I../Drivers/STM32G4xx_HAL_Driver/Inc -I../Drivers/STM32G4xx_HAL_Driver/Inc/Legacy -I../Drivers/CMSIS/Device/ST/STM32G4xx/Include -I../Drivers/CMSIS/Include -O0 -ffunction-sections -fdata-sections -Wall -fstack-usage -fcyclomatic-complexity -MMD -MP -MF"Core/Src/pwm.d" -MT"Core/Src/pwm.o" --specs=nano.specs -mfpu=fpv4-sp-d16 -mfloat-abi=hard -mthumb -o "Core/Src/pwm.o"
../Core/Src/pwm.c: In function 'HAL_TIM_PeriodElapsedCallback':
../Core/Src/pwm.c:38:22: warning: unused variable 'm' [-Wunused-variable]
   38 |         static float m = 0.5f; // < 1, da nije cijela amplituda
      |                      ^
arm-none-eabi-gcc -o "PWM_output.elf" @"objects.list"   -mcpu=cortex-m4 -T"C:\STM32_projekti\STM32G491-FOC_Motor_Control\STM32G491-FOC_Motor_Control\PWM_output\STM32G491RETX_FLASH.ld" --specs=nosys.specs -Wl,-Map="PWM_output.map" -Wl,--gc-sections -static --specs=nano.specs -mfpu=fpv4-sp-d16 -mfloat-abi=hard -mthumb -Wl,--start-group -lc -lm -Wl,--end-group
Finished building target: PWM_output.elf
 
arm-none-eabi-size  PWM_output.elf 
arm-none-eabi-objdump -h -S PWM_output.elf  > "PWM_output.list"
   text	   data	    bss	    dec	    hex	filename
  46896	     92	   4924	  51912	   cac8	PWM_output.elf
Finished building: default.size.stdout
 
Finished building: PWM_output.list
 
15:14:34 **** Incremental Build of configuration Debug for project PWM_output ****
make -j8 all 
arm-none-eabi-gcc "../Core/Src/pwm.c" -mcpu=cortex-m4 -std=gnu11 -g3 -DDEBUG -DUSE_HAL_DRIVER -DSTM32G491xx -c -I../Core/Inc -I../Drivers/STM32G4xx_HAL_Driver/Inc -I../Drivers/STM32G4xx_HAL_Driver/Inc/Legacy -I../Drivers/CMSIS/Device/ST/STM32G4xx/Include -I../Drivers/CMSIS/Include -O0 -ffunction-sections -fdata-sections -Wall -fstack-usage -fcyclomatic-complexity -MMD -MP -MF"Core/Src/pwm.d" -MT"Core/Src/pwm.o" --specs=nano.specs -mfpu=fpv4-sp-d16 -mfloat-abi=hard -mthumb -o "Core/Src/pwm.o"
../Core/Src/pwm.c: In function 'HAL_TIM_PeriodElapsedCallback':
../Core/Src/pwm.c:35:22: warning: unused variable 'm' [-Wunused-variable]
   35 |         static float m = 0.5f; // < 1, da nije cijela amplituda
      |                      ^
arm-none-eabi-gcc -o "PWM_output.elf" @"objects.list"   -mcpu=cortex-m4 -T"C:\STM32_projekti\STM32G491-FOC_Motor_Control\STM32G491-FOC_Motor_Control\PWM_output\STM32G491RETX_FLASH.ld" --specs=nosys.specs -Wl,-Map="PWM_output.map" -Wl,--gc-sections -static --specs=nano.specs -mfpu=fpv4-sp-d16 -mfloat-abi=hard -mthumb -Wl,--start-group -lc -lm -Wl,--end-group
Finished building target: PWM_output.elf
 
arm-none-eabi-size  PWM_output.elf 
arm-none-eabi-objdump -h -S PWM_output.elf  > "PWM_output.list"
   text	   data	    bss	    dec	    hex	filename
  46896	     92	   4924	  51912	   cac8	PWM_output.elf
Finished building: default.size.stdout
 
Finished building: PWM_output.list
 
15:16:43 **** Incremental Build of configuration Debug for project PWM_output ****
make -j8 all 
arm-none-eabi-gcc "../Core/Src/pwm.c" -mcpu=cortex-m4 -std=gnu11 -g3 -DDEBUG -DUSE_HAL_DRIVER -DSTM32G491xx -c -I../Core/Inc -I../Drivers/STM32G4xx_HAL_Driver/Inc -I../Drivers/STM32G4xx_HAL_Driver/Inc/Legacy -I../Drivers/CMSIS/Device/ST/STM32G4xx/Include -I../Drivers/CMSIS/Include -O0 -ffunction-sections -fdata-sections -Wall -fstack-usage -fcyclomatic-complexity -MMD -MP -MF"Core/Src/pwm.d" -MT"Core/Src/pwm.o" --specs=nano.specs -mfpu=fpv4-sp-d16 -mfloat-abi=hard -mthumb -o "Core/Src/pwm.o"
../Core/Src/pwm.c: In function 'HAL_TIM_PeriodElapsedCallback':
../Core/Src/pwm.c:38:22: warning: unused variable 'm' [-Wunused-variable]
   38 |         static float m = 0.5f; // < 1, da nije cijela amplituda
      |                      ^
arm-none-eabi-gcc -o "PWM_output.elf" @"objects.list"   -mcpu=cortex-m4 -T"C:\STM32_projekti\STM32G491-FOC_Motor_Control\STM32G491-FOC_Motor_Control\PWM_output\STM32G491RETX_FLASH.ld" --specs=nosys.specs -Wl,-Map="PWM_output.map" -Wl,--gc-sections -static --specs=nano.specs -mfpu=fpv4-sp-d16 -mfloat-abi=hard -mthumb -Wl,--start-group -lc -lm -Wl,--end-group
Finished building target: PWM_output.elf
 
arm-none-eabi-size  PWM_output.elf 
arm-none-eabi-objdump -h -S PWM_output.elf  > "PWM_output.list"
   text	   data	    bss	    dec	    hex	filename
  46864	     92	   4924	  51880	   caa8	PWM_output.elf
Finished building: default.size.stdout
 
Finished building: PWM_output.list
 
15:22:24 **** Incremental Build of configuration Debug for project PWM_output ****
make -j8 all 
arm-none-eabi-gcc "../Core/Src/pwm.c" -mcpu=cortex-m4 -std=gnu11 -g3 -DDEBUG -DUSE_HAL_DRIVER -DSTM32G491xx -c -I../Core/Inc -I../Drivers/STM32G4xx_HAL_Driver/Inc -I../Drivers/STM32G4xx_HAL_Driver/Inc/Legacy -I../Drivers/CMSIS/Device/ST/STM32G4xx/Include -I../Drivers/CMSIS/Include -O0 -ffunction-sections -fdata-sections -Wall -fstack-usage -fcyclomatic-complexity -MMD -MP -MF"Core/Src/pwm.d" -MT"Core/Src/pwm.o" --specs=nano.specs -mfpu=fpv4-sp-d16 -mfloat-abi=hard -mthumb -o "Core/Src/pwm.o"
../Core/Src/pwm.c: In function 'HAL_TIM_PeriodElapsedCallback':
../Core/Src/pwm.c:38:22: warning: unused variable 'm' [-Wunused-variable]
   38 |         static float m = 0.5f; // < 1, da nije cijela amplituda
      |                      ^
arm-none-eabi-gcc -o "PWM_output.elf" @"objects.list"   -mcpu=cortex-m4 -T"C:\STM32_projekti\STM32G491-FOC_Motor_Control\STM32G491-FOC_Motor_Control\PWM_output\STM32G491RETX_FLASH.ld" --specs=nosys.specs -Wl,-Map="PWM_output.map" -Wl,--gc-sections -static --specs=nano.specs -mfpu=fpv4-sp-d16 -mfloat-abi=hard -mthumb -Wl,--start-group -lc -lm -Wl,--end-group
Finished building target: PWM_output.elf
 
arm-none-eabi-size  PWM_output.elf 
arm-none-eabi-objdump -h -S PWM_output.elf  > "PWM_output.list"
   text	   data	    bss	    dec	    hex	filename
  46856	     92	   4924	  51872	   caa0	PWM_output.elf
Finished building: default.size.stdout
 
Finished building: PWM_output.list
 
15:23:04 **** Incremental Build of configuration Debug for project PWM_output ****
make -j8 all 
arm-none-eabi-gcc "../Core/Src/pwm.c" -mcpu=cortex-m4 -std=gnu11 -g3 -DDEBUG -DUSE_HAL_DRIVER -DSTM32G491xx -c -I../Core/Inc -I../Drivers/STM32G4xx_HAL_Driver/Inc -I../Drivers/STM32G4xx_HAL_Driver/Inc/Legacy -I../Drivers/CMSIS/Device/ST/STM32G4xx/Include -I../Drivers/CMSIS/Include -O0 -ffunction-sections -fdata-sections -Wall -fstack-usage -fcyclomatic-complexity -MMD -MP -MF"Core/Src/pwm.d" -MT"Core/Src/pwm.o" --specs=nano.specs -mfpu=fpv4-sp-d16 -mfloat-abi=hard -mthumb -o "Core/Src/pwm.o"
../Core/Src/pwm.c: In function 'HAL_TIM_PeriodElapsedCallback':
../Core/Src/pwm.c:38:22: warning: unused variable 'm' [-Wunused-variable]
   38 |         static float m = 0.5f; // < 1, da nije cijela amplituda
      |                      ^
arm-none-eabi-gcc -o "PWM_output.elf" @"objects.list"   -mcpu=cortex-m4 -T"C:\STM32_projekti\STM32G491-FOC_Motor_Control\STM32G491-FOC_Motor_Control\PWM_output\STM32G491RETX_FLASH.ld" --specs=nosys.specs -Wl,-Map="PWM_output.map" -Wl,--gc-sections -static --specs=nano.specs -mfpu=fpv4-sp-d16 -mfloat-abi=hard -mthumb -Wl,--start-group -lc -lm -Wl,--end-group
Finished building target: PWM_output.elf
 
arm-none-eabi-size  PWM_output.elf 
arm-none-eabi-objdump -h -S PWM_output.elf  > "PWM_output.list"
   text	   data	    bss	    dec	    hex	filename
  46856	     92	   4924	  51872	   caa0	PWM_output.elf
Finished building: default.size.stdout
 
Finished building: PWM_output.list
 
15:24:04 **** Incremental Build of configuration Debug for project PWM_output ****
make -j8 all 
arm-none-eabi-gcc "../Core/Src/pwm.c" -mcpu=cortex-m4 -std=gnu11 -g3 -DDEBUG -DUSE_HAL_DRIVER -DSTM32G491xx -c -I../Core/Inc -I../Drivers/STM32G4xx_HAL_Driver/Inc -I../Drivers/STM32G4xx_HAL_Driver/Inc/Legacy -I../Drivers/CMSIS/Device/ST/STM32G4xx/Include -I../Drivers/CMSIS/Include -O0 -ffunction-sections -fdata-sections -Wall -fstack-usage -fcyclomatic-complexity -MMD -MP -MF"Core/Src/pwm.d" -MT"Core/Src/pwm.o" --specs=nano.specs -mfpu=fpv4-sp-d16 -mfloat-abi=hard -mthumb -o "Core/Src/pwm.o"
../Core/Src/pwm.c: In function 'HAL_TIM_PeriodElapsedCallback':
../Core/Src/pwm.c:38:22: warning: unused variable 'm' [-Wunused-variable]
   38 |         static float m = 0.5f; // < 1, da nije cijela amplituda
      |                      ^
arm-none-eabi-gcc -o "PWM_output.elf" @"objects.list"   -mcpu=cortex-m4 -T"C:\STM32_projekti\STM32G491-FOC_Motor_Control\STM32G491-FOC_Motor_Control\PWM_output\STM32G491RETX_FLASH.ld" --specs=nosys.specs -Wl,-Map="PWM_output.map" -Wl,--gc-sections -static --specs=nano.specs -mfpu=fpv4-sp-d16 -mfloat-abi=hard -mthumb -Wl,--start-group -lc -lm -Wl,--end-group
Finished building target: PWM_output.elf
 
arm-none-eabi-size  PWM_output.elf 
arm-none-eabi-objdump -h -S PWM_output.elf  > "PWM_output.list"
   text	   data	    bss	    dec	    hex	filename
  46856	     92	   4924	  51872	   caa0	PWM_output.elf
Finished building: default.size.stdout
 
Finished building: PWM_output.list
 
15:34:02 **** Incremental Build of configuration Debug for project PWM_output ****
make -j8 all 
arm-none-eabi-gcc "../Core/Src/pwm.c" -mcpu=cortex-m4 -std=gnu11 -g3 -DDEBUG -DUSE_HAL_DRIVER -DSTM32G491xx -c -I../Core/Inc -I../Drivers/STM32G4xx_HAL_Driver/Inc -I../Drivers/STM32G4xx_HAL_Driver/Inc/Legacy -I../Drivers/CMSIS/Device/ST/STM32G4xx/Include -I../Drivers/CMSIS/Include -O0 -ffunction-sections -fdata-sections -Wall -fstack-usage -fcyclomatic-complexity -MMD -MP -MF"Core/Src/pwm.d" -MT"Core/Src/pwm.o" --specs=nano.specs -mfpu=fpv4-sp-d16 -mfloat-abi=hard -mthumb -o "Core/Src/pwm.o"
arm-none-eabi-gcc "../Core/Src/stm32g4xx_hal_msp.c" -mcpu=cortex-m4 -std=gnu11 -g3 -DDEBUG -DUSE_HAL_DRIVER -DSTM32G491xx -c -I../Core/Inc -I../Drivers/STM32G4xx_HAL_Driver/Inc -I../Drivers/STM32G4xx_HAL_Driver/Inc/Legacy -I../Drivers/CMSIS/Device/ST/STM32G4xx/Include -I../Drivers/CMSIS/Include -O0 -ffunction-sections -fdata-sections -Wall -fstack-usage -fcyclomatic-complexity -MMD -MP -MF"Core/Src/stm32g4xx_hal_msp.d" -MT"Core/Src/stm32g4xx_hal_msp.o" --specs=nano.specs -mfpu=fpv4-sp-d16 -mfloat-abi=hard -mthumb -o "Core/Src/stm32g4xx_hal_msp.o"
arm-none-eabi-gcc "../Core/Src/stm32g4xx_it.c" -mcpu=cortex-m4 -std=gnu11 -g3 -DDEBUG -DUSE_HAL_DRIVER -DSTM32G491xx -c -I../Core/Inc -I../Drivers/STM32G4xx_HAL_Driver/Inc -I../Drivers/STM32G4xx_HAL_Driver/Inc/Legacy -I../Drivers/CMSIS/Device/ST/STM32G4xx/Include -I../Drivers/CMSIS/Include -O0 -ffunction-sections -fdata-sections -Wall -fstack-usage -fcyclomatic-complexity -MMD -MP -MF"Core/Src/stm32g4xx_it.d" -MT"Core/Src/stm32g4xx_it.o" --specs=nano.specs -mfpu=fpv4-sp-d16 -mfloat-abi=hard -mthumb -o "Core/Src/stm32g4xx_it.o"
../Core/Src/pwm.c: In function 'HAL_TIM_PeriodElapsedCallback':
../Core/Src/pwm.c:38:22: warning: unused variable 'm' [-Wunused-variable]
   38 |         static float m = 0.5f; // < 1, da nije cijela amplituda
      |                      ^
arm-none-eabi-gcc -o "PWM_output.elf" @"objects.list"   -mcpu=cortex-m4 -T"C:\STM32_projekti\STM32G491-FOC_Motor_Control\STM32G491-FOC_Motor_Control\PWM_output\STM32G491RETX_FLASH.ld" --specs=nosys.specs -Wl,-Map="PWM_output.map" -Wl,--gc-sections -static --specs=nano.specs -mfpu=fpv4-sp-d16 -mfloat-abi=hard -mthumb -Wl,--start-group -lc -lm -Wl,--end-group
Finished building target: PWM_output.elf
 
arm-none-eabi-size  PWM_output.elf 
arm-none-eabi-objdump -h -S PWM_output.elf  > "PWM_output.list"
   text	   data	    bss	    dec	    hex	filename
  46888	     92	   4924	  51904	   cac0	PWM_output.elf
Finished building: default.size.stdout
 
Finished building: PWM_output.list
 
15:36:52 **** Incremental Build of configuration Debug for project PWM_output ****
make -j8 all 
arm-none-eabi-gcc "../Core/Src/pwm.c" -mcpu=cortex-m4 -std=gnu11 -g3 -DDEBUG -DUSE_HAL_DRIVER -DSTM32G491xx -c -I../Core/Inc -I../Drivers/STM32G4xx_HAL_Driver/Inc -I../Drivers/STM32G4xx_HAL_Driver/Inc/Legacy -I../Drivers/CMSIS/Device/ST/STM32G4xx/Include -I../Drivers/CMSIS/Include -O0 -ffunction-sections -fdata-sections -Wall -fstack-usage -fcyclomatic-complexity -MMD -MP -MF"Core/Src/pwm.d" -MT"Core/Src/pwm.o" --specs=nano.specs -mfpu=fpv4-sp-d16 -mfloat-abi=hard -mthumb -o "Core/Src/pwm.o"
../Core/Src/pwm.c: In function 'HAL_TIM_PeriodElapsedCallback':
../Core/Src/pwm.c:38:22: warning: unused variable 'm' [-Wunused-variable]
   38 |         static float m = 0.5f; // < 1, da nije cijela amplituda
      |                      ^
arm-none-eabi-gcc -o "PWM_output.elf" @"objects.list"   -mcpu=cortex-m4 -T"C:\STM32_projekti\STM32G491-FOC_Motor_Control\STM32G491-FOC_Motor_Control\PWM_output\STM32G491RETX_FLASH.ld" --specs=nosys.specs -Wl,-Map="PWM_output.map" -Wl,--gc-sections -static --specs=nano.specs -mfpu=fpv4-sp-d16 -mfloat-abi=hard -mthumb -Wl,--start-group -lc -lm -Wl,--end-group
Finished building target: PWM_output.elf
 
arm-none-eabi-size  PWM_output.elf 
arm-none-eabi-objdump -h -S PWM_output.elf  > "PWM_output.list"
   text	   data	    bss	    dec	    hex	filename
  46880	     92	   4924	  51896	   cab8	PWM_output.elf
Finished building: default.size.stdout
 
Finished building: PWM_output.list
 
15:41:22 **** Incremental Build of configuration Debug for project PWM_output ****
make -j8 all 
arm-none-eabi-gcc "../Core/Src/pwm.c" -mcpu=cortex-m4 -std=gnu11 -g3 -DDEBUG -DUSE_HAL_DRIVER -DSTM32G491xx -c -I../Core/Inc -I../Drivers/STM32G4xx_HAL_Driver/Inc -I../Drivers/STM32G4xx_HAL_Driver/Inc/Legacy -I../Drivers/CMSIS/Device/ST/STM32G4xx/Include -I../Drivers/CMSIS/Include -O0 -ffunction-sections -fdata-sections -Wall -fstack-usage -fcyclomatic-complexity -MMD -MP -MF"Core/Src/pwm.d" -MT"Core/Src/pwm.o" --specs=nano.specs -mfpu=fpv4-sp-d16 -mfloat-abi=hard -mthumb -o "Core/Src/pwm.o"
../Core/Src/pwm.c: In function 'HAL_TIM_PeriodElapsedCallback':
../Core/Src/pwm.c:32:22: warning: unused variable 'm' [-Wunused-variable]
   32 |         static float m = 0.5f; // < 1, da nije cijela amplituda
      |                      ^
../Core/Src/pwm.c:23:25: warning: variable 'arr' set but not used [-Wunused-but-set-variable]
   23 |         static uint32_t arr = 0;
      |                         ^~~
../Core/Src/pwm.c:22:25: warning: variable 'cnt' set but not used [-Wunused-but-set-variable]
   22 |         static uint32_t cnt = 0;
      |                         ^~~
arm-none-eabi-gcc -o "PWM_output.elf" @"objects.list"   -mcpu=cortex-m4 -T"C:\STM32_projekti\STM32G491-FOC_Motor_Control\STM32G491-FOC_Motor_Control\PWM_output\STM32G491RETX_FLASH.ld" --specs=nosys.specs -Wl,-Map="PWM_output.map" -Wl,--gc-sections -static --specs=nano.specs -mfpu=fpv4-sp-d16 -mfloat-abi=hard -mthumb -Wl,--start-group -lc -lm -Wl,--end-group
Finished building target: PWM_output.elf
 
arm-none-eabi-size  PWM_output.elf 
arm-none-eabi-objdump -h -S PWM_output.elf  > "PWM_output.list"
   text	   data	    bss	    dec	    hex	filename
  46880	     92	   4924	  51896	   cab8	PWM_output.elf
Finished building: default.size.stdout
 
Finished building: PWM_output.list
 
15:43:33 **** Incremental Build of configuration Debug for project PWM_output ****
make -j8 all 
arm-none-eabi-gcc "../Core/Src/pwm.c" -mcpu=cortex-m4 -std=gnu11 -g3 -DDEBUG -DUSE_HAL_DRIVER -DSTM32G491xx -c -I../Core/Inc -I../Drivers/STM32G4xx_HAL_Driver/Inc -I../Drivers/STM32G4xx_HAL_Driver/Inc/Legacy -I../Drivers/CMSIS/Device/ST/STM32G4xx/Include -I../Drivers/CMSIS/Include -O0 -ffunction-sections -fdata-sections -Wall -fstack-usage -fcyclomatic-complexity -MMD -MP -MF"Core/Src/pwm.d" -MT"Core/Src/pwm.o" --specs=nano.specs -mfpu=fpv4-sp-d16 -mfloat-abi=hard -mthumb -o "Core/Src/pwm.o"
../Core/Src/pwm.c: In function 'HAL_TIM_PeriodElapsedCallback':
../Core/Src/pwm.c:43:18: error: redefinition of 'ccr1'
   43 |         uint32_t ccr1 = (uint32_t) (sin_val1 * (float)arr);
      |                  ^~~~
../Core/Src/pwm.c:24:25: note: previous definition of 'ccr1' with type 'uint32_t' {aka 'long unsigned int'}
   24 |         static uint32_t ccr1 = 0;
      |                         ^~~~
../Core/Src/pwm.c:52:13: error: 'dir' undeclared (first use in this function); did you mean 'div'?
   52 |         if (dir == 0){
      |             ^~~
      |             div
../Core/Src/pwm.c:52:13: note: each undeclared identifier is reported only once for each function it appears in
../Core/Src/pwm.c:22:25: warning: variable 'cnt' set but not used [-Wunused-but-set-variable]
   22 |         static uint32_t cnt = 0;
      |                         ^~~
make: *** [Core/Src/subdir.mk:46: Core/Src/pwm.o] Error 1
"make -j8 all" terminated with exit code 2. Build might be incomplete.
15:43:55 **** Incremental Build of configuration Debug for project PWM_output ****
make -j8 all 
arm-none-eabi-gcc "../Core/Src/pwm.c" -mcpu=cortex-m4 -std=gnu11 -g3 -DDEBUG -DUSE_HAL_DRIVER -DSTM32G491xx -c -I../Core/Inc -I../Drivers/STM32G4xx_HAL_Driver/Inc -I../Drivers/STM32G4xx_HAL_Driver/Inc/Legacy -I../Drivers/CMSIS/Device/ST/STM32G4xx/Include -I../Drivers/CMSIS/Include -O0 -ffunction-sections -fdata-sections -Wall -fstack-usage -fcyclomatic-complexity -MMD -MP -MF"Core/Src/pwm.d" -MT"Core/Src/pwm.o" --specs=nano.specs -mfpu=fpv4-sp-d16 -mfloat-abi=hard -mthumb -o "Core/Src/pwm.o"
../Core/Src/pwm.c: In function 'HAL_TIM_PeriodElapsedCallback':
../Core/Src/pwm.c:22:25: warning: variable 'cnt' set but not used [-Wunused-but-set-variable]
   22 |         static uint32_t cnt = 0;
      |                         ^~~
arm-none-eabi-gcc -o "PWM_output.elf" @"objects.list"   -mcpu=cortex-m4 -T"C:\STM32_projekti\STM32G491-FOC_Motor_Control\STM32G491-FOC_Motor_Control\PWM_output\STM32G491RETX_FLASH.ld" --specs=nosys.specs -Wl,-Map="PWM_output.map" -Wl,--gc-sections -static --specs=nano.specs -mfpu=fpv4-sp-d16 -mfloat-abi=hard -mthumb -Wl,--start-group -lc -lm -Wl,--end-group
Finished building target: PWM_output.elf
 
arm-none-eabi-size  PWM_output.elf 
arm-none-eabi-objdump -h -S PWM_output.elf  > "PWM_output.list"
   text	   data	    bss	    dec	    hex	filename
  47168	     96	   4920	  52184	   cbd8	PWM_output.elf
Finished building: default.size.stdout
 
Finished building: PWM_output.list
 
15:45:38 **** Incremental Build of configuration Debug for project PWM_output ****
make -j8 all 
arm-none-eabi-gcc "../Core/Src/pwm.c" -mcpu=cortex-m4 -std=gnu11 -g3 -DDEBUG -DUSE_HAL_DRIVER -DSTM32G491xx -c -I../Core/Inc -I../Drivers/STM32G4xx_HAL_Driver/Inc -I../Drivers/STM32G4xx_HAL_Driver/Inc/Legacy -I../Drivers/CMSIS/Device/ST/STM32G4xx/Include -I../Drivers/CMSIS/Include -O0 -ffunction-sections -fdata-sections -Wall -fstack-usage -fcyclomatic-complexity -MMD -MP -MF"Core/Src/pwm.d" -MT"Core/Src/pwm.o" --specs=nano.specs -mfpu=fpv4-sp-d16 -mfloat-abi=hard -mthumb -o "Core/Src/pwm.o"
../Core/Src/pwm.c: In function 'HAL_TIM_PeriodElapsedCallback':
../Core/Src/pwm.c:22:25: warning: variable 'cnt' set but not used [-Wunused-but-set-variable]
   22 |         static uint32_t cnt = 0;
      |                         ^~~
arm-none-eabi-gcc -o "PWM_output.elf" @"objects.list"   -mcpu=cortex-m4 -T"C:\STM32_projekti\STM32G491-FOC_Motor_Control\STM32G491-FOC_Motor_Control\PWM_output\STM32G491RETX_FLASH.ld" --specs=nosys.specs -Wl,-Map="PWM_output.map" -Wl,--gc-sections -static --specs=nano.specs -mfpu=fpv4-sp-d16 -mfloat-abi=hard -mthumb -Wl,--start-group -lc -lm -Wl,--end-group
Finished building target: PWM_output.elf
 
arm-none-eabi-size  PWM_output.elf 
arm-none-eabi-objdump -h -S PWM_output.elf  > "PWM_output.list"
   text	   data	    bss	    dec	    hex	filename
  47192	     96	   4936	  52224	   cc00	PWM_output.elf
Finished building: default.size.stdout
 
Finished building: PWM_output.list
 
15:49:15 **** Incremental Build of configuration Debug for project PWM_output ****
make -j8 all 
arm-none-eabi-gcc "../Core/Src/pwm.c" -mcpu=cortex-m4 -std=gnu11 -g3 -DDEBUG -DUSE_HAL_DRIVER -DSTM32G491xx -c -I../Core/Inc -I../Drivers/STM32G4xx_HAL_Driver/Inc -I../Drivers/STM32G4xx_HAL_Driver/Inc/Legacy -I../Drivers/CMSIS/Device/ST/STM32G4xx/Include -I../Drivers/CMSIS/Include -O0 -ffunction-sections -fdata-sections -Wall -fstack-usage -fcyclomatic-complexity -MMD -MP -MF"Core/Src/pwm.d" -MT"Core/Src/pwm.o" --specs=nano.specs -mfpu=fpv4-sp-d16 -mfloat-abi=hard -mthumb -o "Core/Src/pwm.o"
arm-none-eabi-gcc -o "PWM_output.elf" @"objects.list"   -mcpu=cortex-m4 -T"C:\STM32_projekti\STM32G491-FOC_Motor_Control\STM32G491-FOC_Motor_Control\PWM_output\STM32G491RETX_FLASH.ld" --specs=nosys.specs -Wl,-Map="PWM_output.map" -Wl,--gc-sections -static --specs=nano.specs -mfpu=fpv4-sp-d16 -mfloat-abi=hard -mthumb -Wl,--start-group -lc -lm -Wl,--end-group
Finished building target: PWM_output.elf
 
arm-none-eabi-size  PWM_output.elf 
arm-none-eabi-objdump -h -S PWM_output.elf  > "PWM_output.list"
   text	   data	    bss	    dec	    hex	filename
  46832	     92	   4916	  51840	   ca80	PWM_output.elf
Finished building: default.size.stdout
 
Finished building: PWM_output.list
 
15:51:30 **** Incremental Build of configuration Debug for project PWM_output ****
make -j8 all 
arm-none-eabi-gcc "../Core/Src/main.c" -mcpu=cortex-m4 -std=gnu11 -g3 -DDEBUG -DUSE_HAL_DRIVER -DSTM32G491xx -c -I../Core/Inc -I../Drivers/STM32G4xx_HAL_Driver/Inc -I../Drivers/STM32G4xx_HAL_Driver/Inc/Legacy -I../Drivers/CMSIS/Device/ST/STM32G4xx/Include -I../Drivers/CMSIS/Include -O0 -ffunction-sections -fdata-sections -Wall -fstack-usage -fcyclomatic-complexity -MMD -MP -MF"Core/Src/main.d" -MT"Core/Src/main.o" --specs=nano.specs -mfpu=fpv4-sp-d16 -mfloat-abi=hard -mthumb -o "Core/Src/main.o"
../Core/Src/main.c: In function 'main':
../Core/Src/main.c:178:14: warning: unused variable 'adc_pa0' [-Wunused-variable]
  178 |     uint16_t adc_pa0 = HAL_ADC_GetValue(&hadc1);
      |              ^~~~~~~
arm-none-eabi-gcc -o "PWM_output.elf" @"objects.list"   -mcpu=cortex-m4 -T"C:\STM32_projekti\STM32G491-FOC_Motor_Control\STM32G491-FOC_Motor_Control\PWM_output\STM32G491RETX_FLASH.ld" --specs=nosys.specs -Wl,-Map="PWM_output.map" -Wl,--gc-sections -static --specs=nano.specs -mfpu=fpv4-sp-d16 -mfloat-abi=hard -mthumb -Wl,--start-group -lc -lm -Wl,--end-group
Finished building target: PWM_output.elf
 
arm-none-eabi-size  PWM_output.elf 
arm-none-eabi-objdump -h -S PWM_output.elf  > "PWM_output.list"
   text	   data	    bss	    dec	    hex	filename
  47520	     92	   4916	  52528	   cd30	PWM_output.elf
Finished building: default.size.stdout
 
Finished building: PWM_output.list
 
15:54:24 **** Incremental Build of configuration Debug for project PWM_output ****
make -j8 all 
arm-none-eabi-gcc "../Core/Src/pwm.c" -mcpu=cortex-m4 -std=gnu11 -g3 -DDEBUG -DUSE_HAL_DRIVER -DSTM32G491xx -c -I../Core/Inc -I../Drivers/STM32G4xx_HAL_Driver/Inc -I../Drivers/STM32G4xx_HAL_Driver/Inc/Legacy -I../Drivers/CMSIS/Device/ST/STM32G4xx/Include -I../Drivers/CMSIS/Include -O0 -ffunction-sections -fdata-sections -Wall -fstack-usage -fcyclomatic-complexity -MMD -MP -MF"Core/Src/pwm.d" -MT"Core/Src/pwm.o" --specs=nano.specs -mfpu=fpv4-sp-d16 -mfloat-abi=hard -mthumb -o "Core/Src/pwm.o"
arm-none-eabi-gcc -o "PWM_output.elf" @"objects.list"   -mcpu=cortex-m4 -T"C:\STM32_projekti\STM32G491-FOC_Motor_Control\STM32G491-FOC_Motor_Control\PWM_output\STM32G491RETX_FLASH.ld" --specs=nosys.specs -Wl,-Map="PWM_output.map" -Wl,--gc-sections -static --specs=nano.specs -mfpu=fpv4-sp-d16 -mfloat-abi=hard -mthumb -Wl,--start-group -lc -lm -Wl,--end-group
Finished building target: PWM_output.elf
 
arm-none-eabi-size  PWM_output.elf 
arm-none-eabi-objdump -h -S PWM_output.elf  > "PWM_output.list"
   text	   data	    bss	    dec	    hex	filename
  47512	     92	   4916	  52520	   cd28	PWM_output.elf
Finished building: default.size.stdout
 
Finished building: PWM_output.list
 
16:01:09 **** Incremental Build of configuration Debug for project PWM_output ****
make -j8 all 
arm-none-eabi-gcc "../Core/Src/pwm.c" -mcpu=cortex-m4 -std=gnu11 -g3 -DDEBUG -DUSE_HAL_DRIVER -DSTM32G491xx -c -I../Core/Inc -I../Drivers/STM32G4xx_HAL_Driver/Inc -I../Drivers/STM32G4xx_HAL_Driver/Inc/Legacy -I../Drivers/CMSIS/Device/ST/STM32G4xx/Include -I../Drivers/CMSIS/Include -O0 -ffunction-sections -fdata-sections -Wall -fstack-usage -fcyclomatic-complexity -MMD -MP -MF"Core/Src/pwm.d" -MT"Core/Src/pwm.o" --specs=nano.specs -mfpu=fpv4-sp-d16 -mfloat-abi=hard -mthumb -o "Core/Src/pwm.o"
arm-none-eabi-gcc -o "PWM_output.elf" @"objects.list"   -mcpu=cortex-m4 -T"C:\STM32_projekti\STM32G491-FOC_Motor_Control\STM32G491-FOC_Motor_Control\PWM_output\STM32G491RETX_FLASH.ld" --specs=nosys.specs -Wl,-Map="PWM_output.map" -Wl,--gc-sections -static --specs=nano.specs -mfpu=fpv4-sp-d16 -mfloat-abi=hard -mthumb -Wl,--start-group -lc -lm -Wl,--end-group
Finished building target: PWM_output.elf
 
arm-none-eabi-size  PWM_output.elf 
arm-none-eabi-objdump -h -S PWM_output.elf  > "PWM_output.list"
   text	   data	    bss	    dec	    hex	filename
  47768	     96	   4912	  52776	   ce28	PWM_output.elf
Finished building: default.size.stdout
 
Finished building: PWM_output.list
 
16:13:49 **** Incremental Build of configuration Debug for project PWM_output ****
make -j8 all 
arm-none-eabi-gcc "../Core/Src/main.c" -mcpu=cortex-m4 -std=gnu11 -g3 -DDEBUG -DUSE_HAL_DRIVER -DSTM32G491xx -c -I../Core/Inc -I../Drivers/STM32G4xx_HAL_Driver/Inc -I../Drivers/STM32G4xx_HAL_Driver/Inc/Legacy -I../Drivers/CMSIS/Device/ST/STM32G4xx/Include -I../Drivers/CMSIS/Include -O0 -ffunction-sections -fdata-sections -Wall -fstack-usage -fcyclomatic-complexity -MMD -MP -MF"Core/Src/main.d" -MT"Core/Src/main.o" --specs=nano.specs -mfpu=fpv4-sp-d16 -mfloat-abi=hard -mthumb -o "Core/Src/main.o"
arm-none-eabi-gcc "../Core/Src/pwm.c" -mcpu=cortex-m4 -std=gnu11 -g3 -DDEBUG -DUSE_HAL_DRIVER -DSTM32G491xx -c -I../Core/Inc -I../Drivers/STM32G4xx_HAL_Driver/Inc -I../Drivers/STM32G4xx_HAL_Driver/Inc/Legacy -I../Drivers/CMSIS/Device/ST/STM32G4xx/Include -I../Drivers/CMSIS/Include -O0 -ffunction-sections -fdata-sections -Wall -fstack-usage -fcyclomatic-complexity -MMD -MP -MF"Core/Src/pwm.d" -MT"Core/Src/pwm.o" --specs=nano.specs -mfpu=fpv4-sp-d16 -mfloat-abi=hard -mthumb -o "Core/Src/pwm.o"
../Core/Src/pwm.c:103:6: error: redefinition of 'HAL_TIM_OC_DelayElapsedCallback'
  103 | void HAL_TIM_OC_DelayElapsedCallback(TIM_HandleTypeDef *htim)
      |      ^~~~~~~~~~~~~~~~~~~~~~~~~~~~~~~
../Core/Src/pwm.c:52:6: note: previous definition of 'HAL_TIM_OC_DelayElapsedCallback' with type 'void(TIM_HandleTypeDef *)'
   52 | void HAL_TIM_OC_DelayElapsedCallback(TIM_HandleTypeDef *htim)
      |      ^~~~~~~~~~~~~~~~~~~~~~~~~~~~~~~
make: *** [Core/Src/subdir.mk:46: Core/Src/pwm.o] Error 1
make: *** Waiting for unfinished jobs....
"make -j8 all" terminated with exit code 2. Build might be incomplete.
16:14:27 **** Incremental Build of configuration Debug for project PWM_output ****
make -j8 all 
arm-none-eabi-gcc "../Core/Src/main.c" -mcpu=cortex-m4 -std=gnu11 -g3 -DDEBUG -DUSE_HAL_DRIVER -DSTM32G491xx -c -I../Core/Inc -I../Drivers/STM32G4xx_HAL_Driver/Inc -I../Drivers/STM32G4xx_HAL_Driver/Inc/Legacy -I../Drivers/CMSIS/Device/ST/STM32G4xx/Include -I../Drivers/CMSIS/Include -O0 -ffunction-sections -fdata-sections -Wall -fstack-usage -fcyclomatic-complexity -MMD -MP -MF"Core/Src/main.d" -MT"Core/Src/main.o" --specs=nano.specs -mfpu=fpv4-sp-d16 -mfloat-abi=hard -mthumb -o "Core/Src/main.o"
arm-none-eabi-gcc "../Core/Src/pwm.c" -mcpu=cortex-m4 -std=gnu11 -g3 -DDEBUG -DUSE_HAL_DRIVER -DSTM32G491xx -c -I../Core/Inc -I../Drivers/STM32G4xx_HAL_Driver/Inc -I../Drivers/STM32G4xx_HAL_Driver/Inc/Legacy -I../Drivers/CMSIS/Device/ST/STM32G4xx/Include -I../Drivers/CMSIS/Include -O0 -ffunction-sections -fdata-sections -Wall -fstack-usage -fcyclomatic-complexity -MMD -MP -MF"Core/Src/pwm.d" -MT"Core/Src/pwm.o" --specs=nano.specs -mfpu=fpv4-sp-d16 -mfloat-abi=hard -mthumb -o "Core/Src/pwm.o"
arm-none-eabi-gcc -o "PWM_output.elf" @"objects.list"   -mcpu=cortex-m4 -T"C:\STM32_projekti\STM32G491-FOC_Motor_Control\STM32G491-FOC_Motor_Control\PWM_output\STM32G491RETX_FLASH.ld" --specs=nosys.specs -Wl,-Map="PWM_output.map" -Wl,--gc-sections -static --specs=nano.specs -mfpu=fpv4-sp-d16 -mfloat-abi=hard -mthumb -Wl,--start-group -lc -lm -Wl,--end-group
Finished building target: PWM_output.elf
 
arm-none-eabi-size  PWM_output.elf 
arm-none-eabi-objdump -h -S PWM_output.elf  > "PWM_output.list"
   text	   data	    bss	    dec	    hex	filename
  47752	     96	   4912	  52760	   ce18	PWM_output.elf
Finished building: default.size.stdout
 
Finished building: PWM_output.list
 
16:16:39 **** Incremental Build of configuration Debug for project PWM_output ****
make -j8 all 
arm-none-eabi-gcc "../Core/Src/pwm.c" -mcpu=cortex-m4 -std=gnu11 -g3 -DDEBUG -DUSE_HAL_DRIVER -DSTM32G491xx -c -I../Core/Inc -I../Drivers/STM32G4xx_HAL_Driver/Inc -I../Drivers/STM32G4xx_HAL_Driver/Inc/Legacy -I../Drivers/CMSIS/Device/ST/STM32G4xx/Include -I../Drivers/CMSIS/Include -O0 -ffunction-sections -fdata-sections -Wall -fstack-usage -fcyclomatic-complexity -MMD -MP -MF"Core/Src/pwm.d" -MT"Core/Src/pwm.o" --specs=nano.specs -mfpu=fpv4-sp-d16 -mfloat-abi=hard -mthumb -o "Core/Src/pwm.o"
arm-none-eabi-gcc -o "PWM_output.elf" @"objects.list"   -mcpu=cortex-m4 -T"C:\STM32_projekti\STM32G491-FOC_Motor_Control\STM32G491-FOC_Motor_Control\PWM_output\STM32G491RETX_FLASH.ld" --specs=nosys.specs -Wl,-Map="PWM_output.map" -Wl,--gc-sections -static --specs=nano.specs -mfpu=fpv4-sp-d16 -mfloat-abi=hard -mthumb -Wl,--start-group -lc -lm -Wl,--end-group
Finished building target: PWM_output.elf
 
arm-none-eabi-size  PWM_output.elf 
arm-none-eabi-objdump -h -S PWM_output.elf  > "PWM_output.list"
   text	   data	    bss	    dec	    hex	filename
  47720	     96	   4912	  52728	   cdf8	PWM_output.elf
Finished building: default.size.stdout
 
Finished building: PWM_output.list
 
16:17:30 **** Incremental Build of configuration Debug for project PWM_output ****
make -j8 all 
arm-none-eabi-gcc "../Core/Src/pwm.c" -mcpu=cortex-m4 -std=gnu11 -g3 -DDEBUG -DUSE_HAL_DRIVER -DSTM32G491xx -c -I../Core/Inc -I../Drivers/STM32G4xx_HAL_Driver/Inc -I../Drivers/STM32G4xx_HAL_Driver/Inc/Legacy -I../Drivers/CMSIS/Device/ST/STM32G4xx/Include -I../Drivers/CMSIS/Include -O0 -ffunction-sections -fdata-sections -Wall -fstack-usage -fcyclomatic-complexity -MMD -MP -MF"Core/Src/pwm.d" -MT"Core/Src/pwm.o" --specs=nano.specs -mfpu=fpv4-sp-d16 -mfloat-abi=hard -mthumb -o "Core/Src/pwm.o"
arm-none-eabi-gcc -o "PWM_output.elf" @"objects.list"   -mcpu=cortex-m4 -T"C:\STM32_projekti\STM32G491-FOC_Motor_Control\STM32G491-FOC_Motor_Control\PWM_output\STM32G491RETX_FLASH.ld" --specs=nosys.specs -Wl,-Map="PWM_output.map" -Wl,--gc-sections -static --specs=nano.specs -mfpu=fpv4-sp-d16 -mfloat-abi=hard -mthumb -Wl,--start-group -lc -lm -Wl,--end-group
Finished building target: PWM_output.elf
 
arm-none-eabi-size  PWM_output.elf 
arm-none-eabi-objdump -h -S PWM_output.elf  > "PWM_output.list"
   text	   data	    bss	    dec	    hex	filename
  47752	     96	   4912	  52760	   ce18	PWM_output.elf
Finished building: default.size.stdout
 
Finished building: PWM_output.list
 
16:23:38 **** Incremental Build of configuration Debug for project PWM_output ****
make -j8 all 
arm-none-eabi-gcc "../Core/Src/main.c" -mcpu=cortex-m4 -std=gnu11 -g3 -DDEBUG -DUSE_HAL_DRIVER -DSTM32G491xx -c -I../Core/Inc -I../Drivers/STM32G4xx_HAL_Driver/Inc -I../Drivers/STM32G4xx_HAL_Driver/Inc/Legacy -I../Drivers/CMSIS/Device/ST/STM32G4xx/Include -I../Drivers/CMSIS/Include -O0 -ffunction-sections -fdata-sections -Wall -fstack-usage -fcyclomatic-complexity -MMD -MP -MF"Core/Src/main.d" -MT"Core/Src/main.o" --specs=nano.specs -mfpu=fpv4-sp-d16 -mfloat-abi=hard -mthumb -o "Core/Src/main.o"
arm-none-eabi-gcc -o "PWM_output.elf" @"objects.list"   -mcpu=cortex-m4 -T"C:\STM32_projekti\STM32G491-FOC_Motor_Control\STM32G491-FOC_Motor_Control\PWM_output\STM32G491RETX_FLASH.ld" --specs=nosys.specs -Wl,-Map="PWM_output.map" -Wl,--gc-sections -static --specs=nano.specs -mfpu=fpv4-sp-d16 -mfloat-abi=hard -mthumb -Wl,--start-group -lc -lm -Wl,--end-group
Finished building target: PWM_output.elf
 
arm-none-eabi-size  PWM_output.elf 
arm-none-eabi-objdump -h -S PWM_output.elf  > "PWM_output.list"
   text	   data	    bss	    dec	    hex	filename
  47192	     96	   4912	  52200	   cbe8	PWM_output.elf
Finished building: default.size.stdout
 
Finished building: PWM_output.list
 
16:24:19 **** Incremental Build of configuration Debug for project PWM_output ****
make -j8 all 
arm-none-eabi-gcc "../Core/Src/pwm.c" -mcpu=cortex-m4 -std=gnu11 -g3 -DDEBUG -DUSE_HAL_DRIVER -DSTM32G491xx -c -I../Core/Inc -I../Drivers/STM32G4xx_HAL_Driver/Inc -I../Drivers/STM32G4xx_HAL_Driver/Inc/Legacy -I../Drivers/CMSIS/Device/ST/STM32G4xx/Include -I../Drivers/CMSIS/Include -O0 -ffunction-sections -fdata-sections -Wall -fstack-usage -fcyclomatic-complexity -MMD -MP -MF"Core/Src/pwm.d" -MT"Core/Src/pwm.o" --specs=nano.specs -mfpu=fpv4-sp-d16 -mfloat-abi=hard -mthumb -o "Core/Src/pwm.o"
arm-none-eabi-gcc -o "PWM_output.elf" @"objects.list"   -mcpu=cortex-m4 -T"C:\STM32_projekti\STM32G491-FOC_Motor_Control\STM32G491-FOC_Motor_Control\PWM_output\STM32G491RETX_FLASH.ld" --specs=nosys.specs -Wl,-Map="PWM_output.map" -Wl,--gc-sections -static --specs=nano.specs -mfpu=fpv4-sp-d16 -mfloat-abi=hard -mthumb -Wl,--start-group -lc -lm -Wl,--end-group
Finished building target: PWM_output.elf
 
arm-none-eabi-size  PWM_output.elf 
arm-none-eabi-objdump -h -S PWM_output.elf  > "PWM_output.list"
   text	   data	    bss	    dec	    hex	filename
  47160	     96	   4912	  52168	   cbc8	PWM_output.elf
Finished building: default.size.stdout
 
Finished building: PWM_output.list
 
16:33:38 **** Incremental Build of configuration Debug for project PWM_output ****
make -j8 all 
arm-none-eabi-gcc "../Core/Src/main.c" -mcpu=cortex-m4 -std=gnu11 -g3 -DDEBUG -DUSE_HAL_DRIVER -DSTM32G491xx -c -I../Core/Inc -I../Drivers/STM32G4xx_HAL_Driver/Inc -I../Drivers/STM32G4xx_HAL_Driver/Inc/Legacy -I../Drivers/CMSIS/Device/ST/STM32G4xx/Include -I../Drivers/CMSIS/Include -O0 -ffunction-sections -fdata-sections -Wall -fstack-usage -fcyclomatic-complexity -MMD -MP -MF"Core/Src/main.d" -MT"Core/Src/main.o" --specs=nano.specs -mfpu=fpv4-sp-d16 -mfloat-abi=hard -mthumb -o "Core/Src/main.o"
arm-none-eabi-gcc "../Core/Src/pwm.c" -mcpu=cortex-m4 -std=gnu11 -g3 -DDEBUG -DUSE_HAL_DRIVER -DSTM32G491xx -c -I../Core/Inc -I../Drivers/STM32G4xx_HAL_Driver/Inc -I../Drivers/STM32G4xx_HAL_Driver/Inc/Legacy -I../Drivers/CMSIS/Device/ST/STM32G4xx/Include -I../Drivers/CMSIS/Include -O0 -ffunction-sections -fdata-sections -Wall -fstack-usage -fcyclomatic-complexity -MMD -MP -MF"Core/Src/pwm.d" -MT"Core/Src/pwm.o" --specs=nano.specs -mfpu=fpv4-sp-d16 -mfloat-abi=hard -mthumb -o "Core/Src/pwm.o"
../Core/Src/pwm.c: In function 'HAL_TIM_OC_DelayElapsedCallback':
../Core/Src/pwm.c:86:41: error: 'hadc1' undeclared (first use in this function)
   86 |             HAL_ADCEx_InjectedStart_IT(&hadc1);
      |                                         ^~~~~
../Core/Src/pwm.c:86:41: note: each undeclared identifier is reported only once for each function it appears in
../Core/Src/pwm.c:71:18: warning: unused variable 'm' [-Wunused-variable]
   71 |     static float m = 0.5f; // < 1, da nije cijela amplituda
      |                  ^
../Core/Src/pwm.c: At top level:
../Core/Src/pwm.c:113:19: error: redefinition of 'adc_raw'
  113 | volatile uint16_t adc_raw = 0;
      |                   ^~~~~~~
../Core/Src/pwm.c:10:19: note: previous definition of 'adc_raw' with type 'uint16_t' {aka 'volatile short unsigned int'}
   10 | volatile uint16_t adc_raw = 0;
      |                   ^~~~~~~
../Core/Src/pwm.c:115:6: error: redefinition of 'HAL_ADCEx_InjectedConvCpltCallback'
  115 | void HAL_ADCEx_InjectedConvCpltCallback(ADC_HandleTypeDef *hadc)
      |      ^~~~~~~~~~~~~~~~~~~~~~~~~~~~~~~~~~
../Core/Src/pwm.c:13:6: note: previous definition of 'HAL_ADCEx_InjectedConvCpltCallback' with type 'void(ADC_HandleTypeDef *)'
   13 | void HAL_ADCEx_InjectedConvCpltCallback(ADC_HandleTypeDef *hadc)
      |      ^~~~~~~~~~~~~~~~~~~~~~~~~~~~~~~~~~
make: *** [Core/Src/subdir.mk:46: Core/Src/pwm.o] Error 1
make: *** Waiting for unfinished jobs....
"make -j8 all" terminated with exit code 2. Build might be incomplete.
16:33:50 **** Incremental Build of configuration Debug for project PWM_output ****
make -j8 all 
arm-none-eabi-gcc "../Core/Src/pwm.c" -mcpu=cortex-m4 -std=gnu11 -g3 -DDEBUG -DUSE_HAL_DRIVER -DSTM32G491xx -c -I../Core/Inc -I../Drivers/STM32G4xx_HAL_Driver/Inc -I../Drivers/STM32G4xx_HAL_Driver/Inc/Legacy -I../Drivers/CMSIS/Device/ST/STM32G4xx/Include -I../Drivers/CMSIS/Include -O0 -ffunction-sections -fdata-sections -Wall -fstack-usage -fcyclomatic-complexity -MMD -MP -MF"Core/Src/pwm.d" -MT"Core/Src/pwm.o" --specs=nano.specs -mfpu=fpv4-sp-d16 -mfloat-abi=hard -mthumb -o "Core/Src/pwm.o"
../Core/Src/pwm.c: In function 'HAL_TIM_OC_DelayElapsedCallback':
../Core/Src/pwm.c:86:41: error: 'hadc1' undeclared (first use in this function)
   86 |             HAL_ADCEx_InjectedStart_IT(&hadc1);
      |                                         ^~~~~
../Core/Src/pwm.c:86:41: note: each undeclared identifier is reported only once for each function it appears in
../Core/Src/pwm.c:71:18: warning: unused variable 'm' [-Wunused-variable]
   71 |     static float m = 0.5f; // < 1, da nije cijela amplituda
      |                  ^
make: *** [Core/Src/subdir.mk:46: Core/Src/pwm.o] Error 1
"make -j8 all" terminated with exit code 2. Build might be incomplete.
16:36:42 **** Incremental Build of configuration Debug for project PWM_output ****
make -j8 all 
arm-none-eabi-gcc "../Core/Src/control.c" -mcpu=cortex-m4 -std=gnu11 -g3 -DDEBUG -DUSE_HAL_DRIVER -DSTM32G491xx -c -I../Core/Inc -I../Drivers/STM32G4xx_HAL_Driver/Inc -I../Drivers/STM32G4xx_HAL_Driver/Inc/Legacy -I../Drivers/CMSIS/Device/ST/STM32G4xx/Include -I../Drivers/CMSIS/Include -O0 -ffunction-sections -fdata-sections -Wall -fstack-usage -fcyclomatic-complexity -MMD -MP -MF"Core/Src/control.d" -MT"Core/Src/control.o" --specs=nano.specs -mfpu=fpv4-sp-d16 -mfloat-abi=hard -mthumb -o "Core/Src/control.o"
arm-none-eabi-gcc "../Core/Src/main.c" -mcpu=cortex-m4 -std=gnu11 -g3 -DDEBUG -DUSE_HAL_DRIVER -DSTM32G491xx -c -I../Core/Inc -I../Drivers/STM32G4xx_HAL_Driver/Inc -I../Drivers/STM32G4xx_HAL_Driver/Inc/Legacy -I../Drivers/CMSIS/Device/ST/STM32G4xx/Include -I../Drivers/CMSIS/Include -O0 -ffunction-sections -fdata-sections -Wall -fstack-usage -fcyclomatic-complexity -MMD -MP -MF"Core/Src/main.d" -MT"Core/Src/main.o" --specs=nano.specs -mfpu=fpv4-sp-d16 -mfloat-abi=hard -mthumb -o "Core/Src/main.o"
arm-none-eabi-gcc "../Core/Src/pwm.c" -mcpu=cortex-m4 -std=gnu11 -g3 -DDEBUG -DUSE_HAL_DRIVER -DSTM32G491xx -c -I../Core/Inc -I../Drivers/STM32G4xx_HAL_Driver/Inc -I../Drivers/STM32G4xx_HAL_Driver/Inc/Legacy -I../Drivers/CMSIS/Device/ST/STM32G4xx/Include -I../Drivers/CMSIS/Include -O0 -ffunction-sections -fdata-sections -Wall -fstack-usage -fcyclomatic-complexity -MMD -MP -MF"Core/Src/pwm.d" -MT"Core/Src/pwm.o" --specs=nano.specs -mfpu=fpv4-sp-d16 -mfloat-abi=hard -mthumb -o "Core/Src/pwm.o"
../Core/Src/control.c: In function 'HAL_GPIO_EXTI_Callback':
../Core/Src/control.c:87:18: warning: unused variable 'ccr1x' [-Wunused-variable]
   87 |         uint32_t ccr1x = __HAL_TIM_GET_COMPARE(s_htim_pwm, TIM_CHANNEL_1);
      |                  ^~~~~
../Core/Src/pwm.c: In function 'ADC_Init':
../Core/Src/pwm.c:15:17: error: incompatible types when assigning to type 'ADC_HandleTypeDef' from type 'ADC_HandleTypeDef *'
   15 |         hadcx = hadc;
      |                 ^~~~
../Core/Src/pwm.c: In function 'HAL_TIM_OC_DelayElapsedCallback':
../Core/Src/pwm.c:91:40: error: incompatible type for argument 1 of 'HAL_ADCEx_InjectedStart_IT'
   91 |             HAL_ADCEx_InjectedStart_IT(hadcx);
      |                                        ^~~~~
      |                                        |
      |                                        ADC_HandleTypeDef
In file included from ../Drivers/STM32G4xx_HAL_Driver/Inc/stm32g4xx_hal_adc.h:2198,
                 from ../Core/Inc/stm32g4xx_hal_conf.h:228,
                 from ../Drivers/STM32G4xx_HAL_Driver/Inc/stm32g4xx_hal.h:29,
                 from ../Core/Inc/main.h:30,
                 from ../Core/Inc/pwm.h:10,
                 from ../Core/Src/pwm.c:7:
../Drivers/STM32G4xx_HAL_Driver/Inc/stm32g4xx_hal_adc_ex.h:1502:71: note: expected 'ADC_HandleTypeDef *' but argument is of type 'ADC_HandleTypeDef'
 1502 | HAL_StatusTypeDef       HAL_ADCEx_InjectedStart_IT(ADC_HandleTypeDef *hadc);
      |                                                    ~~~~~~~~~~~~~~~~~~~^~~~
../Core/Src/pwm.c:76:18: warning: unused variable 'm' [-Wunused-variable]
   76 |     static float m = 0.5f; // < 1, da nije cijela amplituda
      |                  ^
make: *** [Core/Src/subdir.mk:46: Core/Src/pwm.o] Error 1
make: *** Waiting for unfinished jobs....
"make -j8 all" terminated with exit code 2. Build might be incomplete.
16:36:59 **** Incremental Build of configuration Debug for project PWM_output ****
make -j8 all 
arm-none-eabi-gcc "../Core/Src/pwm.c" -mcpu=cortex-m4 -std=gnu11 -g3 -DDEBUG -DUSE_HAL_DRIVER -DSTM32G491xx -c -I../Core/Inc -I../Drivers/STM32G4xx_HAL_Driver/Inc -I../Drivers/STM32G4xx_HAL_Driver/Inc/Legacy -I../Drivers/CMSIS/Device/ST/STM32G4xx/Include -I../Drivers/CMSIS/Include -O0 -ffunction-sections -fdata-sections -Wall -fstack-usage -fcyclomatic-complexity -MMD -MP -MF"Core/Src/pwm.d" -MT"Core/Src/pwm.o" --specs=nano.specs -mfpu=fpv4-sp-d16 -mfloat-abi=hard -mthumb -o "Core/Src/pwm.o"
../Core/Src/pwm.c: In function 'HAL_TIM_OC_DelayElapsedCallback':
../Core/Src/pwm.c:91:40: warning: passing argument 1 of 'HAL_ADCEx_InjectedStart_IT' discards 'volatile' qualifier from pointer target type [-Wdiscarded-qualifiers]
   91 |             HAL_ADCEx_InjectedStart_IT(hadcx);
      |                                        ^~~~~
In file included from ../Drivers/STM32G4xx_HAL_Driver/Inc/stm32g4xx_hal_adc.h:2198,
                 from ../Core/Inc/stm32g4xx_hal_conf.h:228,
                 from ../Drivers/STM32G4xx_HAL_Driver/Inc/stm32g4xx_hal.h:29,
                 from ../Core/Inc/main.h:30,
                 from ../Core/Inc/pwm.h:10,
                 from ../Core/Src/pwm.c:7:
../Drivers/STM32G4xx_HAL_Driver/Inc/stm32g4xx_hal_adc_ex.h:1502:71: note: expected 'ADC_HandleTypeDef *' but argument is of type 'volatile ADC_HandleTypeDef *'
 1502 | HAL_StatusTypeDef       HAL_ADCEx_InjectedStart_IT(ADC_HandleTypeDef *hadc);
      |                                                    ~~~~~~~~~~~~~~~~~~~^~~~
../Core/Src/pwm.c:76:18: warning: unused variable 'm' [-Wunused-variable]
   76 |     static float m = 0.5f; // < 1, da nije cijela amplituda
      |                  ^
arm-none-eabi-gcc -o "PWM_output.elf" @"objects.list"   -mcpu=cortex-m4 -T"C:\STM32_projekti\STM32G491-FOC_Motor_Control\STM32G491-FOC_Motor_Control\PWM_output\STM32G491RETX_FLASH.ld" --specs=nosys.specs -Wl,-Map="PWM_output.map" -Wl,--gc-sections -static --specs=nano.specs -mfpu=fpv4-sp-d16 -mfloat-abi=hard -mthumb -Wl,--start-group -lc -lm -Wl,--end-group
Finished building target: PWM_output.elf
 
arm-none-eabi-size  PWM_output.elf 
arm-none-eabi-objdump -h -S PWM_output.elf  > "PWM_output.list"
   text	   data	    bss	    dec	    hex	filename
  47048	     92	   4924	  52064	   cb60	PWM_output.elf
Finished building: default.size.stdout
 
Finished building: PWM_output.list
 
16:37:56 **** Incremental Build of configuration Debug for project PWM_output ****
make -j8 all 
arm-none-eabi-size  PWM_output.elf 
   text	   data	    bss	    dec	    hex	filename
  47048	     92	   4924	  52064	   cb60	PWM_output.elf
Finished building: default.size.stdout
 
16:44:49 **** Incremental Build of configuration Debug for project PWM_output ****
make -j8 all 
arm-none-eabi-gcc "../Core/Src/main.c" -mcpu=cortex-m4 -std=gnu11 -g3 -DDEBUG -DUSE_HAL_DRIVER -DSTM32G491xx -c -I../Core/Inc -I../Drivers/STM32G4xx_HAL_Driver/Inc -I../Drivers/STM32G4xx_HAL_Driver/Inc/Legacy -I../Drivers/CMSIS/Device/ST/STM32G4xx/Include -I../Drivers/CMSIS/Include -O0 -ffunction-sections -fdata-sections -Wall -fstack-usage -fcyclomatic-complexity -MMD -MP -MF"Core/Src/main.d" -MT"Core/Src/main.o" --specs=nano.specs -mfpu=fpv4-sp-d16 -mfloat-abi=hard -mthumb -o "Core/Src/main.o"
arm-none-eabi-gcc -o "PWM_output.elf" @"objects.list"   -mcpu=cortex-m4 -T"C:\STM32_projekti\STM32G491-FOC_Motor_Control\STM32G491-FOC_Motor_Control\PWM_output\STM32G491RETX_FLASH.ld" --specs=nosys.specs -Wl,-Map="PWM_output.map" -Wl,--gc-sections -static --specs=nano.specs -mfpu=fpv4-sp-d16 -mfloat-abi=hard -mthumb -Wl,--start-group -lc -lm -Wl,--end-group
Finished building target: PWM_output.elf
 
arm-none-eabi-size  PWM_output.elf 
arm-none-eabi-objdump -h -S PWM_output.elf  > "PWM_output.list"
   text	   data	    bss	    dec	    hex	filename
  47040	     92	   4924	  52056	   cb58	PWM_output.elf
Finished building: default.size.stdout
 
Finished building: PWM_output.list
 
16:50:11 **** Incremental Build of configuration Debug for project PWM_output ****
make -j8 all 
arm-none-eabi-gcc "../Core/Src/control.c" -mcpu=cortex-m4 -std=gnu11 -g3 -DDEBUG -DUSE_HAL_DRIVER -DSTM32G491xx -c -I../Core/Inc -I../Drivers/STM32G4xx_HAL_Driver/Inc -I../Drivers/STM32G4xx_HAL_Driver/Inc/Legacy -I../Drivers/CMSIS/Device/ST/STM32G4xx/Include -I../Drivers/CMSIS/Include -O0 -ffunction-sections -fdata-sections -Wall -fstack-usage -fcyclomatic-complexity -MMD -MP -MF"Core/Src/control.d" -MT"Core/Src/control.o" --specs=nano.specs -mfpu=fpv4-sp-d16 -mfloat-abi=hard -mthumb -o "Core/Src/control.o"
arm-none-eabi-gcc "../Core/Src/main.c" -mcpu=cortex-m4 -std=gnu11 -g3 -DDEBUG -DUSE_HAL_DRIVER -DSTM32G491xx -c -I../Core/Inc -I../Drivers/STM32G4xx_HAL_Driver/Inc -I../Drivers/STM32G4xx_HAL_Driver/Inc/Legacy -I../Drivers/CMSIS/Device/ST/STM32G4xx/Include -I../Drivers/CMSIS/Include -O0 -ffunction-sections -fdata-sections -Wall -fstack-usage -fcyclomatic-complexity -MMD -MP -MF"Core/Src/main.d" -MT"Core/Src/main.o" --specs=nano.specs -mfpu=fpv4-sp-d16 -mfloat-abi=hard -mthumb -o "Core/Src/main.o"
../Core/Src/control.c: In function 'Control_Init':
../Core/Src/control.c:24:11: warning: assignment to 'UART_HandleTypeDef *' {aka 'struct __UART_HandleTypeDef *'} from incompatible pointer type 'ADC_HandleTypeDef *' [-Wincompatible-pointer-types]
   24 |     s_adc = hadc;
      |           ^
../Core/Src/control.c: In function 'HAL_GPIO_EXTI_Callback':
../Core/Src/control.c:94:55: warning: passing argument 1 of 'HAL_ADC_GetValue' from incompatible pointer type [-Wincompatible-pointer-types]
   94 |         uint16_t adc_btn = (uint16_t)HAL_ADC_GetValue(s_adc);
      |                                                       ^~~~~
      |                                                       |
      |                                                       UART_HandleTypeDef * {aka struct __UART_HandleTypeDef *}
In file included from ../Core/Inc/stm32g4xx_hal_conf.h:228,
                 from ../Drivers/STM32G4xx_HAL_Driver/Inc/stm32g4xx_hal.h:29,
                 from ../Core/Inc/main.h:30,
                 from ../Core/Inc/pwm.h:10,
                 from ../Core/Src/control.c:8:
../Drivers/STM32G4xx_HAL_Driver/Inc/stm32g4xx_hal_adc.h:2246:67: note: expected 'const ADC_HandleTypeDef *' but argument is of type 'UART_HandleTypeDef *' {aka 'struct __UART_HandleTypeDef *'}
 2246 | uint32_t                HAL_ADC_GetValue(const ADC_HandleTypeDef *hadc);
      |                                          ~~~~~~~~~~~~~~~~~~~~~~~~~^~~~
../Core/Src/control.c:90:18: warning: unused variable 'cntx' [-Wunused-variable]
   90 |         uint32_t cntx = __HAL_TIM_GET_COUNTER(s_htim_pwm);
      |                  ^~~~
../Core/Src/control.c:89:18: warning: unused variable 'ccr1x' [-Wunused-variable]
   89 |         uint32_t ccr1x = __HAL_TIM_GET_COMPARE(s_htim_pwm, TIM_CHANNEL_1);
      |                  ^~~~~
In file included from ../Core/Src/main.c:26:
../Core/Inc/control.h:11:97: error: unknown type name 'ADC_HandleType_Def'; did you mean 'ADC_HandleTypeDef'?
   11 | void Control_Init(TIM_HandleTypeDef *htim_pwm, uint32_t pwm_channel, UART_HandleTypeDef *huart, ADC_HandleType_Def *hadc);
      |                                                                                                 ^~~~~~~~~~~~~~~~~~
      |                                                                                                 ADC_HandleTypeDef
../Core/Src/main.c: In function 'main':
../Core/Src/main.c:145:3: warning: implicit declaration of function 'Control_Init' [-Wimplicit-function-declaration]
  145 |   Control_Init(&htim1, TIM_CHANNEL_1, &huart2, &hadc1);
      |   ^~~~~~~~~~~~
make: *** [Core/Src/subdir.mk:46: Core/Src/main.o] Error 1
make: *** Waiting for unfinished jobs....
"make -j8 all" terminated with exit code 2. Build might be incomplete.
16:50:33 **** Incremental Build of configuration Debug for project PWM_output ****
make -j8 all 
arm-none-eabi-gcc "../Core/Src/main.c" -mcpu=cortex-m4 -std=gnu11 -g3 -DDEBUG -DUSE_HAL_DRIVER -DSTM32G491xx -c -I../Core/Inc -I../Drivers/STM32G4xx_HAL_Driver/Inc -I../Drivers/STM32G4xx_HAL_Driver/Inc/Legacy -I../Drivers/CMSIS/Device/ST/STM32G4xx/Include -I../Drivers/CMSIS/Include -O0 -ffunction-sections -fdata-sections -Wall -fstack-usage -fcyclomatic-complexity -MMD -MP -MF"Core/Src/main.d" -MT"Core/Src/main.o" --specs=nano.specs -mfpu=fpv4-sp-d16 -mfloat-abi=hard -mthumb -o "Core/Src/main.o"
arm-none-eabi-gcc -o "PWM_output.elf" @"objects.list"   -mcpu=cortex-m4 -T"C:\STM32_projekti\STM32G491-FOC_Motor_Control\STM32G491-FOC_Motor_Control\PWM_output\STM32G491RETX_FLASH.ld" --specs=nosys.specs -Wl,-Map="PWM_output.map" -Wl,--gc-sections -static --specs=nano.specs -mfpu=fpv4-sp-d16 -mfloat-abi=hard -mthumb -Wl,--start-group -lc -lm -Wl,--end-group
Finished building target: PWM_output.elf
 
arm-none-eabi-size  PWM_output.elf 
arm-none-eabi-objdump -h -S PWM_output.elf  > "PWM_output.list"
   text	   data	    bss	    dec	    hex	filename
  47104	     92	   4924	  52120	   cb98	PWM_output.elf
Finished building: default.size.stdout
 
Finished building: PWM_output.list
 
18:28:13 **** Incremental Build of configuration Debug for project PWM_output ****
make -j8 all 
arm-none-eabi-gcc "../Core/Src/adc.c" -mcpu=cortex-m4 -std=gnu11 -g3 -DDEBUG -DUSE_HAL_DRIVER -DSTM32G491xx -c -I../Core/Inc -I../Drivers/STM32G4xx_HAL_Driver/Inc -I../Drivers/STM32G4xx_HAL_Driver/Inc/Legacy -I../Drivers/CMSIS/Device/ST/STM32G4xx/Include -I../Drivers/CMSIS/Include -O0 -ffunction-sections -fdata-sections -Wall -fstack-usage -fcyclomatic-complexity -MMD -MP -MF"Core/Src/adc.d" -MT"Core/Src/adc.o" --specs=nano.specs -mfpu=fpv4-sp-d16 -mfloat-abi=hard -mthumb -o "Core/Src/adc.o"
arm-none-eabi-gcc "../Core/Src/control.c" -mcpu=cortex-m4 -std=gnu11 -g3 -DDEBUG -DUSE_HAL_DRIVER -DSTM32G491xx -c -I../Core/Inc -I../Drivers/STM32G4xx_HAL_Driver/Inc -I../Drivers/STM32G4xx_HAL_Driver/Inc/Legacy -I../Drivers/CMSIS/Device/ST/STM32G4xx/Include -I../Drivers/CMSIS/Include -O0 -ffunction-sections -fdata-sections -Wall -fstack-usage -fcyclomatic-complexity -MMD -MP -MF"Core/Src/control.d" -MT"Core/Src/control.o" --specs=nano.specs -mfpu=fpv4-sp-d16 -mfloat-abi=hard -mthumb -o "Core/Src/control.o"
arm-none-eabi-gcc "../Core/Src/main.c" -mcpu=cortex-m4 -std=gnu11 -g3 -DDEBUG -DUSE_HAL_DRIVER -DSTM32G491xx -c -I../Core/Inc -I../Drivers/STM32G4xx_HAL_Driver/Inc -I../Drivers/STM32G4xx_HAL_Driver/Inc/Legacy -I../Drivers/CMSIS/Device/ST/STM32G4xx/Include -I../Drivers/CMSIS/Include -O0 -ffunction-sections -fdata-sections -Wall -fstack-usage -fcyclomatic-complexity -MMD -MP -MF"Core/Src/main.d" -MT"Core/Src/main.o" --specs=nano.specs -mfpu=fpv4-sp-d16 -mfloat-abi=hard -mthumb -o "Core/Src/main.o"
arm-none-eabi-gcc "../Core/Src/pwm.c" -mcpu=cortex-m4 -std=gnu11 -g3 -DDEBUG -DUSE_HAL_DRIVER -DSTM32G491xx -c -I../Core/Inc -I../Drivers/STM32G4xx_HAL_Driver/Inc -I../Drivers/STM32G4xx_HAL_Driver/Inc/Legacy -I../Drivers/CMSIS/Device/ST/STM32G4xx/Include -I../Drivers/CMSIS/Include -O0 -ffunction-sections -fdata-sections -Wall -fstack-usage -fcyclomatic-complexity -MMD -MP -MF"Core/Src/pwm.d" -MT"Core/Src/pwm.o" --specs=nano.specs -mfpu=fpv4-sp-d16 -mfloat-abi=hard -mthumb -o "Core/Src/pwm.o"
arm-none-eabi-gcc "../Core/Src/sin_lut.c" -mcpu=cortex-m4 -std=gnu11 -g3 -DDEBUG -DUSE_HAL_DRIVER -DSTM32G491xx -c -I../Core/Inc -I../Drivers/STM32G4xx_HAL_Driver/Inc -I../Drivers/STM32G4xx_HAL_Driver/Inc/Legacy -I../Drivers/CMSIS/Device/ST/STM32G4xx/Include -I../Drivers/CMSIS/Include -O0 -ffunction-sections -fdata-sections -Wall -fstack-usage -fcyclomatic-complexity -MMD -MP -MF"Core/Src/sin_lut.d" -MT"Core/Src/sin_lut.o" --specs=nano.specs -mfpu=fpv4-sp-d16 -mfloat-abi=hard -mthumb -o "Core/Src/sin_lut.o"
arm-none-eabi-gcc "../Core/Src/stm32g4xx_hal_msp.c" -mcpu=cortex-m4 -std=gnu11 -g3 -DDEBUG -DUSE_HAL_DRIVER -DSTM32G491xx -c -I../Core/Inc -I../Drivers/STM32G4xx_HAL_Driver/Inc -I../Drivers/STM32G4xx_HAL_Driver/Inc/Legacy -I../Drivers/CMSIS/Device/ST/STM32G4xx/Include -I../Drivers/CMSIS/Include -O0 -ffunction-sections -fdata-sections -Wall -fstack-usage -fcyclomatic-complexity -MMD -MP -MF"Core/Src/stm32g4xx_hal_msp.d" -MT"Core/Src/stm32g4xx_hal_msp.o" --specs=nano.specs -mfpu=fpv4-sp-d16 -mfloat-abi=hard -mthumb -o "Core/Src/stm32g4xx_hal_msp.o"
arm-none-eabi-gcc "../Core/Src/stm32g4xx_it.c" -mcpu=cortex-m4 -std=gnu11 -g3 -DDEBUG -DUSE_HAL_DRIVER -DSTM32G491xx -c -I../Core/Inc -I../Drivers/STM32G4xx_HAL_Driver/Inc -I../Drivers/STM32G4xx_HAL_Driver/Inc/Legacy -I../Drivers/CMSIS/Device/ST/STM32G4xx/Include -I../Drivers/CMSIS/Include -O0 -ffunction-sections -fdata-sections -Wall -fstack-usage -fcyclomatic-complexity -MMD -MP -MF"Core/Src/stm32g4xx_it.d" -MT"Core/Src/stm32g4xx_it.o" --specs=nano.specs -mfpu=fpv4-sp-d16 -mfloat-abi=hard -mthumb -o "Core/Src/stm32g4xx_it.o"
arm-none-eabi-gcc "../Core/Src/syscalls.c" -mcpu=cortex-m4 -std=gnu11 -g3 -DDEBUG -DUSE_HAL_DRIVER -DSTM32G491xx -c -I../Core/Inc -I../Drivers/STM32G4xx_HAL_Driver/Inc -I../Drivers/STM32G4xx_HAL_Driver/Inc/Legacy -I../Drivers/CMSIS/Device/ST/STM32G4xx/Include -I../Drivers/CMSIS/Include -O0 -ffunction-sections -fdata-sections -Wall -fstack-usage -fcyclomatic-complexity -MMD -MP -MF"Core/Src/syscalls.d" -MT"Core/Src/syscalls.o" --specs=nano.specs -mfpu=fpv4-sp-d16 -mfloat-abi=hard -mthumb -o "Core/Src/syscalls.o"
../Core/Src/control.c: In function 'Control_Init':
../Core/Src/control.c:24:11: warning: assignment to 'UART_HandleTypeDef *' {aka 'struct __UART_HandleTypeDef *'} from incompatible pointer type 'ADC_HandleTypeDef *' [-Wincompatible-pointer-types]
   24 |     s_adc = hadc;
      |           ^
../Core/Src/control.c: In function 'HAL_GPIO_EXTI_Callback':
../Core/Src/control.c:94:55: warning: passing argument 1 of 'HAL_ADC_GetValue' from incompatible pointer type [-Wincompatible-pointer-types]
   94 |         uint16_t adc_btn = (uint16_t)HAL_ADC_GetValue(s_adc);
      |                                                       ^~~~~
      |                                                       |
      |                                                       UART_HandleTypeDef * {aka struct __UART_HandleTypeDef *}
In file included from ../Core/Inc/stm32g4xx_hal_conf.h:228,
                 from ../Drivers/STM32G4xx_HAL_Driver/Inc/stm32g4xx_hal.h:29,
                 from ../Core/Inc/main.h:30,
                 from ../Core/Inc/pwm.h:10,
                 from ../Core/Src/control.c:8:
../Drivers/STM32G4xx_HAL_Driver/Inc/stm32g4xx_hal_adc.h:2246:67: note: expected 'const ADC_HandleTypeDef *' but argument is of type 'UART_HandleTypeDef *' {aka 'struct __UART_HandleTypeDef *'}
 2246 | uint32_t                HAL_ADC_GetValue(const ADC_HandleTypeDef *hadc);
      |                                          ~~~~~~~~~~~~~~~~~~~~~~~~~^~~~
../Core/Src/control.c:90:18: warning: unused variable 'cntx' [-Wunused-variable]
   90 |         uint32_t cntx = __HAL_TIM_GET_COUNTER(s_htim_pwm);
      |                  ^~~~
../Core/Src/control.c:89:18: warning: unused variable 'ccr1x' [-Wunused-variable]
   89 |         uint32_t ccr1x = __HAL_TIM_GET_COMPARE(s_htim_pwm, TIM_CHANNEL_1);
      |                  ^~~~~
../Core/Src/pwm.c: In function 'HAL_TIM_OC_DelayElapsedCallback':
../Core/Src/pwm.c:75:14: error: 'adc_busy' undeclared (first use in this function)
   75 |         if (!adc_busy) {
      |              ^~~~~~~~
../Core/Src/pwm.c:75:14: note: each undeclared identifier is reported only once for each function it appears in
../Core/Src/main.c: In function 'main':
../Core/Src/main.c:160:12: warning: variable 'adc_last_main' set but not used [-Wunused-but-set-variable]
  160 |   uint16_t adc_last_main = 0;
      |            ^~~~~~~~~~~~~
../Core/Src/pwm.c:77:40: error: 'hadcx' undeclared (first use in this function)
   77 |             HAL_ADCEx_InjectedStart_IT(hadcx);
      |                                        ^~~~~
../Core/Src/pwm.c:62:18: warning: unused variable 'm' [-Wunused-variable]
   62 |     static float m = 0.5f; // < 1, da nije cijela amplituda
      |                  ^
../Core/Src/adc.c: In function 'HAL_ADCEx_InjectedConvCpltCallback':
../Core/Src/adc.c:23:5: error: 's_adc_last' undeclared (first use in this function)
   23 |     s_adc_last = (uint16_t)HAL_ADCEx_InjectedGetValue(hadc, ADC_INJECTED_RANK_1);
      |     ^~~~~~~~~~
../Core/Src/adc.c:23:5: note: each undeclared identifier is reported only once for each function it appears in
../Core/Src/adc.c:25:5: error: 's_adc_new' undeclared (first use in this function)
   25 |     s_adc_new  = 1;
      |     ^~~~~~~~~
../Core/Src/adc.c:26:5: error: 's_adc_busy' undeclared (first use in this function); did you mean 'adc_busy'?
   26 |     s_adc_busy = 0;
      |     ^~~~~~~~~~
      |     adc_busy
../Core/Src/adc.c: In function 'ADC1_Injected_StartSoft':
../Core/Src/adc.c:32:12: error: 's_adc_busy' undeclared (first use in this function); did you mean 'adc_busy'?
   32 |         if(s_adc_busy) return;
      |            ^~~~~~~~~~
      |            adc_busy
../Core/Src/adc.c:37:37: error: 'hadc1' undeclared (first use in this function)
   37 |     if (HAL_ADCEx_InjectedStart_IT(&hadc1) != HAL_OK)
      |                                     ^~~~~
../Core/Src/adc.c: In function 'ADC1_GetLastSample':
../Core/Src/adc.c:47:12: error: 's_adc_last' undeclared (first use in this function)
   47 |     return s_adc_last;
      |            ^~~~~~~~~~
../Core/Src/adc.c: In function 'ADC1_TryPopNewSample':
../Core/Src/adc.c:55:10: error: 's_adc_new' undeclared (first use in this function)
   55 |     if (!s_adc_new)
      |          ^~~~~~~~~
../Core/Src/adc.c:59:12: error: 's_adc_last' undeclared (first use in this function)
   59 |     *out = s_adc_last;
      |            ^~~~~~~~~~
../Core/Src/adc.c: In function 'ADC1_IsBusy':
../Core/Src/adc.c:66:12: error: 's_adc_busy' undeclared (first use in this function); did you mean 'adc_busy'?
   66 |     return s_adc_busy;
      |            ^~~~~~~~~~
      |            adc_busy
../Core/Src/adc.c: In function 'ADC1_GetLastSample':
../Core/Src/adc.c:48:1: warning: control reaches end of non-void function [-Wreturn-type]
   48 | }
      | ^
../Core/Src/adc.c: In function 'ADC1_IsBusy':
../Core/Src/adc.c:67:1: warning: control reaches end of non-void function [-Wreturn-type]
   67 | }
      | ^
make: *** [Core/Src/subdir.mk:49: Core/Src/pwm.o] Error 1
make: *** Waiting for unfinished jobs....
make: *** [Core/Src/subdir.mk:49: Core/Src/adc.o] Error 1
"make -j8 all" terminated with exit code 2. Build might be incomplete.
18:28:54 **** Incremental Build of configuration Debug for project PWM_output ****
make -j8 all 
arm-none-eabi-gcc "../Core/Src/adc.c" -mcpu=cortex-m4 -std=gnu11 -g3 -DDEBUG -DUSE_HAL_DRIVER -DSTM32G491xx -c -I../Core/Inc -I../Drivers/STM32G4xx_HAL_Driver/Inc -I../Drivers/STM32G4xx_HAL_Driver/Inc/Legacy -I../Drivers/CMSIS/Device/ST/STM32G4xx/Include -I../Drivers/CMSIS/Include -O0 -ffunction-sections -fdata-sections -Wall -fstack-usage -fcyclomatic-complexity -MMD -MP -MF"Core/Src/adc.d" -MT"Core/Src/adc.o" --specs=nano.specs -mfpu=fpv4-sp-d16 -mfloat-abi=hard -mthumb -o "Core/Src/adc.o"
arm-none-eabi-gcc "../Core/Src/pwm.c" -mcpu=cortex-m4 -std=gnu11 -g3 -DDEBUG -DUSE_HAL_DRIVER -DSTM32G491xx -c -I../Core/Inc -I../Drivers/STM32G4xx_HAL_Driver/Inc -I../Drivers/STM32G4xx_HAL_Driver/Inc/Legacy -I../Drivers/CMSIS/Device/ST/STM32G4xx/Include -I../Drivers/CMSIS/Include -O0 -ffunction-sections -fdata-sections -Wall -fstack-usage -fcyclomatic-complexity -MMD -MP -MF"Core/Src/pwm.d" -MT"Core/Src/pwm.o" --specs=nano.specs -mfpu=fpv4-sp-d16 -mfloat-abi=hard -mthumb -o "Core/Src/pwm.o"
arm-none-eabi-gcc "../Core/Src/sysmem.c" -mcpu=cortex-m4 -std=gnu11 -g3 -DDEBUG -DUSE_HAL_DRIVER -DSTM32G491xx -c -I../Core/Inc -I../Drivers/STM32G4xx_HAL_Driver/Inc -I../Drivers/STM32G4xx_HAL_Driver/Inc/Legacy -I../Drivers/CMSIS/Device/ST/STM32G4xx/Include -I../Drivers/CMSIS/Include -O0 -ffunction-sections -fdata-sections -Wall -fstack-usage -fcyclomatic-complexity -MMD -MP -MF"Core/Src/sysmem.d" -MT"Core/Src/sysmem.o" --specs=nano.specs -mfpu=fpv4-sp-d16 -mfloat-abi=hard -mthumb -o "Core/Src/sysmem.o"
arm-none-eabi-gcc "../Core/Src/system_stm32g4xx.c" -mcpu=cortex-m4 -std=gnu11 -g3 -DDEBUG -DUSE_HAL_DRIVER -DSTM32G491xx -c -I../Core/Inc -I../Drivers/STM32G4xx_HAL_Driver/Inc -I../Drivers/STM32G4xx_HAL_Driver/Inc/Legacy -I../Drivers/CMSIS/Device/ST/STM32G4xx/Include -I../Drivers/CMSIS/Include -O0 -ffunction-sections -fdata-sections -Wall -fstack-usage -fcyclomatic-complexity -MMD -MP -MF"Core/Src/system_stm32g4xx.d" -MT"Core/Src/system_stm32g4xx.o" --specs=nano.specs -mfpu=fpv4-sp-d16 -mfloat-abi=hard -mthumb -o "Core/Src/system_stm32g4xx.o"
arm-none-eabi-gcc "../Core/Src/uart.c" -mcpu=cortex-m4 -std=gnu11 -g3 -DDEBUG -DUSE_HAL_DRIVER -DSTM32G491xx -c -I../Core/Inc -I../Drivers/STM32G4xx_HAL_Driver/Inc -I../Drivers/STM32G4xx_HAL_Driver/Inc/Legacy -I../Drivers/CMSIS/Device/ST/STM32G4xx/Include -I../Drivers/CMSIS/Include -O0 -ffunction-sections -fdata-sections -Wall -fstack-usage -fcyclomatic-complexity -MMD -MP -MF"Core/Src/uart.d" -MT"Core/Src/uart.o" --specs=nano.specs -mfpu=fpv4-sp-d16 -mfloat-abi=hard -mthumb -o "Core/Src/uart.o"
../Core/Src/adc.c: In function 'ADC1_Injected_StartSoft':
../Core/Src/adc.c:42:37: error: 'hadc1' undeclared (first use in this function)
   42 |     if (HAL_ADCEx_InjectedStart_IT(&hadc1) != HAL_OK)
      |                                     ^~~~~
../Core/Src/adc.c:42:37: note: each undeclared identifier is reported only once for each function it appears in
make: *** [Core/Src/subdir.mk:49: Core/Src/adc.o] Error 1
make: *** Waiting for unfinished jobs....
../Core/Src/pwm.c: In function 'HAL_TIM_OC_DelayElapsedCallback':
../Core/Src/pwm.c:75:14: error: 'adc_busy' undeclared (first use in this function)
   75 |         if (!adc_busy) {
      |              ^~~~~~~~
../Core/Src/pwm.c:75:14: note: each undeclared identifier is reported only once for each function it appears in
../Core/Src/pwm.c:77:40: error: 'hadcx' undeclared (first use in this function)
   77 |             HAL_ADCEx_InjectedStart_IT(hadcx);
      |                                        ^~~~~
../Core/Src/pwm.c:62:18: warning: unused variable 'm' [-Wunused-variable]
   62 |     static float m = 0.5f; // < 1, da nije cijela amplituda
      |                  ^
make: *** [Core/Src/subdir.mk:49: Core/Src/pwm.o] Error 1
../Core/Src/uart.c: In function 'HAL_UART_RxCpltCallback':
../Core/Src/uart.c:65:46: warning: passing argument 2 of 'HAL_UART_Receive_IT' discards 'volatile' qualifier from pointer target type [-Wdiscarded-qualifiers]
   65 |                 HAL_UART_Receive_IT(s_huart, &rx_byte, 1);
      |                                              ^~~~~~~~
In file included from ../Core/Inc/stm32g4xx_hal_conf.h:348,
                 from ../Drivers/STM32G4xx_HAL_Driver/Inc/stm32g4xx_hal.h:29,
                 from ../Core/Inc/main.h:30,
                 from ../Core/Inc/uart.h:10,
                 from ../Core/Src/uart.c:7:
../Drivers/STM32G4xx_HAL_Driver/Inc/stm32g4xx_hal_uart.h:1636:75: note: expected 'uint8_t *' {aka 'unsigned char *'} but argument is of type 'volatile uint8_t *' {aka 'volatile unsigned char *'}
 1636 | HAL_StatusTypeDef HAL_UART_Receive_IT(UART_HandleTypeDef *huart, uint8_t *pData, uint16_t Size);
      |                                                                  ~~~~~~~~~^~~~~
"make -j8 all" terminated with exit code 2. Build might be incomplete.
18:29:18 **** Incremental Build of configuration Debug for project PWM_output ****
make -j8 all 
arm-none-eabi-gcc "../Core/Src/adc.c" -mcpu=cortex-m4 -std=gnu11 -g3 -DDEBUG -DUSE_HAL_DRIVER -DSTM32G491xx -c -I../Core/Inc -I../Drivers/STM32G4xx_HAL_Driver/Inc -I../Drivers/STM32G4xx_HAL_Driver/Inc/Legacy -I../Drivers/CMSIS/Device/ST/STM32G4xx/Include -I../Drivers/CMSIS/Include -O0 -ffunction-sections -fdata-sections -Wall -fstack-usage -fcyclomatic-complexity -MMD -MP -MF"Core/Src/adc.d" -MT"Core/Src/adc.o" --specs=nano.specs -mfpu=fpv4-sp-d16 -mfloat-abi=hard -mthumb -o "Core/Src/adc.o"
arm-none-eabi-gcc "../Core/Src/pwm.c" -mcpu=cortex-m4 -std=gnu11 -g3 -DDEBUG -DUSE_HAL_DRIVER -DSTM32G491xx -c -I../Core/Inc -I../Drivers/STM32G4xx_HAL_Driver/Inc -I../Drivers/STM32G4xx_HAL_Driver/Inc/Legacy -I../Drivers/CMSIS/Device/ST/STM32G4xx/Include -I../Drivers/CMSIS/Include -O0 -ffunction-sections -fdata-sections -Wall -fstack-usage -fcyclomatic-complexity -MMD -MP -MF"Core/Src/pwm.d" -MT"Core/Src/pwm.o" --specs=nano.specs -mfpu=fpv4-sp-d16 -mfloat-abi=hard -mthumb -o "Core/Src/pwm.o"
../Core/Src/pwm.c: In function 'HAL_TIM_OC_DelayElapsedCallback':
../Core/Src/pwm.c:75:14: error: 'adc_busy' undeclared (first use in this function)
   75 |         if (!adc_busy) {
      |              ^~~~~~~~
../Core/Src/pwm.c:75:14: note: each undeclared identifier is reported only once for each function it appears in
../Core/Src/pwm.c:77:40: error: 'hadcx' undeclared (first use in this function)
   77 |             HAL_ADCEx_InjectedStart_IT(hadcx);
      |                                        ^~~~~
../Core/Src/pwm.c:62:18: warning: unused variable 'm' [-Wunused-variable]
   62 |     static float m = 0.5f; // < 1, da nije cijela amplituda
      |                  ^
make: *** [Core/Src/subdir.mk:49: Core/Src/pwm.o] Error 1
make: *** Waiting for unfinished jobs....
"make -j8 all" terminated with exit code 2. Build might be incomplete.
18:29:38 **** Incremental Build of configuration Debug for project PWM_output ****
make -j8 all 
arm-none-eabi-gcc "../Core/Src/pwm.c" -mcpu=cortex-m4 -std=gnu11 -g3 -DDEBUG -DUSE_HAL_DRIVER -DSTM32G491xx -c -I../Core/Inc -I../Drivers/STM32G4xx_HAL_Driver/Inc -I../Drivers/STM32G4xx_HAL_Driver/Inc/Legacy -I../Drivers/CMSIS/Device/ST/STM32G4xx/Include -I../Drivers/CMSIS/Include -O0 -ffunction-sections -fdata-sections -Wall -fstack-usage -fcyclomatic-complexity -MMD -MP -MF"Core/Src/pwm.d" -MT"Core/Src/pwm.o" --specs=nano.specs -mfpu=fpv4-sp-d16 -mfloat-abi=hard -mthumb -o "Core/Src/pwm.o"
../Core/Src/pwm.c: In function 'HAL_TIM_OC_DelayElapsedCallback':
../Core/Src/pwm.c:62:18: warning: unused variable 'm' [-Wunused-variable]
   62 |     static float m = 0.5f; // < 1, da nije cijela amplituda
      |                  ^
arm-none-eabi-gcc -o "PWM_output.elf" @"objects.list"   -mcpu=cortex-m4 -T"C:\STM32_projekti\STM32G491-FOC_Motor_Control\STM32G491-FOC_Motor_Control\PWM_output\STM32G491RETX_FLASH.ld" --specs=nosys.specs -Wl,-Map="PWM_output.map" -Wl,--gc-sections -static --specs=nano.specs -mfpu=fpv4-sp-d16 -mfloat-abi=hard -mthumb -Wl,--start-group -lc -lm -Wl,--end-group
Finished building target: PWM_output.elf
 
arm-none-eabi-size  PWM_output.elf 
arm-none-eabi-objdump -h -S PWM_output.elf  > "PWM_output.list"
   text	   data	    bss	    dec	    hex	filename
  48352	     92	   4852	  53296	   d030	PWM_output.elf
Finished building: default.size.stdout
 
Finished building: PWM_output.list
 
18:30:09 **** Incremental Build of configuration Debug for project PWM_output ****
make -j8 all 
arm-none-eabi-size  PWM_output.elf 
   text	   data	    bss	    dec	    hex	filename
  48352	     92	   4852	  53296	   d030	PWM_output.elf
Finished building: default.size.stdout
 
18:30:58 **** Incremental Build of configuration Debug for project PWM_output ****
make -j8 all 
arm-none-eabi-size  PWM_output.elf 
   text	   data	    bss	    dec	    hex	filename
  48352	     92	   4852	  53296	   d030	PWM_output.elf
Finished building: default.size.stdout
 
18:31:25 **** Incremental Build of configuration Debug for project PWM_output ****
make -j8 all 
arm-none-eabi-size  PWM_output.elf 
   text	   data	    bss	    dec	    hex	filename
  48352	     92	   4852	  53296	   d030	PWM_output.elf
Finished building: default.size.stdout
 
18:31:37 **** Incremental Build of configuration Debug for project PWM_output ****
make -j8 all 
arm-none-eabi-size  PWM_output.elf 
   text	   data	    bss	    dec	    hex	filename
  48352	     92	   4852	  53296	   d030	PWM_output.elf
Finished building: default.size.stdout
 
18:32:18 **** Incremental Build of configuration Debug for project PWM_output ****
make -j8 all 
arm-none-eabi-size  PWM_output.elf 
   text	   data	    bss	    dec	    hex	filename
  48352	     92	   4852	  53296	   d030	PWM_output.elf
Finished building: default.size.stdout
 
18:35:17 **** Incremental Build of configuration Debug for project PWM_output ****
make -j8 all 
arm-none-eabi-gcc "../Core/Src/control.c" -mcpu=cortex-m4 -std=gnu11 -g3 -DDEBUG -DUSE_HAL_DRIVER -DSTM32G491xx -c -I../Core/Inc -I../Drivers/STM32G4xx_HAL_Driver/Inc -I../Drivers/STM32G4xx_HAL_Driver/Inc/Legacy -I../Drivers/CMSIS/Device/ST/STM32G4xx/Include -I../Drivers/CMSIS/Include -O0 -ffunction-sections -fdata-sections -Wall -fstack-usage -fcyclomatic-complexity -MMD -MP -MF"Core/Src/control.d" -MT"Core/Src/control.o" --specs=nano.specs -mfpu=fpv4-sp-d16 -mfloat-abi=hard -mthumb -o "Core/Src/control.o"
arm-none-eabi-gcc "../Core/Src/main.c" -mcpu=cortex-m4 -std=gnu11 -g3 -DDEBUG -DUSE_HAL_DRIVER -DSTM32G491xx -c -I../Core/Inc -I../Drivers/STM32G4xx_HAL_Driver/Inc -I../Drivers/STM32G4xx_HAL_Driver/Inc/Legacy -I../Drivers/CMSIS/Device/ST/STM32G4xx/Include -I../Drivers/CMSIS/Include -O0 -ffunction-sections -fdata-sections -Wall -fstack-usage -fcyclomatic-complexity -MMD -MP -MF"Core/Src/main.d" -MT"Core/Src/main.o" --specs=nano.specs -mfpu=fpv4-sp-d16 -mfloat-abi=hard -mthumb -o "Core/Src/main.o"
arm-none-eabi-gcc "../Core/Src/uart.c" -mcpu=cortex-m4 -std=gnu11 -g3 -DDEBUG -DUSE_HAL_DRIVER -DSTM32G491xx -c -I../Core/Inc -I../Drivers/STM32G4xx_HAL_Driver/Inc -I../Drivers/STM32G4xx_HAL_Driver/Inc/Legacy -I../Drivers/CMSIS/Device/ST/STM32G4xx/Include -I../Drivers/CMSIS/Include -O0 -ffunction-sections -fdata-sections -Wall -fstack-usage -fcyclomatic-complexity -MMD -MP -MF"Core/Src/uart.d" -MT"Core/Src/uart.o" --specs=nano.specs -mfpu=fpv4-sp-d16 -mfloat-abi=hard -mthumb -o "Core/Src/uart.o"
../Core/Src/uart.c: In function 'HAL_UART_RxCpltCallback':
../Core/Src/uart.c:65:46: warning: passing argument 2 of 'HAL_UART_Receive_IT' discards 'volatile' qualifier from pointer target type [-Wdiscarded-qualifiers]
   65 |                 HAL_UART_Receive_IT(s_huart, &rx_byte, 1);
      |                                              ^~~~~~~~
In file included from ../Core/Inc/stm32g4xx_hal_conf.h:348,
                 from ../Drivers/STM32G4xx_HAL_Driver/Inc/stm32g4xx_hal.h:29,
                 from ../Core/Inc/main.h:30,
                 from ../Core/Inc/uart.h:10,
                 from ../Core/Src/uart.c:7:
../Drivers/STM32G4xx_HAL_Driver/Inc/stm32g4xx_hal_uart.h:1636:75: note: expected 'uint8_t *' {aka 'unsigned char *'} but argument is of type 'volatile uint8_t *' {aka 'volatile unsigned char *'}
 1636 | HAL_StatusTypeDef HAL_UART_Receive_IT(UART_HandleTypeDef *huart, uint8_t *pData, uint16_t Size);
      |                                                                  ~~~~~~~~~^~~~~
../Core/Src/control.c: In function 'Control_Init':
../Core/Src/control.c:25:11: warning: assignment to 'UART_HandleTypeDef *' {aka 'struct __UART_HandleTypeDef *'} from incompatible pointer type 'ADC_HandleTypeDef *' [-Wincompatible-pointer-types]
   25 |     s_adc = hadc;
      |           ^
../Core/Src/control.c: In function 'HAL_GPIO_EXTI_Callback':
../Core/Src/control.c:91:18: warning: unused variable 'cntx' [-Wunused-variable]
   91 |         uint32_t cntx = __HAL_TIM_GET_COUNTER(s_htim_pwm);
      |                  ^~~~
../Core/Src/main.c: In function 'main':
../Core/Src/control.c:90:18: warning: unused variable 'ccr1x' [-Wunused-variable]
   90 |         uint32_t ccr1x = __HAL_TIM_GET_COMPARE(s_htim_pwm, TIM_CHANNEL_1);
      |                  ^~~~~
../Core/Src/main.c:160:12: warning: variable 'adc_last_main' set but not used [-Wunused-but-set-variable]
  160 |   uint16_t adc_last_main = 0;
      |            ^~~~~~~~~~~~~
arm-none-eabi-gcc -o "PWM_output.elf" @"objects.list"   -mcpu=cortex-m4 -T"C:\STM32_projekti\STM32G491-FOC_Motor_Control\STM32G491-FOC_Motor_Control\PWM_output\STM32G491RETX_FLASH.ld" --specs=nosys.specs -Wl,-Map="PWM_output.map" -Wl,--gc-sections -static --specs=nano.specs -mfpu=fpv4-sp-d16 -mfloat-abi=hard -mthumb -Wl,--start-group -lc -lm -Wl,--end-group
Finished building target: PWM_output.elf
 
arm-none-eabi-size  PWM_output.elf 
arm-none-eabi-objdump -h -S PWM_output.elf  > "PWM_output.list"
   text	   data	    bss	    dec	    hex	filename
  48328	     92	   4852	  53272	   d018	PWM_output.elf
Finished building: default.size.stdout
 
Finished building: PWM_output.list
 
18:51:47 **** Incremental Build of configuration Debug for project PWM_output ****
make -j8 all 
arm-none-eabi-gcc "../Core/Src/pwm.c" -mcpu=cortex-m4 -std=gnu11 -g3 -DDEBUG -DUSE_HAL_DRIVER -DSTM32G491xx -c -I../Core/Inc -I../Drivers/STM32G4xx_HAL_Driver/Inc -I../Drivers/STM32G4xx_HAL_Driver/Inc/Legacy -I../Drivers/CMSIS/Device/ST/STM32G4xx/Include -I../Drivers/CMSIS/Include -O0 -ffunction-sections -fdata-sections -Wall -fstack-usage -fcyclomatic-complexity -MMD -MP -MF"Core/Src/pwm.d" -MT"Core/Src/pwm.o" --specs=nano.specs -mfpu=fpv4-sp-d16 -mfloat-abi=hard -mthumb -o "Core/Src/pwm.o"
../Core/Src/pwm.c: In function 'HAL_TIM_OC_DelayElapsedCallback':
../Core/Src/pwm.c:62:18: warning: unused variable 'm' [-Wunused-variable]
   62 |     static float m = 0.5f; // < 1, da nije cijela amplituda
      |                  ^
arm-none-eabi-gcc -o "PWM_output.elf" @"objects.list"   -mcpu=cortex-m4 -T"C:\STM32_projekti\STM32G491-FOC_Motor_Control\STM32G491-FOC_Motor_Control\PWM_output\STM32G491RETX_FLASH.ld" --specs=nosys.specs -Wl,-Map="PWM_output.map" -Wl,--gc-sections -static --specs=nano.specs -mfpu=fpv4-sp-d16 -mfloat-abi=hard -mthumb -Wl,--start-group -lc -lm -Wl,--end-group
Finished building target: PWM_output.elf
 
arm-none-eabi-size  PWM_output.elf 
arm-none-eabi-objdump -h -S PWM_output.elf  > "PWM_output.list"
   text	   data	    bss	    dec	    hex	filename
  48328	     92	   4852	  53272	   d018	PWM_output.elf
Finished building: default.size.stdout
 
Finished building: PWM_output.list
 
18:57:38 **** Incremental Build of configuration Debug for project PWM_output ****
make -j8 all 
arm-none-eabi-gcc "../Core/Src/adc.c" -mcpu=cortex-m4 -std=gnu11 -g3 -DDEBUG -DUSE_HAL_DRIVER -DSTM32G491xx -c -I../Core/Inc -I../Drivers/STM32G4xx_HAL_Driver/Inc -I../Drivers/STM32G4xx_HAL_Driver/Inc/Legacy -I../Drivers/CMSIS/Device/ST/STM32G4xx/Include -I../Drivers/CMSIS/Include -O0 -ffunction-sections -fdata-sections -Wall -fstack-usage -fcyclomatic-complexity -MMD -MP -MF"Core/Src/adc.d" -MT"Core/Src/adc.o" --specs=nano.specs -mfpu=fpv4-sp-d16 -mfloat-abi=hard -mthumb -o "Core/Src/adc.o"
arm-none-eabi-gcc "../Core/Src/control.c" -mcpu=cortex-m4 -std=gnu11 -g3 -DDEBUG -DUSE_HAL_DRIVER -DSTM32G491xx -c -I../Core/Inc -I../Drivers/STM32G4xx_HAL_Driver/Inc -I../Drivers/STM32G4xx_HAL_Driver/Inc/Legacy -I../Drivers/CMSIS/Device/ST/STM32G4xx/Include -I../Drivers/CMSIS/Include -O0 -ffunction-sections -fdata-sections -Wall -fstack-usage -fcyclomatic-complexity -MMD -MP -MF"Core/Src/control.d" -MT"Core/Src/control.o" --specs=nano.specs -mfpu=fpv4-sp-d16 -mfloat-abi=hard -mthumb -o "Core/Src/control.o"
arm-none-eabi-gcc "../Core/Src/main.c" -mcpu=cortex-m4 -std=gnu11 -g3 -DDEBUG -DUSE_HAL_DRIVER -DSTM32G491xx -c -I../Core/Inc -I../Drivers/STM32G4xx_HAL_Driver/Inc -I../Drivers/STM32G4xx_HAL_Driver/Inc/Legacy -I../Drivers/CMSIS/Device/ST/STM32G4xx/Include -I../Drivers/CMSIS/Include -O0 -ffunction-sections -fdata-sections -Wall -fstack-usage -fcyclomatic-complexity -MMD -MP -MF"Core/Src/main.d" -MT"Core/Src/main.o" --specs=nano.specs -mfpu=fpv4-sp-d16 -mfloat-abi=hard -mthumb -o "Core/Src/main.o"
arm-none-eabi-gcc "../Core/Src/pwm.c" -mcpu=cortex-m4 -std=gnu11 -g3 -DDEBUG -DUSE_HAL_DRIVER -DSTM32G491xx -c -I../Core/Inc -I../Drivers/STM32G4xx_HAL_Driver/Inc -I../Drivers/STM32G4xx_HAL_Driver/Inc/Legacy -I../Drivers/CMSIS/Device/ST/STM32G4xx/Include -I../Drivers/CMSIS/Include -O0 -ffunction-sections -fdata-sections -Wall -fstack-usage -fcyclomatic-complexity -MMD -MP -MF"Core/Src/pwm.d" -MT"Core/Src/pwm.o" --specs=nano.specs -mfpu=fpv4-sp-d16 -mfloat-abi=hard -mthumb -o "Core/Src/pwm.o"
../Core/Src/adc.c:11:20: warning: 'ADC_max' defined but not used [-Wunused-const-variable=]
   11 | static const float ADC_max = 4095.0f;
      |                    ^~~~~~~
../Core/Src/adc.c:10:20: warning: 'Vref' defined but not used [-Wunused-const-variable=]
   10 | static const float Vref = 3.3f;
      |                    ^~~~
../Core/Src/control.c: In function 'Control_Init':
../Core/Src/control.c:25:11: warning: assignment to 'UART_HandleTypeDef *' {aka 'struct __UART_HandleTypeDef *'} from incompatible pointer type 'ADC_HandleTypeDef *' [-Wincompatible-pointer-types]
   25 |     s_adc = hadc;
      |           ^
../Core/Src/control.c: In function 'HAL_GPIO_EXTI_Callback':
../Core/Src/control.c:91:18: warning: unused variable 'cntx' [-Wunused-variable]
   91 |         uint32_t cntx = __HAL_TIM_GET_COUNTER(s_htim_pwm);
      |                  ^~~~
../Core/Src/control.c:90:18: warning: unused variable 'ccr1x' [-Wunused-variable]
   90 |         uint32_t ccr1x = __HAL_TIM_GET_COMPARE(s_htim_pwm, TIM_CHANNEL_1);
      |                  ^~~~~
../Core/Src/main.c: In function 'main':
../Core/Src/main.c:160:12: warning: variable 'adc_last_main' set but not used [-Wunused-but-set-variable]
  160 |   uint16_t adc_last_main = 0;
      |            ^~~~~~~~~~~~~
../Core/Src/pwm.c: In function 'HAL_TIM_OC_DelayElapsedCallback':
../Core/Src/pwm.c:62:18: warning: unused variable 'm' [-Wunused-variable]
   62 |     static float m = 0.5f; // < 1, da nije cijela amplituda
      |                  ^
arm-none-eabi-gcc -o "PWM_output.elf" @"objects.list"   -mcpu=cortex-m4 -T"C:\STM32_projekti\STM32G491-FOC_Motor_Control\STM32G491-FOC_Motor_Control\PWM_output\STM32G491RETX_FLASH.ld" --specs=nosys.specs -Wl,-Map="PWM_output.map" -Wl,--gc-sections -static --specs=nano.specs -mfpu=fpv4-sp-d16 -mfloat-abi=hard -mthumb -Wl,--start-group -lc -lm -Wl,--end-group
Finished building target: PWM_output.elf
 
arm-none-eabi-size  PWM_output.elf 
arm-none-eabi-objdump -h -S PWM_output.elf  > "PWM_output.list"
   text	   data	    bss	    dec	    hex	filename
  48384	     92	   4852	  53328	   d050	PWM_output.elf
Finished building: default.size.stdout
 
Finished building: PWM_output.list
 
18:57:44 **** Incremental Build of configuration Debug for project PWM_output ****
make -j8 all 
arm-none-eabi-gcc "../Core/Src/control.c" -mcpu=cortex-m4 -std=gnu11 -g3 -DDEBUG -DUSE_HAL_DRIVER -DSTM32G491xx -c -I../Core/Inc -I../Drivers/STM32G4xx_HAL_Driver/Inc -I../Drivers/STM32G4xx_HAL_Driver/Inc/Legacy -I../Drivers/CMSIS/Device/ST/STM32G4xx/Include -I../Drivers/CMSIS/Include -O0 -ffunction-sections -fdata-sections -Wall -fstack-usage -fcyclomatic-complexity -MMD -MP -MF"Core/Src/control.d" -MT"Core/Src/control.o" --specs=nano.specs -mfpu=fpv4-sp-d16 -mfloat-abi=hard -mthumb -o "Core/Src/control.o"
../Core/Src/control.c: In function 'Control_Init':
../Core/Src/control.c:25:11: warning: assignment to 'UART_HandleTypeDef *' {aka 'struct __UART_HandleTypeDef *'} from incompatible pointer type 'ADC_HandleTypeDef *' [-Wincompatible-pointer-types]
   25 |     s_adc = hadc;
      |           ^
../Core/Src/control.c: In function 'HAL_GPIO_EXTI_Callback':
../Core/Src/control.c:102:59: warning: format '%f' expects argument of type 'double', but argument 4 has type 'int' [-Wformat=]
  102 |         int n1 = snprintf(buf1, sizeof(buf1), "CH1 adc = %f\r\n", (int)adc_true);
      |                                                          ~^       ~~~~~~~~~~~~~
      |                                                           |       |
      |                                                           double  int
      |                                                          %d
../Core/Src/control.c:91:18: warning: unused variable 'cntx' [-Wunused-variable]
   91 |         uint32_t cntx = __HAL_TIM_GET_COUNTER(s_htim_pwm);
      |                  ^~~~
../Core/Src/control.c:90:18: warning: unused variable 'ccr1x' [-Wunused-variable]
   90 |         uint32_t ccr1x = __HAL_TIM_GET_COMPARE(s_htim_pwm, TIM_CHANNEL_1);
      |                  ^~~~~
arm-none-eabi-gcc -o "PWM_output.elf" @"objects.list"   -mcpu=cortex-m4 -T"C:\STM32_projekti\STM32G491-FOC_Motor_Control\STM32G491-FOC_Motor_Control\PWM_output\STM32G491RETX_FLASH.ld" --specs=nosys.specs -Wl,-Map="PWM_output.map" -Wl,--gc-sections -static --specs=nano.specs -mfpu=fpv4-sp-d16 -mfloat-abi=hard -mthumb -Wl,--start-group -lc -lm -Wl,--end-group
Finished building target: PWM_output.elf
 
arm-none-eabi-size  PWM_output.elf 
arm-none-eabi-objdump -h -S PWM_output.elf  > "PWM_output.list"
   text	   data	    bss	    dec	    hex	filename
  48384	     92	   4852	  53328	   d050	PWM_output.elf
Finished building: default.size.stdout
 
Finished building: PWM_output.list
 
18:59:16 **** Incremental Build of configuration Debug for project PWM_output ****
make -j8 all 
arm-none-eabi-gcc "../Core/Src/control.c" -mcpu=cortex-m4 -std=gnu11 -g3 -DDEBUG -DUSE_HAL_DRIVER -DSTM32G491xx -c -I../Core/Inc -I../Drivers/STM32G4xx_HAL_Driver/Inc -I../Drivers/STM32G4xx_HAL_Driver/Inc/Legacy -I../Drivers/CMSIS/Device/ST/STM32G4xx/Include -I../Drivers/CMSIS/Include -O0 -ffunction-sections -fdata-sections -Wall -fstack-usage -fcyclomatic-complexity -MMD -MP -MF"Core/Src/control.d" -MT"Core/Src/control.o" --specs=nano.specs -mfpu=fpv4-sp-d16 -mfloat-abi=hard -mthumb -o "Core/Src/control.o"
../Core/Src/control.c: In function 'Control_Init':
../Core/Src/control.c:25:11: warning: assignment to 'UART_HandleTypeDef *' {aka 'struct __UART_HandleTypeDef *'} from incompatible pointer type 'ADC_HandleTypeDef *' [-Wincompatible-pointer-types]
   25 |     s_adc = hadc;
      |           ^
../Core/Src/control.c: In function 'HAL_GPIO_EXTI_Callback':
../Core/Src/control.c:102:59: warning: format '%f' expects argument of type 'double', but argument 4 has type 'int' [-Wformat=]
  102 |         int n1 = snprintf(buf1, sizeof(buf1), "CH1 adc = %f\r\n", (int)adc_true);
      |                                                          ~^       ~~~~~~~~~~~~~
      |                                                           |       |
      |                                                           double  int
      |                                                          %d
../Core/Src/control.c:91:18: warning: unused variable 'cntx' [-Wunused-variable]
   91 |         uint32_t cntx = __HAL_TIM_GET_COUNTER(s_htim_pwm);
      |                  ^~~~
../Core/Src/control.c:90:18: warning: unused variable 'ccr1x' [-Wunused-variable]
   90 |         uint32_t ccr1x = __HAL_TIM_GET_COMPARE(s_htim_pwm, TIM_CHANNEL_1);
      |                  ^~~~~
arm-none-eabi-gcc -o "PWM_output.elf" @"objects.list"   -mcpu=cortex-m4 -T"C:\STM32_projekti\STM32G491-FOC_Motor_Control\STM32G491-FOC_Motor_Control\PWM_output\STM32G491RETX_FLASH.ld" --specs=nosys.specs -Wl,-Map="PWM_output.map" -Wl,--gc-sections -static --specs=nano.specs -mfpu=fpv4-sp-d16 -mfloat-abi=hard -mthumb -Wl,--start-group -lc -lm -Wl,--end-group
Finished building target: PWM_output.elf
 
arm-none-eabi-size  PWM_output.elf 
arm-none-eabi-objdump -h -S PWM_output.elf  > "PWM_output.list"
   text	   data	    bss	    dec	    hex	filename
  48368	     92	   4852	  53312	   d040	PWM_output.elf
Finished building: default.size.stdout
 
Finished building: PWM_output.list
 
18:59:30 **** Incremental Build of configuration Debug for project PWM_output ****
make -j8 all 
arm-none-eabi-gcc "../Core/Src/control.c" -mcpu=cortex-m4 -std=gnu11 -g3 -DDEBUG -DUSE_HAL_DRIVER -DSTM32G491xx -c -I../Core/Inc -I../Drivers/STM32G4xx_HAL_Driver/Inc -I../Drivers/STM32G4xx_HAL_Driver/Inc/Legacy -I../Drivers/CMSIS/Device/ST/STM32G4xx/Include -I../Drivers/CMSIS/Include -O0 -ffunction-sections -fdata-sections -Wall -fstack-usage -fcyclomatic-complexity -MMD -MP -MF"Core/Src/control.d" -MT"Core/Src/control.o" --specs=nano.specs -mfpu=fpv4-sp-d16 -mfloat-abi=hard -mthumb -o "Core/Src/control.o"
../Core/Src/control.c: In function 'Control_Init':
../Core/Src/control.c:25:11: warning: assignment to 'UART_HandleTypeDef *' {aka 'struct __UART_HandleTypeDef *'} from incompatible pointer type 'ADC_HandleTypeDef *' [-Wincompatible-pointer-types]
   25 |     s_adc = hadc;
      |           ^
../Core/Src/control.c: In function 'HAL_GPIO_EXTI_Callback':
../Core/Src/control.c:91:18: warning: unused variable 'cntx' [-Wunused-variable]
   91 |         uint32_t cntx = __HAL_TIM_GET_COUNTER(s_htim_pwm);
      |                  ^~~~
../Core/Src/control.c:90:18: warning: unused variable 'ccr1x' [-Wunused-variable]
   90 |         uint32_t ccr1x = __HAL_TIM_GET_COMPARE(s_htim_pwm, TIM_CHANNEL_1);
      |                  ^~~~~
arm-none-eabi-gcc -o "PWM_output.elf" @"objects.list"   -mcpu=cortex-m4 -T"C:\STM32_projekti\STM32G491-FOC_Motor_Control\STM32G491-FOC_Motor_Control\PWM_output\STM32G491RETX_FLASH.ld" --specs=nosys.specs -Wl,-Map="PWM_output.map" -Wl,--gc-sections -static --specs=nano.specs -mfpu=fpv4-sp-d16 -mfloat-abi=hard -mthumb -Wl,--start-group -lc -lm -Wl,--end-group
Finished building target: PWM_output.elf
 
arm-none-eabi-size  PWM_output.elf 
arm-none-eabi-objdump -h -S PWM_output.elf  > "PWM_output.list"
   text	   data	    bss	    dec	    hex	filename
  48368	     92	   4852	  53312	   d040	PWM_output.elf
Finished building: default.size.stdout
 
Finished building: PWM_output.list
 
19:05:17 **** Incremental Build of configuration Debug for project PWM_output ****
make -j8 all 
arm-none-eabi-gcc "../Core/Src/adc.c" -mcpu=cortex-m4 -std=gnu11 -g3 -DDEBUG -DUSE_HAL_DRIVER -DSTM32G491xx -c -I../Core/Inc -I../Drivers/STM32G4xx_HAL_Driver/Inc -I../Drivers/STM32G4xx_HAL_Driver/Inc/Legacy -I../Drivers/CMSIS/Device/ST/STM32G4xx/Include -I../Drivers/CMSIS/Include -O0 -ffunction-sections -fdata-sections -Wall -fstack-usage -fcyclomatic-complexity -MMD -MP -MF"Core/Src/adc.d" -MT"Core/Src/adc.o" --specs=nano.specs -mfpu=fpv4-sp-d16 -mfloat-abi=hard -mthumb -o "Core/Src/adc.o"
arm-none-eabi-gcc "../Core/Src/control.c" -mcpu=cortex-m4 -std=gnu11 -g3 -DDEBUG -DUSE_HAL_DRIVER -DSTM32G491xx -c -I../Core/Inc -I../Drivers/STM32G4xx_HAL_Driver/Inc -I../Drivers/STM32G4xx_HAL_Driver/Inc/Legacy -I../Drivers/CMSIS/Device/ST/STM32G4xx/Include -I../Drivers/CMSIS/Include -O0 -ffunction-sections -fdata-sections -Wall -fstack-usage -fcyclomatic-complexity -MMD -MP -MF"Core/Src/control.d" -MT"Core/Src/control.o" --specs=nano.specs -mfpu=fpv4-sp-d16 -mfloat-abi=hard -mthumb -o "Core/Src/control.o"
arm-none-eabi-gcc "../Core/Src/main.c" -mcpu=cortex-m4 -std=gnu11 -g3 -DDEBUG -DUSE_HAL_DRIVER -DSTM32G491xx -c -I../Core/Inc -I../Drivers/STM32G4xx_HAL_Driver/Inc -I../Drivers/STM32G4xx_HAL_Driver/Inc/Legacy -I../Drivers/CMSIS/Device/ST/STM32G4xx/Include -I../Drivers/CMSIS/Include -O0 -ffunction-sections -fdata-sections -Wall -fstack-usage -fcyclomatic-complexity -MMD -MP -MF"Core/Src/main.d" -MT"Core/Src/main.o" --specs=nano.specs -mfpu=fpv4-sp-d16 -mfloat-abi=hard -mthumb -o "Core/Src/main.o"
arm-none-eabi-gcc "../Core/Src/pwm.c" -mcpu=cortex-m4 -std=gnu11 -g3 -DDEBUG -DUSE_HAL_DRIVER -DSTM32G491xx -c -I../Core/Inc -I../Drivers/STM32G4xx_HAL_Driver/Inc -I../Drivers/STM32G4xx_HAL_Driver/Inc/Legacy -I../Drivers/CMSIS/Device/ST/STM32G4xx/Include -I../Drivers/CMSIS/Include -O0 -ffunction-sections -fdata-sections -Wall -fstack-usage -fcyclomatic-complexity -MMD -MP -MF"Core/Src/pwm.d" -MT"Core/Src/pwm.o" --specs=nano.specs -mfpu=fpv4-sp-d16 -mfloat-abi=hard -mthumb -o "Core/Src/pwm.o"
../Core/Src/control.c: In function 'Control_Init':
../Core/Src/control.c:25:11: warning: assignment to 'UART_HandleTypeDef *' {aka 'struct __UART_HandleTypeDef *'} from incompatible pointer type 'ADC_HandleTypeDef *' [-Wincompatible-pointer-types]
   25 |     s_adc = hadc;
      |           ^
../Core/Src/control.c: In function 'HAL_GPIO_EXTI_Callback':
../Core/Src/control.c:91:18: warning: unused variable 'cntx' [-Wunused-variable]
   91 |         uint32_t cntx = __HAL_TIM_GET_COUNTER(s_htim_pwm);
      |                  ^~~~
../Core/Src/control.c:90:18: warning: unused variable 'ccr1x' [-Wunused-variable]
   90 |         uint32_t ccr1x = __HAL_TIM_GET_COMPARE(s_htim_pwm, TIM_CHANNEL_1);
      |                  ^~~~~
../Core/Src/main.c: In function 'main':
../Core/Src/main.c:160:12: warning: variable 'adc_last_main' set but not used [-Wunused-but-set-variable]
  160 |   uint16_t adc_last_main = 0;
      |            ^~~~~~~~~~~~~
../Core/Src/pwm.c: In function 'HAL_TIM_OC_DelayElapsedCallback':
../Core/Src/pwm.c:62:18: warning: unused variable 'm' [-Wunused-variable]
   62 |     static float m = 0.5f; // < 1, da nije cijela amplituda
      |                  ^
arm-none-eabi-gcc -o "PWM_output.elf" @"objects.list"   -mcpu=cortex-m4 -T"C:\STM32_projekti\STM32G491-FOC_Motor_Control\STM32G491-FOC_Motor_Control\PWM_output\STM32G491RETX_FLASH.ld" --specs=nosys.specs -Wl,-Map="PWM_output.map" -Wl,--gc-sections -static --specs=nano.specs -mfpu=fpv4-sp-d16 -mfloat-abi=hard -mthumb -Wl,--start-group -lc -lm -Wl,--end-group
Finished building target: PWM_output.elf
 
arm-none-eabi-size  PWM_output.elf 
arm-none-eabi-objdump -h -S PWM_output.elf  > "PWM_output.list"
   text	   data	    bss	    dec	    hex	filename
  48360	     92	   4852	  53304	   d038	PWM_output.elf
Finished building: default.size.stdout
 
Finished building: PWM_output.list
 
19:06:26 **** Incremental Build of configuration Debug for project PWM_output ****
make -j8 all 
arm-none-eabi-gcc "../Core/Src/control.c" -mcpu=cortex-m4 -std=gnu11 -g3 -DDEBUG -DUSE_HAL_DRIVER -DSTM32G491xx -c -I../Core/Inc -I../Drivers/STM32G4xx_HAL_Driver/Inc -I../Drivers/STM32G4xx_HAL_Driver/Inc/Legacy -I../Drivers/CMSIS/Device/ST/STM32G4xx/Include -I../Drivers/CMSIS/Include -O0 -ffunction-sections -fdata-sections -Wall -fstack-usage -fcyclomatic-complexity -MMD -MP -MF"Core/Src/control.d" -MT"Core/Src/control.o" --specs=nano.specs -mfpu=fpv4-sp-d16 -mfloat-abi=hard -mthumb -o "Core/Src/control.o"
../Core/Src/control.c: In function 'Control_Init':
../Core/Src/control.c:25:11: warning: assignment to 'UART_HandleTypeDef *' {aka 'struct __UART_HandleTypeDef *'} from incompatible pointer type 'ADC_HandleTypeDef *' [-Wincompatible-pointer-types]
   25 |     s_adc = hadc;
      |           ^
../Core/Src/control.c: In function 'HAL_GPIO_EXTI_Callback':
../Core/Src/control.c:91:18: warning: unused variable 'cntx' [-Wunused-variable]
   91 |         uint32_t cntx = __HAL_TIM_GET_COUNTER(s_htim_pwm);
      |                  ^~~~
../Core/Src/control.c:90:18: warning: unused variable 'ccr1x' [-Wunused-variable]
   90 |         uint32_t ccr1x = __HAL_TIM_GET_COMPARE(s_htim_pwm, TIM_CHANNEL_1);
      |                  ^~~~~
arm-none-eabi-gcc -o "PWM_output.elf" @"objects.list"   -mcpu=cortex-m4 -T"C:\STM32_projekti\STM32G491-FOC_Motor_Control\STM32G491-FOC_Motor_Control\PWM_output\STM32G491RETX_FLASH.ld" --specs=nosys.specs -Wl,-Map="PWM_output.map" -Wl,--gc-sections -static --specs=nano.specs -mfpu=fpv4-sp-d16 -mfloat-abi=hard -mthumb -Wl,--start-group -lc -lm -Wl,--end-group
Finished building target: PWM_output.elf
 
arm-none-eabi-size  PWM_output.elf 
arm-none-eabi-objdump -h -S PWM_output.elf  > "PWM_output.list"
   text	   data	    bss	    dec	    hex	filename
  48320	     92	   4852	  53264	   d010	PWM_output.elf
Finished building: default.size.stdout
 
Finished building: PWM_output.list
 
19:12:29 **** Incremental Build of configuration Debug for project PWM_output ****
make -j8 all 
arm-none-eabi-gcc "../Core/Src/control.c" -mcpu=cortex-m4 -std=gnu11 -g3 -DDEBUG -DUSE_HAL_DRIVER -DSTM32G491xx -c -I../Core/Inc -I../Drivers/STM32G4xx_HAL_Driver/Inc -I../Drivers/STM32G4xx_HAL_Driver/Inc/Legacy -I../Drivers/CMSIS/Device/ST/STM32G4xx/Include -I../Drivers/CMSIS/Include -O0 -ffunction-sections -fdata-sections -Wall -fstack-usage -fcyclomatic-complexity -MMD -MP -MF"Core/Src/control.d" -MT"Core/Src/control.o" --specs=nano.specs -mfpu=fpv4-sp-d16 -mfloat-abi=hard -mthumb -o "Core/Src/control.o"
../Core/Src/control.c: In function 'Control_Init':
../Core/Src/control.c:25:11: warning: assignment to 'UART_HandleTypeDef *' {aka 'struct __UART_HandleTypeDef *'} from incompatible pointer type 'ADC_HandleTypeDef *' [-Wincompatible-pointer-types]
   25 |     s_adc = hadc;
      |           ^
../Core/Src/control.c: In function 'HAL_GPIO_EXTI_Callback':
../Core/Src/control.c:93:18: warning: unused variable 'ccr3x' [-Wunused-variable]
   93 |         uint32_t ccr3x = __HAL_TIM_GET_COMPARE(s_htim_pwm, TIM_CHANNEL_3);
      |                  ^~~~~
../Core/Src/control.c:92:18: warning: unused variable 'ccr2x' [-Wunused-variable]
   92 |         uint32_t ccr2x = __HAL_TIM_GET_COMPARE(s_htim_pwm, TIM_CHANNEL_2);
      |                  ^~~~~
../Core/Src/control.c:91:18: warning: unused variable 'arr' [-Wunused-variable]
   91 |         uint32_t arr = __HAL_TIM_GET_AUTORELOAD(s_htim_pwm);
      |                  ^~~
arm-none-eabi-gcc -o "PWM_output.elf" @"objects.list"   -mcpu=cortex-m4 -T"C:\STM32_projekti\STM32G491-FOC_Motor_Control\STM32G491-FOC_Motor_Control\PWM_output\STM32G491RETX_FLASH.ld" --specs=nosys.specs -Wl,-Map="PWM_output.map" -Wl,--gc-sections -static --specs=nano.specs -mfpu=fpv4-sp-d16 -mfloat-abi=hard -mthumb -Wl,--start-group -lc -lm -Wl,--end-group
Finished building target: PWM_output.elf
 
arm-none-eabi-size  PWM_output.elf 
arm-none-eabi-objdump -h -S PWM_output.elf  > "PWM_output.list"
   text	   data	    bss	    dec	    hex	filename
  48344	     92	   4852	  53288	   d028	PWM_output.elf
Finished building: default.size.stdout
 
Finished building: PWM_output.list
 
19:13:48 **** Incremental Build of configuration Debug for project PWM_output ****
make -j8 all 
arm-none-eabi-gcc "../Core/Src/control.c" -mcpu=cortex-m4 -std=gnu11 -g3 -DDEBUG -DUSE_HAL_DRIVER -DSTM32G491xx -c -I../Core/Inc -I../Drivers/STM32G4xx_HAL_Driver/Inc -I../Drivers/STM32G4xx_HAL_Driver/Inc/Legacy -I../Drivers/CMSIS/Device/ST/STM32G4xx/Include -I../Drivers/CMSIS/Include -O0 -ffunction-sections -fdata-sections -Wall -fstack-usage -fcyclomatic-complexity -MMD -MP -MF"Core/Src/control.d" -MT"Core/Src/control.o" --specs=nano.specs -mfpu=fpv4-sp-d16 -mfloat-abi=hard -mthumb -o "Core/Src/control.o"
../Core/Src/control.c: In function 'Control_Init':
../Core/Src/control.c:25:11: warning: assignment to 'UART_HandleTypeDef *' {aka 'struct __UART_HandleTypeDef *'} from incompatible pointer type 'ADC_HandleTypeDef *' [-Wincompatible-pointer-types]
   25 |     s_adc = hadc;
      |           ^
../Core/Src/control.c: In function 'HAL_GPIO_EXTI_Callback':
../Core/Src/control.c:81:18: warning: unused variable 'arr' [-Wunused-variable]
   81 |         uint32_t arr = __HAL_TIM_GET_AUTORELOAD(s_htim_pwm);
      |                  ^~~
arm-none-eabi-gcc -o "PWM_output.elf" @"objects.list"   -mcpu=cortex-m4 -T"C:\STM32_projekti\STM32G491-FOC_Motor_Control\STM32G491-FOC_Motor_Control\PWM_output\STM32G491RETX_FLASH.ld" --specs=nosys.specs -Wl,-Map="PWM_output.map" -Wl,--gc-sections -static --specs=nano.specs -mfpu=fpv4-sp-d16 -mfloat-abi=hard -mthumb -Wl,--start-group -lc -lm -Wl,--end-group
Finished building target: PWM_output.elf
 
arm-none-eabi-size  PWM_output.elf 
arm-none-eabi-objdump -h -S PWM_output.elf  > "PWM_output.list"
   text	   data	    bss	    dec	    hex	filename
  48272	     92	   4844	  53208	   cfd8	PWM_output.elf
Finished building: default.size.stdout
 
Finished building: PWM_output.list
 
19:14:29 **** Incremental Build of configuration Debug for project PWM_output ****
make -j8 all 
arm-none-eabi-gcc "../Core/Src/pwm.c" -mcpu=cortex-m4 -std=gnu11 -g3 -DDEBUG -DUSE_HAL_DRIVER -DSTM32G491xx -c -I../Core/Inc -I../Drivers/STM32G4xx_HAL_Driver/Inc -I../Drivers/STM32G4xx_HAL_Driver/Inc/Legacy -I../Drivers/CMSIS/Device/ST/STM32G4xx/Include -I../Drivers/CMSIS/Include -O0 -ffunction-sections -fdata-sections -Wall -fstack-usage -fcyclomatic-complexity -MMD -MP -MF"Core/Src/pwm.d" -MT"Core/Src/pwm.o" --specs=nano.specs -mfpu=fpv4-sp-d16 -mfloat-abi=hard -mthumb -o "Core/Src/pwm.o"
../Core/Src/pwm.c: In function 'HAL_TIM_OC_DelayElapsedCallback':
../Core/Src/pwm.c:62:18: warning: unused variable 'm' [-Wunused-variable]
   62 |     static float m = 0.5f; // < 1, da nije cijela amplituda
      |                  ^
arm-none-eabi-gcc -o "PWM_output.elf" @"objects.list"   -mcpu=cortex-m4 -T"C:\STM32_projekti\STM32G491-FOC_Motor_Control\STM32G491-FOC_Motor_Control\PWM_output\STM32G491RETX_FLASH.ld" --specs=nosys.specs -Wl,-Map="PWM_output.map" -Wl,--gc-sections -static --specs=nano.specs -mfpu=fpv4-sp-d16 -mfloat-abi=hard -mthumb -Wl,--start-group -lc -lm -Wl,--end-group
Finished building target: PWM_output.elf
 
arm-none-eabi-size  PWM_output.elf 
arm-none-eabi-objdump -h -S PWM_output.elf  > "PWM_output.list"
   text	   data	    bss	    dec	    hex	filename
  48272	     92	   4844	  53208	   cfd8	PWM_output.elf
Finished building: default.size.stdout
 
Finished building: PWM_output.list
 
